observation_date,SOFR,RRPONTSYD,BAA10Y,VIXCLS,DTWEXBGS,T10Y2Y,T10Y3M,WALCL,fwd_chg_bp
2018-05-15,0.4267276919686439,-0.5543618161654431,-0.07612443390212009,-1.5032931149269226,1.1899878820793914,-0.7676807871372042,-0.47050403377577776,-1.9281441607194616,-2.0000000000000018
2018-05-16,2.422264304359447,-0.9767820967108455,-0.04810100537202464,-0.7901059699474597,1.6367582207281528,0.8290821907951643,1.524976158091012,-1.9281441607194616,-8.000000000000007
2018-05-17,0.5525062514530803,-0.8251489621436727,-0.2946631081560587,-1.203443789257348,1.5560879610754905,1.1479599564856129,1.6098649847539277,-1.9281441607194616,-12.99999999999999
2018-05-18,0.10799904541729854,-0.9620424368100868,0.31820555243198184,-1.1212246292738381,1.4675746169085764,2.0506796800376015,1.866907534207046,-1.9281441607194616,-12.99999999999999
2018-05-21,-0.3252812518073549,0.9263720486584767,0.6314933968061999,-1.089628785415661,1.5699587473561822,1.0922652383436335,0.9747737609213437,-1.5230697918562586,-29.000000000000004
2018-05-22,-1.9559480818832464,-0.06873259986861285,0.6314933968061932,-1.2367665936761503,1.412029156792061,0.17578388490210428,0.5063692603656986,-1.5230697918562586,-22.00000000000002
2018-05-23,-2.963930698918052,-0.453857873663131,0.5983516452471125,-1.1468069660558233,1.0611192509585108,-0.12411706764405968,0.4621738418313783,-1.5230697918562586,-17.99999999999997
2018-05-24,-2.008316044185601,-0.7330823580508256,0.8479227058016591,-1.4877816493835498,1.2984814070444495,0.17578388490210428,-0.4631424878787569,-1.5230697918562586,-8.999999999999986
2018-05-25,0.37562439640324646,0.2285435603396769,0.7952333314639284,-1.451958240656617,1.1002551270189376,0.1867968097370044,-0.9054214410196492,-1.5230697918562586,0.9999999999999787
2018-05-29,0.02280335123803875,-1.4547921753136055,1.019933107230433,-0.972191242587647,1.1032743507987954,-0.7471872389480176,-1.730039846359641,-2.10878021852122,14.999999999999991
2018-05-30,-0.27142833672559946,-1.187560870030192,3.276364657117997,1.3705959854943703,1.4661338719184955,-0.7650595156989193,-3.9682711202169307,-2.10878021852122,13.000000000000034
2018-05-31,-0.2294393813798363,-0.416618042982588,1.9160286093680243,0.09599501540665795,1.0504731608481905,-1.7547211361220743,-2.6666742424090732,-2.10878021852122,10.000000000000009
2018-06-01,2.6088989748920106,3.356456769538625,1.3700976631164772,0.40231633014488166,1.274470069783715,-1.3790928246303806,-2.3391050965211013,-2.10878021852122,4.0000000000000036
2018-06-04,2.278243377663854,1.4768925798696442,1.4932361910145082,-0.7623654150235306,1.1229506130496316,-1.5586032573992128,-1.388079840406733,-2.10878021852122,2.0000000000000018
2018-06-05,1.8019924380209646,1.1922215494382293,0.9690314045677904,-1.1329072811221141,1.0883596363107384,-1.4410703198579584,-0.9710303691471528,-1.7284320036492231,4.0000000000000036
2018-06-06,0.40333565136097765,0.23260628065299738,1.3641743861825475,-1.254952192215313,1.4409759889278557,-1.0748416408167776,-1.1282588133294575,-1.7284320036492231,0.9999999999999787
2018-06-07,-0.1663659358232119,2.252507878763185,1.5143159790141048,-1.6674299268126938,0.8845902530849943,-0.44911040352821313,-0.6315071652662239,-1.7284320036492231,0.9999999999999787
2018-06-08,-0.7209190552339183,-0.02949086426053335,0.9629348375902669,-1.3252348449383478,1.1656804426401928,-1.0166490775448074,-0.9096306223488062,-1.7284320036492231,0.0
2018-06-11,-1.218535731918465,-0.6404760039489635,1.1316142974647916,-1.2169418770354659,1.1472907400316852,-0.9583748520067515,-0.7406194959387054,-1.6970124480780402,-4.0000000000000036
2018-06-12,-1.1656589941358757,-0.22946571595737544,0.8283091357389324,-1.0254893910627516,1.1205128812246243,-0.5884756730155623,-0.4649005113936924,-1.6970124480780402,-6.999999999999984
2018-06-13,-1.5612706288313658,-0.9054156078434016,0.526794041091876,-0.9726245777405605,1.2244545395326893,-1.1799516658026838,-0.2128057627382197,-1.6970124480780402,-4.999999999999982
2018-06-14,-0.4918799863395555,-0.5297585351466043,0.22377662377096105,-0.48391168348612046,1.2407421398478178,-1.9318740744535918,-0.182932268394773,-1.6970124480780402,-4.0000000000000036
2018-06-15,3.3473522739942183,-0.5213431479132538,0.45178574608563493,-1.0488608562357031,1.9452853521024012,-2.6422427104299606,-0.6130952475979365,-1.6970124480780402,-3.000000000000025
2018-06-18,2.8820470544647736,-1.0305311231355958,0.1716133712261652,-1.1087595755683899,2.3592041635477874,-1.6890735737565858,-0.6876624169020066,-1.6209651755601862,-4.999999999999982
2018-06-19,2.3457052445606545,-0.9583742304679627,0.9336911379724515,-0.7801545401589907,2.3130233917656033,-1.973876469602511,-0.7555478487177811,-1.6209651755601862,-1.000000000000023
2018-06-20,1.8429869640331047,-0.9598719127720553,1.1380256596364655,0.1353103731501781,2.2361509136164472,-1.973868657739108,-1.044484003098085,-1.6209651755601862,-10.000000000000009
2018-06-21,1.5613486743367007,-0.897662723641705,1.3130828060817423,-0.3019874990948849,1.8476689881960218,-1.4234152287028423,-0.5305512272522911,-1.6209651755601862,-6.000000000000005
2018-06-22,1.4426161834010338,-0.6751791617269143,1.8679616951693294,1.2714547859638006,1.8229889965462254,-1.8530397201197442,-0.8287190519833747,-1.6209651755601862,-4.999999999999982
2018-06-25,1.8943091109464671,-0.637248122488355,2.0786927552220154,0.5011562948242025,1.4042016885088828,-1.698993351723607,-0.666836147698038,-1.235636562463631,0.0
2018-06-26,1.6203547376504754,1.4743168544411616,2.2302466878815888,2.8878850295613065,1.329066064537073,-1.7244712039533738,-0.9653808022422266,-1.235636562463631,-4.999999999999982
2018-06-27,1.393222359090162,0.9713472591310878,2.0249707316757326,1.7016677791109172,1.3001120055863444,-1.2760975426934886,-0.7965580648934254,-1.235636562463631,0.9999999999999787
2018-06-28,1.30953688072078,2.473179116510465,1.6972121337867936,2.6299098118054536,1.864977133112611,-1.8019103387286397,-1.3040502932999583,-1.235636562463631,-2.0000000000000018
2018-06-29,1.5142814635114474,2.1426110661579734,1.9362596213166736,1.8060630006530225,1.6571777089493511,-1.5299599779320465,-1.1330219359888294,-1.235636562463631,0.9999999999999787
2018-07-02,2.8764470979020316,4.927976376467946,1.6249666760309573,1.285271211679809,0.9100667750899103,-1.3201954465375185,-0.983318543954654,-1.3402853791122262,0.0
2018-07-03,1.9336659147570154,1.1972743576029896,1.1686270541686712,0.9598495249808843,1.812595459202948,-1.745377720307204,-1.3497388161371975,-1.3402853791122262,2.0000000000000018
2018-07-05,1.4762168055264118,-0.30041524208195286,1.459780859167805,1.1709886365679567,0.7916252136268632,-1.6238023284350451,-1.8357263338797727,-1.3402853791122262,1.000000000000023
2018-07-06,1.1545209498621196,-0.12432425370091048,0.6306590525748492,0.5187613276558052,0.3406258342619652,-1.6678685037218384,-1.361945575863905,-1.3402853791122262,1.000000000000023
2018-07-09,0.7642643405265812,-0.34757660162636833,0.7813468147063993,-0.3439598688484077,-0.10387002587273061,-1.5659891383452662,-1.7423465642943117,-1.3402853791122262,-0.9999999999999787
2018-07-10,0.38201401251791284,-0.3743778759954669,0.08950446761989066,-0.710809946950772,-0.1588928733419876,-1.4823755980691828,-1.1972514537332943,-1.4534527910798716,-1.000000000000023
2018-07-11,0.34124162256564694,-0.4690292072674517,-0.42393933535972744,-0.7227462896067613,-0.29626498633966636,-1.5460586303433483,-1.1234723863935547,-1.4534527910798716,2.9999999999999805
2018-07-12,0.29799827076392404,-0.5097793387125334,-0.3876004432571576,-0.14384942158501518,0.053125125877310296,-1.6046096618238146,-1.1876661374101447,-1.4534527910798716,-1.000000000000023
2018-07-13,0.3429100460861174,-0.43910539773356205,-0.6144761131981615,-0.6831906974116405,-0.11098783563271197,-1.783565402583367,-1.3197393984863341,-1.4534527910798716,6.000000000000005
2018-07-16,0.3159075352855699,-0.4896258952883593,-0.6261238731094081,-0.8466889217712833,0.2627753253658478,-1.7888673618189266,-1.5791790824810183,-1.4534527910798716,10.999999999999988
2018-07-17,0.7335594484911078,-0.46658791513481046,-0.3979523824991174,-0.4715192607673477,-0.127495339940383,-1.3603628090145732,-1.6000699349681193,-1.4534527910798716,9.00000000000003
2018-07-18,0.42106801027149926,-0.42779418904159877,-0.662348777864158,-0.8779277740072987,0.2930009705917598,-1.560907957997664,-1.478652678887678,-1.4534527910798716,6.000000000000005
2018-07-19,0.1934175245793703,-0.16353418617293447,-0.890810795676843,-0.8467505166259611,0.5453089408939208,-0.8646803808014403,-0.8040957162186776,-1.4534527910798716,14.000000000000012
2018-07-20,0.14479477021793669,-0.271594481906711,-0.6392421757319511,-0.45616319140604195,1.5002441663513035,-1.4520661061288596,-1.331828735364306,-1.4534527910798716,6.999999999999984
2018-07-23,-0.1148833302156584,-0.39672702157250145,-0.4200260542553238,-0.47983734470054895,0.36632793741157615,-0.5544072295689467,-0.36174909430845853,-1.5147712467185712,2.0000000000000018
2018-07-24,-0.30664482007521215,-0.3354652469939645,-0.43006729947094946,-0.6270825876985459,0.5046384021415427,0.051291645597310975,0.767327163848949,-1.5147712467185712,0.9999999999999787
2018-07-25,-0.05069864214683994,-0.19185473201523046,-1.1423772968091703,-0.7477710457436298,0.006755185439781588,0.14318499973730586,0.1839776786586483,-1.5147712467185712,6.000000000000005
2018-07-26,-0.6179677458449234,-0.41918556816784786,-1.3614879432726772,-0.8141860183954737,-0.6877935383929377,-0.6773253858373518,0.2651272674551861,-1.5147712467185712,0.0
2018-07-27,-0.3154383700650355,-0.3696234822633574,-1.7772554939135892,-0.8749739389530176,-0.8116557750804305,-0.38775989725494636,1.465328706866121,-1.5147712467185712,-0.9999999999999787
2018-07-30,-0.6699435533206565,-0.3721329524394915,-1.8884869548912855,-0.3977146186356715,-1.0635488251428853,-0.34439716455293296,0.9478796478715849,-1.365982325444971,-4.0000000000000036
2018-07-31,-0.6467827620244977,-0.34703686756365226,-1.803366210328301,0.2607027743586454,-1.4576043574700301,0.5174000522612445,0.6058268847510909,-1.365982325444971,2.0000000000000018
2018-08-01,0.2502429869797351,0.02284252381552164,-1.8523809078663478,-0.5777744542234868,-1.0854602210391562,-0.2618089302542044,0.4488839160916253,-1.365982325444971,-4.0000000000000036
2018-08-02,-0.6652801361168543,-0.43126317796402414,-1.70444556698746,-0.3875714754031841,-0.6619013653103497,0.9442381905584858,1.269540968127173,-1.365982325444971,-4.999999999999982
2018-08-03,-0.14216653032844306,-0.3783319212363934,-1.409149115138361,-0.924245204736415,0.01821896258364578,0.7527196834437512,1.1142847752517546,-1.365982325444971,-8.000000000000007
2018-08-06,-1.056601349922898,-0.38689156336160985,-1.3088740781483457,-1.1590011677056338,-0.31131080390225946,0.7936398763835965,0.7042195564565491,-1.6780772150181782,-6.000000000000005
2018-08-07,-1.001381869090873,-0.36508129395557576,-1.5403376118220384,-1.2812120137402454,0.22185249834336487,0.18331646096094545,-0.3484765728006034,-1.6780772150181782,-8.999999999999986
2018-08-08,-0.7875522975010786,-0.3323392871447637,-1.4412068275417051,-1.4093697116052712,-0.3683948014360764,0.22345210606772506,0.3516219212426249,-1.6780772150181782,-10.000000000000009
2018-08-09,-0.5935349784563334,-0.352903734745373,-1.0275865427757322,-1.3638901689983474,0.046405937195712364,-0.4299867378730745,-0.07015513103046332,-1.6780772150181782,-6.000000000000005
2018-08-10,-0.06534960528161914,-0.31570802326339514,-0.7928345023634517,-1.1288242361459209,0.7134194405568247,-0.02552239472530816,-0.7410212048447077,-1.6780772150181782,0.0
2018-08-13,-0.2258893057603541,-0.24462262316500374,-0.36687757647512964,0.19937609274212348,2.7837150463632487,-1.0985739533679173,-1.7300398463587203,-2.013682364575196,-6.000000000000005
2018-08-14,0.10794243958543139,-0.3980443019116645,0.5248422837884695,1.5183945692333076,3.1734157873631337,-0.6640764766970848,-1.5868654599809113,-2.013682364575196,-4.0000000000000036
2018-08-15,0.887275390016422,-0.9185019759522403,0.3817825838061901,0.4637538283311859,2.5910056497687224,-0.9963898799045592,-1.6539654795231213,-2.013682364575196,-4.0000000000000036
2018-08-16,2.660904699024737,-1.0228964220398475,0.5054916480702595,1.8402498065249246,2.8365825883282185,-1.2918222200636458,-1.903220447420879,-2.013682364575196,-5.000000000000027
2018-08-17,2.8080942395919952,-0.9161781116902765,0.3180685338099402,0.8106238992209778,1.869052348992351,-1.5432317537477818,-1.5890194939216709,-2.013682364575196,-5.000000000000027
2018-08-20,-0.03237385516141742,0.9785850480907848,0.4193642052438571,-0.003486965943334645,1.580278162323878,-0.7647049513002389,-1.1903819340089854,-1.6602429488393178,3.000000000000025
2018-08-21,-0.0432616628745375,-0.2773393817028689,0.4803760310174603,-0.15336863935612727,1.24084087149679,-1.9844035043448596,-2.0166536713821954,-1.6602429488393178,2.9999999999999805
2018-08-22,-0.05420513403008814,-0.3663425042412244,0.20275132719898561,0.22566497842811495,0.5354778015854693,-1.2283904466469036,-1.6985036277549233,-1.6602429488393178,7.000000000000028
2018-08-23,-0.06520889060160619,-0.5499985032724493,1.1631523507731336,-0.36974928978877913,0.231523191298038,-1.732576799366751,-2.063426200207706,-1.6602429488393178,4.0000000000000036
2018-08-24,1.1662236146555764,0.1561616011811612,0.8430186762484246,-0.19360050450557828,0.7715783399610734,-1.8917994988990658,-1.7541363843007234,-1.6602429488393178,4.0000000000000036
2018-08-27,1.3819392524860121,1.2883645388296674,0.8430186762484175,-0.6304858585630722,0.058179283646152935,-2.2431318982881345,-1.7358009749438816,-2.0493105801990423,4.999999999999982
2018-08-28,1.3819392524860121,-0.6779910608325874,0.5547842199247006,-0.42614502270873894,-0.4264889664231402,-2.221457618220025,-1.612147658798468,-2.0493105801990423,2.0000000000000018
2018-08-29,1.3139426412340784,-0.4577681411582835,0.8811278787039312,-0.08310529721788572,-0.3341505720033798,-1.4170871763005013,-1.2939946541477103,-2.0493105801990423,-1.000000000000023
2018-08-30,0.6815104948916266,-0.7217894892958422,0.24039520601475647,-0.35447807314400664,0.08307825715162634,-1.1053681024851727,-1.1050785266763121,-2.0493105801990423,8.000000000000007
2018-08-31,0.6474838719202008,-0.592367526466507,0.896018495145931,0.9683431315104678,0.7097695111664122,-1.0747602392197875,-1.1579071515761508,-2.0493105801990423,8.000000000000007
2018-09-04,1.6683118431054298,-0.9121857285719567,1.5171909857817183,0.266695801180245,0.917832079633225,-0.5719092968822811,-1.0837175394854706,-1.6818180980781554,8.000000000000007
2018-09-05,1.0327071432434238,-0.7552200859358393,2.021264702177377,0.5588786317787229,1.5969700737315147,-0.5231758294458013,-0.8055744215829349,-1.6818180980781554,7.000000000000028
2018-09-06,0.9712330495165776,-1.0294938296639904,2.0765548995857745,1.2524062527964348,1.34307439543271,-0.4742881733194687,-0.859183032144077,-1.6818180980781554,9.00000000000003
2018-09-07,0.6397934020219489,-0.5590747603850611,1.4049928172781774,1.8110839412319981,1.1329286913669776,-0.4420681993131992,-0.9104564833265136,-1.6818180980781554,5.000000000000027
2018-09-10,0.600465001655116,-0.9819696405715993,1.3052471696076853,1.8342454327231135,0.9794446846076302,-0.6409470151858574,-0.281185157905962,-1.6818180980781554,5.000000000000027
2018-09-11,0.5527077416504007,-0.939140054994895,0.9722872786505216,1.1260956556430846,1.0414804009846665,-1.0599845145167932,-0.22746427146165818,-1.6137377160802115,6.999999999999984
2018-09-12,0.5052571627275033,-0.22705966702648264,0.392179669851153,0.33731515787642213,1.0186717535129168,-0.7632753668960719,0.2155953207955396,-1.6137377160802115,10.999999999999988
2018-09-13,0.49357430180057715,-0.0633336862342678,0.06665572245578195,0.2554728244193234,0.29263494069482865,-0.4648648793189816,1.5657790097098597e-15,-1.6137377160802115,9.999999999999964
2018-09-14,0.4461025829704312,0.35368403160372175,-0.5678210070422114,-0.41461090012213153,-0.19466524422923276,-0.9427403029944218,0.23362293075890464,-1.6137377160802115,7.999999999999963
2018-09-17,0.7061136531948995,-0.07924716698792944,-0.3207600251975867,-0.6794286352456294,-0.028159262847003198,-0.9033736040800429,0.510930416721842,-1.558497617092045,8.999999999999986
2018-09-18,2.0688651759615566,-0.6124100055517301,-0.378059503434425,0.7133343970703145,-0.3314119831421352,-0.8761144385885966,0.6419682152163668,-1.558497617092045,5.000000000000027
2018-09-19,0.19766602208635056,4.420842386163655,-0.4906846974678884,-0.14685773356475396,-0.6203666920277071,0.19043152493545898,1.640111992925942,-1.558497617092045,-2.0000000000000018
2018-09-20,-0.5595156065051687,3.0272400460499522,-0.6444844268000605,-1.206370376342139,-0.9242024498672416,1.394144772148349,2.427365749530391,-1.558497617092045,-0.9999999999999787
2018-09-21,-0.6501095760854848,4.138387498068793,-1.951076562345041,-1.2568264652839765,-1.2766433624180713,1.0768852506635476,2.0337388712281674,-1.558497617092045,-2.0000000000000018
2018-09-24,-0.6703930700784833,3.136206354852562,-2.597498050904552,-1.4305659674964677,-1.2790276167896764,1.20415945786774,1.784662881527573,-1.2949623217249677,0.9999999999999787
2018-09-25,0.44066910939338116,1.2948458726181997,-2.031869799753829,-0.8303205975131932,-1.1624714305556756,0.8003513284698127,1.1566246947619148,-1.2949623217249677,-5.000000000000027
2018-09-26,-0.3958170832069929,0.04706432394972467,-2.1252317012638686,-0.5483767795140978,-0.7485598943972243,1.6734618686186968,1.6041177269982934,-1.2949623217249677,8.999999999999986
2018-09-27,-0.7850801046940085,0.47098593455604904,-1.6308528701562657,-0.0037646769760878397,-0.7821774011698558,-0.029931442620067295,1.0146866973086346,-1.2949623217249677,12.99999999999999
2018-09-28,4.58582232548309,3.790447731711178,-1.7770457611833115,-0.4955800329562154,-0.12088907185159802,0.0,1.277811981481275,-1.2949623217249677,18.000000000000014
2018-10-01,4.0869333158835435,4.053992671659504,-1.3675735306921786,-0.792619872237254,-0.43678022550305523,0.45512949491154375,0.8870598391513524,-1.1871177942421076,12.00000000000001
2018-10-02,2.954818179708436,-0.17079055718305064,-1.5382848876118755,-0.8992530615955594,-0.3582021133364341,1.7620380544492709,0.8538114026377713,-1.1871177942421076,17.000000000000036
2018-10-03,2.358355056187498,-0.26149794178475416,-1.174568708304328,-0.8137292291198264,-0.16546359133529917,-0.029725537107845777,0.15245103442858057,-1.1871177942421076,-0.9999999999999787
2018-10-04,2.0930461365316213,-0.2994028603577618,-1.3604346075965645,-1.248631141070642,0.40292125829173775,2.617757113395814,1.6846585875558047,-1.1871177942421076,-4.0000000000000036
2018-10-05,1.7297455198387581,-0.2771687222647973,-1.0196188707250666,1.603018359430148,1.4751615109331737,2.788273316053805,2.2245177065046486,-1.1871177942421076,-6.999999999999984
2018-10-09,1.4273583251800073,-0.4372997838543261,-0.7046852753521546,2.0162096324702583,1.1393008769197828,3.0208975364532784,2.353608515849807,-1.3631008420225281,-4.999999999999982
2018-10-10,1.246282188959506,-0.35019244956819817,-0.9115918214254222,2.6595950945453586,1.2546161691150859,2.2052627086183025,1.66114962449366,-1.3631008420225281,-3.000000000000025
2018-10-11,1.1641000024533747,-0.35533066636406035,-0.3543178312540539,4.5211157571019145,1.0859592444135049,2.2288545053450557,1.4289173107275217,-1.3631008420225281,2.9999999999999805
2018-10-12,1.2442869346040994,-0.3934827410340095,0.19650853597516327,3.741915790022149,0.6008750157139595,0.9179865617557221,0.2646030331533108,-1.3631008420225281,5.000000000000027
2018-10-15,1.23675780285993,-0.49541373944108624,0.19650853597516327,2.2078801143097353,0.4678641027754683,1.0915635737994935,0.21843141943264788,-1.3631008420225281,4.0000000000000036
2018-10-16,1.376138410254347,-0.5499188821813182,0.4760665933255906,1.9736928547727601,-0.28064855204621003,1.2474773389331393,-0.13509707473861626,-1.5883292774675675,0.9999999999999787
2018-10-17,1.0613609241961888,-0.5406375697223564,0.24971446396622968,0.8797761561041305,-0.5931051960719063,0.7137094909847841,-0.03838899292227166,-1.5883292774675675,-8.999999999999986
2018-10-18,0.9931220047939755,-0.5668891719602424,0.3267321210419935,0.7723543696403552,0.10878838867755732,0.899225633292349,0.24019548135794005,-1.5883292774675675,-2.9999999999999805
2018-10-19,1.0028982007760354,0.37195766749467496,1.647797152919423,1.4015889949777562,1.6418610778882312,0.8446559568277933,-0.34635392367974566,-1.5883292774675675,-12.00000000000001
2018-10-22,0.9381838224911526,-0.2526652751151357,1.6921944370238795,1.2711951575062221,1.6795081335542037,0.3360908727131532,0.32577667718382647,-1.3333310436681858,-12.00000000000001
2018-10-23,0.8027150680848741,-0.33487987125995017,1.7394136982044341,1.137929207421445,2.2108433445159257,0.2996240172337675,-0.32464281181964233,-1.3333310436681858,-4.999999999999982
2018-10-24,0.6720293302858716,-0.22669091397408267,2.7347242421616516,1.312978680495487,2.0299771521906145,0.2516322262591771,-0.7936464344107994,-1.3333310436681858,4.999999999999982
2018-10-25,0.6995163288263698,-0.05046954618262083,2.9771063740298325,2.13823434672891,2.237198250069387,-0.2931425141101135,-2.264672653731086,-1.3333310436681858,0.0
2018-10-26,0.7272671053355236,-0.4954847112659539,2.377008161206412,1.7364445371171922,2.156845390123586,0.18475399306414292,-1.454552877402804,-1.3333310436681858,14.000000000000012
2018-10-29,0.6749680333909583,-0.4904556836787791,2.7181877889775143,1.5827755947447342,1.9204422810437365,-0.1389517537852622,-2.213707195144381,-1.2475320744161973,12.00000000000001
2018-10-30,0.5398319466786919,-0.5174908714095207,2.353836786321766,1.560123308567251,2.2690398256400486,-0.20679111186856958,-2.1596406066721876,-1.2475320744161973,10.000000000000009
2018-10-31,0.4946117465145059,-0.6192771702809127,2.2166318221861223,1.200827335635246,2.3903056940610683,0.021233714860129947,-1.2718830397111733,-1.2475320744161973,7.000000000000028
2018-11-01,0.7997748102480414,-0.19807191296016163,1.9830038780210535,0.7295589966091282,2.399906887676851,-0.02185410963712185,-0.8937943623226723,-1.2475320744161973,10.000000000000009
2018-11-02,0.7549149425567276,-0.2012848141923283,1.9139977609762373,0.31095279646796303,1.487030091202467,0.5984432413529449,-0.6823213551847584,-1.2475320744161973,-3.000000000000025
2018-11-05,1.0204298621857597,-0.46467361307658184,1.5112882671445642,0.3009120394025965,1.1496524749197836,0.8664923897416086,0.46169185309010136,-1.2069238122712256,-6.000000000000005
2018-11-06,0.8952336202367724,-0.4241964772775272,1.4017361275969888,0.34760267250395377,1.145982561972062,0.1859322563274155,-0.3265235781046009,-1.2069238122712256,-10.000000000000009
2018-11-07,0.6222021503558585,-0.29105436672596374,0.8264657913623972,0.29038683024887,0.9187840071814043,0.14546045699515409,0.15774966623355285,-1.2069238122712256,-11.000000000000032
2018-11-08,-0.05325440572182034,-0.3534205385917417,0.519903989193957,-0.5406608253169042,0.4921322853147703,-0.8436905241167615,-0.14743104119833797,-1.2069238122712256,-16.000000000000014
2018-11-09,0.6474238021926453,-0.40962930748860304,0.4748789981063559,-0.5016098543368709,0.9289671822411648,-0.9212154345528873,0.4893358164727785,-1.2069238122712256,-12.99999999999999
2018-11-13,0.23008949665435216,-0.4394397668848383,0.6909396010204842,-0.4059414672534138,1.8219180502652201,-1.3485711207683746,-0.46126970257230065,-1.906967096726027,-8.000000000000007
2018-11-14,0.32105659401209946,-0.7311461865547262,1.4102894407962923,0.1887915698449207,1.8895612264453368,-1.387790897335639,-1.484587484787871,-1.906967096726027,-6.000000000000005
2018-11-15,0.35682910600014073,-0.8644675665043987,1.9122033728546093,0.453799937914794,1.5724837702952856,-0.9932342283520349,-1.6485747594034075,-1.906967096726027,-6.000000000000005
2018-11-16,3.0198923092714263,-0.8883373805569268,2.1825914033987903,0.036033864813163896,1.3535231584597205,-1.4512123123951266,-1.5448131740047935,-1.906967096726027,-1.000000000000023
2018-11-19,2.067621726329109,4.289184664676687,1.9941367246602772,-0.6461908349178624,0.7383967966765208,-0.6400035310586037,-1.6771411961468519,-1.906967096726027,0.0
2018-11-20,1.3172372296610362,2.9477089755222554,2.1272347333347765,-0.06198446654947351,0.7604466342390742,-0.5899152481451784,-2.0496960935051027,-1.6318579277511738,0.0
2018-11-21,0.01082524464046541,2.3412067292531615,2.03399392809629,0.7466303608617734,1.004982198016065,-0.5508673752234579,-2.0729984117235882,-1.6318579277511738,-3.000000000000025
2018-11-23,-0.698500294248283,2.2229424698536064,1.8774769746810558,0.044716755209732076,0.7689499070278504,-1.3960062537631344,-2.1590864941168117,-1.6318579277511738,-4.0000000000000036
2018-11-26,0.9374368665616114,1.5163382848329914,1.8287264743768976,0.3606387637635113,1.1654211765081892,-1.8918208648243793,-2.112218914780693,-1.6318579277511738,-8.999999999999986
2018-11-27,-0.15613918743826077,-0.7049830387751721,1.504961304633887,-0.6656954588067702,1.2708155674320596,-2.1322510936724246,-1.690204436030418,-1.284834497649557,-14.999999999999991
2018-11-28,-0.5331459776226196,-0.7314279644536835,1.7757355316706585,-0.5787582752879091,1.5231422118795102,-1.933771880063894,-1.6648494985501876,-1.284834497649557,-18.999999999999993
2018-11-29,-0.5069142188938507,-0.5585992553175605,1.8210525365967094,-0.761095483890515,1.389689009163473,-0.959497222826789,-1.4264423915897468,-1.284834497649557,-17.99999999999997
2018-11-30,1.2147132044296431,-0.5068203608695645,2.029568802059705,-0.6596623647315352,0.4922486212730943,-2.1290279637017497,-1.325920021540618,-1.284834497649557,-15.99999999999997
2018-12-03,2.3079990406606408,-0.40298141452115654,1.9580821141008078,-0.9935161397594193,0.8009511478068413,-2.28858123793575,-1.4519119750655638,-1.284834497649557,-8.999999999999986
2018-12-04,0.6314336998033875,-0.41119346973648163,1.7188227111182062,-1.5816733234561284,-0.1415989305325307,-3.54862322063164,-1.7483240785629235,-2.0339416988506005,0.0
2018-12-06,1.7598839241445265,-0.39967879147041324,1.517263830884121,0.21052969118013873,-0.03590959983475796,-3.513240262603719,-2.5741937793032954,-2.0339416988506005,4.0000000000000036
2018-12-07,3.1097836021426017,-0.19021136988769605,1.750970238062103,0.37704803987379015,0.7073937191997212,-2.7146819123204065,-2.4855514683231505,-2.0339416988506005,4.0000000000000036
2018-12-10,1.8960052418351745,0.21908694482117347,1.773893999745767,1.1674025772718484,-0.016519761049990294,-2.198824725140266,-2.263738021109072,-2.0339416988506005,0.9999999999999787
2018-12-11,-0.10887830658350958,-0.5195358869158289,1.6312035693885836,1.017840208708694,1.2329510091863845,-1.9671156750346415,-2.0812534124173605,-1.835435449318719,-7.000000000000028
2018-12-12,-0.862651198315511,-0.7015608806082205,1.1230843050365678,0.7039641633025755,1.3342756699578386,-2.068089148101199,-1.6200455412041044,-1.835435449318719,-14.000000000000012
2018-12-13,-0.6237876608037921,-0.6689804807961864,0.8879352310855755,0.6422246530722828,0.04514928751410854,-1.4466422822412734,-1.4938151511008186,-1.835435449318719,-12.00000000000001
2018-12-14,-0.40434121782527455,-0.6662129082088787,0.9120007852513611,0.3505170754345036,0.433828501841986,-1.0504097702645083,-1.3850136483926665,-1.835435449318719,-10.000000000000009
2018-12-17,-0.439696865275907,-0.6806999873297204,0.8525232786601045,0.9327795377641362,1.304974481935147,-0.9826180372396657,-1.3496099644738715,-1.835435449318719,-11.999999999999966
2018-12-18,1.9685035754706204,-0.6320633448593569,0.7958827316972552,2.241899097763479,0.5164971531290614,-0.9192026228378943,-1.3186299179532166,-1.835435449318719,-0.9999999999999787
2018-12-19,1.9792832087268286,0.3915045527785722,0.826496886964138,2.386356642465857,0.38142201829188715,-0.7066023482583815,-1.412498441429998,-1.835435449318719,0.0
2018-12-20,1.4345907747174942,0.3239414530566698,0.8574582828120287,2.1097913892106797,-0.4981196570996631,-1.129202799248547,-1.6905431919923024,-1.835435449318719,-6.999999999999984
2018-12-21,3.0473597869396802,0.896960633215608,0.8899936757401316,2.7050338455296425,-0.6655596604268947,-1.368766002259596,-1.3966675891531029,-1.835435449318719,-10.000000000000009
2018-12-24,2.45201522565095,0.7284360036449242,1.1186544203382087,2.739200644631843,-0.21186661895870457,-0.6494896474256143,-1.323483393033324,-1.4820582937337154,-8.000000000000007
2018-12-26,2.2904993242364187,0.5445469420160216,1.4753093172718508,3.433824813168748,-0.3695625442582272,-0.09390388675002201,-1.916842044410061,-1.4820582937337154,-25.0
2018-12-27,2.361249580240429,-0.6692089253245193,1.2674832273189895,1.8893558382924125,-0.8148290419450285,0.1201608746548242,-1.3338242093629793,-1.4820582937337154,-10.000000000000009
2018-12-28,2.096129137625464,-0.32200352316770675,1.645698064045149,1.642536510783875,-1.1666889194095127,0.33000189656752105,-1.3421932304920332,-1.4820582937337154,-2.0000000000000018
2018-12-31,2.082836056589574,-0.31728599850680644,2.516104141416964,1.1948887307099747,-1.8987370518717315,0.1808036561239535,-1.5326535337488874,-1.4820582937337154,4.0000000000000036
2019-01-02,4.429451028865403,4.068710443631593,2.405255042251871,0.5247300117734834,-2.1300626262740843,0.41043789949711684,-1.943746463261566,-1.3756265719682261,8.000000000000007
2019-01-03,3.711047947974435,1.3918613964680258,2.1753292116118637,0.021682113545885853,-1.4071378935416126,-0.5042460527821337,-1.8030768128129937,-1.3756265719682261,18.000000000000014
2019-01-04,1.532515849678186,0.06576825673898301,2.281210236320177,0.4664779534971498,-2.107921032585883,-0.25481638555427527,-2.1975627933321586,-1.3756265719682261,4.0000000000000036
2019-01-07,0.41188887527603363,-0.389329289062538,1.7820191706896737,-0.4563265662394354,-2.8345884319980605,-0.19774826984127478,-1.4236471345709536,-1.3756265719682261,0.9999999999999787
2019-01-08,0.20823519728637707,-0.3557738241906971,1.3526360487032334,-0.4425154239326648,-3.02238130367064,-0.1344214274276241,-1.333996047424225,-1.372917011942126,-0.9999999999999787
2019-01-09,0.21938918160408147,-0.3075942892557372,0.9553211341173475,-0.6477599692251238,-2.348263955581879,-0.5587147703116743,-1.126258139705099,-1.372917011942126,-1.000000000000023
2019-01-10,0.32185176138855576,-0.30247164664834153,0.8968166147047554,-0.7409692352134862,-2.7669163014998346,0.2549324227005808,-0.9292049392229118,-1.372917011942126,0.9999999999999787
2019-01-11,0.20031024453175744,-0.35019014216067085,1.1894091108434515,-0.8558688574275894,-2.484890306874022,0.31248441648084574,-0.738593010727188,-1.372917011942126,8.000000000000007
2019-01-14,0.07789595732098495,-0.3829937170125193,1.120457009285894,-1.1348573569767109,-2.218146034939029,-0.18416427553492012,-0.902997974047435,-1.5115973588866103,3.000000000000025
2019-01-15,0.0,-0.48334445378205765,1.505281922117852,-0.948022308559648,-2.001611527735436,0.5212890880507381,-1.0078108469157503,-1.5115973588866103,3.999999999999959
2019-01-16,0.24732849597895393,-0.38268699876376455,1.3958270244785387,-1.0498451345057953,-1.518671546994782,0.922729495627349,-0.8918993141573602,-1.5115973588866103,-0.9999999999999787
2019-01-17,0.08348847055696565,-0.46460525061039976,1.189205670718793,-0.9667554648408687,-1.6038000727384552,0.640830972768397,-0.5905177484296326,-1.5115973588866103,0.9999999999999787
2019-01-18,-0.039912322225487476,-0.3702084133955335,0.8890355631449639,-1.220061975308228,-1.2191750276368936,0.9374368665554685,-0.24214921437206427,-1.5115973588866103,-4.0000000000000036
2019-01-22,-0.01611054426860022,0.9585873607526052,0.2431643512058159,-1.230771334738187,-0.9982301903578374,0.1753214655028639,0.33488499716760517,-1.340056802616154,-2.0000000000000018
2019-01-23,-0.07593178432374491,0.5934134172922736,0.20874613508396955,-0.5560397783158518,-0.7397380039465341,-0.2641882419697775,-0.38407637240335213,-1.340056802616154,-5.999999999999961
2019-01-24,-0.1414433959594554,0.6806058782510835,0.058916064388684186,-0.8048005517891029,-0.8694069444812912,0.47881886517055333,0.10326754022438282,-1.340056802616154,-9.00000000000003
2019-01-25,-0.12587984461906213,1.0527116341341347,0.033962540360255436,-0.9030533891997904,-0.7711613268677163,-0.4000281521588864,0.14092279909665675,-1.340056802616154,-5.999999999999961
2019-01-28,-0.21597935086752562,-0.5766172249905128,-0.3943885295973727,-1.1638332272077843,-1.3266487998958731,-0.5347729145002025,0.43978906585227484,-1.340056802616154,-2.0000000000000018
2019-01-29,-0.3073009305223437,-0.6112236975634928,-0.19432556084722627,-0.8284161664830147,-1.2055809398782569,-1.0599866502932773,0.008738535837531664,-1.3215994993826163,-1.000000000000023
2019-01-30,-0.2960139053035354,-0.5497417023495684,-0.2589933570967484,-0.7580344018611785,-1.157257805784295,-0.5631179079683027,-0.3290014067667959,-1.3215994993826163,0.0
2019-01-31,-0.3934678494391435,-0.6565142041938578,-0.18272856088005973,-1.019015681639497,-1.053357877144944,0.39862778325799075,-0.5634995939376686,-1.3215994993826163,2.0000000000000018
2019-02-01,0.6132030679732521,-0.6528889111332495,-0.10201322740095288,-1.1623987485160776,-1.5442016055418446,0.366877576467742,-1.4316745987388226,-1.3215994993826163,-7.000000000000028
2019-02-04,-0.028226708522515544,-0.6718126651019416,-1.3931020090547996,-1.1651773938786143,-1.243805912487252,0.3495482897623418,-0.08071222863841916,-1.2790291883853782,-8.000000000000007
2019-02-05,-0.4485057836149824,-0.202307679244937,-1.6480016906139778,-1.1625648688451065,-1.0365810919223992,1.274974720563161,0.12978550779519574,-1.2790291883853782,-2.9999999999999805
2019-02-06,-0.44622832531100975,-0.5102884328347307,-2.170253589896388,-1.1195144827837133,-0.7840600105285555,0.1802861983732457,-0.1683615203789987,-1.2790291883853782,0.9999999999999787
2019-02-07,-0.555733354176866,-0.4532293995998593,-1.9078482007191224,-1.0974778100386886,-0.5030054903611598,0.142856117020416,-0.29989660519956296,-1.2790291883853782,1.000000000000023
2019-02-08,-0.5485121142942245,-0.38294612752677104,-1.31872534853893,-0.9266301489312263,-0.17211225777716171,-0.4315536259877026,-1.2255756835937746,-1.2790291883853782,3.000000000000025
2019-02-11,-0.5889402960643719,-0.4242350291280206,-1.4435335672075345,-1.075477812011833,-0.00019446613551617447,0.23439223815370408,-1.6798013933072231,-1.2890029122798554,0.0
2019-02-12,-0.41053582195688476,-0.42037975886149054,-1.3662316080753591,-1.0194357484459846,0.9734147202113739,-0.34906838798431755,-1.5624057307491992,-1.2890029122798554,-3.000000000000025
2019-02-13,-0.45223201069790897,-0.4548017170564105,-1.2717928097729665,-1.2254821906958921,0.5554600134607607,0.4177261150746431,-0.5673359251640164,-1.2890029122798554,-2.0000000000000018
2019-02-14,-0.47270410664519286,-0.5062412090609932,-1.621273196735043,-1.1294964430801782,1.0630057947891605,0.5629741474421707,-0.20595632879312323,-1.2890029122798554,-1.000000000000023
2019-02-15,-0.5256125941089494,-0.5671940847377147,-1.0739945729955966,-0.8524245684419111,1.593984878566484,-1.1259482948843438,-0.9662211123866197,-1.2890029122798554,0.9999999999999787
2019-02-19,0.3709007712887744,0.47809935421791144,-1.3243838744036962,-1.5023717899472244,1.4923604646491324,-2.4294545933463687,-1.1279325185242108,-1.479615301892912,-0.9999999999999787
2019-02-20,-0.34968425462726277,-0.38377991590647026,-1.2455341050610882,-1.4402528420157035,0.5203082068419971,-1.556867940529799,-1.6584632112287834,-1.479615301892912,4.0000000000000036
2019-02-21,-0.5849819495759885,-0.2980030515523854,-1.8815909601541294,-1.7869759883037832,0.5195404704454626,-1.4515230880096786,-1.5634635827867494,-1.479615301892912,4.0000000000000036
2019-02-22,-0.5567605698643814,-0.4316898675618952,-1.7134952176639144,-1.462410928159116,0.389896236335216,-0.8050978333323091,-0.7516332305811201,-1.479615301892912,10.999999999999988
2019-02-25,-0.2655973066098649,0.8167205925225771,-1.3105318152173098,-1.8181022221019558,-0.22556155101275882,-0.07151670048118673,-1.5841607586433895,-1.479615301892912,5.000000000000027
2019-02-26,-0.7330704352099972,-0.5440985435223122,-1.4902997391106856,-1.0455799402185622,-0.5581949141044019,-0.7372741957265948,-1.299394075626788,-1.3702032228425522,8.000000000000007
2019-02-27,-0.7012794212895171,-0.42849452424122597,-1.258393555279521,-0.8196376199661072,-0.7597438454585775,-0.7372741957265948,-1.3777379973568333,-1.3702032228425522,0.0
2019-02-28,-0.9160088505315783,-0.41009672604151526,-1.0646627606360073,-1.0022996411155578,-0.8424546660897225,1.3455913882108226,-0.4884905381637334,-1.3702032228425522,-8.999999999999986
2019-03-01,3.370741692371965,-0.03415542636348361,-1.475299128185192,-0.8973932924657588,-0.4106266807486518,2.463110923739497,0.20339190699439935,-1.3702032228425522,-13.999999999999968
2019-03-04,-0.5753758929747885,-0.4046153927868276,-1.4356239637423078,-1.4491775446303494,0.4224170390591557,2.1953917397945717,0.8815088163704755,-2.253747519491213,-8.000000000000007
2019-03-05,-0.5525062514532123,-0.1776841372178946,-1.391232777055014,-0.8202041514689995,0.7892010447724921,-0.09901475429595726,-0.11755592203585394,-2.253747519491213,-11.000000000000032
2019-03-06,-0.524136211782962,-0.042720409624108044,-1.3087969635709245,-0.7092522860759966,1.0351636388134213,-0.09901475429595889,-0.05077605221951969,-2.253747519491213,-8.000000000000007
2019-03-07,-0.5022447155178758,-0.2805816342448235,-0.7069821385202348,-0.08328451073143105,1.4052447078936707,-0.11981834435118943,-0.7585727538709635,-2.253747519491213,-1.000000000000023
2019-03-08,-0.487230522635241,-0.7117333765349679,-0.6558071914232791,0.5603065516739528,2.3437366048151924,-0.10024225679898978,-1.2638894569693362,-2.253747519491213,-3.000000000000025
2019-03-11,-0.2790046412791273,-1.5487032886762557,-0.20309726486248392,0.2772664625395264,1.8747391876065516,-0.12132935416547412,-1.74584973974206,-1.915713165289031,-4.0000000000000036
2019-03-12,-0.4590059256949931,-1.456240193596068,-0.15861756685989192,-0.9519109808273454,1.6016150797719535,-0.142856117020429,-1.3313618338031337,-1.915713165289031,0.0
2019-03-13,-0.2650597599083723,-1.3803806528580225,-0.5410067000992733,-1.3707385216443804,0.8291295747422422,-0.7936647468679937,-1.8566894900093394,-1.915713165289031,-6.999999999999984
2019-03-14,-0.0711135941217601,-1.3050504272402763,-0.2542651230113261,-1.7635107291635959,0.3835400425504634,-0.7936647468679937,-1.5273110726974488,-1.915713165289031,-8.999999999999986
2019-03-15,0.2972877355284403,-1.254665369467456,0.08328238322142283,-1.6401986366964967,0.4482582784312537,-0.1466987422389215,-1.0264703693936585,-1.915713165289031,-14.999999999999991
2019-03-18,1.4436396522242578,-1.2094259369555642,0.5596991588717279,-2.074910654492278,-0.05691090144012936,-0.7295270644790097,-1.7307090524194926,-1.6920226249793753,-16.999999999999993
2019-03-19,0.2904742925078688,0.7529521003136117,0.2750177594943229,-1.703573031823097,-0.4609488724644089,-1.2612281106025454,-1.2469013420326687,-1.6920226249793753,-19.99999999999997
2019-03-20,0.527068341567621,0.3950646243793176,0.32094464396218914,-1.172403630241233,-1.0245113689661343,-1.20001146255372,-1.3841784425729045,-1.6920226249793753,-14.999999999999991
2019-03-21,1.655369242786218,-0.8416003961933228,1.019373575466095,-0.7829301921152766,-1.2537056377625109,-1.6723869355921044,-2.7949137961832116,-1.6920226249793753,-14.999999999999991
2019-03-22,0.8724381341261784,-0.9297853973795417,0.6553115842281959,-0.9849792714194957,-1.1967436455424707,-2.0300375936054538,-2.5707194880933737,-1.6920226249793753,-2.9999999999999805
2019-03-25,-0.10463639260624796,1.8822491319066619,1.4239464804940938,1.7049154597501603,0.08673697625999524,-1.8353160162852942,-3.003796079103072,-1.3865384930650921,6.000000000000005
2019-03-26,-0.13035209609141876,-1.0384324967714167,0.7258613404048475,1.5069089560154032,-0.5845439509726099,0.3030952169027743,-2.6349005181468814,-1.3865384930650921,6.999999999999984
2019-03-27,-0.13035209609141876,-0.7411850852712054,1.489925909252069,0.028940150712946856,0.014869428754693345,0.3030952169027728,-2.461891834052485,-1.3865384930650921,12.99999999999999
2019-03-28,-0.13879963264605855,-0.9338439618868052,0.7745467986231168,0.48398037554666884,1.1911702094881542,0.32441013467658764,-2.171581397450396,-1.3865384930650921,11.999999999999966
2019-03-29,0.5560619963075583,-0.7012443674162607,0.3807094433910416,-0.16331593699588534,1.4559562346461676,-0.182574185832398,-1.876538168371884,-1.3865384930650921,8.999999999999986
2019-04-01,3.897760551064934,-0.5620137789233015,0.04121755616591838,-0.8038567464439951,1.1548513795081472,-1.2094017963525114,-1.2965700358228593,-1.3754654963272581,2.9999999999999805
2019-04-02,0.7104669236164555,-0.9342282020798779,-0.7310374802028481,-1.0449234087609744,0.6748632922970444,-0.182574185832398,-0.7723580487417715,-1.3754654963272581,2.9999999999999805
2019-04-03,0.672876714079816,-0.8782524510008989,-0.6807049923850685,-1.018162569217325,1.0504843705356286,0.8550085369690319,-0.7254056135739915,-1.3754654963272581,-4.0000000000000036
2019-04-04,0.7875919846854144,-0.827713067768766,-1.0974631509882118,-0.6392633335112062,0.09344490784022885,1.301526519641299,-0.5011319302885814,-1.3754654963272581,0.0
2019-04-05,0.5858073038332356,-0.4441143889732757,-1.4730841474589487,-0.756990125339176,0.6474941240543232,0.7252926462251049,-0.5488531208813353,-1.3754654963272581,6.000000000000005
2019-04-08,0.5517531415777571,-0.8291731350635617,-1.3838693362356913,-1.4216393964359306,0.606079159587632,-0.8219094647086341,-0.6026643130425224,-1.3372390674932084,2.9999999999999805
2019-04-09,0.5112091567469377,-0.599396141747222,-1.69084232833446,-1.0206091228884464,-0.12336095810517152,-0.29728640212865376,-0.28460717624071175,-1.3372390674932084,9.00000000000003
2019-04-10,0.31298584390679723,-0.4725711661578583,-2.188108232825687,0.011395533355204825,-0.5798225017208013,-0.29728640212865376,-0.2544113828424368,-1.3372390674932084,10.999999999999988
2019-04-11,0.2736721919366958,1.195799638993924,-1.3926189763152808,-0.8425273571424517,-0.9349297204561443,0.26993392081392004,-0.5912965535149417,-1.3372390674932084,6.000000000000005
2019-04-12,0.2077909144003012,-0.6414268826356527,-1.6547917650455137,-1.0298580709208434,-0.4335826793111913,-0.20238688686754344,-0.2421500076965451,-1.3372390674932084,2.9999999999999805
2019-04-15,0.172578062116218,-0.6734073142609075,-2.7825663077907206,-1.791037861655144,-1.1896773804737688,-0.11975907234847416,0.2671270004840501,-1.5296575043151106,2.0000000000000018
2019-04-16,0.6962971501898227,-0.6208534665876528,-2.439216550904161,-1.4129965208872595,-0.7641627383626389,-0.7866837052932565,0.34191610489780405,-1.5296575043151106,-7.000000000000028
2019-04-17,0.6461984152782975,-0.020585948714379833,-2.7016145875933595,-1.4137327975648555,-0.24819190660031998,1.9047673159679095,1.0515536579725187,-1.5296575043151106,-4.999999999999982
2019-04-18,1.1534956698861714,-0.5479575534940485,-2.1816747511123014,-1.0136352223793004,-0.6546654873147351,1.7636326500804542,0.8567663161798091,-1.5296575043151106,-6.000000000000005
2019-04-22,1.080431396555062,-0.5253291779204066,-2.107676856892483,-1.391756177685823,-0.04821265042827998,1.6431676724859692,0.8939637202766524,-1.5296575043151106,-4.999999999999982
2019-04-23,0.25388254713638414,0.3838765901418004,-1.5944302406337156,-1.0624285849959272,0.21330777594574052,2.4670499957167547,0.9027357452408271,-1.2905645311653335,-6.000000000000005
2019-04-24,0.20712172335137918,3.2679167673895746,-1.4711370262308503,-1.1130172215093936,1.5278679643809443,2.1851831955126784,0.5279587426075578,-1.2905645311653335,-0.9999999999999787
2019-04-25,-0.24831288753396866,3.870506374883249,-1.3648376501473232,-0.31168395301510254,2.1635713141426542,1.9568524312537219,0.13052888271041668,-1.2905645311653335,0.9999999999999787
2019-04-26,-0.07252130626354598,-0.27151637206677154,-1.2694810058188957,-0.20673905832679318,2.701194230162416,1.7751607991680443,0.4538825100499024,-1.2905645311653335,3.000000000000025
2019-04-29,0.11710945099735585,-0.14408315967321983,-1.3299014185285043,-0.650667370271222,1.7574609131789727,2.3007830225737904,0.21062489280289098,-1.2905645311653335,-3.000000000000025
2019-04-30,0.53894970426617,-0.29510770597534525,-1.2406103055157855,-0.31605964705776346,1.705266374659677,2.330385088588488,0.39101032766161137,-1.2251712464536588,-5.999999999999961
2019-05-01,4.109355243283682,-0.5328981723568984,-1.012277972833747,-0.30768403969701486,1.1605367826465458,2.073069957231015,0.12384454925930043,-1.2251712464536588,-2.9999999999999805
2019-05-02,0.9591822831779396,-0.489492770125463,-1.3809903545841231,1.146115619734731,0.3477223041318548,1.020359939418417,0.32637917800954375,-1.2251712464536588,-9.999999999999964
2019-05-03,0.38818718358753584,-0.48035242513364684,-1.1520979672022758,0.788614663438843,1.6042327577087923,0.6433771428895843,0.14937887931900937,-1.2251712464536588,-6.999999999999984
2019-05-06,-0.5762544406040849,-0.47895958050534154,-1.229192797734439,-0.5426010914954865,0.8278021742467865,0.9218551132400427,0.611332004039601,-1.1645934731452308,-10.999999999999988
2019-05-07,-0.7297686130070719,-0.39913121479032093,-0.7031048267350529,1.8544285236184106,1.0545252917796848,0.525965134884915,-0.10357363041476965,-1.1645934731452308,-3.000000000000025
2019-05-08,-0.47628830817171236,0.03884666952592829,-0.14666995750647735,4.0422627809626634,1.5270592181916711,-0.5748921241765348,-1.0401492319283927,-1.1645934731452308,-12.00000000000001
2019-05-09,-0.6397934020219376,-0.42704530445287864,-0.07697020635343545,3.208173096244765,1.201850890325067,0.13530523897939573,-0.4259426897758901,-1.1645934731452308,-5.000000000000027
2019-05-10,-0.9356768923480553,-0.18312680043606283,0.7903697998836179,2.610008977522696,1.8329558351613264,0.11140395708685316,-1.4103588199551778,-1.1645934731452308,-8.000000000000007
2019-05-13,-1.0519001228494547,-0.30269348540071067,0.6788184390840133,1.0435646216174193,1.0708761673119391,0.7975970767377765,-1.169776129689593,-1.8456387683507993,1.000000000000023
2019-05-14,-1.327197947784163,-0.3722475696106272,1.8195475912036723,2.696397062009338,1.7798885567270684,1.1156542063941357,-2.328854998974536,-1.8456387683507993,1.000000000000023
2019-05-15,-1.1095511375013902,0.2404355688179059,1.5949120861168138,1.5212248083936155,1.6790900062323706,1.0454906254023566,-1.716152103252612,-1.8456387683507993,2.0000000000000018
2019-05-16,0.2541982607990167,-0.22755942531560128,1.9745339915919264,0.8192262232833236,1.3995838408230616,0.6130894387074429,-2.635976859301332,-1.8456387683507993,-8.999999999999986
2019-05-17,-0.48608910966353425,0.3972254881311328,1.513913961862439,0.3394198526365956,1.608785361289331,0.20865621238132698,-1.505924612779934,-1.8456387683507993,-7.000000000000028
2019-05-20,-0.6135862066048339,3.327712083591614,1.4714418646645124,0.5727388985572934,2.1210324976134034,-0.19663841604851537,-1.408596854998166,-1.5545238291456775,-15.000000000000036
2019-05-21,-1.0120186205334936,2.3360243287428717,1.4312983600148992,0.6656886305912916,1.7125315699057015,0.13904435742955237,-0.9932342283545526,-1.5545238291456775,-18.000000000000014
2019-05-22,-1.0963497336671821,0.7256569342309309,1.191823238793048,0.1025587420641303,1.5374174666149412,-1.1484074519021388,-0.59190144098679,-1.5545238291456775,-16.999999999999993
2019-05-23,-1.1728674201567306,0.6988057957177981,1.6741142877174933,0.016390657952578748,1.3705596916539764,-1.5737435451992277,-1.0716648366593953,-1.5545238291456775,-16.999999999999993
2019-05-24,-1.1099940864362579,1.067668440838292,1.9012249447633085,0.8300350079853889,1.2861929297320516,-0.3333804212163305,-2.084877574697568,-1.5545238291456775,-25.0
2019-05-28,-1.0564650590780968,1.32029624854073,2.1810844158810943,0.37022405006348463,0.9646586070125709,-1.6379125042367502,-1.4692146270471327,-1.9952075047097344,-13.999999999999968
2019-05-29,-0.49901741249337767,-0.19078201299191697,2.0820738783919235,0.9643776576830513,1.3064255339740638,-2.338466840011803,-2.377214056778153,-1.9952075047097344,-12.99999999999999
2019-05-30,-0.5995722847040069,0.0238663311937458,1.997029856964358,1.0535868957842573,1.6310648847164881,-1.5705452626332164,-2.2198986402055265,-1.9952075047097344,-10.000000000000009
2019-05-31,-0.566162167273607,-0.3910250851445106,1.8162216546969545,0.7561808470087789,1.2846254848567003,-1.4708165460728397,-2.434470135413398,-1.9952075047097344,-5.000000000000027
2019-06-03,0.6440497646375021,-0.4619689962977165,2.1077761754901014,1.2489477909665527,1.8076706926213817,-0.2563808658292103,-2.622116215126117,-1.9952075047097344,8.000000000000007
2019-06-04,-0.5219596846710269,-0.34107756744315987,2.395650102412316,1.2327757946769633,1.2810422898952232,1.9472289747788167,-2.8428709364262534,-1.7073187009253545,2.9999999999999805
2019-06-05,-0.6220410146119226,-0.1293258259400683,2.124899925587947,0.39846612072547266,0.46327242341963604,1.476923085011978,-2.1150521088128684,-1.7073187009253545,0.9999999999999787
2019-06-06,-0.460022856598986,0.03835551627123873,2.1700612603784375,-0.03694052847051058,0.28043521079913775,2.741519722370466,-1.9160278014516479,-1.7073187009253545,-2.0000000000000018
2019-06-07,-0.4406691093933018,0.12600609085102413,1.8721437011650426,-0.15666023001929563,0.12146055034927886,1.1274952758971197,-1.5970268212714223,-1.7073187009253545,0.0
2019-06-10,-0.5450900651552236,-0.015560262292043337,1.5484153400097032,-0.03221597863821619,-0.4304461332600473,1.075043979186524,-1.3278520976426438,-1.5873790427839494,-6.000000000000005
2019-06-11,-0.5130118717272838,0.048937259258890996,1.1836571780082619,-0.27438883125854824,-0.9801743017044208,1.3250067314637597,-0.8406300572744423,-1.5873790427839494,-8.999999999999986
2019-06-12,-0.6025604444049935,-0.41390434119274677,1.0214384858940333,-0.31481437488973985,-1.232896887233075,0.47488567403132614,-0.6173892839174656,-1.5873790427839494,-10.000000000000009
2019-06-13,-1.0181311779191342,-0.14828804095889042,1.2245077944047071,-0.43565084956248773,-1.11942890838099,1.3388971783653592,-0.48281664773204763,-1.5873790427839494,-9.00000000000003
2019-06-14,-1.5780532046672193,-0.19468930662833275,1.248697616753927,-0.5158544058806609,-0.7883385551496411,1.7612078219308687,-0.2566738938489002,-1.5873790427839494,-2.0000000000000018
2019-06-17,-1.5838077399429755,-0.22004993035063533,1.1833435106852,-0.8673457211267409,-0.12572934957042223,1.13543547137999,-0.39487435339433674,-1.4100161520950547,-6.999999999999984
2019-06-18,0.30413516486230946,0.012459191557151668,1.0347902756269476,-0.9567495684355518,-0.02792919844259048,0.5733673677312733,-0.6312747204958382,-1.4100161520950547,-6.000000000000005
2019-06-19,-0.29521378799025166,4.173224215491983,0.879332677689029,-1.074717529343963,-0.32518169943258735,-0.2329304931408297,-0.77736530103402,-1.4100161520950547,2.0000000000000018
2019-06-20,-1.1662236146561569,3.7095871657631427,0.9358023590186741,-1.513244975687452,-0.6057005543387346,1.9678471352967364,-0.6245346506874305,-1.4100161520950547,0.0
2019-06-21,-1.0906785541420594,3.4594495888296066,0.5391853070723498,-1.1785482328650931,-2.898870554577631,1.7835834356082338,-0.3645454845686403,-1.4100161520950547,-6.999999999999984
2019-06-24,-0.7269479514711701,2.227375863777084,0.1195393863203281,-0.6856227382308802,-2.433324727437653,1.8297924521149302,0.6559886787301559,-1.1803435293014426,0.9999999999999787
2019-06-25,-0.0843467965686354,0.7727092914497395,-0.2041567399070342,-0.760342460675001,-2.4821107686030714,1.6726943414076707,-0.074056711564625,-1.1803435293014426,-2.0000000000000018
2019-06-26,0.5156466550541785,0.09245373151868447,-0.1122579477030964,0.0822276787849641,-2.2135486908754793,1.3589137467863757,-0.15132606463351753,-1.1803435293014426,-8.999999999999986
2019-06-27,1.0819014319259617,0.25592624093811167,-0.4475053961308965,0.07879948211197725,-2.0839453216106256,1.084745114308772,0.13623238882386926,-1.1803435293014426,3.000000000000025
2019-06-28,0.9458688044211364,1.3985903205970636,-0.63341027858391,-0.2570847966946934,-1.7439450164571415,0.8305490962774049,-0.2042235255987445,-1.1803435293014426,4.999999999999982
2019-07-01,3.077391186215077,3.626622181147058,-0.69861494049515,-0.9187297923271563,-1.706212582864061,0.39298722171716977,-0.030285802773949072,-1.152845652220198,4.0000000000000036
2019-07-02,0.7252450566239337,0.761938641516784,-1.0795192011254788,-1.6910960234272205,-1.3900477987743998,0.355900792955027,-0.7558248589563517,-1.152845652220198,8.999999999999986
2019-07-03,2.773048835855876,0.004360680000907784,-1.15638047190037,-2.3090841743262542,-1.1591565103884336,-0.4741755420426546,-1.2372626873094235,-1.152845652220198,16.999999999999993
2019-07-05,3.1358658507116925,-0.13573394410425504,-1.7438056168520375,-2.2985377279580153,-1.0996487074260433,-0.91465910273948,-1.625856542363266,-1.152845652220198,8.000000000000007
2019-07-08,2.9932564734388336,-0.21291490254385634,-1.7438056168520375,-1.6904936900813823,-0.6226901442676339,-1.3547517435919014,-0.689256334175582,-1.152845652220198,4.0000000000000036
2019-07-09,1.0626560031932448,-0.1841309730533433,-2.1284836829757374,-1.1503801563394784,-0.6976932288256109,-1.3189444604895044,-0.9562952634392632,-1.3725400450055953,6.000000000000005
2019-07-10,0.5204947134869495,-0.1787118864385557,-2.087108378381588,-1.006616294242946,-0.5429503955035285,-1.7086527949820238,-0.573501133483334,-1.3725400450055953,-0.9999999999999787
2019-07-11,0.6555974213510024,-0.22828806699450174,-1.52532598836659,-1.570530581073072,-0.5150238858689382,0.2939489054771635,0.5298611601938588,-1.3725400450055953,-8.999999999999986
2019-07-12,-0.1836237730152265,-0.3695175551232907,-1.4327928055171284,-1.5298994931317536,-0.8412410985043205,0.9016597225620765,1.9880890638176112,-1.3725400450055953,-7.000000000000028
2019-07-15,-0.9809291942587661,-0.36619150277066564,-1.350109335113382,-1.7245053166202424,-0.8917340937904876,0.8531032897033924,2.0710002739415665,-1.3725400450055953,-4.0000000000000036
2019-07-16,0.6903894494614223,-0.3440516842894802,-1.25947965381482,-1.497945726636928,-1.0028508417079134,0.3235044599324135,1.1978624317496198,-1.4556802028999833,-4.999999999999982
2019-07-17,0.8102122301162613,-0.613841027869053,-1.4205162263818805,-1.378198053896125,-0.36745606691724475,0.314683536808601,1.8708798847959527,-1.4556802028999833,-1.000000000000023
2019-07-18,0.7617271396758034,-0.7218977431468607,-1.2023395056548651,-0.5203063018419156,-0.566122797631369,-0.42124906268471457,0.8649193311573088,-1.4556802028999833,4.0000000000000036
2019-07-19,0.5627693907740338,0.7402418971682087,-0.7506440586998402,-0.797927472991549,-0.5309160810909173,0.5949021251449982,1.8459346350524664,-1.4556802028999833,3.000000000000025
2019-07-22,-0.2627691364061652,0.45453071680515356,-0.8347541925679385,-0.05481570892592955,-0.4905757728412901,0.08381642916757608,1.7025905071050527,-1.2462901565238815,1.000000000000023
2019-07-23,-0.43373328756353274,0.40622654039522543,-1.0549482165697996,-0.7218464098699642,-0.14089273667676472,0.07546495632669667,1.154901162219369,-1.2462901565238815,-2.0000000000000018
2019-07-24,-0.44052362288200747,0.42850388107683857,-1.1234489581155354,-1.3625971038468507,0.5845111396490142,0.07546495632669667,1.8791096032765768,-1.2462901565238815,-2.9999999999999805
2019-07-25,-0.29453379615421277,-0.28691989351178476,-2.050673014308368,-1.658082201108948,0.4649908964680413,-0.6791846069402693,0.8159612849597796,-1.2462901565238815,-18.000000000000014
2019-07-26,-0.15816258588439003,-0.8228430622193856,-1.9960698515699675,-1.0640652362940164,0.6130764513641734,-0.6491611095644483,1.174762432970938,-1.2462901565238815,-21.999999999999996
2019-07-29,-0.37283601464512695,-0.844535253993796,-1.964462023473015,-1.424343322017571,1.2299570402197508,-0.6074394143613872,0.859557335084119,-1.2931040296693228,-31.000000000000007
2019-07-30,-0.594918524761186,-0.7852393352329333,-1.8358245950193302,-0.8351047534714375,1.4309946035324737,-0.8142779002533848,0.5562025032769998,-1.2931040296693228,-33.00000000000001
2019-07-31,-0.7576510244176371,-0.9627361326154819,-1.6101924873289704,0.09027198855834742,1.6483188937683688,-0.7903409868728942,1.037782560077919,-1.2931040296693228,-31.000000000000007
2019-08-01,1.8965700717298155,-0.3737755370330846,-1.6435048432229882,1.7775997344316634,1.4364824865789039,-2.4346180120985523,0.453098285468788,-1.2931040296693228,-17.999999999999993
2019-08-02,-3.2986841729992387,-0.4716909324994202,-1.0689864587769233,2.655728026979953,2.8536662558078913,-1.4376436873292346,-1.0391079816275457,-1.2931040296693228,-12.00000000000001
2019-08-05,-2.7872403554357437,-0.7317001276577512,-0.8800405286315596,2.2048445686252185,2.689678926459187,-1.8979080318179253,-1.373283177606442,-1.3753619869267533,-10.000000000000009
2019-08-06,-2.8773039269061935,-0.6630618721532445,0.08486067835125176,4.091585588833891,2.9329616369953073,-1.3873465998403693,-2.337291125406694,-1.3753619869267533,-5.000000000000004
2019-08-07,-2.6022230421094816,-0.635304132763735,0.2984602122473597,2.0781078795325074,2.646578520131389,-1.8562456315868194,-2.2555023597380504,-1.3753619869267533,-11.99999999999999
2019-08-08,-2.333307142442983,-0.5946982941830479,0.02936537595196978,1.7047010309408335,2.445652075369801,-1.8863890452844805,-1.9351399713430744,-1.3753619869267533,-19.999999999999996
2019-08-09,-2.1290850834454735,-0.6401747203799641,0.4424710055140421,0.7828997526889755,1.7629707777323127,-2.0564901738194834,-1.6771441591785907,-1.3753619869267533,-18.999999999999993
2019-08-12,-1.799789248586977,-0.631654756119206,0.1284916546838387,1.1074115740402126,1.5781952715391983,-1.7131005880452677,-1.2194441166948102,-1.8224355495250801,-4.999999999999982
2019-08-13,-1.5905481243018753,-0.26038797245776374,0.18944824056581175,1.9610453157118513,1.8613571019987847,-2.15969891882222,-1.8595831496683906,-1.8224355495250801,-12.99999999999999
2019-08-14,-1.2411593321532564,-0.3023617372165665,0.03509163013220192,0.7770592059711705,1.6704270607335197,-2.5548500087017927,-1.4976169495367266,-1.8224355495250801,0.0
2019-08-15,-1.3306855104424649,-0.826918439127157,0.2997194651542094,1.9891373757185296,1.9577600432667055,-2.340407589224722,-1.7795971377608177,-1.8224355495250801,10.000000000000009
2019-08-16,-0.9556168998281073,-0.6008962692821763,1.1603409002300922,1.5776720215494682,1.9244423699519446,-1.7616589861735616,-1.809220930739756,-1.8224355495250801,-3.0000000000000027
2019-08-19,-1.2051722633656285,1.4020195066495633,0.9427769814369444,0.7528693992941164,1.5985244416416726,-1.2967018580416054,-1.2151387146146975,-1.5610022868528346,-6.000000000000005
2019-08-20,-1.2458197594361808,1.6409556006162336,1.491358189631254,0.2729453489925648,1.7890829406754263,-1.2217369437431531,-1.2941467651136511,-1.5610022868528346,-6.000000000000005
2019-08-21,-1.0439969066804449,2.0038274289142075,1.5706636685729503,0.418567903486111,1.6230041274554061,-1.3749031616087708,-1.537278760106209,-1.5610022868528346,-12.00000000000001
2019-08-22,-1.1564248921438958,1.6729980681841279,0.5723604893952283,-0.0964322105012179,1.3077837062954136,-1.4850236842402154,-1.3650796516229702,-1.5610022868528346,-12.00000000000001
2019-08-23,-1.1394122604714836,1.444712241331733,0.5723604893952283,0.1247698268126594,1.398959233611074,-1.5880190117166906,-1.2703535736291731,-1.5610022868528346,-2.0000000000000018
2019-08-26,-1.0081214510600511,0.3283581496475977,0.9484278292795026,0.9978123079257589,1.2570326468819943,-1.483059017153962,-1.5930488959326043,-1.2136440634048862,-7.000000000000006
2019-08-27,-0.9445948262350594,-0.7086761699788109,0.9259119424580008,0.7787426785639036,1.5460574485141736,-1.4836610853413719,-1.5806225003002465,-1.2136440634048862,-2.0000000000000018
2019-08-28,-0.5765157004191331,-1.1023395399196585,0.7046710690311175,1.0077945320854877,1.521902203207296,-1.7722769490786874,-1.5751546568652968,-1.2136440634048862,10.000000000000009
2019-08-29,-0.7204670685704305,-0.6031262894105479,0.6871223607483937,0.6680086941310496,1.550340173270728,-1.5391911224942958,-1.612200518560088,-1.2136440634048862,5.000000000000004
2019-08-30,-0.6691319570257598,-1.3468187530335722,0.8797734899301819,0.18029466772132446,1.637929977990897,-1.4492339148756137,-1.3450205160804423,-1.2136440634048862,12.99999999999999
2019-09-03,-0.339646340042997,1.1045607785038631,0.6871223607483937,0.48028409814556405,1.638371203589259,-1.0646484656920974,-1.2644027713735433,-1.6329529667124296,25.0
2019-09-04,-0.21875221605856607,-0.9599637234917413,1.0284725184599988,0.6427167958084078,1.69495277779823,-1.0071256699485216,-1.2965017065583577,-1.6329529667124296,28.000000000000004
2019-09-05,0.13641796514371668,-0.9767258839338588,1.151785864325125,-0.16258472337838434,0.9426586440467496,-0.5038860303934223,-1.1801029014799593,-1.6329529667124296,21.999999999999996
2019-09-06,0.19944674859437134,-0.988454459952152,0.907785760893606,-0.6045546341601924,0.6741376552831985,-0.6928872631774479,-0.511805307716258,-1.6329529667124296,34.999999999999986
2019-09-09,-0.24098731074092908,-0.9990673770561849,0.478615666970263,-1.13590045559906,0.203647106452778,-0.6437365949587305,-0.5266217906675791,-1.6329529667124296,21.000000000000018
2019-09-10,-0.4576721920727069,-0.5853733241023192,-0.2028610877184824,-1.1520662169426739,0.0555899598602841,-0.18562939372092604,0.09954621110937437,-1.5101683916977764,9.000000000000007
2019-09-11,-0.19924253748045176,-0.40684016574236725,-0.540367420852205,-1.284825159495717,0.02874783716182075,-0.11921464036031781,0.9533211007404725,-1.5101683916977764,5.000000000000004
2019-09-12,-0.008044102724247238,-0.41752336035839516,-0.6786824817774909,-1.5724444742727963,0.2941031760231768,0.2951159467218612,1.3012536613759245,-1.5101683916977764,0.0
2019-09-13,1.6835941016265958,-0.42015409935507575,-0.9266122554502305,-1.6534719549420183,-0.5925494522283858,0.34017336395050873,1.9142804594821619,-1.5101683916977764,-15.999999999999993
2019-09-16,1.6503648711069838,-0.5637454132566567,-1.4350411580832423,-1.701898450631256,-0.8104767966217494,1.1638082336084377,2.627529621819177,-1.2595571135543544,-12.00000000000001
2019-09-17,4.409199602040508,-0.653918160850967,-1.933161504464365,-1.2578719814773676,-0.4001791763750163,1.036447869340828,1.7682504206966028,-1.2595571135543544,-17.000000000000014
2019-09-18,5.2611407241839565,-0.7177182496969416,-1.453792357471714,-1.3445276241828732,-0.5270476778002383,0.9587296838988035,1.4238055676433152,-1.2595571135543544,-7.000000000000006
2019-09-19,0.4966243130886085,2.471755093539446,-2.249684872314862,-1.4409007957207927,-0.5695288172893586,-0.27386127875197125,1.558002032820565,-1.2595571135543544,-9.000000000000007
2019-09-20,-0.5417986347451282,-0.1459269911921743,-2.2856978724225314,-1.3005888705485877,-0.36221225036849236,0.2501217518415644,1.5271643873157281,-1.2595571135543544,-5.000000000000004
2019-09-23,-0.6806258575414661,0.30596814190108607,-1.5429866111834307,-0.7482274306316092,-0.2177215135023316,0.3016952971292117,1.2297189413885097,-0.8750901856493375,-4.0000000000000036
2019-09-24,-0.6780540991835847,0.2647785688833826,-1.9322903110982497,-0.8638587694184415,-0.01884839945161899,0.1159036411445411,0.8379764810043531,-0.8750901856493375,1.0000000000000009
2019-09-25,-0.47833558697239437,-1.0789375614075496,-1.0641188690280696,0.05607512378587962,-0.24923683885578046,0.14479172888345346,0.37217923950694515,-0.8750901856493375,-12.99999999999999
2019-09-26,-0.38327093453861083,-1.0237052335176489,-1.0313274764465266,-0.3832075783057118,0.7765492627576787,0.3891772294342637,1.1942419334933545,-0.8750901856493375,-15.999999999999993
2019-09-27,-0.636399087567165,-0.1190976741065406,-1.4589211520587397,-0.27663842493423585,0.9072678638755218,0.09128709291723586,1.3139803671313617,-0.8750901856493375,-16.999999999999993
2019-09-30,-0.6617847944986694,-0.1030425579088304,-1.1246122641265055,0.34758072978841204,0.8433401419370035,0.6166198419497105,1.349609964473581,1.8908167150232251,-11.99999999999999
2019-10-01,0.2182401749428772,0.24877427465791868,-0.8185505599940374,-0.1123247753190071,1.313771822430681,0.3670518513173021,0.7006008300911702,1.8908167150232251,-10.999999999999988
2019-10-02,-0.5571409718001223,-0.5178113405195279,-0.26867525206354737,1.0330635066190745,1.2623768091227932,1.4183298072112065,0.8551594930053003,1.8908167150232251,-1.0000000000000009
2019-10-03,-0.5882900094497476,-0.39684987604929073,0.8467465239782123,1.8713074662248905,1.201177498207712,2.006244582546166,0.6756307599483978,1.8908167150232251,12.99999999999999
2019-10-04,-0.5871775240976302,-0.28702263965131775,1.5660546772625503,1.113107415156359,0.44183610210256685,2.3757066847105386,0.8224323142987676,1.8908167150232251,24.0
2019-10-07,-0.6017881652749902,0.27636822639270836,1.4772925961007735,0.13996285099379743,0.115239220785607,1.5667090313291017,0.5815600811675203,1.9770115002881117,20.999999999999996
2019-10-08,-0.5674346527916392,0.3975398636471483,1.2041594578981214,0.5712064777210579,0.1538697551793386,1.0614231343403828,0.533919500259022,1.9770115002881117,20.999999999999996
2019-10-09,-0.5186970686613935,-0.041678162455293315,1.6261435608319412,1.6798475698344126,0.5923044811541416,1.3834564211152958,0.5519595850910276,1.9770115002881117,16.999999999999993
2019-10-10,-0.5001641824921899,-0.6945613179664545,1.3260434902456688,0.9707607739462507,0.46314664373441045,1.3275625483998434,1.049787487450009,1.9770115002881117,9.000000000000007
2019-10-11,-0.4835687474473515,-0.7555522489321389,0.8395730558932626,0.4915301784933244,-0.4551998244511762,1.6790810992834384,1.6155949183349874,1.9770115002881117,4.0000000000000036
2019-10-15,-0.46721837531991073,-0.3078024036832749,-0.301496945415615,-0.4688227631078608,-1.4527632429748454,1.4067891605406557,2.1069424308656806,2.681482048417114,1.0000000000000009
2019-10-16,-0.21706972059988147,-0.5824906397449171,-0.5014035735308562,-1.392811407144322,-1.4057333871690594,1.951687510839485,2.0977569596892507,2.681482048417114,2.0000000000000018
2019-10-17,-0.13020979680278952,-0.5612416252872896,-0.2201430598157017,-1.2520004361902746,-1.7596616283020732,2.0134538032340386,1.9443312735653133,2.681482048417114,1.0000000000000009
2019-10-18,-0.2767316837810755,-0.7826748998147603,-0.4151134214014316,-1.117475916811554,-2.3736391925883678,1.6378047062159777,1.961599043189554,2.681482048417114,4.0000000000000036
2019-10-21,-0.3706929686999643,3.425865899409472,-0.36735237618084127,-0.8418750371381487,-2.3158028953825034,1.902412787250345,1.8467069316588913,2.681482048417114,5.000000000000004
2019-10-22,-0.386245949867846,2.633152306023512,-0.8339243287776646,-0.938082385606959,-2.2106371292453404,1.7605236629873549,1.9771239693908602,2.0316953934385658,6.000000000000005
2019-10-23,-0.3561415735259017,2.5432654611304346,-1.2708037546411564,-0.6944624453800482,-2.0761126605238234,1.6172176549754083,1.8386707375503757,2.0316953934385658,1.0000000000000009
2019-10-24,-0.3411132224855169,1.9192332067193791,-0.9644147408861459,-0.8835165246344888,-1.7772349439637705,1.669926460959768,1.6173068858147623,2.0316953934385658,-8.000000000000007
2019-10-25,-0.3410008594886308,-0.8631409881622877,-1.1462616881168088,-1.0014685599552176,-1.5311003866721635,1.535975579645325,1.3575806630647476,2.0316953934385658,-7.000000000000006
2019-10-28,-0.3531709785611789,-0.8997006522327109,-1.3017060541537169,-1.439655356371104,-1.5100912814694092,1.0796051237022302,1.5289684153720977,1.7754601463236752,-6.000000000000005
2019-10-29,-0.36424645026160096,-0.8730899028820422,-1.2278841257564268,-1.204329495900289,-1.498412732621659,1.6787929587938646,1.7932006619181522,1.7754601463236752,2.0000000000000018
2019-10-30,-0.3488598225774684,-0.8488932591445609,-1.3744600053714096,-1.1197685298882687,-1.4518325113174857,1.3920132194801507,1.6973038408921435,1.7754601463236752,3.0000000000000027
2019-10-31,-0.5938499966324292,-0.8184435684853665,-0.8838239537167907,-1.4318250824746857,-1.126287738806535,0.8220268580392982,1.2727352546227215,1.7754601463236752,23.0
2019-11-01,-1.1845649883857683,-0.365432405076324,-0.6628679652875881,-1.024515932012049,-1.375818454499264,0.7690771119659187,1.127825602406426,1.7754601463236752,20.999999999999996
2019-11-04,-2.4361382727829253,-0.4693441644840234,-1.0892243977554743,-1.3595819659727981,-1.4953570933976448,0.7157160432091475,1.3991375035846279,1.477083333806831,12.99999999999999
2019-11-05,-2.274799093769939,-0.2871821567487486,-1.0496003829133882,-1.0794429915677226,-1.2383069808067233,1.0160611926981054,1.5744195796924785,1.477083333806831,1.9999999999999796
2019-11-06,-1.919801801760958,-0.457992069539056,-1.2319385869636144,-0.9299297776221725,-0.8675549864830946,1.654968697775558,1.677027200663117,1.477083333806831,1.0000000000000009
2019-11-07,-1.8019750999455155,-0.4989530030569266,-1.355817886762003,-1.0516484455427584,-0.8312175790410541,1.0433667582230575,1.310856461958814,1.477083333806831,-7.999999999999985
2019-11-08,-1.7107600453023182,-0.6024444804224691,-1.4554099952202137,-0.9503133495257446,-0.7557599591554551,1.7289667475163444,1.8081223575973389,1.477083333806831,-12.99999999999999
2019-11-12,-1.5751628359219247,-0.6152389638872745,-1.713978204864923,-1.1336418650997737,-0.42734446368702467,2.024919584800911,1.8066662844804033,1.6499903504636186,-12.99999999999999
2019-11-13,-1.4110085051194687,-0.5111524560059788,-1.743793483138616,-0.8403038499807831,-0.07493201405905237,1.9110533446031628,1.3642585438443122,1.6499903504636186,-14.999999999999991
2019-11-14,-1.5018747029394275,-0.4086707460151553,-1.455018495392579,-0.6730965505898617,0.32843335800664863,1.6719631019071455,1.1833145119606778,1.6499903504636186,-5.000000000000004
2019-11-15,-1.3291315741384349,-0.386707409762398,-1.0452322598084145,-0.6029795873378138,0.3523239179153165,1.3823561216102533,0.7896781170342714,1.6499903504636186,-7.000000000000006
2019-11-18,-1.1774469962219034,-0.6650111846553564,-0.9785488803741224,-0.9773229471906232,-0.11969751413429083,1.0850481407104462,0.8562976264274789,1.6499903504636186,-5.000000000000004
2019-11-19,-1.281550509773972,2.9329248221283026,-0.7591995535901391,-0.7566116273452964,-0.18686088215886057,0.5830589895996676,0.6227707209322519,1.5127430125762276,-5.000000000000004
2019-11-20,-1.138655681184744,2.4714904301514267,-0.8881272812580105,-0.5178857958736446,0.18567379110316734,0.07194088392053971,0.4420595628799977,1.5127430125762276,4.0000000000000036
2019-11-21,-1.0663827444561356,2.116907554725084,-0.27258864825959395,-0.5066928761918537,0.8144203411369372,-0.5021562274391925,-0.07161031489628879,1.5127430125762276,1.0000000000000009
2019-11-22,-0.9403103684117482,1.877685856349764,-0.4219836198752113,-0.26068203861130007,0.8104372260531013,-0.5765768491776664,0.08098156082479752,1.5127430125762276,6.000000000000005
2019-11-25,-0.8806509135342167,-0.6705748320062233,-0.6211725256177244,-0.8589125843068726,1.4372372472902983,-0.9396592910223179,-0.010764518342965651,1.3327074879177492,-4.0000000000000036
2019-11-26,-0.9400978691992011,-0.7028406411684874,-0.8831471184246266,-1.5261828084489821,1.7978870644689016,-1.2574802805624299,-0.5435803038079222,1.3327074879177492,3.0000000000000027
2019-11-27,-0.9945970224954341,-0.4787107881218324,-1.4202421786665256,-1.9941629906048288,1.8289191234212985,-1.0381806535806504,-0.7020461783502862,1.3327074879177492,3.0000000000000027
2019-11-29,-0.8837023814837199,-0.6432156513567555,-1.8960075835943857,-1.5649646209048569,1.9148393649758635,-1.5898081381740596,-0.6132188389121728,1.3327074879177492,6.000000000000005
2019-12-02,-0.17195577484060312,-0.6140749200468864,-2.070451675510826,-0.3588702421783678,1.7665761333036225,-0.6899167392076108,-0.1690204436029614,1.3327074879177492,0.0
2019-12-03,-0.2571546564871971,-0.6826095116578869,-1.091089451207738,2.4639764132349247,1.3000742001810028,0.7555568421548988,0.29174874685756996,1.0131528382143193,13.00000000000001
2019-12-04,-0.8219275907403912,-0.6181867580946824,-1.0561177090884355,3.1331837090522274,1.0542318429734108,-0.16170408394148697,-0.7948679489353403,1.0131528382143193,2.0000000000000018
2019-12-05,-0.8492412993434022,-0.5836441053324325,-1.0018410066351395,1.8102911196342109,0.5574735868470229,-0.1723853149343935,0.10482101297884189,1.0131528382143193,9.999999999999986
2019-12-06,-0.7185929476100514,-0.533114462456205,-1.6019220173200013,1.5211992111562411,-0.18721111393380704,0.6964296281716045,0.6023916989136353,1.0131528382143193,-2.0000000000000018
2019-12-09,-0.6753861900454791,-0.37515193028418536,-2.1085987552383494,0.6366777981493745,0.140334464308714,0.9442381905588586,1.2168868478531099,1.0131528382143193,5.999999999999983
2019-12-10,-0.5339496314118067,-0.47373951847035406,-2.4421222639050457,2.5218483204966793,-0.38091741964065895,0.03980012880148283,0.884633078462302,1.0708556640655298,3.9999999999999813
2019-12-11,-0.6014682623935144,-0.48659719691254427,-2.9903811710196146,2.0894278904586687,-0.5807661465208361,0.010082563082412998,0.8271822765750475,1.0708556640655298,12.99999999999999
2019-12-12,-0.6938189504386381,-0.4209390136795041,-1.9696242091276812,1.4109162879478587,-0.8600309929115523,-0.5624099507441778,-0.22373541829359128,1.0708556640655298,2.0000000000000018
2019-12-13,-0.8364467180062732,-0.42384800398790456,-2.180824427033054,0.5469547657758975,-1.5081979389373874,1.1751393027809232,1.4478758774331122,1.0708556640655298,9.999999999999986
2019-12-16,-0.7529402821982,-0.49082855254488034,-1.9767482177149465,-0.5075868444335739,-1.8091752671185835,0.25790962064391854,0.11289646226846167,1.0791054304987737,4.0000000000000036
2019-12-17,1.9287104756003315,-0.3343556273747146,-2.1856656023430316,-0.8597117012597506,-2.013959674250737,1.0755042085950928,1.0742184826529897,1.0791054304987737,1.0000000000000009
2019-12-18,-0.975599749794728,-0.38565737660824173,-2.1410338521799535,-0.740736680803206,-1.9533743421252938,1.5381281199653745,1.1428732707488503,1.0791054304987737,-2.0000000000000018
2019-12-19,-1.26822517622827,0.9729597638834786,-2.0993840397991574,-0.5035730522232112,-1.6717415460172633,2.122464220876284,1.473384086273267,1.0791054304987737,-4.0000000000000036
2019-12-20,-1.1838517714345211,0.4549731379353944,-2.195003352800813,-0.5479845959689578,-1.6914960095095488,2.1384819135916158,1.279410900948895,1.0791054304987737,-2.0000000000000018
2019-12-23,-1.112883384391812,0.8587065483946076,-1.9726199349035831,-0.5364805145026379,-1.31193087789483,1.7248022362920867,1.0777067387572639,1.3446073940580259,-1.0000000000000009
2019-12-24,-1.3610202807917904,0.244399308136993,-1.7910928269414297,-0.45446640430070706,-1.178044529653024,1.6152918162099814,1.0991858577239844,1.3446073940580259,-2.0000000000000018
2019-12-26,-1.2782029638940615,-0.12368891731870305,-1.503694922082075,-0.4277157721923889,-1.1178992255338036,1.355374359220791,0.898326284975181,1.3446073940580259,-9.999999999999986
2019-12-27,-1.1954902526973232,-0.2670055380291003,-1.3926518808722366,-0.4425719827066272,-1.3415642041666014,0.9204948856740128,0.9074265800962044,1.3446073940580259,-6.999999999999984
2019-12-30,-0.83351186607811,-0.5242165092272995,-1.4244972961023472,0.1621836086000826,-1.8962069566669209,1.4942944285868274,0.7641486990283827,1.3446073940580259,-6.999999999999984
2019-12-31,-0.4859907406154645,0.08768351678124094,-1.1952521142340307,1.1831947635661895,-2.0834174069316855,1.9333962812790464,0.994632954484221,1.6700251033562883,-4.999999999999982
2020-01-02,-0.137181910154343,4.0437666209954815,-0.9849576550925381,0.3426897737819498,-2.2373301439580784,2.075152788955795,1.453277931204376,1.6700251033562883,-2.9999999999999805
2020-01-03,-0.4314594460662603,-0.2953293818575121,-0.9232473151645074,-0.6810783428664136,-1.6374027119840258,1.2613616345443466,0.9860774630624755,1.6700251033562883,3.0000000000000027
2020-01-06,-0.09514762066954613,-0.16013490471712444,-0.7236890003918033,0.4988432701490627,-1.4932042668665455,0.6862199594997483,0.16091257608631243,1.6700251033562883,4.0000000000000036
2020-01-07,-0.07438308098258085,-0.14179603558047527,-0.22124502870970184,0.3390877646704197,-1.422742097746522,0.6362311842743196,-0.29231487401055656,1.6700251033562883,-1.0000000000000009
2020-01-08,0.26906995726320365,-0.26907185213186313,0.0,0.27489449097884594,-1.0918156442867035,0.9294264964462762,0.2229975812784289,1.6700251033562883,-8.000000000000007
2020-01-09,-0.021854109637297395,-0.3321856399643025,0.41233609749869027,-0.01978480905622167,-1.0417829527115126,0.8712906076899256,0.7380594222939361,1.6700251033562883,-4.0000000000000036
2020-01-10,-0.010945321276004899,-0.3737660433286618,0.12111665818264417,-0.772074293477992,-0.8516724366880517,0.45204294516450416,0.39582325882915537,1.6700251033562883,1.0000000000000009
2020-01-13,-0.021935543690299698,-0.3496718604317255,-0.5933469736556938,-0.8110039934399499,-1.0179695104650985,0.40059130948698046,0.011331038704688878,1.6700251033562883,-7.000000000000006
2020-01-14,-0.33930495955619555,-0.3196234540587838,-0.5434278712305138,-1.049127914936755,-1.0150792545129461,0.3442115901334471,-0.2594016012249917,1.6700251033562883,-5.000000000000004
2020-01-15,0.12527780314811873,-0.34848249334877346,-0.49488942842637546,-0.977049272880885,-0.9891276128493707,-0.4076650088829841,-0.91946237318576,1.6700251033562883,-5.000000000000004
2020-01-16,0.8363874722015809,-0.3489897936389356,0.0,-0.8903101143131834,-1.0595228658711062,-0.6596826643447861,-1.502046776756432,1.6700251033562883,-11.00000000000001
2020-01-17,0.29091738163533937,-0.3812806434593977,-0.16168420889266488,-0.9383899010533091,-0.9441906981065532,-0.7201934887558362,-0.9151282174865211,1.6700251033562883,-23.0
2020-01-21,-0.25455270893091436,0.9067066471464379,-0.6436503043588815,-1.0715396131727486,-0.7859028326008555,-0.026572758925581225,-0.5234791556438642,1.3483933724932298,-13.00000000000001
2020-01-22,-0.2364917229961855,0.6348844581057161,-0.9231326627760634,-0.32746912710906095,-0.49663435010770846,-0.32523080417915345,-1.8905409374840245,1.3483933724932298,-16.999999999999993
2020-01-23,-0.2184871289457044,0.7737148506380566,-0.8966545987542979,-0.2479802587460503,-0.35891985506306084,-0.6094992314405784,-1.722255486199372,1.3483933724932298,-16.999999999999993
2020-01-24,-0.18449270632151932,0.51463649517549,-0.4826448773001495,-0.10190641682925176,0.4904867247554685,-0.9452022378724787,-2.126668732098835,1.3483933724932298,-18.999999999999993
2020-01-27,-0.6966706705365487,-0.5544273976022059,-0.44575336734448257,1.8577175337566565,0.6045190073963279,-1.5470759957533924,-2.373418514069585,1.3483933724932298,-7.000000000000006
2020-01-28,-0.6730918269891073,-0.5520941000196585,1.9141174009498303,4.209623751450737,1.389885249518325,-2.6248232263600593,-3.30900777921929,1.5255709268859874,-3.9999999999999813
2020-01-29,-0.6730918269891073,-0.5499501665144382,1.8151238405184804,2.298179378190707,1.2072454483296446,-1.6677341890505222,-2.557815600597973,1.5255709268859874,5.999999999999983
2020-01-30,-0.6501323440515663,-0.5263755139729481,2.031519048749607,2.1055119816055488,1.1361640647711386,-2.0778418662007474,-2.60777783423822,1.5255709268859874,7.999999999999985
2020-01-31,2.9411392205218627,-0.21699720245182802,2.6160778165549208,1.3745369926116682,1.3926445681159225,-2.2869141147500227,-2.5850070805492202,1.5255709268859874,8.000000000000007
2020-02-03,3.3319148120623425,-0.1980109804359709,3.204024141237641,2.9389582425186167,1.14478538966117,-1.6699802828607537,-2.537073115183799,0.9416476720564367,2.0000000000000018
2020-02-04,2.377163441201592,-0.04002387097874321,2.166678836355413,2.153968945542103,2.0531856953882848,-1.5364908135388329,-2.1686347670753685,0.9416476720564367,-2.0000000000000018
2020-02-05,2.4813895358796425,-0.35917669697980553,1.7683657125739358,1.0737167767537175,1.4734085025511436,-1.0380107706048558,-1.4698202078001377,0.9416476720564367,-3.9999999999999813
2020-02-06,1.822920793165944,-0.1680144947048637,1.2438043163768149,0.5650816672814396,1.6109519400209484,-0.56634700691996,-0.9964548002121235,0.9416476720564367,-3.9999999999999813
2020-02-07,1.6808490125106308,-0.4576001597906791,0.7574428276250771,0.4285746130250042,1.8577599067536115,-0.7287280511224925,-1.0078172662523583,0.9416476720564367,0.0
2020-02-10,1.1699280163461354,-0.3890503351668162,0.7053985620753676,0.6487296721090882,2.4126913589401386,-1.2813332319460276,-1.3127411457417277,0.909983340050292,-1.0000000000000009
2020-02-11,1.101355995595572,-0.4041670663767027,0.8655986851654832,0.384855881723785,2.254926750473478,-1.0040353101554156,-1.5750500366834659,0.909983340050292,-3.0000000000000027
2020-02-12,1.0310831019565199,-0.4523264210974842,0.5931530843609852,0.4284477042477919,1.6734952893381647,-1.1343180128024863,-1.1812219262195192,0.909983340050292,-10.000000000000009
2020-02-13,0.5407744213552556,-0.4269798458629992,0.7659505792251223,-0.3164002825286795,1.4126022591179728,-1.0785448875963766,-0.9626802724731277,0.909983340050292,-15.000000000000014
2020-02-14,0.5095433726160229,-0.6026098536807988,0.48811645425400557,-0.10566901722002252,1.5317694659234486,-1.2762196197011944,-1.0554546869861232,0.909983340050292,-21.000000000000018
2020-02-18,0.8975274678590844,-0.6696694226762546,0.20967365761914109,-0.3825251587303481,1.4587805631913833,-1.2145295003043288,-1.069150881806174,1.0427345621671094,-21.999999999999996
2020-02-19,1.6414138876048654,1.2215835808248472,0.4093791743268348,0.22303960065280062,1.6471379780584539,-1.783384524557575,-1.2995567655767704,1.0427345621671094,-23.0
2020-02-20,1.1343419187202235,-0.6382507700967524,0.3845365234127692,-0.029163663331037662,1.799160598898798,-1.6473423365225959,-1.138400809152485,1.0427345621671094,-21.999999999999996
2020-02-21,1.4422000949376568,0.05107495245762675,0.36736012892836833,0.5740948854367277,2.2756540608430256,-1.7643740683763214,-1.363436498433036,1.0427345621671094,-33.00000000000001
2020-02-24,0.592887132190651,0.2145544269781123,1.2785194388800452,1.293881020148942,1.7886347602474169,-1.87843475006365,-1.5858378704614091,1.0427345621671094,-27.99999999999998
2020-02-25,0.5532429210060699,-0.5813649810303341,1.9943469700294838,3.7671787403486796,2.0749048480041545,-1.748610373420577,-1.8493371077132905,1.181310837635269,-31.000000000000007
2020-02-26,0.8980110450111193,-0.6734180665686498,2.7649251430070945,3.5194688032891817,1.7004683783197185,-1.434536975078342,-2.0577483575241424,1.181310837635269,-31.000000000000007
2020-02-27,0.45076015060899843,-0.2423514919161832,2.532493878707004,2.826241231367829,1.7707206010779388,-0.4314166943923909,-1.9018955852243469,1.181310837635269,-38.0
2020-02-28,0.4130232866258027,-0.647682134230748,3.010093281428294,3.826104148273857,1.6001733211085103,0.12241204793655082,-1.4267379677020522,1.181310837635269,-38.99999999999999
2020-03-02,1.1588248492817186,-0.27355312079446564,3.417746561212685,3.1258598809949625,1.8394472158546569,2.0641452990710283,-1.2673615528525708,0.869202827602308,-56.00000000000001
2020-03-03,0.7038649214516759,-0.22163563522977034,3.1794317255275057,1.9600755757152577,0.67779234300877,1.7293245721618047,-0.36041172832786333,0.869202827602308,-26.0
2020-03-04,2.394330497831831,-0.5712156218622113,2.892126672272802,2.1329979990217507,0.1831678939700828,2.644330815917938,0.5712443040054345,0.869202827602308,-20.000000000000007
2020-03-05,-4.902740497872714,0.5692388311312813,2.4339539412962687,1.4261170399957508,0.5471604492334777,2.9554189899205103,2.484938782395321,0.869202827602308,-4.0000000000000036
2020-03-06,-4.0588178080013435,-0.4833036055672468,2.4140423501684958,2.0776932154897807,0.5118808974289635,2.3045379114899815,2.3469824164879256,0.869202827602308,19.999999999999996
2020-03-09,-3.2465567822502095,0.40595847085681036,2.28454169508602,2.0783887625043915,0.3329245915146594,0.9125577767218042,2.1306173806919375,0.442716559462651,18.999999999999993
2020-03-10,-2.7462041540086215,0.18792479885158403,3.3911280632443015,2.783279669698159,1.0768112286315554,-0.5864167260488219,1.4715669511575196,0.442716559462651,26.0
2020-03-11,-2.2830235307470437,-0.8470655497763303,2.7904649351330075,1.9250273612756865,2.08900863862391,1.037217837141574,2.069621200258117,0.442716559462651,36.0
2020-03-12,-1.8559709801088629,-0.35546330606617754,2.5629415111418696,2.1773956836298356,2.358255922239203,1.8456001208641162,2.307527005246073,0.442716559462651,24.00000000000001
2020-03-13,-1.4693054476130676,4.449066507233105,2.731622794339949,3.0376106971423567,3.9196438900817943,2.3931851879496047,2.7080569667340253,0.442716559462651,-1.9999999999999907
2020-03-16,-1.7976206618796788,2.552610618104175,2.564517514205394,1.7484775660096608,3.0825792200742503,2.776488747839495,2.7340821168591787,2.4841469450267404,3.0000000000000027
2020-03-17,-3.884825539072154,-0.3538875313487401,2.391053813243949,2.6999865483415073,2.897723152214036,1.661377901756402,1.7600710548920704,2.4841469450267404,-18.000000000000004
2020-03-18,-2.5089605338399936,0.5653895596508655,2.3060710448928567,2.081689303047797,3.1850946560827804,2.9714141261171405,2.7116516582404024,2.4841469450267404,-29.999999999999993
2020-03-19,-3.0257490563206777,-0.5405027554177605,2.5425837188292855,1.8992081550389375,3.2594109953299326,3.029419018395883,3.107851319571032,2.4841469450267404,-29.000000000000014
2020-03-20,-2.622737733110858,-0.36595480503103933,2.496933319839378,1.5605779074422663,2.980451565984852,2.7543597968115536,2.446928139892471,2.4841469450267404,-20.000000000000007
2020-03-23,-2.3151388148118723,1.7938430371589944,2.4631729146262584,1.2090770081106605,2.499980302025215,1.7187624638426482,1.703154773975681,2.753495705948946,-6.000000000000005
2020-03-24,-2.0872684594139606,3.476037944921487,2.263377938516887,0.9484409208271497,2.5095323548510122,1.1903546196210746,1.2690953925746764,2.753495705948946,-14.000000000000002
2020-03-25,-1.8951934456277564,3.8205541828544973,1.8911288295049202,0.8904023335149205,2.046933410151101,0.9990092627266114,1.3874796243820142,2.753495705948946,-26.0
2020-03-26,-1.7258342486829175,4.620601957281592,1.6597000131434316,0.9281155947303702,1.6696310250242248,1.3795803830442506,1.3988318828988289,2.753495705948946,-19.999999999999996
2020-03-27,-1.5844759322493702,4.116088471050706,1.4310312032282637,0.7418527894201967,0.9037597517136248,1.2291112615550304,1.1921461193990626,2.753495705948946,-9.999999999999998
2020-03-30,-1.4636564701378239,4.0492344373699245,1.2641060907807722,0.8904969387160633,0.8367040303892321,0.8197610960237546,0.8067532146290196,3.133867987962097,-2.9999999999999916
2020-03-31,-1.358477219375895,3.412736366143654,1.0788038024408122,0.4448786928361579,1.0300127155908139,0.7652316423011146,0.5061946656491015,3.133867987962097,5.000000000000004
2020-04-01,-1.265625747067702,3.213399315982535,1.0574198937767059,0.22000309601207996,0.7506824556920514,0.7119198625211978,0.4865998893084805,3.133867987962097,15.000000000000002
2020-04-02,-1.182032062804737,1.977211580644614,1.0390112808700034,0.34655298903124476,1.0553667774897142,0.18583042060865293,0.30325089206834777,3.133867987962097,9.999999999999998
2020-04-03,-1.1062643725886112,1.5378354814167812,0.9154805073232934,-0.05344824810502728,0.9310581771046013,0.199237225340714,0.28509278764102236,3.133867987962097,14.000000000000002
2020-04-06,-1.036383634049678,1.0642597983958129,0.8583755049089183,-0.37643642935830496,1.099776683595492,0.08089891162247861,0.18946974190307514,2.979196718061395,8.999999999999996
2020-04-07,-0.9717068033991284,0.9564472939324288,0.790916889735285,-0.5433916267575335,0.9579384386707331,0.09039776525737249,0.1378964703788832,2.979196718061395,-12.0
2020-04-08,-0.9116273657241961,0.2908014195208035,0.5761091054456008,-0.513129286197673,0.5927332371862623,0.5399497283938295,0.32587704849614146,2.979196718061395,-16.000000000000004
2020-04-09,-0.8551353071906647,-0.12790090446948624,0.4682818916227876,-0.822563845720763,0.582073427629065,0.7168590785491834,0.09015548867142006,2.979196718061395,-7.9999999999999964
2020-04-13,-0.8019962497756702,-0.6830023298587067,0.20322651216973628,-0.9572191023218851,0.3084668771576148,0.6669861810229378,-0.205610050753685,2.979196718061395,-13.0
2020-04-14,-0.7363543799856206,-0.6786160646147076,-0.17768807500334835,-0.9992114298707209,0.27833491478188344,0.6974380806005473,-0.23235011550215198,2.647948675371821,-18.000000000000004
2020-04-15,-0.6202228272172483,-0.638870421725689,-0.33216176898099686,-1.2804427780473027,0.09349584948822116,0.8117652199037608,-0.09178018505634905,2.647948675371821,0.0
2020-04-16,-0.6340273185453201,-0.7184315745083167,-0.46519581727184545,-1.074036197987128,0.3662589739481553,-0.0981746218696989,-0.4676609150627075,2.647948675371821,0.0
2020-04-17,-0.5841743547316377,-0.7351521709259307,-0.6607118324610524,-1.186571193254558,0.45342539282135785,-0.29758017993724983,-0.594745075968176,2.647948675371821,-5.000000000000004
2020-04-20,-0.5337456686866567,-0.7333549881884153,-0.7976830398808473,-1.328945401245277,0.16291792505212407,0.0275677383865416,-0.37108744398280546,2.647948675371821,4.0000000000000036
2020-04-21,-0.5055822461279919,-0.40822098960936853,-0.9173912125709996,-0.897327023509381,0.1917790304716671,-0.22470436461291787,-0.5162045074023488,2.195666451810428,4.0000000000000036
2020-04-22,-0.47879676579480235,-0.6288141955096626,-0.9631383969815853,-0.7431813474232585,0.5298338177858134,-0.9187877689266846,-0.7983384109968876,2.195666451810428,0.0
2020-04-23,-0.4275905319056629,-0.6548489785598046,-1.0182902405400998,-0.9833832207198748,0.49628886532525485,-0.6959039841973168,-0.6504044929277546,2.195666451810428,3.0000000000000027
2020-04-24,-0.3762844714470238,-0.7646694831462729,-1.197486312428558,-0.9801889392957275,0.33646023761190336,-1.021220821812575,-0.7345882931217824,2.195666451810428,4.0000000000000036
2020-04-27,-0.24395272139151433,-0.7526293329972988,-1.238226233773074,-1.3098549012671978,0.5932296848614299,-1.152708481273423,-0.8233137484913166,1.9482336432896001,-3.0000000000000027
2020-04-28,-0.16893918132191751,-0.5789246148901424,-1.2522923974293874,-1.400329846153722,0.31112488060190535,-0.4849264943367826,-0.42653088680020784,1.9482336432896001,4.0000000000000036
2020-04-29,-0.3032258086997396,-0.6911629587685182,-1.1963558626054274,-1.3438687952078847,-0.25219404978192145,-0.6520510511804947,-0.6459200648569715,1.9482336432896001,8.999999999999996
2020-04-30,-0.5684200996947167,-0.7548637835920966,-1.1768309536004204,-1.462501470204715,-0.8649087553248895,-0.4727407451542406,-0.49298668935095147,1.9482336432896001,-1.0000000000000009
2020-05-01,1.3799146571343393,-0.7518777420145033,-1.1278257678176546,-1.1912325992439137,-1.2326225993194857,-0.27473988633100005,-0.32773069341655564,1.9482336432896001,4.999999999999993
2020-05-04,0.8858542926171482,-0.7690580456922742,-1.0049508317414126,-0.886280896666806,-0.36724185780887014,-0.19849980834462466,-0.4976220401908873,1.7260436582476568,8.999999999999996
2020-05-05,2.299616336330293,-0.7111817466902564,-0.8702087625024624,-0.9506039559106315,-0.25328583195857873,0.07136582119977063,-0.534028359499857,1.7260436582476568,2.9999999999999916
2020-05-06,2.051749843302006,-0.7311562474503318,-0.8253793880661422,-1.1176612472877205,-0.676192589486309,0.5089954112822805,-0.3035941053433243,1.7260436582476568,-7.9999999999999964
2020-05-07,1.8522003653266874,-0.7185358088691015,-0.6888663658600258,-1.0100962244688771,0.49322102897755843,2.0066097694868814,0.48160962594398127,1.7260436582476568,0.0
2020-05-08,1.6899198027524882,-0.6800136923444995,-0.5458303212313159,-1.2486101561576703,-0.15205203038525034,1.0795912380957624,-0.31730386556028234,1.7260436582476568,-4.999999999999993
2020-05-11,2.054890284476401,-0.6355084443663379,-0.3945940350171592,-1.564170410421013,-1.1190996201083567,1.7024323369971663,0.7668017874392407,1.4869923114211807,0.0
2020-05-12,1.857140596047075,-0.5921111464554104,-0.19945261260222288,-1.633656594931341,-0.0280019194655367,2.087467042694864,1.9937784703998305,1.4869923114211807,1.0000000000000009
2020-05-13,1.696281235713948,-0.5381528216834528,-0.18427874095709393,-0.8942853957670237,-0.30897682714434155,1.2556852907907394,0.756630053878785,1.4869923114211807,4.0000000000000036
2020-05-14,0.6000071591841188,-0.3085651554522148,-0.004130633800161068,-0.534691506413571,0.45745305521329954,0.5021841831779125,-0.4829773598060874,1.4869923114211807,5.000000000000004
2020-05-15,-0.4829773598151064,-0.5093384620459994,-0.01062296413378308,-0.9252608424892792,0.6469002733249755,0.2730066228107333,-0.46332890583827324,1.4869923114211807,2.0000000000000018
2020-05-18,1.05400032931699,-0.4576626970246257,0.07421027215288174,-1.0115828785203842,0.5701536379317224,0.4198900427866961,-0.17846745227234662,1.3033185952931443,-4.0000000000000036
2020-05-19,0.4727407451595965,-0.4413616819460982,0.015594563365432782,-1.402713657839327,-0.7800432166895986,1.642745502904906,1.7823569603649292,1.3033185952931443,-1.9999999999999907
2020-05-20,0.42727713527772737,-0.49822577281945774,-0.41098211350167546,-1.1083575751858565,-1.1486488503260845,1.181331162276754,0.9680359963526367,1.3033185952931443,1.9999999999999907
2020-05-21,-1.2446768723307708,0.27021473860085454,-0.8688896461825972,-1.5183494904712724,-1.8525799509799292,0.9437055106197979,0.8098200328557863,1.3033185952931443,-3.0000000000000027
2020-05-22,-0.7195517342970686,-0.7292381176292576,-1.6068446164623966,-1.1461728573406844,-1.7062554516014676,0.7467879938040536,0.7961507018281884,1.3033185952931443,0.0
2020-05-26,0.3700045415914204,-0.6963570241847097,-1.7535560297971888,-1.3258462113697767,-1.2924595121805036,0.38077074792498,0.22546482004588272,1.2720085409549724,-0.9999999999999898
2020-05-27,1.4230740194555271,-0.6618441224347521,-2.091045798201107,-1.2679447992111106,-2.5101082099067686,0.7552993524413545,0.4552595876674901,1.2720085409549724,8.999999999999996
2020-05-28,1.4230740194555271,-0.00685094291359725,-2.1951612596341596,-1.252029058305538,-2.1038794830936207,0.41403330140905364,-0.0643434611687426,1.2720085409549724,12.0
2020-05-29,1.3246213982780188,-0.6225308639947955,-2.0587957110694393,-0.9977798564039557,-2.475973357761798,1.1009285494965693,0.44137846568492184,1.2720085409549724,26.0
2020-06-01,1.2367341936056424,-0.4281003348086995,-2.040266702504315,-1.1351066234775486,-2.2410517593298693,0.3025956253137432,-0.7616030017857419,1.2720085409549724,21.999999999999996
2020-06-02,1.157286903548358,-0.6103141172079164,-1.6786113787475074,-0.928144031723826,-2.560516207952073,0.8298973571356618,-0.4535400519281962,1.174755236886353,15.999999999999993
2020-06-03,1.550682430687839,-0.2617509074179052,-1.714635947154685,-1.1679772400729949,-2.637602760279447,0.5921244452817505,-0.17917399652993715,1.174755236886353,-2.0000000000000018
2020-06-04,0.9788320052048052,-0.6426818204680207,-2.0314124533562703,-1.4459144052073793,-2.5717523517407863,1.827563835398201,2.055757404717378,1.174755236886353,-15.999999999999993
2020-06-05,1.4172713250103934,-0.5963276888707343,-2.039645018791012,-1.3973757895849122,-2.237363457935186,2.4523336418843558,3.050438540934161,1.174755236886353,-20.000000000000007
2020-06-08,1.345492890069581,-0.5816904271390565,-2.600270084427913,-1.7413638921001533,-2.2747420189314123,2.9634049711034116,3.6992976715975114,1.07727755154612,-17.000000000000004
2020-06-09,1.2523708201297572,-0.5668413704987294,-2.5099662923032997,-1.2906568205998126,-2.1296739796690605,2.273527133299904,2.440893036608105,1.07727755154612,-8.999999999999996
2020-06-10,1.6396631119677094,-0.18782781465933976,-2.247423058965553,-0.725240226851145,-1.9659087356028901,1.7993702630654893,1.349003410540344,1.07727755154612,-1.0000000000000009
2020-06-11,1.075520078809657,-0.5245702463613192,-1.737409137215945,-0.6741586393453024,-1.8197874080087724,0.8460675347486224,0.194595084746189,1.07727755154612,4.999999999999993
2020-06-12,1.570288756248925,-0.393080087918837,-1.366757063485793,2.7132010484988847,-1.3096393768942072,-0.8888074768531748,-1.2181718825887131,1.07727755154612,-1.0000000000000009
2020-06-15,1.4503218527069783,-0.4939536223526117,-1.2750124726701264,1.4655824857805795,-1.0030995195791161,-0.1468883650542024,-0.2648199744758049,1.0206105980796236,0.0
2020-06-16,1.838324096545054,-0.4896816211759549,-1.1005699827604616,1.104258880308175,-0.7873586518978283,-0.19786984862099385,-0.5900531875879685,1.0206105980796236,-3.0000000000000027
2020-06-17,1.6783048351809253,0.8232801485834264,-1.2089422458028731,0.9595201694421626,-0.937834522541002,0.09370376457873751,0.17257742106456317,1.0206105980796236,-5.000000000000004
2020-06-18,1.5437686763987077,-0.46294396585869896,-1.2160728004981776,0.9087095905239223,-0.6958778928242176,0.22764358506530086,-0.010864830016204488,1.0206105980796236,-2.9999999999999916
2020-06-19,1.4279574573604799,-0.4486128557888693,-1.178306148406687,0.7861616475478377,-0.47506758445415526,-0.29336076534323685,-0.3103828855748854,1.0206105980796236,-5.999999999999995
2020-06-22,1.3263555933951432,-0.43662410090526765,-1.058639100557762,1.3012724949557233,-0.4281960901255242,-0.480643498619051,-0.3298757512402509,0.9522216527439666,-6.999999999999995
2020-06-23,0.8227668229616364,-0.4254489784892006,-1.036672421667477,0.39465931251983627,-0.6541633879814321,-0.2940156136568885,-0.3183031301834981,0.9522216527439666,-5.999999999999995
2020-06-24,0.34972455306563355,-0.42370409930160646,-0.9317190314450172,0.25873253793966017,-0.8504162642933638,0.07824933807745714,-0.12720840130855016,0.9522216527439666,0.0
2020-06-25,0.7674418357086008,-0.41695499135721503,-0.78230484995765,0.8983571450794359,-0.40656442372089874,-0.6284438194775886,-0.44652767657975345,0.9522216527439666,0.0
2020-06-26,1.138979303498198,-0.4137203315007534,-0.5821545477599365,0.512808516710621,-0.1410282825619017,-0.4732805885923615,-0.7866816410712416,0.9522216527439666,4.999999999999993
2020-06-29,0.6430763851076949,-0.3161414249246435,-0.5336860042328442,1.149200315806607,0.09452153870620532,-1.2014045710421535,-1.1070066019101692,0.8139299957336684,1.0000000000000009
2020-06-30,0.5979715930750997,-0.27614764929961755,-0.36137396903091845,0.37007312691956895,0.29482128801547375,-1.019373575429706,-1.0844826860949903,0.8139299957336684,1.0000000000000009
2020-07-01,1.4612416541160633,0.06508517469252649,-0.3719936924355203,0.002914747602794541,0.20975597433517298,-0.6213744408963142,-1.0163387473788588,0.8139299957336684,-6.999999999999995
2020-07-02,1.7892817139947266,-0.4037453400694904,-0.6260954651994732,-0.4581062007193895,-0.06352378393476243,-0.2531140588363476,-0.1988706245723137,0.8139299957336684,-3.0000000000000027
2020-07-06,1.8353160163277245,-0.4414563184908838,-0.750636477591066,-0.702212027183501,-0.22372381387098678,-0.2531140588363476,-0.3486179769807589,0.8139299957336684,-4.999999999999993
2020-07-07,1.351889110361278,-0.4413485056699651,-1.059898011111535,-0.6160361226736221,-0.7724417223261496,-0.08464529697254675,-0.3372096124846132,0.7471995326777584,-2.0000000000000018
2020-07-08,1.3257359305789533,-0.43872713732851354,-1.213831277979594,-0.23795088278858834,-0.4022008568271342,-0.8101764138801018,-0.9446487448565329,0.7471995326777584,-3.0000000000000027
2020-07-09,1.2423834483639162,-0.4405226238737499,-1.5546122424563824,-0.5940082785382463,-0.37305836766005535,-0.44741085542632425,-0.6083741685139132,0.7471995326777584,0.0
2020-07-10,1.1680030123780978,-0.4093484581654942,-1.8626524066622905,-0.30006452275294154,-0.3725863968894589,-1.3100662052016299,-1.0424622999178361,0.7471995326777584,-1.0000000000000009
2020-07-13,1.1013954310163636,-0.4093484581654942,-1.6776856514423841,-0.8049320823808694,-0.5711646600372353,-0.7454019433241503,-0.559495930671206,0.7471995326777584,-2.0000000000000018
2020-07-14,1.0418913137676542,-0.3640528968603135,-1.6040495910076853,0.446677969947723,-0.7914940568067516,-0.9110294165366735,-0.8587569560500748,0.4799443536590571,-2.0000000000000018
2020-07-15,1.6507170518216672,-0.36409854322618096,-1.892379210658712,-0.2734998218586543,-0.39719173421833054,-0.7123426708912207,-1.124995989351411,0.4799443536590571,-4.0000000000000036
2020-07-16,2.625869560328031,-0.30702375771371243,-1.8554311741745706,-0.755940362262298,-0.9764695439060561,-0.8592375723278206,-1.0794461315112018,0.4799443536590571,-3.0000000000000027
2020-07-17,1.857322371939328,-0.3064524531213633,-1.981642885188219,-0.7286836774669699,-1.122886345002537,-1.1232657427699764,-0.5904191184703181,0.4799443536590571,-5.000000000000004
2020-07-20,1.712644980139179,-0.30775687616245884,-1.957807371244054,-1.3618211904894804,-0.7699338867757556,-0.3901951463711627,-0.23701762986279964,0.04302135901669245,0.0
2020-07-21,1.592131062763136,-0.30398659621784985,-1.9753378871114722,-1.693854499617446,-0.9267996626485085,-1.1574687210876358,-0.9328260782878307,0.04302135901669245,-2.0000000000000018
2020-07-22,0.9136892042890814,-0.30790002686576956,-2.076888259033265,-1.560396111887079,-1.9744198805460715,-0.9835002184906071,-1.2758866710889851,0.04302135901669245,-2.0000000000000018
2020-07-23,0.23776658023093872,-0.26147445115311885,-2.0523268851469103,-1.6118397471241133,-2.2852298136172347,-1.3857950991270498,-1.6510395010933374,0.04302135901669245,-3.9999999999999925
2020-07-24,0.1825741858379429,-0.2608993881200748,-2.0824933811013824,-1.1262401584900077,-2.262857389674708,-2.295198953878723,-1.5621297919037689,0.04302135901669245,-3.9999999999999925
2020-07-27,0.14045601146664716,-0.24407933371849916,-1.8822107713684963,-1.1937072923942518,-1.9567596169037504,-1.5386481961680587,-1.2160563871183325,0.017161205124850833,-5.999999999999995
2020-07-28,0.09640991544026803,-0.24407933371849916,-1.8625539473597819,-1.433387478657501,-2.552703352642615,-0.813661044861516,-0.22596461489618175,0.017161205124850833,-6.999999999999995
2020-07-29,0.07281239824643858,-0.24393656403939867,-1.6405223836454461,-1.1530744596836928,-2.2955227938615965,-1.3744342195621548,-1.1183669632487745,0.017161205124850833,-2.9999999999999916
2020-07-30,-0.6553115842179472,-0.26159404135785924,-1.2272875208437262,-1.4491110310949105,-2.132442255086675,-0.9875374193317467,-1.3805392201343332,0.017161205124850833,0.0
2020-07-31,0.048915634249331076,1.341248258767777,-1.21809676255815,-1.1753138760129698,-1.7590418837530983,-1.5895217517549698,-1.6257422841916715,0.017161205124850833,1.9999999999999907
2020-08-03,0.024664733254615257,0.4670749440815427,-1.1370631860787042,-1.1857502585485429,-1.7765296310211494,-1.4754865283351717,-1.5160588518278737,-0.13306472088028415,2.9999999999999916
2020-08-04,0.0,-0.3395718440578787,-0.8439921479240964,-1.1930719053724481,-1.1294471383385687,-1.0585778444013703,-1.4225244986676708,-0.13306472088028415,12.0
2020-08-05,-0.7952234302930041,-0.31169582152982095,-0.8624522697610122,-1.2688898910495985,-1.0771068313990961,-2.167472150868838,-2.2010244592904047,-0.13306472088028415,13.99999999999999
2020-08-06,-0.9285268774804402,-0.3363987045408688,-1.028055363282078,-1.4064117367003028,-1.7516100909978838,-1.1552290422717437,-1.488172367707949,-0.13306472088028415,15.999999999999993
2020-08-07,-0.9970894773850018,-0.33619879495059474,-1.113199395590562,-1.448930086919447,-1.481605113981132,-1.0795661667094172,-1.3981024689589847,-0.13306472088028415,14.000000000000002
2020-08-10,-0.9970894773850018,-0.3359989225074257,-1.0540215683382244,-1.4983172073088746,-0.9173405439999744,-1.0125049346433375,-0.6712111364441304,-0.48734510171178536,9.999999999999998
2020-08-11,-1.0748416408530244,-0.2608627862206019,-1.082198616779618,-1.5260442391814268,-0.8993806087742318,-0.6436503043421814,-0.3073290515982044,-0.48734510171178536,3.0000000000000027
2020-08-12,-0.23187207976217022,-0.26398397167792265,-0.786133499830682,-0.7947497517463062,-1.0366732232757978,0.3726396498823137,1.325735930541168,-0.48734510171178536,-0.9999999999999898
2020-08-13,-1.1644072122458708,1.319257295327049,-1.1384330052812135,-1.3853054430669902,-1.1038926831164018,1.9309509130278828,2.5436107795997147,-0.48734510171178536,-5.999999999999995
2020-08-14,-1.088006002842095,1.548944013745628,-0.6939304229349266,-1.3437088989318635,-1.1791959117908364,2.383060447068352,2.9427016779787913,-0.48734510171178536,-6.999999999999995
2020-08-17,-1.0175585406285308,-0.344272973229759,-0.4179051254929519,-1.2782564057152532,-1.292772387385922,2.647838144838979,2.580019048806122,-0.9059479140189641,-3.9999999999999925
2020-08-18,-0.06359740878928276,0.43066337323094706,0.047194730107859094,-1.4294224944893823,-1.3923571761812263,2.0177687325704112,1.969797978858369,-0.9059479140189641,1.9999999999999907
2020-08-19,-0.9691743678148365,-0.35545964814776915,0.1437535499935366,-1.29162940018223,-1.4942505513372708,1.4086577465039674,1.615711903378217,-0.9059479140189641,0.9999999999999898
2020-08-20,-0.9235481452093567,1.221631032638438,0.4034895017139204,-0.8448378805274881,-1.4034785079593757,1.5856561204991004,1.3351287605777828,-0.9059479140189641,8.999999999999996
2020-08-21,-2.3899183254109637,1.6308531645099884,0.4770815375667689,-0.7257747689088003,-1.0822751600957068,1.0263525442400412,0.6987756995392599,-0.9059479140189641,9.999999999999998
2020-08-24,-2.1155591580840856,-0.48165093459621444,0.38543439232369825,-0.7433639809407541,-0.7587634630721032,0.06475063551676032,0.6810142868911989,-0.805722185154542,6.999999999999995
2020-08-25,-1.271806490482598,-0.48107067679583415,0.28828300156667047,-0.8362706896824075,-0.8772725598899535,0.7609872998510392,0.46323110658722816,-0.805722185154542,-0.9999999999999898
2020-08-26,-1.1863808388090757,-0.3179385255155197,0.37948172971076966,-1.0083036622226549,-0.9526267584678487,1.3930256444457503,1.33829845989254,-0.805722185154542,-2.9999999999999916
2020-08-27,-1.8650208976298848,-0.36462476644555347,1.2618909933199063,-0.23999052804387366,-1.16190852533077,1.0977746583457186,1.2461607508462433,-0.805722185154542,-10.999999999999998
2020-08-28,-1.7642903729517443,-0.4641315722490129,2.4817122968204743,0.680515806291506,-1.0836696014997325,1.9935135133298318,1.953549530017046,-0.805722185154542,-2.0000000000000018
2020-08-31,-1.6914709059362334,-0.49240354619311527,2.33004371767933,-0.367240344558717,-2.0730923699514685,2.147608923133213,1.9237765148679535,-0.16489231391192166,-3.0000000000000027
2020-09-01,-1.245569575092609e-15,-0.34120370782152887,1.330576531137831,2.052579965355819,-2.293183643992911,1.6123891123912057,1.3369247797355543,-0.16489231391192166,2.9999999999999916
2020-09-02,0.06359740878928867,-0.38812350650516086,1.2637658518160395,1.743669877510647,-2.366106523416123,0.9923476748063833,0.5138835544206429,-0.16489231391192166,2.0000000000000018
2020-09-03,0.09719184159312974,-0.31051138767043934,0.5312813096031563,1.877514863115559,-1.5426322396685497,0.4097873202913004,0.16488605638814482,-0.16489231391192166,4.0000000000000036
2020-09-04,1.0691102575244407,-0.5096179263293468,0.4890580983466925,4.102970832024375,-1.3997113704301265,0.0,-0.18372872108434343,-0.16489231391192166,-3.9999999999999925
2020-09-08,0.13227331273578466,-0.5096179263293468,1.333760402723968,2.5208075103364913,-1.3890172992879657,1.399806202291944,1.1890425318201077,-0.312225971946,-0.9999999999999898
2020-09-09,0.16911417895810088,-0.5096179263293468,1.0362379197359115,2.4100678236368145,-0.6309027770393767,0.7922500063561416,0.36281816445297466,-0.312225971946,-2.0000000000000018
2020-09-10,0.20804706701301562,-0.4959923962927228,1.4104608735784048,1.4333505005788059,-1.1095804721038256,1.0855169948095311,0.7875229478139567,-0.312225971946,0.9999999999999898
2020-09-11,0.20804706701301418,-0.37294682933229584,1.310885415564498,1.5875591033200007,-1.407442231570558,0.490174545173594,0.26301386881967836,-0.312225971946,2.9999999999999916
2020-09-14,0.24948479546320262,-0.537239522570923,1.2210252576755263,0.6839764322662807,-1.0064366030940268,0.44170538824586486,0.21550451686192465,-0.312225971946,0.0
2020-09-15,0.29394890548997776,-0.47123778822047246,0.5011797106536867,0.35694825534070396,-1.5814622350703325,0.39226171334439597,0.3361112263027683,0.1705126206758754,0.0
2020-09-16,1.396257301077389,-0.4495555048931063,0.9058197400911874,0.2639933693700484,-1.5701041800139957,0.3440174774798839,0.28431620512955913,0.1705126206758754,-0.9999999999999898
2020-09-17,1.3187053474483545,0.7570067908662793,0.6413010724414785,0.37766829967696713,-1.8260669375696155,0.5038922311428136,0.2196554608441941,0.1705126206758754,-1.9999999999999907
2020-09-18,1.2482824020780923,-0.5095730157609121,0.15271303352359014,0.47108159231088553,-1.552956892911576,0.6876616433755712,0.8021310008849792,0.1705126206758754,-3.9999999999999925
2020-09-21,0.20804706701301418,-0.5330196269155553,0.32947755471969026,0.24837978439524835,-1.6974557769007048,0.6468669675779747,0.7803531743382722,0.3357937004332095,-1.0000000000000009
2020-09-22,-0.7892137244924718,0.6885246714154871,0.27388433707177645,0.7924625534152777,0.03714497800847158,0.02059520925918054,0.2025679780569555,0.3357937004332095,-2.0000000000000018
2020-09-23,-1.6631315645008498,-0.5652861071915817,0.20875640103970755,0.46621176974926654,0.37460248167622745,0.26512726745378434,0.12317768392250186,0.3357937004332095,0.9999999999999898
2020-09-24,-2.324188804192735,-0.5430095522780337,0.7287070638086324,0.943047090611359,1.585109580963383,-0.18655519571300147,-0.2691120235402382,0.3357937004332095,1.0000000000000009
2020-09-25,-1.3190905958617896,-0.4209995477417731,1.4156797997395087,0.861529323270114,2.0057199856968153,-0.5863163293837252,-0.25713852021289363,0.3357937004332095,3.9999999999999925
2020-09-28,-0.4105662553938611,-0.4756825438323697,2.6431234982273732,0.16242891434957943,2.31201783021721,-0.1732775748073666,-0.5595156064964243,1.5470759258260363,10.999999999999998
2020-09-29,-0.3817498873827204,-0.47452516788277255,2.875656121074275,0.0602937105935957,1.808708947339005,-0.5272495225074607,-0.5115606425123331,1.5470759258260363,9.999999999999998
2020-09-30,-1.1857742644094804,5.237952441421732,2.0019343438288146,0.03444816193998424,1.5722593967191016,0.2839035890424813,-0.1225167415759307,1.5470759258260363,12.00000000000001
2020-10-01,-0.2681432946209317,2.751821678592322,2.0605371903110807,0.01408061962643786,0.7387961687855199,0.6472724505748361,0.5971415840291528,1.5470759258260363,9.999999999999998
2020-10-02,-0.23978511653084986,-0.29481033280814606,1.8609082954687062,0.08477116478212356,0.4219850856199776,-0.16181811264370902,0.5696266297144473,1.5470759258260363,9.000000000000007
2020-10-05,1.446667345413801,-0.2803103520439772,1.91781114890493,0.3780477893429453,0.43947590090008304,0.9839309058785065,1.2139098960488341,2.054357642978469,-4.0000000000000036
2020-10-06,0.5131325931334638,-0.2803103520439772,1.313082806094074,0.45293964828026934,-0.2909666814275835,3.270943054753227,3.0400977110310117,2.054357642978469,-3.0000000000000027
2020-10-07,1.3190905958617904,-0.2803103520439772,0.2537183555357786,0.998978834351504,-0.13430707178820744,2.264150138837465,2.1858615971609425,2.054357642978469,-7.000000000000006
2020-10-08,0.41056625539385966,-0.24060158357809128,-0.06417540378536792,0.36022238385684757,-0.003719445119758665,2.733321077929571,2.937362622052265,2.054357642978469,-2.0000000000000018
2020-10-09,-0.5131325931334599,0.45708433625417194,-0.36185321675297355,-0.46824167727360194,-0.23714629565355735,2.368305786449635,2.156000249438079,2.054357642978469,-1.0000000000000009
2020-10-13,0.34390058212787294,-0.3034642408048898,-0.6015904682077043,-1.1290900552821024,-1.3950096153264786,1.6959450192065244,1.9813460825563975,1.1607746926747908,7.000000000000006
2020-10-14,0.2934938055001504,-0.3034642408048898,-1.0830998933542388,-0.7220906363138114,-0.5168699131481889,0.4334987920329256,0.7325422034164556,1.1607746926747908,9.999999999999998
2020-10-15,0.2934938055001504,-0.30203212162031323,-1.2951537385268008,-0.5523446788601697,-0.8197673785618188,0.6815184295538943,0.30992170144542536,1.1607746926747908,13.0
2020-10-16,1.208350766996483,-0.2975345225381057,-0.9975731007307483,-0.27614208494969317,-0.28548185297331014,0.8865037821102018,0.6843437601746419,1.1607746926747908,8.999999999999996
2020-10-19,0.25438963515715396,-0.29239597904090797,-1.2600923377651483,-0.06321479041148001,-0.7274802256430672,1.30391631834178,1.0380107706016866,1.1607746926747908,3.0000000000000027
2020-10-20,0.2934938055001504,-0.2857457970142657,-1.9369338791000767,1.1343834438834133,-1.1752221611566123,1.238087834859336,1.3870826938578509,1.3098105674486877,-2.0000000000000018
2020-10-21,-0.6482976593350748,-0.27589531951967566,-1.123218882024907,1.34272349556846,-1.3097866119535448,2.237721409528176,2.0206976787373514,1.3098105674486877,-3.9999999999999925
2020-10-22,-1.495374394071711,-0.3009984465123671,-1.298985738565255,1.0750658731521294,-1.608923679069356,2.3473790394027723,2.149247431947396,1.3098105674486877,-2.0000000000000018
2020-10-23,-1.3865176081826527,-0.2974122855134112,-1.6306380537254963,0.692105095700302,-1.2708787534272146,2.389656876492821,2.5967396151729076,1.3098105674486877,3.0000000000000027
2020-10-26,-0.4519129917627498,-0.29969839182809377,-1.6966143175934123,0.3349286337017229,-1.3210826032513403,1.4989527310171804,1.9022825076944905,2.0576708944888664,5.999999999999995
2020-10-27,0.4519129917627498,-0.2962438917871988,-1.5610368661426064,3.3290367612511806,-0.9571986071196769,1.0538993122955111,1.0503046221809385,2.0576708944888664,10.999999999999998
2020-10-28,0.4519129917627498,-0.29969839182809366,-1.4633095149792728,3.0917379245154355,-1.2160417428687913,0.6350751927758792,0.8358610262366258,2.0576708944888664,-1.0000000000000009
2020-10-29,-0.40398448387661995,-0.28216240581715646,-1.0078234676861915,4.150184794740725,-0.32670493370254444,0.587039022465428,0.7800733225943959,2.0576708944888664,-5.999999999999995
2020-10-30,0.5784594926495926,-0.24477915946412176,-1.1367538790758625,2.6953193118376095,0.21618654627082917,1.5844711629593913,1.727881960751123,2.0576708944888664,-5.000000000000004
2020-11-02,0.6336976321098745,-0.2913469019963205,-1.0902677031904637,2.4232799778723497,-0.009082704703728847,2.2009042169499717,1.9595186387242216,1.889790449230884,8.999999999999996
2020-11-03,2.324188804192753,-0.2949290360372589,-1.2076332626157855,1.9623020205763684,0.07125910442305557,1.5582442452787173,1.6602589563430623,1.889790449230884,7.9999999999999964
2020-11-04,1.319090595861791,-0.28810672599048376,-1.4641451043587825,1.4516012127360909,-0.7870628371316886,1.7303917679101013,1.7672909149972074,1.889790449230884,9.999999999999998
2020-11-05,1.236105573698242,-0.28810672599048376,-1.3693522749601195,-0.00024086347807513914,-1.083000548442852,0.25964853721254877,0.1357364963527007,1.889790449230884,9.999999999999998
2020-11-06,2.0223461023494997,-0.2879773072777317,-2.10782409429957,-0.4701457743401586,-1.7563945512400436,0.3741324024561196,0.22448541330601074,1.889790449230884,8.000000000000007
2020-11-09,1.054995075011689,-0.2874605305806722,-2.0184637561033623,-1.0726294333110793,-2.089324037922545,0.6583232573244255,0.7323985226555562,1.255636404400935,-8.999999999999996
2020-11-10,0.9870553253386943,-0.2874605305806722,-2.2953595221541354,-0.8547194903062285,-1.8893088339505604,2.4337219236333647,2.2321502778946125,1.255636404400935,-9.999999999999998
2020-11-12,0.9235481452094111,-0.2874605305806722,-2.393530757420736,-1.0558871375741647,-1.8123633123243004,2.214736238612575,2.3742768903957083,1.255636404400935,-2.0000000000000018
2020-11-13,-0.06569228410368469,-0.23372020108986943,-2.050148611204645,-0.9155982194438022,-1.5196088491378732,0.8986587323211463,1.0015710928754586,1.255636404400935,-6.000000000000005
2020-11-16,-0.10052128937401515,-0.14964763413666624,-1.985813764698332,-1.3727953988687078,-1.4850589193643333,0.9999999999980387,1.2040472808820308,1.255636404400935,-5.000000000000004
2020-11-17,0.8455708947904875,0.0995313120758127,-2.0313404810522506,-1.4392183900142645,-1.8357746107393722,0.9560375422006754,1.4033812055759312,1.227437060923788,1.0000000000000009
2020-11-18,-0.1370044763449563,-0.23800965931172682,-1.8938956167260816,-1.3075607121899884,-1.8669331158011073,0.3729460135409667,0.7813545141044166,1.227437060923788,0.0
2020-11-19,-1.9715196724679043,2.1476171025190616,-2.0497564082725455,-1.0211919332429003,-1.9272924350054876,0.8753914647101249,0.8703106138096623,1.227437060923788,-2.0000000000000018
2020-11-20,-2.5018165084598465,5.259476231360181,-2.220641590119932,-1.1041284265658347,-1.5408592660942628,0.10033029301809504,0.8129136640702486,1.227437060923788,1.0000000000000009
2020-11-23,-2.7643454631593003,-0.21600388235704127,-2.0081025124294705,-0.9399800943432259,-1.6420071130360672,-0.10069962333448393,0.3449807607570898,1.227437060923788,6.000000000000005
2020-11-24,-2.410962032281701,1.0670912996635835,-1.9941617129987146,-1.1016964845210175,-1.263010203307583,0.43457887202482104,0.5976090768309095,1.227437060923788,6.999999999999995
2020-11-25,-1.044110879083705,-0.2339409011085457,-1.9736331539819196,-1.2524996288910355,-1.4941212313056744,0.7587373604423608,0.6970914095603687,1.227437060923788,4.0000000000000036
2020-11-27,-0.3829219417677511,-0.23662884711898477,-1.7240895672274636,-1.2627238260589135,-1.6211980836722744,0.5189590392367067,0.6466130371684768,1.227437060923788,13.0
2020-11-30,-0.3612259644863923,-0.23662884711898477,-1.5883759044122847,-1.2687181322134797,-1.497675589753659,-0.15887407756386634,-0.05092798780971018,1.227437060923788,9.999999999999998
2020-12-01,0.3015209897042881,-0.2209724553052021,-1.6942630693743024,-1.2437554706779472,-1.3635570367264076,-0.2317405957170409,0.049259764738708564,1.854451752163148,0.0
2020-12-02,-0.32298072197196787,-0.23172537283830197,-1.6376512997313268,-1.1418659233763628,-1.6504720325971094,1.3128726004303528,1.288221095476267,1.854451752163148,0.0
2020-12-03,-0.30152098970428864,-0.23412978844075663,-1.7850087114164277,-1.0097241970679034,-1.6866858068223631,2.070385555961078,1.7519803642646203,1.854451752163148,0.0
2020-12-04,-0.30152098970428864,-0.23615583751237648,-1.7149564297084454,-0.9330393085192631,-2.0110980484293144,1.283104362808809,1.2732640071954018,1.854451752163148,-6.999999999999995
2020-12-07,0.3059575349259304,-0.23615583751237648,-1.5888041537905737,-0.9567394860451304,-1.9926488808947036,2.126600874703478,1.8496418501844245,1.854451752163148,-3.9999999999999925
2020-12-08,-0.37744049763910753,-0.23346817623568022,-1.5410394964453757,-0.8259526410214123,-1.764895489509022,1.7534558248858185,1.384626447537537,1.3082731014951492,0.0
2020-12-09,-1.0052890433280566,-0.23356284874152114,-1.4339036180495541,-0.877949492606337,-1.6001217518376976,1.2685376304256526,0.802381189420492,1.3082731014951492,-2.9999999999999916
2020-12-10,-0.32773069342148614,-0.22837636787418042,-1.2085783440658608,-0.5749164372362242,-1.3676273128011516,1.3609531354718074,1.4111755060937745,1.3082731014951492,1.9999999999999907
2020-12-11,-0.305957534925931,-0.233846728530828,-1.270683486435648,-0.48667694742511636,-1.3075579530364028,1.1093647558491628,0.8314379071947202,1.3082731014951492,4.999999999999993
2020-12-14,-0.305957534925931,-0.23606152428183913,-1.1337101757540071,-0.2942998428794218,-1.1190438661007636,1.2435330097609107,0.409159560101404,1.2068972046863427,4.999999999999993
2020-12-15,-0.28431421059642464,0.025012043236438065,-1.0029412558443047,0.05852354344020899,-1.05406873577966,0.7839664626753524,0.18003725294016656,1.2068972046863427,1.0000000000000009
2020-12-16,0.37179550616455365,-0.24124519121596705,-0.7993899314071116,-0.2632692747379277,-1.2635106974642087,1.4862503535989133,0.7401279774176214,1.2068972046863427,3.9999999999999925
2020-12-17,0.4368025044876463,-0.17642880500586933,-0.8386168660487461,-0.30548593612176395,-1.3758209626815703,1.0289026666261032,0.50832156649064,1.2068972046863427,0.0
2020-12-18,0.4687184332883834,-0.21003676249394773,-0.9745098567584811,-0.5024313878548706,-1.7595050751766768,1.3186721191997481,1.0421971065482336,1.2068972046863427,-1.0000000000000009
2020-12-21,0.5023921462066016,-0.16455927336719875,-0.8497019968299027,-0.6680466444494023,-1.336537112561198,1.4301938838645403,1.222478521143033,1.337915329383685,-1.0000000000000009
2020-12-22,0.5876093239108148,0.8707498629631416,-0.911644384823276,1.6195164692835438,-0.9390081369118061,1.3598587773520887,1.0032990123232544,1.337915329383685,0.0
2020-12-23,-0.8858542926169106,0.7510650745740378,-0.9876016849827208,1.0513600722691985,-0.6239061278771063,0.9110627506840459,0.4714156702421956,1.337915329383685,-2.9999999999999916
2020-12-24,-1.554563175546597,1.7617747902033218,-0.7033088657133091,0.5402246583708131,-0.7963302257817141,1.4476370436619148,1.2181342268814925,1.337915329383685,-0.9999999999999898
2020-12-28,0.05420513403128383,-0.34890950662752057,-0.7831035655479062,-0.6693637188845135,-0.7430333181234203,1.0296970107143335,0.7515540802285198,1.337915329383685,2.0000000000000018
2020-12-29,0.8672821445005278,1.704874215751429,-0.8820063855321748,-0.49490001572766623,-0.7009840978622373,0.9632659567372728,0.18071429843022097,2.2558390894070373,10.000000000000009
2020-12-30,1.5977642885165073,0.16234338236999693,-0.8519623191738137,0.6133518087472787,-1.1979671233096691,1.08139978803762,0.4173382417055559,2.2558390894070373,15.000000000000002
2020-12-31,0.8672821445005278,1.0315365619756802,-1.1513403018042478,0.3551868779062119,-1.380978848816247,0.8320045903805195,0.657362442624605,2.2558390894070373,19.999999999999986
2021-01-04,-0.707901648817771,5.139212999260031,-1.5177767666875692,0.3379747116723372,-1.2955763898495187,0.5892965919955988,0.3418988975779657,2.2558390894070373,21.999999999999986
2021-01-05,1.597764288516505,-0.2969039523107208,-1.3227929138602323,3.050995709540566,-1.351473673152897,0.922876862847359,0.3011317766191795,2.2558390894070373,18.999999999999993
2021-01-06,2.1518558484659924,-0.2600928660832953,-0.40212152038552584,1.7984550934346901,-1.5967230355679707,1.0699997448509246,1.0743578374705938,2.045758531416649,6.000000000000005
2021-01-07,1.3754539575167848,-0.26074376299662755,0.6781919785379341,1.5444701660014906,-1.6418208743354106,2.349134572564675,2.8727834052274774,2.045758531416649,6.999999999999984
2021-01-08,1.3865176081826593,-0.2529745632917821,-0.32092652776657943,-0.10590993184133743,-0.9959756515550109,2.737099871056666,3.1301020912481228,2.045758531416649,-1.9999999999999796
2021-01-11,0.434409736769527,-0.25352328959489545,-1.427659588123538,-0.6005240020818128,-0.9892041794200842,2.997463196680747,3.362736739010607,2.045758531416649,-4.999999999999982
2021-01-12,0.4039844838766169,-0.25352328959489545,-2.4817714435513083,0.8833591989526827,-0.05393599620987625,2.796109994765184,2.990865030689299,1.4089487588076492,-4.999999999999982
2021-01-13,-0.5282874019924967,-0.25352328959489545,-2.1424895864782023,0.3816623199395217,-0.4849479433533226,2.493879472702636,2.500036071934473,1.4089487588076492,2.0000000000000018
2021-01-14,-0.49646827059374476,-0.2534019903906437,-2.738571942951472,-0.3609960974327676,-0.8382846948163285,1.7241589337726402,1.698589907976881,1.4089487588076492,-4.999999999999982
2021-01-15,-0.49646827059374476,0.07669514057205723,-2.6494643720238384,0.26145838155172957,-1.2715757635418194,1.930477464979816,2.093943354371183,1.4089487588076492,-6.000000000000005
2021-01-19,-0.49646827059374476,-0.26499552019038036,-2.1009908486516182,0.9191856279208588,-0.3649449619457678,1.6461022172531985,1.4789944460882654,0.9839874106903649,-5.000000000000004
2021-01-20,-1.355738975288251,-0.2627988417959459,-2.277363885652732,0.14604448653108054,-0.4743212494748172,1.3015144330204054,1.2657162023429689,0.9839874106903649,-6.000000000000005
2021-01-21,-2.0135463571102346,0.7232748496462384,-2.0274513105789214,-1.0273838620707252,-0.444930681564415,1.3232528118194251,1.2888450013163228,0.9839874106903649,-5.000000000000004
2021-01-22,-2.9695809947911203,0.3586543937929832,-1.6553698195542454,-1.2100249123684792,-1.0573292271809107,1.4446930812092125,1.3024932318404505,0.9839874106903649,1.0000000000000009
2021-01-25,-2.0775656595858942,-0.3192702359024983,-1.1626993809010406,-0.8588179432204089,-0.0940650734374199,1.1315121686972383,1.11428477525569,0.9839874106903649,4.0000000000000036
2021-01-26,-1.340332506551331,0.8708153149469171,-0.8992653093916875,0.04794939113934334,0.7744802220843323,0.5059970771318715,0.43112370790501886,0.8352489963522031,7.000000000000006
2021-01-27,-2.6885588128391653,0.5217544743557784,-0.6556586390186693,-0.08864949174469205,0.2387878408613123,0.6890166020912551,0.6021419368977852,0.8352489963522031,10.999999999999988
2021-01-28,-2.332604198179345,0.23429717058535368,-0.6109086005579868,4.676242507240257,1.4200063224808952,0.40601435692101295,0.3395054619354536,0.8352489963522031,7.999999999999985
2021-01-29,-1.689036864161436,1.0079169996665505,-0.3682710368532693,2.0420364924484415,1.2633442960750663,0.7182421291024707,0.7332658438474792,0.8352489963522031,7.999999999999985
2021-02-01,-0.7198382537417134,2.81716522011937,-0.31892746996991006,2.512096651223315,1.088894201768357,1.2535157971548718,1.219569338168293,1.4343402523631246,9.999999999999986
2021-02-02,-0.2313126348821578,-0.484909434486425,0.15411238359220447,1.5727512139441182,2.1504859088028803,0.9431755529779505,0.8203627383100622,1.4343402523631246,5.999999999999983
2021-02-03,-0.20206795590238422,-0.4853173696845959,-0.029931442620771683,0.2848576960440144,1.6554519682216013,1.2361055736640638,1.0926975141701658,1.4343402523631246,0.0
2021-02-04,-0.17254009878306206,-0.410214452688619,-0.20843148542005763,-0.44711196798604463,1.4675785738719398,1.4963418502719354,1.6406713892652662,1.4343402523631246,1.0000000000000009
2021-02-05,-1.0414271573430611,-0.2611420257917417,0.2925642832299486,-0.7205229695201268,2.33799613979514,1.394066099526943,1.5192347490306413,1.4343402523631246,1.0000000000000009
2021-02-08,-2.157954941656874,-0.4823421811793955,0.08857411044505266,-0.9192095625807961,1.2214869684518743,1.9538115021557056,1.89563612197884,1.1541156612375678,11.00000000000001
2021-02-09,-1.9592414410824677,-0.47099457309642306,-0.822962850519588,-0.7943983909577592,0.7909748898721405,1.5873832110973916,1.5563817523396697,1.1541156612375678,11.00000000000001
2021-02-10,-0.7235848618018149,-0.4712872195134064,-0.5238216266621167,-0.6930301548094931,0.21245283815236138,1.3839988351329484,1.4573632722859582,1.1541156612375678,14.000000000000012
2021-02-11,-0.292835599224157,-0.4561522876770286,-0.22104531772004088,-0.6017374827384684,-0.16121620472187922,0.9720171082050458,0.9846355086390545,1.1541156612375678,18.000000000000014
2021-02-12,-0.24694393779138699,-0.40363097505391193,0.35618858495984473,-0.7739142750105723,-0.28531504226592097,1.0395403128391962,1.0433687182323084,1.1541156612375678,17.000000000000014
2021-02-16,-0.6103321291395427,-0.4416266174544795,0.6440259392350474,-1.0648217598597827,-0.385603502103486,1.4902980104055212,1.543042026564991,1.0660805971949219,7.000000000000006
2021-02-17,-0.18037926510754737,-0.44418767996701297,-0.4320203821455809,-0.6671846211242329,0.24333834695511336,2.390659279509835,2.494582819839977,1.0660805971949219,8.999999999999986
2021-02-18,-0.1300580657009695,-0.41339033737012865,-0.9216421742052258,-0.6123206532774992,0.7098548255701967,2.346803324007025,2.245011208702942,1.0660805971949219,25.0
2021-02-19,-1.3758177917404841,-0.4482116390280436,-0.8719391965530174,-0.33453694199955886,0.9701497272505157,2.2088099034812902,2.2053612371291123,1.0660805971949219,9.999999999999986
2021-02-22,-1.7182119346268172,-0.4467570120212476,-0.5691302571335518,-0.42097052118036477,-0.1755447689011881,2.5091549141926808,2.3541550507310305,1.0660805971949219,7.999999999999985
2021-02-23,-1.2083507669686642,0.29593348217364135,0.2593284338364342,-0.07198082796460487,0.3211505712425352,2.476166521151692,2.4111174344732147,1.287515271249939,4.999999999999982
2021-02-24,-1.9858730823314323,-0.18074729539193551,1.8402538457005986,-0.17329732075950316,0.2227089188737,2.176619971604315,2.054493746087999,1.287515271249939,9.000000000000007
2021-02-25,-1.438402400117956,-0.48588857732891266,2.2961018097119372,-0.602114187917065,-0.2448871022464137,1.9496177251983604,1.995577331104299,1.287515271249939,0.0
2021-02-26,-0.9046715014694847,4.058562825286884,-1.2282070546525385,1.2480562953476113,0.27354016166730954,2.5317852814826787,2.702521783178102,1.287515271249939,12.00000000000001
2021-03-01,-1.7364384073640617,3.4117324729138936,-1.2013857880014414,0.9535607636310176,2.3878904938730368,1.7731364710535746,1.7953500536634577,2.0390268991969833,14.000000000000012
2021-03-02,-1.1894628768434912,-0.4783307907100456,-0.8772907533232507,-0.17711703452678076,1.53979720784337,1.755174316208007,1.6414487039793102,2.0390268991969833,13.00000000000001
2021-03-03,-0.1552408547777612,-0.4766666679543992,-0.20149371959380633,0.009089918280407651,1.4452946271397538,1.4145417463521377,1.398309469739529,2.0390268991969833,6.000000000000005
2021-03-04,-0.10727505072551767,-0.30895908355885465,-0.6183720290181218,0.6087648529182096,1.836192179106058,1.5744630318924904,1.5284259339277497,2.0390268991969833,0.0
2021-03-05,-1.102689873170876,0.2417560474353612,-1.0517471175036466,1.004663394526693,1.5733504996930148,1.8791949448857814,1.8426011672761802,2.0390268991969833,7.999999999999985
2021-03-08,-1.0461068887364915,-0.1383680768533251,-1.082689859896303,0.03374728642823226,3.2655400513683133,1.827726011779358,1.786068624731237,1.9145295350878355,3.0000000000000027
2021-03-09,-0.9813814119079872,-0.4776653763782209,-0.6913561755964264,0.20373296306933453,3.3036705273923324,1.6775718499742132,1.7386448730874384,1.9145295350878355,7.000000000000006
2021-03-10,-0.9181610785334613,-0.45975672750744206,0.07838410423740746,-0.15703584825657577,2.3778489163138508,1.3384917260551799,1.421436193394312,1.9145295350878355,9.999999999999986
2021-03-11,-0.8905290962184811,-0.40625174806987036,0.4555946248410997,-0.513975004748047,1.721385593787007,1.1994235992511406,1.2839033939284672,1.9145295350878355,16.999999999999993
2021-03-12,-1.3295183517533908,2.780682545350983,0.8104669658105635,-0.6691548759540856,0.7516977857334335,1.3184935412357228,1.269691763934086,1.9145295350878355,10.000000000000009
2021-03-15,-1.2444273693725667,1.4353871235154145,1.1465863755143026,-0.9830891459367102,0.8431336909474194,1.8318134954482945,1.71854152372508,1.404880275648003,6.999999999999984
2021-03-16,-1.164407212218287,-0.44379526612913284,0.7504044217338204,-1.225815601803817,1.0018573609209385,1.5825660667511554,1.4971963654307228,1.404880275648003,0.9999999999999787
2021-03-17,-1.1057341830859733,-0.24478958784380864,1.125606632600714,-1.3041064409235148,0.6885014996445712,1.4304342997674562,1.5178570813488477,1.404880275648003,-0.9999999999999787
2021-03-18,-1.0561177090674523,-0.452431366827468,2.3265740745995136,-1.4173716214485808,0.8726916994019428,1.523254102239542,1.4832064011476518,1.404880275648003,-8.000000000000007
2021-03-19,-1.01725206420884,4.259496182314083,0.28372854568285316,-0.47305868270808,0.3415302817842719,1.7134029006915794,1.8428548437882561,1.404880275648003,-7.000000000000006
2021-03-22,-0.9531638386334625,2.4795055880322776,-1.8966404283624805,-0.7050106622242949,0.5945600797170533,1.7671522674009685,1.8521549923053022,1.4465575244984352,4.0000000000000036
2021-03-23,-0.9222160659143804,2.5405331771440327,-2.2282619943301833,-1.4434834429523153,0.5939002231272112,1.410612435249501,1.3676997302414715,1.4465575244984352,10.000000000000009
2021-03-24,-0.8925057555120373,1.942120248041414,-1.2772874707111534,-0.8862358944076412,0.9119062549653898,0.9713073578037332,1.0806786896979979,1.4465575244984352,11.99999999999999
2021-03-25,-0.8350256041453537,2.0048227927912246,-1.4590344284044732,-0.5417241646547933,1.29200220799052,0.9169143504427246,0.9123450305911563,1.4465575244984352,6.000000000000005
2021-03-26,-0.791154805295272,0.553357929925217,-1.1113460045254906,-1.0166339960816773,1.6109397252710376,0.9416227172082392,0.9271184267760062,1.4465575244984352,5.000000000000004
2021-03-29,-0.7543042365067986,0.6693750969624628,-1.5226115747908053,-1.3012007281317137,1.2059808473687517,1.1930178301993608,1.1395648804343022,1.9769092677422022,0.0
2021-03-30,-0.7071067811986593,3.193568926626921,-1.6416334722287675,-0.6421360720396949,1.3745395504317528,1.5956223228012008,1.4216169907311842,1.9769092677422022,-6.000000000000005
2021-03-31,-0.691087626903711,4.5811211152615146,-2.311830507972097,-1.0111270049799912,1.6113595010673312,1.3621895576381158,1.4072692080888582,1.9769092677422022,-6.000000000000005
2021-04-01,-0.7228571937558893,3.920229201826205,-2.2366021177637037,-1.0422146406976243,1.04545467641076,1.3751262672418236,1.3412865841534833,1.9769092677422022,-5.000000000000004
2021-04-02,-0.6708203932786848,-0.19533412638497302,-2.7233441946863426,-1.6221109309548103,0.8736205356136607,0.8233286015726586,1.0017564244231045,1.9769092677422022,-5.000000000000004
2021-04-05,-0.631289090190007,-0.20668388257581247,-2.3546126336970756,-1.5051963314623018,0.815055810158343,0.8637740274924766,1.1779266627592875,1.7282450869545953,-4.0000000000000036
2021-04-06,-0.5806972553377319,-0.4128847424310007,-2.64151072371012,-1.231542694433767,0.28821388459902414,1.0886792044434788,1.117845093945868,1.7282450869545953,-3.0000000000000027
2021-04-07,-0.5806972553377319,0.08163130289143489,-2.108587359309419,-1.09349470717065,-0.15041663192702456,0.548485255889019,0.6539618163788975,1.7282450869545953,-4.0000000000000036
2021-04-08,-0.5424047368690503,0.5787954813710651,-1.8180972242162339,-1.3025588645376578,-0.08604241210469311,0.6061995031744488,0.6981868723221573,1.7282450869545953,-7.999999999999985
2021-04-09,-0.491596040150554,0.31248820686488127,-1.447104397145745,-1.3228505584916928,-0.47900303994554927,0.33945651905313823,0.3735360260179407,1.7282450869545953,-7.999999999999985
2021-04-12,-0.491596040150554,0.4101419012415097,-1.5575629168339111,-1.357749410454891,-0.2859215480772001,0.4008581443789462,0.5164122279827837,1.263231433383919,-7.999999999999985
2021-04-13,-0.4533931178294842,0.3436545915770083,-1.5406204999027593,-1.1978749835998928,-0.39276065039379826,0.34629212901570355,0.6768202027463963,1.263231433383919,-5.999999999999983
2021-04-14,-0.41687260831664125,0.5479206729180939,-1.2243719059595364,-1.1989902858332087,-0.7707606981365908,-0.1499353866001336,-0.07948924694786852,1.263231433383919,-6.999999999999984
2021-04-15,-0.4396968653807715,0.931085641660987,-1.0417870895935317,-1.046572950139741,-1.3476653387755333,-0.2519993048297048,-0.04253950694643171,1.263231433383919,1.0000000000000009
2021-04-16,-0.3856396618649734,0.16351709898407105,-1.2748794484014119,-1.2366116506197617,-1.6991158072604013,-1.5959955972548108,-1.2317709493139926,1.263231433383919,-1.0000000000000009
2021-04-19,-0.32773069353752554,0.5023989458400404,-0.9932560057134678,-1.3164905465890382,-1.8160930937060333,-1.1051699837056095,-0.8431751539330657,1.2188491029014383,-3.0000000000000027
2021-04-20,-0.2627691365462255,0.9075960000324673,-0.7297810091308713,-0.8582811207052297,-2.2454495584311767,-0.7982752627290183,-0.5813604518629274,1.2188491029014383,4.999999999999982
2021-04-21,-0.18257418602304573,1.2813194745820797,-0.5754928372378596,-0.1085721642937602,-1.945684938126311,-1.2310773887371786,-1.2800829042034354,1.2188491029014383,5.999999999999983
2021-06-18,5.2946513892166065,2.376774603809758,-3.65882482635213,-0.3644305320322952,3.591186681839082,-2.1631398785085363,-1.3051258788936355,1.4619110028211293,9.000000000000007
2021-06-21,3.678767909685705,2.1053684610620715,-2.8211155246801205,0.7479662040370538,3.591223417543883,-2.9739881675964424,-2.211720937950973,1.490176734251481,-1.0000000000000009
2021-06-22,2.9495762407505253,2.0279686840455278,-1.9590455114411063,-0.3552663592437045,2.687481610679352,-2.165468926024433,-1.4138327319986164,1.490176734251481,1.0000000000000009
2021-06-23,2.5066578014027625,2.0039176153814804,-1.4457891509727012,-0.7881630392176532,2.412835771079853,-1.941988507710235,-1.4294347071776083,1.490176734251481,-5.000000000000004
2021-06-24,2.19848432637882,1.962391319665379,-1.5097773718324443,-0.8599134924545814,1.5365284395816083,-1.6740653851615088,-1.213438582163249,1.490176734251481,-1.0000000000000009
2021-06-25,1.96638416050035,1.8107543664475236,-1.5619013867086147,-1.113657005405129,1.383596941590911,-1.6488346987223002,-1.2661118676659524,1.490176734251481,-10.000000000000009
2021-06-28,1.7821869924871732,1.4691988840888188,-1.1253207537234564,-1.2932261828018585,0.8929802950952258,-1.2482691781640738,-0.6930041681466521,2.035271506521372,-11.99999999999999
2021-06-29,1.6304396135194132,1.5483417999487012,-1.3912795323579794,-1.133898865982572,0.9171788384083035,-1.3516304844263456,-1.1473878573347989,2.035271506521372,-15.999999999999993
2021-06-30,1.5018507101425078,1.6696360955982974,-1.460410792823228,-0.9242883009915502,1.1391162662937557,-1.442688891997559,-0.950173264269585,2.035271506521372,-14.999999999999991
2021-07-01,1.3904435743076142,2.3017868043807748,-1.3678943460442974,-0.9913665910062867,1.3870926181862178,-1.5213128852199573,-1.512682997139684,2.035271506521372,-10.999999999999988
2021-07-02,1.292167547068479,0.856014979503654,-1.4433144864957317,-1.2311681240405028,1.4843503654108199,-1.1597387045694683,-1.0712401221118457,2.035271506521372,-6.000000000000005
2021-07-06,1.2041594578792294,0.7378916728573902,-1.1884540277450533,-1.4899593591876938,1.1719910042562358,-1.3677079197528144,-1.5426616554041572,1.8570905145499563,4.999999999999982
2021-07-07,1.124323158216784,0.9213178198678174,-0.59500383700632,-0.412791307307369,1.507043633048364,-1.7205783670185315,-2.2978523508395674,1.8570905145499563,4.0000000000000036
2021-07-08,1.051076545624487,0.9392201319715126,-0.7270481372476415,-0.5627590002354795,1.5400813228832155,-1.9229993964867387,-2.4797282246146017,1.8570905145499563,1.0000000000000009
2021-07-09,0.9831920802501748,0.9240773289571628,-0.2970442628956095,1.7889600338959795,1.3998196384502464,-1.751651876562842,-2.5366800598825723,1.8570905145499563,-6.000000000000005
2021-07-12,0.919691977421426,0.7878147316698394,-0.25601944344753924,-0.5452309476964268,1.0767107133280864,-1.3797819618015528,-1.613673338299001,1.8570905145499563,-18.999999999999993
2021-07-13,0.8597765327540113,0.7087889199793864,-0.21387291839899464,-0.5349924984317798,0.9340322328023448,-1.2179215292450403,-1.3103836320537354,1.4338681283581594,-18.999999999999993
2021-07-14,0.8027729719194863,0.7925209359789391,-0.16483326465451972,0.24680885305478256,1.1088905689845365,-1.0596347420490877,-0.8166129489999657,1.4338681283581594,-7.000000000000006
2021-07-15,0.7480970009343825,1.1263507527818457,-0.12464658156124876,-0.37203863024119804,0.9201528713895991,-1.1831337114582818,-1.4061778222552628,1.4338681283581594,-4.0000000000000036
2021-07-16,0.695221787153807,0.5189545559266342,0.14451626974787624,0.21559883708091865,0.9887125386701425,-1.665577424528259,-1.823504083958768,1.4338681283581594,-1.0000000000000009
2021-07-19,0.6436503043467889,0.7542873846774846,0.40247950725917775,1.403719056811889,0.9638534163895468,-1.7800156891857202,-1.7396702060890459,1.383030889728542,10.000000000000009
2021-07-20,0.5928871321888777,1.00649280201801,1.3548542880902266,3.482830279907323,1.412934451412816,-2.335066653952986,-2.665401326183074,1.383030889728542,2.0000000000000018
2021-07-21,0.5424047368439225,0.8638031559471439,1.5898001183948847,1.5941568782123539,1.5485495554655548,-1.7396148131990614,-2.051107567514122,1.383030889728542,-4.0000000000000036
2021-07-22,0.4915960401250874,1.1097162030231995,1.1615069313706874,0.4795002671245922,1.101152968011568,-1.1919127050640088,-1.2659627313926876,1.383030889728542,1.0000000000000009
2021-07-23,0.4396968652757639,1.1620797241686487,0.9373608756359872,0.3521771845867399,1.152513832281815,-1.213892762426096,-1.4470511856965498,1.383030889728542,-6.000000000000005
2021-07-26,0.38563966175427117,0.9361915801305561,0.5539958908635533,0.03607213296265596,1.1005759647811406,-1.0426826487283916,-1.082175213585875,1.780103708808068,-9.000000000000007
2021-07-27,0.327730693416725,1.0243391362175729,0.8739485157923617,0.23005299289262457,0.7645709315514513,-1.0738796053712822,-1.100253064078475,1.780103708808068,-6.000000000000005
2021-07-28,0.2627691364061218,1.3242522884843595,1.17044734512744,1.231319081601725,0.7373402995403451,-1.2184712096307266,-1.3753621068579232,1.780103708808068,-7.000000000000006
2021-07-29,0.18257418583505558,1.7686066019188624,1.4469309699606936,0.5737364015403792,0.6288744978272833,-1.06543981432066,-1.2001079120300218,1.780103708808068,-5.000000000000004
2021-10-20,-5.294651389216606,1.1330431762044453,-2.375179803675829,-1.6901994005076522,-0.3670580201741073,1.0655294911936821,1.6857602837520285,1.2509829421842222,-10.999999999999988
2021-10-21,-3.6787679096857047,1.2207199008208067,-1.6234177033458173,-1.6658591651217585,-0.6444967958547939,1.1458547708624016,1.549778041585559,1.2509829421842222,-10.999999999999988
2021-10-22,-2.9495762407505257,0.9124596512345843,-1.7329079515472758,-1.7301712069844268,-0.4876788425242086,0.79272418476229,1.5869909999498928,1.2509829421842222,-10.999999999999988
2021-10-25,0.3277306934167242,0.46090695999553083,-2.004404089030008,-1.4747327872685685,-0.4517910119216252,-0.010460674152272706,1.3311118700905935,1.2254567877168576,-5.999999999999983
2021-10-26,-1.2245852331125757,0.4867834544915265,-1.6593284143196947,-1.4263763053249379,-0.6398949597621794,-0.19659246846801393,1.0882174987625626,1.2254567877168576,-6.999999999999984
2021-10-27,0.37269985355600116,0.5185267434685558,-1.8999403214740123,-1.106750567787943,-0.5778511516490421,-0.383061778956252,0.9446291020026496,1.2254567877168576,6.000000000000005
2021-10-28,0.37269985355600116,0.5566627237616502,-2.0827182849219366,-0.7339680865594411,-0.7657855628032446,-2.2329043354335547,0.09121559286570739,1.2254567877168576,-4.0000000000000036
2021-10-29,0.37269985355600227,0.02275209802671673,-1.8856781241921476,-0.8563950207979548,-1.2545680644482644,-1.706210521885844,0.3193110144490486,1.2254567877168576,-10.000000000000009
2021-11-01,0.37269985355600227,1.2537496002782018,-1.7206859334853395,-0.90569425557506,0.2475098253838239,-1.6385072449310232,0.16073726396229093,1.6813244807105305,-7.000000000000006
2021-11-02,0.37269985355600116,-0.5067344388349067,-1.5799685828560528,-0.8043860769358588,0.3735579258766533,-1.4161859720764622,0.431173924027682,1.6813244807105305,-10.000000000000009
2021-11-03,0.37269985355600116,-0.9827335415740063,-1.1536656131571765,-0.8927091197954607,0.5292604516950788,-1.1524602696276809,0.13171170839969468,1.6813244807105305,-4.0000000000000036
2021-11-04,0.37269985355600116,-0.9081098381233415,-1.2343509235715266,-1.1738485962169438,0.6614219131108195,-0.7309356257963195,0.6064792524823642,1.6813244807105305,5.000000000000004
2021-11-05,0.37269985355600227,-0.9144330024397476,-0.6765258359846713,-0.9799451035704572,0.604270391916785,-0.9329087631766846,-0.44144157274757245,1.6813244807105305,17.999999999999993
2021-11-08,0.37269985355600227,-0.8311860497860167,-0.6318907578091072,-0.5643384466452893,-0.12002782780369173,-1.7193232538320649,-2.1235001552549653,1.3878312201960983,11.99999999999999
2021-11-09,0.37269985355600116,-0.8688435265794946,-1.5242357991296789,-0.28402251152951496,-0.7426338035339869,-1.5851727823477129,-1.2191336519492122,1.3878312201960983,14.000000000000012
2021-11-10,0.37269985355600116,-0.5820116458145149,-1.412888691238969,-0.06540592052678515,-0.903923526032176,-1.591129948582355,-1.7289981517568367,1.3878312201960983,3.0000000000000027
2021-11-12,0.37269985355600116,0.5604176041456939,-1.451212961654691,0.36641752142555156,0.06803451814071468,-1.4687929211895445,-0.09717947731660856,1.3878312201960983,-4.0000000000000036
2021-11-15,0.37269985355600227,0.042408321724684325,-0.926047306063449,-0.5519895006057141,1.0198194620503322,-1.3659909063449063,0.2548433938572837,1.3878312201960983,0.0
2021-11-16,0.37269985355600227,-0.33950486327770685,-0.7200596279804227,-0.415598410147678,1.2182831080791152,-0.682156760801173,1.0890806699590612,1.381436297388767,4.0000000000000036
2021-11-17,0.37269985355600227,1.143917532480077,-0.350554475758216,-0.42008938141962726,2.3213046607936696,-0.7582153436152819,1.024064688913296,1.381436297388767,3.9999999999999813
2021-11-18,0.37269985355600116,1.9891030678892903,0.04739995529725514,0.05222653212718967,1.880255269906724,-0.8283308916010913,0.427343460062668,1.381436297388767,-11.00000000000001
2021-11-19,0.37269985355600116,2.6810686308631277,-0.06942327796108094,0.4619304317720407,1.8102463582437136,-0.8982848187425144,0.21451475837888453,1.381436297388767,-2.0000000000000018
2021-11-22,0.37269985355600116,2.2480189608988463,0.0,0.8578476702281698,1.9775931891021827,-1.4458636203879063,-0.7318738815279385,1.381436297388767,-19.999999999999996
2021-11-23,0.37269985355600227,1.9886123457769442,-0.35355050984384784,1.8730927656017746,2.445058753165889,-1.6003234146334155,0.9256129959124869,1.894258381003873,-24.0
2021-11-24,0.37269985355600227,1.7830689831849371,0.22158357821822725,1.9646668412620163,2.6207513635260695,-0.6443474239091477,1.4089370143268984,1.894258381003873,-19.999999999999996
2021-11-26,0.37269985355600116,0.17215476103196434,0.05096243695500006,1.4819087981965504,2.5868738667970796,-1.5481855146748484,0.8266873679563431,1.894258381003873,-12.99999999999999
2021-11-29,0.37269985355600116,0.11146838472717484,2.849773851540102,4.6589304656624595,2.4873749676790045,-1.6884510975143263,-1.8552568180805007,1.894258381003873,-9.000000000000007
2021-11-30,0.37269985355600116,0.2176677243652143,2.5666837338374426,2.1014274916624687,2.2457342494515222,-1.1820025748844996,-1.1716799033275929,1.6431999671111959,5.000000000000004
2021-12-01,0.37269985355600227,0.9777190112064167,2.320212083142325,2.9456305253260835,1.682904079735622,-2.2641469556854816,-2.19848432637465,1.6431999671111959,9.000000000000007
2021-12-02,0.37269985355600227,-0.21934008673336777,2.064558218124752,3.2018107514280976,1.2640997236110103,-2.3983486194729937,-2.085926634697321,1.6431999671111959,5.000000000000004
2021-12-03,0.3140691894826893,0.07717394372889186,1.6707983791005723,2.135366964774461,1.2958275806131356,-2.6966781883676414,-1.6608890642351166,1.6431999671111959,12.99999999999999
2021-12-06,0.24839912974802017,0.4510015317567786,1.7569469596294307,2.378460242797095,1.4059979090352508,-2.86792438685794,-2.5766408342955427,1.6431999671111959,-1.0000000000000009
2021-12-07,0.18257418583505466,0.6044624001588573,1.2536003589755516,1.5313659586006192,1.2369461180834238,-2.321282713788946,-1.3902486088264272,1.458524725606355,-4.0000000000000036
2021-12-08,0.18257418583505847,0.1366193382833725,0.39144373525833054,0.4410526786595618,0.8873694440469491,-2.0913181354683004,-0.8455173241194077,1.458524725606355,-5.000000000000004
2021-12-21,-5.2946513892166065,2.528378870583291,1.8618374689811688,0.39996365567604686,0.6033879824016188,-1.0786664348606048,-1.0768350319997855,1.0607710620797277,7.000000000000006
2021-12-22,0.18257418583505422,2.1878053749719526,1.5658967144572038,-0.05864262287093884,0.6765295308043202,-1.0092409039033723,-0.48804038481216877,1.0607710620797277,6.000000000000005
2021-12-23,0.18257418583505802,1.605452969127523,1.1948149118925007,-0.6274851616705455,0.14058633141165428,-0.9445636498479851,-0.807801371568219,1.0607710620797277,2.0000000000000018
2021-12-27,0.18257418583505802,0.3880584529857207,1.134021995985433,-0.7867032756854986,-0.29294438016327073,-0.8108001827590201,-0.22377251361247683,1.0607710620797277,14.999999999999991
2021-12-28,0.18257418583505802,0.3743885268178569,1.0906689739426556,-0.8389925640589773,-0.5425436742139409,-1.262543538150505,-0.3085482461492675,1.6810186789348116,16.999999999999993
2021-12-29,0.18257418583505422,0.8875789691724995,1.0359181411923106,-0.8905117424454253,-0.7664494044294711,-0.9671392255461204,-0.15299164531164938,1.6810186789348116,15.999999999999993
2021-12-30,0.18257418583505422,0.8887404160689599,0.8102477418603652,-1.0372442227264975,-1.035589465921273,-0.5267398970851124,0.7553090779787596,1.6810186789348116,20.999999999999996
2021-12-31,0.18257418583505422,1.3589147293524177,0.7576179333871872,-0.9630344701430715,-1.267251687060816,-0.5594504651297088,0.44783090129105735,1.6810186789348116,24.0
2022-01-03,0.18257418583505802,2.8714240136204743,0.7045246568318516,-0.9910310505598059,-1.3329584638657042,-0.5095440409973792,0.3692292624825164,1.6810186789348116,15.000000000000014
2022-01-04,0.18257418583505802,0.0017965313318808172,0.061758534759068937,-1.12184109841766,-1.094915449488408,0.13296037728169274,1.599019267347482,1.6353312518036653,9.000000000000007
2022-01-05,0.18257418583505802,-0.7087828431123033,0.42158804722858934,-1.0328111453061162,-1.376879044856043,0.6225158411639334,1.8640448057472367,1.6353312518036653,3.0000000000000027
2022-01-06,0.18257418583505422,-0.7042762126536467,-0.5763634947634118,-0.3755535785029736,-1.6980567267426938,0.5897084040947679,2.281895447721261,1.6353312518036653,-3.0000000000000027
2022-01-07,0.18257418583505422,-0.5297150808874477,-1.1919771363487905,-0.40592829192951535,-0.9702949904545509,0.38551939115051487,2.3530205776210034,1.6353312518036653,2.0000000000000018
2022-01-10,0.18257418583505802,-0.38959851093684805,-1.4077238090006918,-0.608116308083323,-1.6997368253856977,1.0691583311611104,2.507444531128059,1.1699606807294547,9.000000000000007
2022-01-11,0.18257418583505802,-0.1587442064518009,-1.8254666001649114,-0.40554191203114065,-1.2174115118318893,0.760311244885023,2.1152036258310942,1.1699606807294547,8.000000000000007
2022-01-12,0.18257418583505802,-0.48616894244851677,-1.691250011477743,-0.612256196535292,-2.0442823266347347,0.8504154561178793,1.8276071988690683,1.1699606807294547,9.000000000000007
2022-01-13,0.18257418583505422,-0.402378585453328,-1.3475799982894197,-0.755229294704169,-2.727973717760748,0.3247620571238354,1.5020538496096325,1.1699606807294547,5.000000000000004
2022-01-14,0.18257418583505422,0.4600087127892112,-0.5642880936546598,0.03258216659066717,-2.620650240953728,-0.29089258046816363,1.0465149344912283,1.1699606807294547,-3.0000000000000027
2022-01-18,0.18257418583505802,0.057203564605659236,-0.8073331567989188,-0.2387653272888015,-1.9946529954370995,-0.27534885774853435,1.5727839894942317,1.11795571680079,-9.000000000000007
2022-01-19,0.18257418583505802,0.0006470644090924368,-1.0190119216227547,1.366831655945862,-1.26814868042907,0.14125908268211554,1.9610402647349998,1.11795571680079,2.0000000000000018
2022-01-20,0.18257418583505802,0.5465953387335833,-1.2315585254921415,2.176647197490939,-1.397850719929598,-0.3386952947787699,1.4009206317096032,1.11795571680079,-2.0000000000000018
2022-01-21,-3.678767909685706,0.7205981971913958,-0.8067391149633153,2.6561588819821518,-1.5318798592251615,-1.2329093721976185,1.3015088296445587,1.11795571680079,3.0000000000000027
2022-01-24,0.2627691364061201,0.9429589277398049,0.44132877760553213,3.183071987039869,-1.1924091917142319,-1.358132161530322,0.5692276002282667,1.11795571680079,4.0000000000000036
2022-01-25,-2.949576240750526,-0.08051462075365431,1.5957160727562867,2.9084663762730902,-0.15033941965410658,-0.871540740054579,0.3609188975790436,1.2485901484763844,3.0000000000000027
2022-01-26,0.32773069341672517,-0.2806503208119753,1.892256206066568,2.722809900359314,-0.19326618011905383,-0.8249949540120557,0.5776714121997524,1.2485901484763844,-7.000000000000006
2022-01-27,-2.5066578014027603,-0.1332908283987707,0.2547495932904814,2.495745063921125,-0.2814622093327813,-1.618803773486047,1.1207808584280454,1.2485901484763844,1.0000000000000009
2022-01-28,-2.198484326378818,-0.4615607266639268,0.6818592924151404,1.9486402346571547,1.329580223622429,-2.8936651215342235,0.6250921342332733,1.2485901484763844,14.999999999999991
2022-01-31,0.4396968652757628,-0.10849574799278248,1.6784872210403243,1.2551090890479808,1.5306923503246375,-2.4793749618378826,0.39910856316152865,1.7904959047071942,12.99999999999999
2022-02-01,0.4396968652757628,0.3414368289140835,1.9482983780843601,0.6350665684640259,0.6495534829864662,-2.404163056030511,0.16404677516895477,1.7904959047071942,14.999999999999991
2022-02-02,0.4396968652757628,-0.4154606064981251,1.6401119929462766,0.0413902303353364,0.3057993968206349,-1.9290384914653769,0.5974941811871608,1.7904959047071942,15.999999999999993
2022-02-03,0.3856396617542727,0.12800268052905237,1.406698964128632,0.07357560981759266,-0.05871514893438041,-1.8634265698526493,0.22968504493877098,1.7904959047071942,20.999999999999975
2022-02-04,0.3856396617542727,0.3471153059407724,1.5263163576152152,0.5141661592385012,-0.5111891435726166,-1.5998561672411118,0.5125384231355484,1.7904959047071942,-1.0000000000000009
2022-02-07,0.38563966175427067,0.4091192207830688,1.4370150728627413,0.2525747386964717,0.031309318490386054,-1.580265004942168,1.4192838103399241,1.4980774966340304,6.000000000000005
2022-02-08,0.38563966175427067,0.8287834799123193,1.5134480129333288,0.14623670392547303,-0.2152367728514806,-1.4605268378298106,0.7458623014748894,1.4980774966340304,8.999999999999986
2022-02-09,0.38563966175427067,0.7178726384103474,1.1128833843963521,-0.17963922185817982,-0.006626075998877441,-1.4725954145812812,1.5163145152898327,1.4980774966340304,8.999999999999986
2022-02-10,-2.198484326378818,0.441603474786291,1.2171805098322475,-0.5180488334944922,-0.5740346133874934,-1.641638221791801,1.073907699578422,1.4980774966340304,-5.999999999999983
2022-02-11,0.4396968652757646,0.2080010215475238,0.9997475045730678,0.28894467717761296,-1.1186342399726452,-2.6886493775058096,0.22452809172120872,1.4980774966340304,0.0
2022-02-14,0.4396968652757646,0.25847997870900835,2.174780419729065,0.9824309595903256,-0.4303027533943421,-2.3293538717191646,-1.1106486529878037,1.4701005720598623,-4.0000000000000036
2022-02-15,0.4396968652757628,1.0158895291936723,1.952531334552683,1.122801045052677,0.38193051194479966,-2.1830079768965756,-1.5617104786584997,1.4701005720598623,-5.999999999999983
2022-02-16,0.4396968652757628,-7.647059951614806e-05,1.657309183703306,0.48543176397603377,-0.18833111827624813,-1.5542484409030441,0.5370268057118245,1.4701005720598623,-6.999999999999984
2022-02-17,0.4396968652757646,0.5708053981078789,2.156036024945205,0.10605910530753185,-0.6989205242852821,-1.198701872612785,0.49210588132705624,1.4701005720598623,0.0
2022-02-18,0.4396968652757646,0.5839424551832696,2.5507181075960053,0.9659056134023787,-0.6891473642738513,-1.3189851984812053,-0.40787225128684923,1.4701005720598623,-8.999999999999986
2022-02-22,0.4396968652757646,1.116152100578557,2.3255623236998035,0.8206303474555556,-0.36615588501496543,-1.424029568666581,-1.2340340026164847,1.2955260366712615,-21.999999999999996
2022-02-23,0.4396968652757628,1.585082050115388,2.0799681733022077,1.015167603670726,-0.5652822018917808,-1.7739280629991563,-1.1515548025526174,1.2955260366712615,-12.99999999999999
2022-02-24,0.4396968652757628,2.219945452085333,1.6657965717701209,1.4595319865375165,-0.6005209051610091,-1.4694078694067974,0.5866411258286908,1.2955260366712615,-9.999999999999986
2022-02-25,0.4396968652757628,0.25635958322955194,2.5429482643458323,1.217671154788046,2.094295488021912,-1.319400897076901,0.3693666347810266,1.2955260366712615,-23.0
2022-02-28,0.4396968652757646,-1.0327463298713462,2.003533090207256,0.47394261778798474,0.5819421441878228,-1.241149124325565,0.3541138995848585,1.2955260366712615,-5.000000000000004
2022-03-01,0.4396968652757646,-1.1629024587730898,2.639053983166777,1.1059675592884441,0.45323338389356366,-1.3598418406669153,-2.6702542730602574,1.4189200337205123,14.000000000000012
2022-03-02,0.4396968652757628,-2.107083184902579,1.8309124330681574,1.8700421017964852,1.6578274331360607,-1.1470570797807158,-3.220340351514724,1.4189200337205123,7.999999999999985
2022-03-03,0.4396968652757628,-2.444366961340049,1.6328517470482398,1.072419382477945,1.459061752361279,-1.4247965598566983,-1.3136049131299372,1.4189200337205123,11.99999999999999
2022-03-04,0.4396968652757628,-2.023261160171688,1.5264967494512025,0.9351405398506405,1.7190236627404099,-1.5493548235954127,-1.7532743372000166,1.4189200337205123,26.0
2022-03-07,0.3856396617542727,-2.59848205582865,1.8346151917050417,1.262365468696886,2.740392211139533,-2.0210508394349196,-2.501491836185212,1.370286805439971,36.00000000000001
2022-03-08,0.3856396617542727,-2.5840458085101514,1.743108890683524,2.2009869598470413,3.1759508798336453,-1.9216435315433358,-2.2038569744819085,1.370286805439971,28.999999999999982
2022-03-09,0.32773069341672517,-1.4272552284534759,1.7617366313568923,1.7378750622866985,2.9246215171969108,-1.795945320986165,-0.9734438079908339,1.370286805439971,25.0
2022-03-10,0.3277306934167229,-1.097540382294212,1.4602161153171265,1.083243331898266,1.4602290933492288,-1.5099747228419953,-0.25774632733353514,1.370286805439971,22.00000000000002
2022-03-11,0.26276913640612015,-0.6614176496892801,1.679412421732863,0.5832687360751607,1.5129573521211375,-1.4316001324149403,0.12287403979425086,1.370286805439971,14.000000000000012
2022-03-14,0.18257418583505808,-0.8094232216185744,1.4053854114190858,0.7033034854837472,1.7229047258997192,-1.4029344722631656,0.24605419315947974,0.9937592654960813,17.99999999999997
2022-03-15,0.18257418583505808,-0.037915031662959175,1.204995312205589,0.8988000220409796,1.7411553596119755,-1.1804326837753543,1.24256285717863,0.9937592654960813,23.0
2022-03-16,0.18257418583505808,-0.37926334289500435,1.2856656475906016,0.41061410904132634,1.6911118157204736,-0.8999250779565049,1.1672706534172559,0.9937592654960813,12.99999999999999
2022-03-17,0.18257418583505808,0.06990810033404299,0.4906744376761965,-0.38020247333728824,1.1557301160418634,-1.2704023318976878,1.7047602865716682,0.9937592654960813,13.999999999999968
2022-03-18,5.290437387602502,0.7606542754937019,0.08950191349378567,-0.6741117721631018,0.3499825796048992,-1.0572283287159405,2.004575721952504,0.9937592654960813,33.999999999999986
2022-03-21,3.6772528734097585,1.5067623341948857,-0.14365543722914315,-1.117140488006027,0.4049023891449062,-1.6583753394586538,1.1504488458199875,1.012535483481265,14.000000000000012
2022-03-22,2.859719377947643,1.5949508251451818,-0.6421028554377686,-1.208740913684722,0.1738226017518787,-1.5026581594232296,1.6485905069370812,1.012535483481265,3.000000000000025
2022-03-23,2.3556697577991383,1.9270847376512688,-0.8269022779287619,-1.3586842587385435,0.2877594014422345,-1.2920143713632346,2.2092527655173497,1.012535483481265,3.000000000000025
2022-03-24,1.996025101432441,2.206008035501146,-1.030964362140783,-1.2529373232122492,0.17611777195501224,-1.3381662238040362,1.6816647368811053,1.012535483481265,-2.0000000000000018
2022-03-25,1.806258046740208,1.0008102021616452,-1.235183084751538,-1.8135051578554338,0.0899773670498613,-1.1225070451453394,1.5768284313240277,1.012535483481265,-8.999999999999986
2022-03-28,1.7368025801749407,0.6106789785365767,-1.6513135446215235,-1.9282596800461465,-0.1417360812161658,-1.314818704803064,2.158769649669751,1.4399462962910503,-4.0000000000000036
2022-03-29,1.5923204645323945,0.7223233002078561,-1.7442871270110345,-2.004660138714248,0.2630440162960637,-1.8045108988157113,1.584551029153578,1.4399462962910503,12.99999999999999
2022-03-30,1.4690607662325348,1.0427397759306778,-1.8740156727111739,-1.9544051319847726,-0.47518733333115765,-2.021499966036841,1.402518168143119,1.4399462962910503,25.99999999999998
2022-03-31,1.2804962339203263,1.6677604449894088,-1.6818312231840389,-1.7214573108176543,-1.0550168431656217,-1.9983589833544546,0.9519457369843503,1.4399462962910503,34.00000000000003
2022-04-01,1.353742338117404,2.2876052072309263,-1.5979000459510515,-1.3999195115339875,-0.9364154645826736,-1.8717538470777826,0.9055235382834985,1.4399462962910503,33.00000000000001
2022-04-04,1.3373355123010184,0.2248899650914402,-2.136162603249007,-1.4712543718001863,-0.6820086408526937,-2.3511385892622996,1.2099758691161022,1.3218218096617358,37.000000000000014
2022-04-05,1.2448939334862694,0.4858255260847148,-1.9295440493545857,-1.5477437198765853,-0.8214854863145253,-1.8772555342933246,0.5384978478921282,1.3218218096617358,18.000000000000014
2022-04-06,1.16153168770177,0.6586220407025475,-1.9437322736963827,-1.0239151868014411,-0.47793583423096175,-1.4548017997481348,1.2669387211222325,1.3218218096617358,9.00000000000003
2022-04-07,1.0854535625584347,0.867643772912427,-1.777167203782007,-0.7741585022718286,-0.18309858666245804,-0.7904495189795491,1.4595171761142756,1.3218218096617358,16.999999999999993
2022-04-08,1.0152850583632589,0.8577242126365181,-1.5841765635870004,-0.8193948175610529,0.3121498208280883,-0.10969307601090747,1.5610773867676693,1.3218218096617358,12.99999999999999
2022-04-11,0.9499458433943379,0.9546886585070953,-1.4628029635850948,-0.8419134797241437,0.36287440397198734,-0.04950750745292854,1.6372606150499722,0.8368190449510764,14.000000000000012
2022-04-12,0.8885650040313431,0.9724185987036512,-1.194040100616256,-0.2288980660261341,0.497840683570709,0.8880855004012227,1.521152285262726,0.8368190449510764,12.99999999999999
2022-04-13,0.7502423729351705,0.46389021511373324,-0.6836135135623732,-0.20089771629215672,0.22951359954529565,1.3315783484024457,1.2436117560651805,0.8368190449510764,19.99999999999997
2022-04-14,0.6973048916344103,1.3871267112523704,-0.5480617828832414,-0.6141546459133588,0.03487788490183846,1.3609659384357515,1.0102275540283474,0.8368190449510764,6.999999999999984
2022-04-18,0.6456907599777867,0.28847605107738944,-0.5506754069494604,-0.4025282719545067,0.7429911197933334,1.6162388029302845,1.4308212671011131,0.8368190449510764,-4.0000000000000036
2022-04-19,0.5949050829681898,0.5537069887354309,-0.45675006397373635,-0.45688997450559615,0.8654243896736941,1.7557407859116012,1.3919884014275994,0.7708999323971514,-16.000000000000014
2022-04-20,0.45175070748039087,1.3774651569994985,-0.5511479738178182,-0.5776245224233634,1.347773257152516,1.0784744101817791,1.8421169342344033,0.7708999323971514,-3.000000000000025
2022-04-21,0.30090632417823926,1.8409508615596064,-0.5006213128013147,-0.7904348258834808,0.8152636864142776,0.4544645323626942,1.2221252536191256,0.7708999323971514,-4.999999999999982
2022-04-22,0.1361025722496211,1.6194264570362282,-0.34564984531417525,-0.12214836775836255,1.4434216960368356,0.20323024738398518,1.437164697175497,0.7708999323971514,-0.9999999999999787
2022-04-25,0.18155679390060733,0.4886401637566054,-0.11625663431305218,1.4997476143402935,2.513397187132748,-0.12731977536139183,1.3795848417706673,0.7708999323971514,18.000000000000014
2022-04-26,0.10502430350254022,0.6839621657455278,0.3949267798735268,1.2745616919966303,2.859964295716776,-0.10703933290337717,0.035449358246283424,1.3923316112211968,20.000000000000018
2022-04-27,0.005464793179323386,1.1205908706912446,0.7149148747311772,3.107622343990464,2.779542554464549,0.3531321179339985,0.31006843314716476,1.3923316112211968,11.000000000000032
2022-04-28,0.0596353344301266,0.8550595109157343,0.8414713385434726,2.4267448149974795,2.8028534494224586,0.4671684087948244,0.7785253824205399,1.3923316112211968,19.99999999999997
2022-04-29,-0.39917497333958984,1.0557377045508198,1.0636476856409756,1.8517398193258447,2.781351867120863,0.2919174443342134,0.9894936576147985,1.3923316112211968,23.0
2022-05-02,-0.354358680296983,2.27469843185612,1.0733138527012038,2.4250920519417156,2.0589890890279126,0.03983708318575343,1.0136896543360097,0.9767880302404458,5.999999999999961
2022-05-03,1.281142921073717,0.4780547997873488,1.4347195417028074,1.951845040745241,2.0813554619909147,0.6510440840657586,1.4191858094646905,0.9767880302404458,2.0000000000000018
2022-05-04,1.224585233112584,0.44263282943491983,1.148278168029141,1.180940491604628,1.776673333970594,0.009127791312920273,1.0650763605271714,0.9767880302404458,-2.0000000000000018
2022-05-05,1.1463996727746602,0.7194075338357837,1.4245066539028532,0.31977546610679136,1.5460049030746315,0.71166494065528,0.8093444174535601,0.9767880302404458,-20.999999999999996
2022-05-06,5.246782198838843,1.1386993170848616,1.5552235662750298,1.4737569223863056,1.6681716736751167,1.2622237379928318,2.1588215113018614,0.9767880302404458,-18.999999999999993
2022-05-09,3.6225208146576717,1.3079766590180415,1.392603208396304,1.1766413084077798,1.4578307334003602,1.6480264277456502,2.463313207980065,0.3860574495530958,-16.999999999999993
2022-05-10,2.918248492583065,1.1917894541789384,1.9413446072206713,1.9080042709640521,1.6749315876311595,1.7974424370229507,1.1641599027283347,0.3860574495530958,-1.000000000000023
2022-05-11,2.485901247572139,1.1991447621310924,1.6943745669131733,1.4496810488238998,1.6719313906280537,1.1635009410537818,0.8492733702648486,0.3860574495530958,-2.0000000000000018
2022-05-12,2.183347772743276,1.294390191523365,1.6275891929131352,1.2783254720990036,1.364809249836426,0.18871553117871745,-0.04992982525790876,0.3860574495530958,0.0
2022-05-13,1.996134475812803,1.5428643684335566,1.7026088479437123,1.05692352747931,1.7013356122746472,0.3784155004613677,-1.1735145910577574,0.3860574495530958,-15.000000000000036
2022-05-16,1.8062396070212763,1.024702187262677,1.8145343625301975,0.4532242416157416,1.3818489085085093,0.6588292678170969,-1.0717504959608228,0.2861781690582715,-2.0000000000000018
2022-05-17,1.68938106311233,0.48707985053962605,1.965917844839658,0.13159763782426956,1.2218477618381398,0.4375962976174707,-1.8680929740792545,0.2861781690582715,-22.00000000000002
2022-05-18,1.552208027325207,1.1512316437444126,1.687274453525787,-0.20795740918611766,0.7427613120292373,0.059972411281439875,-0.9751893451813952,0.2861781690582715,-14.000000000000012
2022-05-19,1.3971571836952057,2.4514871375079075,1.8130924423367725,0.7755900264081736,0.76720659922484,-0.7783279254378838,-1.5553487790147653,0.2861781690582715,-8.999999999999986
2022-05-20,1.2982044196597644,2.2802949906873753,2.031638512519144,0.3799850272763129,0.37373013477565165,-0.8790504185207971,-2.05740040401745,0.2861781690582715,-3.999999999999959
2022-05-23,1.1731219683225274,2.13787679096603,1.834327752308767,0.3502528372466099,0.28866204438191484,-1.2791560295961697,-2.1585256070753367,0.22546830938277673,-0.9999999999999787
2022-05-24,1.0960780510506551,2.5194291423047517,1.5591123434724286,0.07894501215524845,-0.16969442661271175,-0.8870496470078008,-1.6619892251644535,0.22546830938277673,18.000000000000014
2022-05-25,1.0251191987463983,1.6566923147603265,1.5365156266233995,0.2753870047891505,-0.2872466754552906,-0.183886684624833,-2.1173928759818073,0.22546830938277673,16.999999999999993
2022-05-26,0.9590279494812946,1.646644716460918,1.1272882691560915,-0.02194023760650203,-0.12561246129037343,-0.01859220758721179,-1.9680221408213918,0.22546830938277673,20.999999999999996
2022-05-27,0.897005004339702,1.640062231692311,0.8015662863613784,-0.29949363382138355,-0.34991555039273475,0.2818724087141627,-1.8512017932419167,0.22546830938277673,29.999999999999982
2022-05-31,0.8383053077788578,1.5475004966714674,0.813605108592982,-0.8166907855483546,-0.8147487423920057,0.043547547217966026,-1.7942320993011474,0.3123185547061843,12.99999999999999
2022-06-01,0.8197830063976879,1.1450686135132127,0.20558580915945848,-0.7625887849261226,-1.0839157826875039,0.8423182085673268,-1.4842870791758735,0.3123185547061843,8.999999999999986
2022-06-02,0.8025560561805126,0.9143671807247332,-0.590973765112354,-1.0129429923775186,-0.6200160230447941,0.25668099399611116,-0.832887941126337,0.3123185547061843,12.00000000000001
2022-06-03,0.7090499724878835,1.093672587097843,-0.5183507571724961,-1.496699708234582,-1.3605557957616694,0.09246063069191812,-1.004262875438478,0.3123185547061843,18.999999999999993
2022-06-06,0.6167550557654554,1.5206123458819887,-0.6834504737224965,-1.5690626506711707,-1.3371126797124868,0.5154743079335566,-0.9395633920295556,0.3123185547061843,39.000000000000014
2022-06-07,0.5662108469477775,1.5231381959408952,-0.8450572764805099,-1.3867691113257568,-1.2658519765811858,0.6191309995275706,-0.7107399856219688,-1.2953154243687064,51.00000000000002
2022-06-08,0.47097318556926876,1.942651159674332,-0.9616800578049063,-1.641611471426854,-1.1034444220338167,-0.6979105827607981,-1.0124310197351696,-1.2953154243687064,30.00000000000003
2022-06-09,0.3709826950403081,2.2120658257369867,-0.9678623940854356,-1.5494053889225559,-1.113806768923788,-0.384015402001247,-0.7926271687827388,-1.2953154243687064,23.99999999999998
2022-06-10,0.26291909535708174,2.021196558964157,-0.9807006729898039,-0.7997933929964044,-0.5214764790222038,-1.0123905166869434,-0.7972333532526482,-1.2953154243687064,10.000000000000009
2022-06-13,0.19762105953498543,2.011906208137871,-1.244541473247087,-0.23338510919361435,0.6387858468782005,-2.562956230263093,-0.6345859590608581,-1.4014287824215332,-12.00000000000001
2022-06-14,-0.011327428464764856,2.187079558997146,-1.7220957352811241,1.7945472926191632,1.7236605890761139,-2.8775923578704856,-0.918361190711776,-1.4014287824215332,-33.00000000000001
2022-06-15,-0.4447457803344589,2.0707214759536967,-1.5540370984106138,1.3528768968917722,2.0273386353573972,-2.3792265191670987,-1.0801513204999396,-1.4014287824215332,-24.00000000000002
2022-06-16,-0.6414747013523724,1.4600376803214097,-0.6229839121434615,0.3586247103634229,1.8235031787279248,-1.331361833810455,-1.3904639734589639,-1.4014287824215332,-14.999999999999991
2022-06-17,5.1783204219589285,1.4881185160518147,-0.37774147960810206,1.3304582288679079,0.9171391817257079,-1.1492471298129252,-0.7522375321626062,-1.4014287824215332,-4.999999999999982
2022-06-21,3.636875500522533,1.7645004240403313,-0.38843112742174574,0.7541000189086485,1.3336867793789555,-1.6349375134013011,-1.1391413581129084,-1.3230317567064067,-10.999999999999988
2022-06-22,2.9263044668701776,1.3346221449235347,-0.40313219497559283,0.4556351693195427,0.7992774606121379,-1.3505009355742468,-1.259208313070029,-1.3230317567064067,-6.000000000000005
2022-06-23,2.491266086334096,1.7650331778429214,-0.04479246610839832,0.13209559672112392,0.6952845033980861,-1.3100921233522635,-1.7246976090867363,-1.3230317567064067,-10.999999999999988
2022-06-24,2.156086286355657,1.813930721505221,0.21191604482735413,0.21968285475408975,0.898986730152688,-1.4429255907432932,-2.56592219554464,-1.3230317567064067,-25.0
2022-06-27,1.9937163133597038,0.9347531021474882,0.3751526595845065,-0.3763088801995565,0.663314428561826,-1.240992389903759,-2.642354538535465,-1.3230317567064067,-38.000000000000036
2022-06-28,1.9192525231569166,0.6821791233828234,0.11021594201737882,-0.43192267780544497,0.4461765467904537,-0.8556117715876141,-2.2721011516773437,-0.39294677436953995,-27.0
2022-06-29,1.798670764561924,1.0948336350301744,0.3853858890351014,0.10793597638447498,0.8421236440422557,-1.007028196604431,-2.0684312685161537,-0.39294677436953995,-9.00000000000003
2022-06-30,1.617613828745177,1.1659740501325675,0.5868372634943403,0.023502595063705577,1.1208692862314615,-1.544661666178851,-2.387019165305421,-0.39294677436953995,10.999999999999988
2022-07-01,1.4646716483782725,1.9571214859525023,1.1946035185753954,0.20093703144953798,1.0712288271378827,-1.2375370019384497,-2.48102350570763,-0.39294677436953995,11.000000000000032
2022-07-05,1.4094187230774424,0.4458177356999169,2.0348547652935625,-0.5221235121249188,1.431612859831752,-1.3482871868695543,-2.707949395157967,-0.1601271168171113,14.000000000000012
2022-07-06,1.3595259135245692,0.13543385845993336,1.899558473708704,-0.17280323800190062,2.072749227121508,-1.614950837819625,-3.15772090687634,-0.1601271168171113,-2.0000000000000018
2022-07-07,1.2646599216018803,0.371535890081469,1.7015230634163545,-0.45478807412678574,2.091524514161762,-1.8212275106246087,-2.2994334122915365,-0.1601271168171113,-4.999999999999982
2022-07-08,1.179357900695308,0.37697840892562284,1.209120890723518,-0.6728871497763785,1.7296589572444665,-1.5060065947540804,-1.953053495059877,-0.1601271168171113,-15.99999999999997
2022-07-11,1.0769353145837661,0.055352652706693144,1.0638335250513695,-1.1502358188274135,1.4429292400971285,-1.4759569345303478,-1.6042386286990964,-0.1601271168171113,-3.000000000000025
2022-07-12,1.0072524879132314,0.2042738157517128,1.12862764278922,-0.5359702542158699,1.7961652446485075,-1.7521270867272367,-2.3881220912573635,-1.317345515588353,4.999999999999982
2022-07-13,0.9672855883688304,-0.040368710757210415,1.0164184908494016,-0.10724984682127131,1.7275772310890327,-1.5509190203173926,-2.2919226241570447,-1.317345515588353,12.99999999999999
2022-07-14,0.8795481099520398,0.006699256750913717,1.066264748352057,-0.3021412784582214,1.5137429455226756,-2.446431155951124,-2.5365406200455776,-1.317345515588353,-4.999999999999982
2022-07-15,0.8216374056726126,0.5633537350151596,0.9366785111225523,-0.46637998541014186,1.818753343061074,-2.0334404583804204,-2.141826071003855,-1.317345515588353,-16.000000000000014
2022-07-18,0.7923006063846766,-0.21167150015765382,0.80200459958436,-1.2559571573754629,1.3823210642228534,-1.9295818617581102,-1.933099944324364,-1.9686673075089758,-14.999999999999991
2022-07-19,0.7380443537712584,0.24358239602884937,0.5995320204845628,-0.8668409531007982,0.9262947472835199,-1.7200449787752665,-1.9608446110992899,-1.9686673075089758,-19.99999999999997
2022-07-20,0.6855571688891579,0.5503980377245415,0.4009412429105123,-1.161595166831817,0.7040197665010739,-1.8086055103641834,-1.728758111149331,-1.9686673075089758,-26.00000000000002
2022-07-21,0.6057685128421719,1.0577146410337923,-0.1144780729229957,-1.3564644118989484,0.730754001152558,-1.6529188981503005,-1.5178870430081268,-1.9686673075089758,-23.0
2022-07-22,0.5553332571773681,1.6170223826574832,0.08944898460407533,-1.603658747857279,0.8899847722656693,-1.4164511596535232,-1.601647494278951,-1.9686673075089758,-10.000000000000009
2022-07-25,0.4728552332291025,0.6734356277679607,0.46141988996278493,-1.5945728216458168,0.5232355172658659,-1.4854012448206664,-1.763128645110511,-1.5462888256873784,-20.999999999999996
2022-07-26,0.4551252634595482,-0.13920355048433833,0.6672461230426726,-1.3984780737984701,0.48089687813721477,-1.2638690935108472,-1.7874178656603925,-1.5462888256873784,-6.000000000000005
2022-07-27,0.4024823363527028,-0.223333689904932,0.4396183845719847,-0.8883750215724198,0.6875914747221106,-1.3189706608937983,-1.5321735165946693,-1.5462888256873784,-4.999999999999982
2022-07-28,0.3479552211945321,-0.21673088706895433,0.48629066967362466,-1.3556673100049044,0.6917700855661519,-1.0216889244129124,-1.2854548099353462,-1.5462888256873784,0.0
2022-07-29,3.663374002914896,0.8785847223518606,1.7516136655666183,-1.6243228473047306,0.046610671305210245,-0.8874294127447142,-1.35328438638696,-1.5462888256873784,16.000000000000014
2022-08-01,3.6001011433459125,1.9623450448135853,1.0138450397071608,-1.8287188454399241,-0.2722253575986819,-1.1838612085606974,-1.2674342295804484,-1.2077878750727038,16.999999999999993
2022-08-02,2.9375691481223156,-0.8411864180913508,1.1944156130390278,-1.2586887987482225,-0.6312010429283474,-1.662699791655238,-1.6012041950562215,-1.2077878750727038,4.999999999999982
2022-08-03,2.557369783383962,-0.9017023257614462,0.0,-0.7776599940436939,-0.1575631650548296,-1.6035004242352653,-1.2261274883162632,-1.2077878750727038,4.999999999999982
2022-08-04,2.21013723683563,-0.3713662588424618,-0.07859251753596537,-1.5572403283333003,0.20655442650525624,-1.8694128039691496,-1.123274427023068,-1.2077878750727038,18.999999999999993
2022-08-05,1.977160257701569,-0.14329660239198455,0.3087078508293793,-1.6617489478003535,-0.39060920896623774,-1.6073207067386033,-1.1260753317829941,-1.2077878750727038,0.9999999999999787
2022-08-08,1.7667368953524636,-0.012775033157784638,-0.21902860965002569,-1.67639275556903,0.05262429886534513,-1.8599298331308052,-0.9172144861504321,-1.4148749912308631,2.0000000000000018
2022-08-09,1.6185075623953884,-0.0068009644532783615,-0.7518750806389507,-1.4925375380624994,-0.49318088793515735,-1.8985829670939058,-1.1489614712440892,-1.4148749912308631,2.0000000000000018
2022-08-10,1.5170235007716681,-0.23120348043898678,-0.8388891657540276,-1.198391656765265,-0.6412084225530819,-2.0050883508659183,-1.0734247578167018,-1.4148749912308631,11.000000000000032
2022-08-11,1.3788625291811027,-0.40167085091407506,-0.3601117023053595,-1.9070426020000715,-2.0576581557393325,-1.7003155492057815,-1.031506425128677,-1.4148749912308631,0.9999999999999787
2022-08-12,1.2819140798992559,0.0969819557822986,-0.4021725495150681,-1.6049248076274925,-2.0530804468800237,-1.0406760095251608,-0.6747238840754323,-1.4148749912308631,14.000000000000012
2022-08-15,1.1950360430742197,0.5966751262460996,-0.7519637547738872,-1.7843460101477306,-1.687261851489461,-1.3140560992462038,-0.7466182813905039,-1.7517214082162984,23.99999999999998
2022-08-16,1.140417913880399,-0.41727411196376,-0.7089217295286891,-1.4918321254505396,-1.1646623837076169,-1.25281313174783,-1.131904220309687,-1.7517214082162984,23.0
2022-08-17,1.0659059770859065,-0.7465563445543488,-0.6662413609440964,-1.5104974376798184,-0.8081382342854565,-1.3253633095959818,-0.9142783944389463,-1.7517214082162984,21.999999999999975
2022-08-18,0.9969892019187445,0.17838617459912626,-1.2799174226591037,-1.3352943822781684,-0.29292174138745636,-0.9688374565015156,-0.5663432295045789,-1.7517214082162984,14.999999999999991
2022-08-19,0.9080978245995276,0.6533879843932685,-1.1931783835994305,-1.384548233681732,0.0848661451871241,-0.5354669498106995,-0.6814782252438407,-1.7517214082162984,6.000000000000005
2022-08-22,0.8487830256624477,0.6989147138561357,-0.9070253775306,-0.8767366741711365,0.9059889925650748,0.10852562554327058,-0.34313806232931127,-1.3250820268319168,9.00000000000003
2022-08-23,0.7922638183005711,1.0291586390599539,-1.0603573884028188,0.5522579659288125,1.548584142627203,-0.006228975770164335,-0.4497514760896969,-1.3250820268319168,6.000000000000005
2022-08-24,0.7122422876174819,1.3727219805953659,-0.9947206895593637,0.7952000338152023,0.9164986463621915,0.5542690214461757,-0.13931425938139874,-1.3250820268319168,4.0000000000000036
2022-08-25,0.6603488988213424,0.9180048758593621,-1.1349194024107485,0.26022558626159503,0.9987342843508864,0.4665453736753501,0.19180883841109553,-1.3250820268319168,23.0
2022-08-26,0.6367026730053176,-0.5101443599893828,-1.450997056792911,-0.22164472236492716,1.0517799453851115,-0.2035580593915315,-0.7613989937893063,-1.3250820268319168,16.000000000000014
2022-08-29,0.5860284563353647,-0.7218469473549468,-1.7064851978359683,1.837708394949229,1.1080521460178299,-0.26706406782531045,-0.7282096804362463,-2.1127303036274987,20.999999999999996
2022-08-30,0.5355635727586439,-0.047349267037447886,-1.5722782271530902,2.1086993397914298,1.570039787833505,0.0902200943896349,-0.6807416327396699,-2.1127303036274987,16.000000000000014
2022-08-31,0.5159140750010326,-0.5157397796398732,-1.7883668190368458,1.9792056020898006,1.7086202691615715,-0.4097128164767995,-0.7388396729509272,-2.1127303036274987,14.000000000000012
2022-09-01,0.46472689281497936,1.3371240482763778,-1.568159992565775,1.699207482886256,1.42984690444033,0.17586632683528036,-0.15444290272714675,-2.1127303036274987,7.000000000000028
2022-09-02,0.41199203789775896,-0.9473988928461845,-0.8481626288475714,1.4545644508186015,2.212744656996123,0.7794919327743756,1.3282554965872824,-2.1127303036274987,16.999999999999993
2022-09-06,0.3565705527291948,-0.8789935642327394,-0.4697203263407046,1.3320331713312514,1.4167369889361983,1.3447265709035923,0.9158303185270841,-1.6301249148966983,8.999999999999986
2022-09-07,0.2961921098582874,-0.3881706280595174,0.08305858192846786,1.81793048601639,2.181395965454359,1.6604283170402543,1.2659119581929859,-1.6301249148966983,14.000000000000012
2022-09-08,0.15729837283811215,0.16832969371570078,-0.4213407429474555,0.8510010369498043,2.0218866328468135,1.5118009534374255,0.02383329628210687,-1.6301249148966983,16.000000000000014
2022-09-09,-0.46871843328404933,0.2562189299317462,-0.2150722951905928,0.4054256392253846,1.6478281718702974,1.4120132422014768,0.5439857693814328,-1.6301249148966983,12.00000000000001
2022-09-12,-0.46871843328404933,0.27082873360972676,-1.132712338492237,0.04957504207336567,0.9134154639270893,1.0175878639517781,0.8613038845005797,-1.6301249148966983,12.00000000000001
2022-09-13,-0.5483479902656561,0.8032897457523135,-1.09758980654626,0.474609346088706,0.4885791465905188,1.2391418241364254,0.12083755691537841,-1.9271314115149334,14.999999999999991
2022-09-14,-0.5483479902656561,0.1136373814335504,-1.5910861160664937,1.7575388700348629,1.3217033184881262,-0.13049261653921754,-0.9678362913444084,-1.9271314115149334,9.999999999999964
2022-09-15,-1.9801448893562466,1.0239069018524414,-2.1050546152179974,1.2482606756436831,1.2510231139172094,-0.5648849286524124,-0.43327423941914756,-1.9271314115149334,25.0
2022-09-16,-0.3726998535596102,-1.1325367790337313,-2.450576689858371,1.205976878924948,1.4853896118375618,-1.1001893085885286,0.5920126874748481,-1.9271314115149334,23.99999999999998
2022-09-19,-1.8011918935807791,-0.6584255329831489,-1.0912073542568552,1.13690785353837,1.374766734682732,-0.8465734661432934,0.8851740921733087,-1.6396245742976712,38.99999999999997
2022-09-20,-1.663131564460517,0.6402378678948989,-1.6490469896375262,0.8734089001047627,1.3692058309085164,-1.4622891919760939,-1.2367142498085524,-1.6396245742976712,40.000000000000036
2022-09-21,-2.632980642686409,1.4454186183617161,-1.894144004027068,1.3013965535991088,1.3537794512353596,-0.7320566974725237,0.3959960083084913,-1.6396245742976712,21.000000000000043
2022-09-22,-3.1059194122304437,3.4368673328484043,-1.9008265486476092,1.482660747665668,1.6683920091420188,-2.0088490958689538,0.011760637161488906,-1.6396245742976712,5.999999999999961
2022-09-23,5.280684079794128,3.5199277108701823,-2.393744655460862,1.1800896505290774,1.864183290325457,-0.9540008222745859,3.0053714618697094,-1.6396245742976712,14.000000000000012
2022-09-26,3.6737340170942585,2.2300480921546266,-2.0132836699897627,1.9278224812878817,2.4510254832529816,-1.8787839322402768,2.9353373007444885,-1.1771558128398218,-20.999999999999996
2022-09-27,2.946784865255227,1.6333451459510282,-2.869723400528316,2.43863000684461,2.840080735135045,-0.6458140025039703,2.8122734783348773,-1.1771558128398218,-35.00000000000001
2022-09-28,2.474242759017331,1.9953620622472845,-1.6283617839524336,2.2839712789158435,2.49981698213565,-0.04925266891445847,3.291569053319642,-1.1771558128398218,3.999999999999959
2022-09-29,2.174834448767269,2.420144647501287,1.0227177664815204,1.4473111270823777,2.082157376905612,-0.2945146958789387,0.6227589685814262,-1.1771558128398218,7.000000000000028
2022-09-30,1.8895653193299953,2.202593024004548,1.2973741317993186,1.843370824792457,1.6366145979725621,-0.8272827617575721,1.242181749303743,-1.1771558128398218,6.000000000000005
2022-10-03,1.7765056000545694,2.6046662338884463,0.8358576422264461,1.6911784737647038,1.5088981434519475,-0.6962556287093884,1.8954130549142982,-1.4483030275735216,26.00000000000002
2022-10-04,1.680700466484833,0.08225904319091414,1.5429595879523312,1.1438074760548609,1.1755562617047075,-1.2437010021354111,-0.4542612025609313,-1.4483030275735216,29.000000000000004
2022-10-05,1.6508938996659726,-0.19073309734632113,1.209568196550244,0.7402432037925212,0.6119988286312181,-1.43888400509284,-0.7627205080947986,-1.4483030275735216,21.000000000000043
2022-10-06,1.5195329990453503,-0.22174922535603603,0.48495102001349827,0.5175599005331264,0.9414027436982165,-0.48930074743624474,0.2709612502850622,-1.4483030275735216,16.999999999999993
2022-10-07,1.431402867749806,-0.19063693769975895,-0.3728923638259825,1.130084191643769,1.0949115149819748,-0.546022674008278,0.803977972268323,-1.4483030275735216,12.999999999999945
2022-10-11,1.3285893527183612,-0.29746350387825704,-0.2042032254675113,1.365124980473304,1.0628137762152252,-0.6148064459375426,1.2673565658037889,-1.7275642846106352,7.999999999999963
2022-10-12,1.2370218916600453,-0.3876775727575646,0.667124384998895,1.9680053673998488,1.1985974457285544,-0.19129158630117143,-0.17862495131901135,-1.7275642846106352,22.999999999999954
2022-10-13,1.1295961303205146,-0.041894971534202456,1.1895049671290832,1.7669708769250263,1.3933647149611224,-0.16812762192583713,-0.60282950444053,-1.7275642846106352,27.0
2022-10-14,1.0559556820876683,-0.11751729291998042,1.2464511376564549,1.1536626167654995,1.0697020635136363,-1.402859055293623,-0.8668227129900948,-1.7275642846106352,20.999999999999996
2022-10-17,0.9877527725791008,-0.4358676239416727,1.170444002630032,1.1016025572833008,1.3506287645370854,-1.1254518459167822,-0.7847890177544387,-1.7275642846106352,23.000000000000043
2022-10-18,0.9490404182555815,-1.1870127390994818,1.1195793025387881,0.8372563183343477,0.867640236153368,-0.5886961605851174,-1.761307256072486,-2.0541989426266314,8.999999999999986
2022-10-19,0.8622733168255717,-0.4002237407419695,1.0848702713061624,0.514934528067453,0.9748694898590397,-0.4383076142033067,-2.11433531669083,-2.0541989426266314,-9.999999999999964
2022-10-20,0.8051795910134643,-0.19740649020801937,0.7020895281875807,0.558456126969217,1.1954798933904642,-0.27423091217582846,-1.3112256057750367,-2.0541989426266314,-28.000000000000025
2022-10-21,0.7240934423024077,-0.33627309584078025,0.5687813899241189,0.25788442316588905,0.8869484184970574,0.1615028332856554,-0.7444671548183551,-2.0541989426266314,-19.00000000000004
2022-10-24,0.6446587401645482,0.13845096543399055,1.9828581096692235,0.09916706979747501,0.6254914554429946,1.6096933079702753,-0.9111707335966445,-1.672744267761535,-15.000000000000036
2022-10-25,0.5656187596345731,-0.2608915099936086,1.597206773319222,0.0807263840521811,0.810367440200762,2.080277913079357,-1.0556420160475282,-1.672744267761535,-2.999999999999936
2022-10-26,0.5447585235403937,-0.98701623454234,1.7772187213887416,-0.5944984278248404,0.3012342430948422,1.2748407407132254,-1.7583836066795202,-1.672744267761535,5.999999999999961
2022-10-27,0.5251771317705196,-1.1087892178545993,1.240468136161553,-1.11770057167638,-0.48308335572319777,0.8160679635411345,-1.8013864337047933,-1.672744267761535,17.99999999999997
2022-10-28,0.5076305831813867,-1.5501859708277441,1.25574076272779,-1.1158174074969465,-0.3869200731086651,0.9495861104124798,-2.1335548213811952,-1.672744267761535,15.000000000000036
2022-10-31,0.493179284288807,-1.090274283359581,0.7720811975206018,-1.8281753406458865,0.0055195443909990816,0.13814000753867522,-1.8782837592773813,-1.66438656978206,12.00000000000001
2022-11-01,0.44427716456384275,0.27625101741565883,0.5196012445825011,-1.7447277293307673,0.34977268798482275,-0.1752369034939088,-1.5440704013917765,-1.66438656978206,6.99999999999994
2022-11-02,0.39642917498940244,-0.8737520905155642,-0.157316790802235,-1.7789650361594378,0.024305222150701373,-1.1193341021495258,-1.6161911311005401,-1.66438656978206,2.000000000000046
2022-11-03,0.35889398909527653,-0.41536932793544595,-0.625129756213079,-1.6891159845221035,-0.20179041358337776,-1.6101650210897496,-1.3344600242693039,-1.66438656978206,-31.999999999999986
2022-11-04,5.198590954530669,-0.5264392347990743,-0.553397030566198,-1.7988150419310398,1.0224933765567346,-2.3404972603781724,-1.2105859985106648,-1.66438656978206,-29.000000000000004
2022-11-07,3.64556546368859,-0.30231513021389933,-0.2798898974526058,-1.9545664569022618,-0.7256166170842905,-1.1383438355479014,-0.8458706896367955,-1.7277770989268066,-41.99999999999999
2022-11-08,2.875000488665103,-0.09063897330181893,-0.3545191999753658,-1.8386861120507398,-1.9796714453638262,-1.290151395510477,-0.9164245330728357,-1.7277770989268066,-46.99999999999997
2022-11-09,2.457607284657573,-0.20288780952045884,-0.39213844721059266,-1.308441780894682,-2.6339712130021007,-1.5717257745122803,-1.1612162097527499,-1.7277770989268066,-35.00000000000001
2022-11-10,2.1634771927055723,-0.06555442812204929,1.2174534375579718,-1.0409165459537193,-1.9361015437862965,-0.9709793127148818,-1.2712763971753147,-1.7277770989268066,0.0
2022-11-14,1.939943417004896,-0.6793072310764509,1.6165807537443135,-1.784610952286617,-3.008972590216049,-1.2781922607798561,-2.359959809519931,-1.7277770989268066,-4.999999999999982
2022-11-15,1.7886879739036232,-1.3643345328359349,0.05773502691944114,-1.5815235553148204,-3.36969723865099,-1.1956803333163957,-2.1324353155995186,-2.017010851327101,-4.0000000000000036
2022-11-16,1.6625201798660059,-3.4589070316036348,-0.6272710744851769,-1.2234354395607216,-2.975894795940911,-1.6793282790150275,-2.173313074557101,-2.017010851327101,4.0000000000000036
2022-11-17,1.5549449458126647,-2.6366577428097475,-0.4257443776787843,-1.2704888574403268,-2.4023683840858534,-2.5696414847950604,-2.3963731967145945,-2.017010851327101,-8.999999999999986
2022-11-18,1.4118960442701392,-2.029278184377002,-1.3623077881877645,-1.2403626727595631,-1.778799700684557,-2.107483014685667,-1.8200811854218464,-2.017010851327101,-12.99999999999999
2022-11-21,1.3112176445929224,-1.8505490790472094,-2.003993522067243,-1.3895523205313174,-1.6995219012481961,-2.123848535507916,-1.5843167775342106,-2.017010851327101,-8.000000000000007
2022-11-22,1.2213210421088412,-1.4819771262282397,-2.5194326709951844,-1.4957017450107837,-1.111275394064131,-1.611222136728325,-1.6804180063241154,-1.6539183932735282,-7.999999999999963
2022-11-23,1.1399733401977772,-1.729912544328981,-2.39720101432738,-1.667370849079703,-1.290586521718747,-1.9166034826238127,-1.7929992214528163,-1.6539183932735282,-18.000000000000014
2022-11-25,1.0413256302397933,-2.1013536237441888,-2.58777200261417,-1.8204077307148596,-1.4476524459587794,-2.006844725080863,-1.8199882639374108,-1.6539183932735282,-17.000000000000036
2022-11-28,0.9983599501979423,-2.386082256870526,-1.9130576319859722,-1.6910053624520818,-1.5513493784971788,-1.7574896116521386,-1.803638373998573,-1.6539183932735282,-8.999999999999986
2022-11-29,0.9339303460603177,-1.8279577899921862,-1.8255839796494953,-1.1220569915424679,-1.3073258066775888,-1.7979051137660493,-1.6379151145038087,-1.9427195430581112,-24.00000000000002
2022-11-30,0.897837830862993,-1.5511196122864592,-1.5822338855077493,-1.1656544859576086,-1.194427405282327,-1.412488571677623,-1.2510019168134077,-1.9427195430581112,-26.00000000000002
2022-12-01,0.8638771741384741,-0.7813787190293181,-0.6684563637839854,-1.5059467450130688,-1.1864258334168631,-1.1332267828075688,-1.3572375234463527,-1.9427195430581112,-4.999999999999982
2022-12-02,0.8067731252493792,-1.5676738721664627,-1.1639801402341525,-1.6434866621496471,-1.815325615877013,-1.1787912799591536,-1.5927893050816655,-1.9427195430581112,6.000000000000005
2022-12-05,0.7261783942961548,-1.4584717021614628,-1.5892064234571255,-1.7951228486815582,-1.6801911646013605,-1.389762880254446,-1.5684261844841285,-1.9427195430581112,0.9999999999999787
2022-12-06,0.6739688194957448,-0.8155330855793714,-1.7707295020650673,-1.1735213066934582,-1.2771652867450687,-1.5165888038756474,-1.2665165942203624,-1.6457099274932159,0.0
2022-12-07,0.595127418791845,-0.5261808747995491,-1.7858189152890491,-0.6313783555049107,-1.0168706997200136,-1.5459149350694474,-1.5050620047531607,-1.6457099274932159,7.000000000000028
2022-12-08,0.5447306686988302,0.07632266747985343,-1.7900868400503707,-0.38792394913411804,-1.0842086845408923,-1.5428824640027907,-1.4519146028505308,-1.6457099274932159,-4.0000000000000036
2022-12-09,0.4940105478114339,0.438865578236995,-1.9424578283383775,-0.4969132030768511,-1.1870516511297424,-1.4045567131491206,-1.139789115362168,-1.6457099274932159,-8.999999999999986
2022-12-12,0.44221838896334614,0.03641830721860239,-1.8512158379558101,-0.20599234806901695,-1.1067104646625405,-0.8896717961142182,-0.8743023862954001,-1.7132536823327187,-4.0000000000000036
2022-12-13,0.388311500555839,0.20441285549051705,-1.8461735392969465,0.880090195752641,-0.8624156064939543,-0.9851299260201876,-0.9169865166573269,-1.7132536823327187,18.000000000000014
2022-12-14,0.3306453065314767,0.5278925371296554,-1.5071117648865973,-0.2705834968362707,-1.2714369287836018,-0.4168378733783225,-1.092450954089162,-1.7132536823327187,18.999999999999993
2022-12-15,0.2661477070772613,0.7896306634305683,-1.1341914364803485,-0.9173424716119509,-1.2251223875283643,-0.6047394790329503,-1.028544596406923,-1.7132536823327187,23.0
2022-12-16,3.115815438898074,-0.23518903492141693,-0.9218428152043349,-0.0012438320820704262,-0.7719667109134115,-0.9683411001998404,-1.1739269329062776,-1.7132536823327187,27.0
2022-12-19,3.66796505305387,-0.14695820083566122,-0.7947147124490713,-0.05839275300485227,-0.6685674844520141,-0.048275725985001065,-0.8624864793443824,-1.4526396614843533,27.0
2022-12-20,2.8580687890298226,0.03339697196556658,-0.7432297984588705,-0.12114491939307664,-0.7342476553119374,0.07691523043178838,-0.6995572047830759,-1.4526396614843533,18.999999999999993
2022-12-21,2.445459849878547,0.5096063254318872,-0.620101576682042,-0.6180073305284118,-1.024595106433628,1.249020228801151,-0.04464313921349844,-1.4526396614843533,14.999999999999991
2022-12-22,2.1538556135428837,1.414604243945201,-0.4255920954063449,-1.3498755187887514,-0.8799178923998046,1.571737478511698,0.10529423565358952,-1.4526396614843533,20.999999999999996
2022-12-23,1.931853608518916,1.7293983326410918,-0.5298736085387327,-0.18308306619400777,-0.8861000518624309,1.2186438837537732,0.0486044885315405,-1.4526396614843533,4.0000000000000036
2022-12-27,1.7543491039001613,1.6636255639934727,-0.39811613713539745,-0.8390042955466485,-1.2007207523437526,1.3980466558813212,0.8893270962437935,-1.2575036346572843,-14.999999999999991
2022-12-28,1.607310114474225,1.707951907738355,-0.15147820303958492,-0.26398454356709133,-1.4126491213819325,2.1499573439519137,0.7365279157861859,-1.2575036346572843,-16.999999999999993
2022-12-29,1.4820310085061539,2.59665062356904,-0.18302916859081972,0.11857019198133102,-1.0226230155372606,2.459902345940431,1.1769548899266027,-1.2575036346572843,-28.000000000000025
2022-12-30,1.3730782808151745,2.443018338639213,-0.11301530721467473,-0.3292513469271576,-1.3566730783945138,1.642390133563678,0.8918472990229259,-1.2575036346572843,-35.00000000000001
2023-01-03,1.2767344636162041,3.920729889015125,-0.29408864559459386,-0.0967631269573313,-1.5075319889802443,1.3653802601858733,1.5506395275461058,-1.2575036346572843,-18.000000000000014
2023-01-04,1.226960204683605,0.2969144312693726,0.3747855087914456,0.9598635002546084,-0.6803247918091353,0.6371689796425704,-0.21365863646506447,-1.299505809062128,-14.999999999999991
2023-01-05,1.1085608606164035,0.6629107865871776,1.083922687682399,0.2500066812587949,-1.3046737730449312,0.10275819292870808,-1.2828482131276824,-1.299505809062128,-27.99999999999998
2023-01-06,1.073082909171136,0.7459390713004814,0.4657364227930479,0.6322058958969626,-0.5368325414637395,-0.48598483003508786,-1.9704105021046732,-1.299505809062128,-5.999999999999961
2023-01-09,1.0036763352616271,0.38004426888509063,1.139090287072163,-0.5015333735128216,-1.8824772713403524,-0.052741125751325,-2.907515205391299,-1.299505809062128,0.0
2023-01-10,0.9390098867650751,0.25227706666416644,0.2973979567232803,0.17461908496542128,-2.801549213250166,0.18559803107200817,-2.736349527164452,-1.286877464018466,-23.99999999999998
2023-01-11,0.8780850347591246,0.1423156876882604,0.3247458343955824,-1.0481156457231662,-2.3572550239664234,0.4190569539392669,-2.1139766119086456,-1.286877464018466,-14.999999999999991
2023-01-12,0.7823340682151773,0.1617031310039216,-0.15572088330340306,-0.5656266694322222,-2.2350276066811388,0.12244177690615236,-2.1890697445831253,-1.286877464018466,4.999999999999982
2023-01-13,0.728416158748803,0.15772963853652486,-0.45735792301303685,-2.227921340176505,-2.7114007490682765,-0.1589307705853109,-2.1896565311180916,-1.286877464018466,2.9999999999999805
2023-01-17,0.6761993281233805,-0.1209681484501613,-0.7961300570630386,-2.321300018775081,-2.6108462301456052,-0.5079877992262014,-1.7470121555485614,-1.5630522393929338,-6.999999999999984
2023-01-18,0.6657875938440156,-1.1184426012422495,-1.5387482863838868,-1.553248628356801,-2.241923938297538,0.18872469528581912,-1.6043356431080906,-1.5630522393929338,8.999999999999986
2023-01-19,0.5726084405722314,-0.7434725739630017,-0.44677712764159094,-0.9259223142580117,-2.0950787132601882,-0.19738733917414195,-2.036754314126864,-1.5630522393929338,10.000000000000009
2023-01-20,0.5662299239173296,-1.0107157666902182,0.19147591184639276,-0.7832596578122208,-1.5173967148900749,-0.3312544619704423,-1.8388714310791463,-1.5630522393929338,4.0000000000000036
2023-01-23,0.46907814139085713,-1.2233793985562995,-0.02839414396930263,-1.1943417433034547,-1.601392931224568,-0.009804669013184445,-1.3959364108468968,-1.5630522393929338,2.9999999999999805
2023-01-24,0.4164838544408142,-0.6864034278673883,-0.4633289058474441,-1.1418214446981791,-1.6261344226494998,-0.3737046593416925,-1.1957964160881478,-1.3625897207493745,6.000000000000005
2023-01-25,0.3611598102691825,-1.5811866761298878,-0.9381242210820228,-1.456973747648211,-1.5330800092603851,-0.12899509274232512,-1.2973945075222046,-1.3625897207493745,-6.999999999999984
2023-01-26,0.3635422875354464,-1.6474053763302818,-0.5740414378647193,-1.4284387350683343,-1.5051771267525158,-0.06063702928485955,-1.2088907591925737,-1.3625897207493745,-9.00000000000003
2023-01-27,0.229009913508145,-1.6031340040961244,-1.8572295918042456,-1.662105660203109,-1.369678851648838,-0.4577269839061921,-0.9897579653301913,-1.3625897207493745,0.9999999999999787
2023-01-30,0.13730947126811544,-1.6624680040305673,-2.4357974525611117,-1.6782680640981655,-1.3383861376098298,-0.3585685828001425,-0.8957570087654257,-1.4420545996576803,8.000000000000007
2023-01-31,-0.6436503043781042,-1.1527765942850814,-2.36062470963249,-0.6130985629492404,-1.2631540910921544,-0.7450110698805161,-0.7026026388884037,-1.4420545996576803,14.999999999999991
2023-02-01,1.1389793035597233,-0.9972284654613113,-1.6022348093208436,-0.9406306985716707,-1.1289852892922099,-0.7018286137304957,-0.699989735491592,-1.4420545996576803,23.99999999999998
2023-02-02,1.3904435744215957,-1.1609245192259567,-1.311959214865675,-1.8903216549292923,-1.2993492861160738,-0.8231534813377094,-0.9665870605355648,-1.4420545996576803,27.0
2023-02-03,5.2675994752386455,-1.010449104475488,-1.730983812158127,-1.1984325712568034,-1.411548262951192,-0.6890272779174024,-0.8711293681274391,-1.4420545996576803,21.000000000000043
2023-02-06,3.589861592864124,-1.034038515335894,-2.30289066954199,-1.3767361573572325,-0.5157596759872286,-1.5738640787992788,-0.49644453674622807,-1.522319293375721,9.00000000000003
2023-02-07,2.899819792891866,-0.7179912875298404,-2.734542966946881,-0.5870469209517486,0.3103369336738832,-1.8922453553036898,-0.11217918160900377,-1.522319293375721,10.000000000000009
2023-02-08,2.4735977370583373,-0.7908330250679948,-2.2596491447363247,-1.0527193718735197,0.21932168706655952,-1.6274669424127282,0.09241572229689833,-1.522319293375721,18.000000000000014
2023-02-09,2.1743258112505326,-0.7287108315896927,-1.4834968911188786,-0.34453038119154544,0.10705192860214034,-1.7069349633975759,-0.044483259783133916,-1.522319293375721,18.999999999999993
2023-02-10,1.947625388667009,-0.6873488782511229,-1.26388099580185,0.4440510893786809,0.016739531501394827,-1.5363732796187757,-0.02011149057056,-1.522319293375721,7.999999999999963
2023-02-13,1.7669922139330434,-0.7708422526563429,-1.0654947813259692,0.3672327420876583,0.2322898991587204,-0.966665177106707,0.31853833879243293,-1.7322770919832426,23.0
2023-02-14,1.6177412626775014,-0.14521901185516042,-1.1101148153580613,0.25815566466959466,0.14146203682314623,-1.5138646645458735,0.2191253436050612,-1.7322770919832426,16.000000000000014
2023-02-15,1.4909796517553773,-0.4333583813278985,-1.3679583603460315,-0.7680307237668503,0.1379261427378949,-1.9386419419677359,0.877573665686866,-1.7322770919832426,6.999999999999984
2023-02-16,1.3809856395417766,-1.2462791636899853,-1.169941671559249,-1.2644715895851137,0.8350381425012335,-1.5167323207970234,1.569140610236472,-1.7322770919832426,9.00000000000003
2023-02-17,1.2837749258806095,-0.9105433679883966,-0.8813140033610942,0.42570768144258075,0.9454683416389672,-0.6542509307919065,1.7540996591967255,-1.7322770919832426,10.000000000000009
2023-02-21,1.1966380022847745,-0.4647882976059693,-0.204539242043422,0.4105651633252976,1.3091851462586281,-0.9459367833623409,1.43814294250119,-1.5196678258029979,-3.000000000000025
2023-02-22,1.11750708012545,-0.6316292301280463,-0.4128789183160397,2.821882277055259,1.4993411740890932,0.03779397768362968,2.2762364173738194,-1.5196678258029979,7.999999999999963
2023-02-23,1.0448399942347002,0.5938602951443522,-0.6475484226071511,2.254643181691783,1.7103888235867595,-0.08798888072843945,2.0281148167983614,-1.5196678258029979,20.000000000000018
2023-02-24,0.9774374723575764,1.2840509877313728,-0.44642887197204606,1.2257407054993075,1.919775317037638,-0.8575889825819969,1.483514714281004,-1.5196678258029979,2.0000000000000018
2023-02-27,0.9142899248405334,1.3076651266948967,-0.3953987443686576,1.6204908125195006,2.2822877166029207,-1.5796955584656187,1.7314048293020554,-1.5196678258029979,6.000000000000005
2023-02-28,0.8546636574999671,1.8606993031772772,-0.1793220978671077,0.9584108520705273,1.8623062058114683,-1.8761448320606662,1.1698206938292437,-1.8381830758392121,5.000000000000027
2023-03-01,0.797895421349567,2.3724688074684464,0.3792822956962893,0.6997624564850483,1.6399301056673474,-2.0834262430218677,1.1662899420072006,-1.8381830758392121,-2.9999999999999805
2023-03-02,0.7434419159242196,1.168685578657104,-0.6447365430861189,0.5638566546954566,0.8013883200068912,-1.7836320482594417,1.5651154999987373,-1.8381830758392121,-14.999999999999991
2023-03-03,0.6907056829994261,2.1808178320259803,-0.93997451523489,-0.2421698449353372,1.2624933627338586,-0.7397918731866713,1.8555812850224578,-1.8381830758392121,-27.0
2023-03-06,0.639271198297813,1.8908209696175475,-1.4374216943298448,-1.0872489460258092,0.8190920585590469,-1.712642206897508,1.0009282257214174,-1.5831392354651204,-43.000000000000014
2023-03-07,0.5885575672353278,1.8010484626323722,-1.396180105662172,-0.9394345559295708,0.463920263003059,-1.8240706929792743,0.8661869051823288,-1.5831392354651204,-33.00000000000001
2023-03-08,0.5380777841632276,1.3965130792599172,-1.3449575796753448,-0.14024795743820043,1.4273923999833458,-2.8248913099538924,-0.088615304623177,-1.5831392354651204,-47.00000000000002
2023-03-09,0.4872157939105457,1.6304608628738895,-1.2828411871728538,-0.5255519715652274,1.3188787024542226,-2.767898952161409,-0.22364235470558444,-1.5831392354651204,-37.000000000000014
2023-03-10,0.4352283325350852,1.9868842235195876,0.14176344918597744,2.047163846856397,1.2312564010582903,-1.6301667579776347,-0.6176455234928337,-1.5831392354651204,-31.000000000000007
2023-03-13,0.38092734311306303,1.2720868024797636,2.610133763775702,2.9680767009440663,0.9499328048681024,-0.8651841712428138,-2.1199226691694273,-1.7376558902079127,-7.999999999999963
2023-03-14,0.3225861112212066,0.2963670402221516,4.131113803743156,3.166614827167422,0.5129604485097993,2.932383406954165,-2.06336174161456,-1.7376558902079127,-5.000000000000027
2023-03-15,0.25679768316880947,-1.011093446630717,2.9680163753175877,1.5942345765024863,0.6056137560519518,2.04441208466814,-1.393087579447939,-1.7376558902079127,-2.9999999999999805
2023-03-16,0.825124489379422,-0.7999820367814255,3.2783848184109705,2.3892551321998283,1.805621338946875,2.733479070856132,-1.353418190574128,-1.7376558902079127,-18.000000000000014
2023-03-17,2.7093587803368986,-0.6600447911820483,2.3610365834848173,0.9426770365729527,1.319931950305361,1.490787948730357,-0.9553874012049914,-1.7376558902079127,-1.000000000000023
2023-03-20,-0.25731312766298725,-0.06313999926739487,2.3995553858519427,1.866594586274084,1.1737641168799249,2.317829804952235,-0.6275733355268712,-1.4414249295482413,5.999999999999961
2023-03-21,-0.25731312766285014,-0.2225043799192626,2.0049532693989427,1.2075097056253512,0.23700098814016243,1.918326739839813,-2.1109477927617877,-1.4414249295482413,-4.0000000000000036
2023-03-22,-0.25731312766298725,1.2549488291056803,1.3403568524730007,0.011096009687822022,0.011620873203503568,1.0762305105700543,-0.9482766348582595,-1.4414249295482413,8.999999999999986
2023-03-23,-0.25731312766285014,2.2858494164237966,1.552671988537629,0.34291903501423626,-0.48787178442839235,1.5307534297735037,-1.6744029914086134,-1.4414249295482413,16.999999999999993
2023-03-24,5.241534528224772,1.4935893548719223,1.987645708768699,0.4558946671398202,-1.914570156352182,1.8816088953870795,-1.783052169745688,-1.4414249295482413,10.000000000000009
2023-03-27,3.659555529091299,1.187588737361738,1.6974324428840013,0.05834286013889734,-0.7760647765103029,1.7135039544574102,-1.6977905803982414,1.9266643701974941,-9.999999999999964
2023-03-28,3.0251911784206222,1.1360758109146247,1.2991629941060683,-0.4455050530578657,-1.153811628465183,1.4495999937590898,-1.6663169843210746,1.9266643701974941,-19.99999999999997
2023-03-29,2.798383290689742,1.2145069765895895,1.2104642155130405,-0.7153858804475961,-2.033908408309344,1.0895418691110257,-0.8543875257387578,1.9266643701974941,-27.0
2023-03-30,2.3283075348974958,1.544688135162932,0.9172863339092862,-1.0960235074531826,-1.96028726986821,0.8461224656173947,-0.6949428005486514,1.9266643701974941,-25.0
2023-03-31,1.9898761640194877,1.552684640993107,0.637834600476103,-1.1704691181156424,-2.231409151183758,0.6181939904496007,-1.6452485902717982,1.9266643701974941,-8.999999999999986
2023-04-03,2.1592726079857174,2.6122296826809515,0.5910694283280306,-1.2642905654129761,-2.080615970057138,0.44985716549638166,-1.2709705529463045,2.226724152016821,-2.0000000000000018
2023-04-04,1.7318768703966887,0.5891046370470774,0.5498841631012291,-1.2805189066406084,-1.9393026972514675,0.5974206486091242,-1.6613504839186137,2.226724152016821,8.000000000000007
2023-04-05,1.5196414280198236,0.5169588994547945,0.45022065780032017,-1.0186922542136423,-1.9621116733134052,0.7859809828953791,-1.8082880528451664,2.226724152016821,11.000000000000032
2023-04-06,1.2687035940501814,0.7895373909235319,0.6384759226305612,-0.927266027145327,-1.6266253641992174,0.7431281287392464,-1.798883727749612,2.226724152016821,15.000000000000036
2023-04-07,1.1830231474485002,-0.19198122398008058,0.4145319621040952,-1.1457598538992317,-1.4868451270445981,0.5669850492489259,-1.860312131019352,2.226724152016821,12.99999999999999
2023-04-10,1.1050635064436922,-0.20806134533185136,0.3709366077214021,-1.0788361192478975,-1.3336907712907355,0.2583921651809877,-1.5156240442621025,1.6601690772448667,18.999999999999993
2023-04-11,1.0333483534789325,0.6833373898089665,0.2046162496231173,-0.8146299367056271,-0.784084105935941,0.17397828774616522,-1.8562125096020874,1.6601690772448667,14.999999999999991
2023-04-12,0.89804379471999,1.3896456965237907,-0.08467043575502003,-0.7351886187575123,-1.0183538943528527,0.08381129347592745,-1.4763568612314804,1.6601690772448667,18.999999999999993
2023-04-13,0.8395385370051992,1.3717675793274917,0.06095231717051898,-0.7134002464073591,-1.4841753763311407,0.32809354550109127,-1.400668595322507,1.6601690772448667,8.999999999999986
2023-04-14,0.78374610125838,1.4886139492696029,-0.06673793568646254,-1.1673474353279685,-1.929393514508995,0.4341136308634223,-1.537200381649025,1.6601690772448667,4.999999999999982
2023-04-17,0.7301195983504617,0.5935421235634016,-0.29472911390136514,-1.3970705528568752,-1.3499232015436986,0.13142525374580047,-1.3304150213221548,0.9760909116535496,-8.000000000000007
2023-04-18,0.678163328284498,0.6009168666232722,-0.6474124994901129,-1.3883246649660352,-0.8807555621002514,-0.03332411337691253,-1.2339238226537705,0.9760909116535496,-18.000000000000014
2023-04-19,0.6274081196634272,0.3484203418407104,-0.901786315326368,-1.3562826862709902,-0.984925955311721,-0.31566225748829857,-1.2187124383874615,0.9760909116535496,-16.999999999999993
2023-04-20,0.5773864208969228,0.9904111921066903,-1.1585584180541297,-1.4107368763022947,-0.7349968542365702,-0.7427855929651188,-0.8382616964636992,0.9760909116535496,-1.000000000000023
2023-04-21,0.5276032641573649,0.7478840962265261,-0.9253566576026523,-1.0915255138947375,-0.8628411588127946,-0.6712342557447858,-0.8994165901394422,0.9760909116535496,-12.99999999999999
2023-04-24,0.4774971631235497,0.8534259697103228,-1.1759586627558622,-1.1551244200591209,-0.6130168642652654,-1.0552740725398848,-0.7863948126046222,0.7655139863457785,6.999999999999984
2023-04-25,0.426380088773522,1.0093169682093186,-1.1037741395898224,-1.0794456548294178,-0.6763998740806143,-0.9889101814401151,-1.3376272124037019,0.7655139863457785,4.0000000000000036
2023-04-26,0.37333381859684495,0.5600911932894685,-0.3702846944279445,-0.34044180270882235,-0.19032247852205766,0.8623812831832178,-1.459341352923449,0.7655139863457785,-5.000000000000027
2023-04-27,0.32021043109463543,0.5739805923312902,-0.030094583358863343,-0.24510004362908488,-0.46711624012070785,0.7695714466354739,-1.4144327315872862,0.7655139863457785,-15.99999999999997
2023-04-28,0.36695954919677526,0.4428420207381151,-0.5887088762403994,-0.9695158646450043,-0.2682633533719452,-0.21861239758501147,-0.9047707480559231,0.7655139863457785,0.0
2023-05-01,0.3074477515739724,1.3015526701868987,-0.38776989152347113,-1.5573413862117258,-0.5315743245804526,-0.9931551893716913,-0.9290439684032207,0.5466709703567945,-6.999999999999984
2023-05-02,0.23948218676088712,-0.44265529762694406,-0.6504773408278979,-1.4144463329605697,-0.07985448741510073,-0.23824906609008079,-0.9902964479784762,0.5466709703567945,8.999999999999986
2023-05-03,0.15224870605346,0.10993350326134613,0.9215200292757681,-0.4153697605525613,0.37922229169816685,0.029413519532068777,-1.6997702219512727,0.5466709703567945,5.000000000000027
2023-05-04,-0.06148955031516331,-0.07822724506061718,1.496109737478086,-0.01491051296365312,-0.6927730894338834,0.3411298387215965,-2.0419502437673582,0.5466709703567945,2.0000000000000018
2023-05-05,4.989031342311831,-0.45020736648062337,2.179083413316188,1.3058781577196514,-0.8326254573215337,2.2692550141045427,-1.9232351861702903,0.5466709703567945,2.0000000000000018
2023-05-08,3.5656792518888434,-1.2369703781833057,1.633940027506182,-0.7588839512177089,-2.105205971018422,0.9109723653072761,-1.3880676751508592,0.2810467623664345,-2.0000000000000018
2023-05-09,2.885986615700905,-1.0002985540857885,1.6142098467637949,-0.8851290290682369,-2.0205626743187692,1.0094750320208985,-1.1266487682584898,0.2810467623664345,1.000000000000023
2023-05-10,2.4691901068382416,-0.8687926493792811,1.7360868037159143,-0.20146917692876556,-1.1984560211970992,1.0218923577826033,-0.9060911773572876,0.2810467623664345,13.999999999999968
2023-05-11,2.172771791760632,-0.6074982254413615,2.267887648965743,-0.8423376739853042,-1.7753550246460381,1.1492421373907271,-1.2804479683229164,0.2810467623664345,25.99999999999998
2023-05-12,1.8647418765086143,-0.37997061543396,1.9133511606716276,-0.7949415739624928,-0.4149539695876199,0.6078526633982096,-1.2205121819641718,0.2810467623664345,24.00000000000002
2023-05-15,1.709647430277954,-0.6436714854839083,1.279235627765626,-0.654285039577926,0.594590515439167,0.2385068309432656,-1.0356788610693453,-0.17657349057232322,22.00000000000002
2023-05-16,1.6496279269246727,-0.8560277082171625,1.8773413376478818,-0.5291104650569237,-0.008177446305418468,0.7147311546272487,-0.2475344082978469,-0.17657349057232322,16.000000000000014
2023-05-17,1.4438926104967504,-1.277260455423052,1.8126068209725155,0.32390521923276316,0.02921980713271882,0.22698283653920986,2.263795137699206e-15,-0.17657349057232322,16.000000000000014
2023-05-18,1.3396462042129205,-0.9724001704980857,1.4717646379408726,-0.6975983522027911,1.2662542422438214,-0.25185501229091023,0.0456304555333578,-0.17657349057232322,18.000000000000014
2023-05-19,1.2469568672692897,-0.44425730899458915,0.7550137379120361,-1.3936785364067004,2.339930446484529,-0.8870598391530987,0.3835209127857426,-0.17657349057232322,9.999999999999964
2023-05-22,1.1633940537475547,0.5360799041718135,0.5040829636918182,-0.6165449537427246,1.4261095068542247,-0.7175579590601499,1.1565266453799186,-0.22522125966236828,-3.000000000000025
2023-05-23,1.0871500464153103,0.4610662751348869,0.5773110056823674,-0.17983898632384193,2.0998717720968156,-0.564145909025901,0.187517636803342,-0.22522125966236828,-6.000000000000005
2023-05-24,1.016707300278065,-0.044035632810142424,0.5319768790930646,1.2028462604267653,2.3534942834117687,-0.4235078388249083,0.6367084849844169,-0.22522125966236828,-12.00000000000001
2023-05-25,0.9511142014929574,-0.17543338111571063,0.3845324540104578,2.5397228269006096,2.333895414695707,-0.7410982877650069,0.6535982950048246,-0.22522125966236828,-14.000000000000012
2023-05-26,0.963159164725298,-1.723765428937634,-0.53593881874202,1.5675732394748516,2.664784152412754,-2.0385730108267057,1.546339255660769,-0.22522125966236828,-10.999999999999988
2023-05-30,0.9009385182385483,-1.7946103079731894,-0.5642330907521915,0.43889744639443223,2.0380813582998365,-2.6525204954708292,1.5692792775114803,-0.6293239944542777,1.000000000000023
2023-05-31,0.8420892108193077,-1.3708196298429762,-0.15299164531243054,-0.029692247973139956,1.7362110139250089,-2.6037411635872374,-1.5682196670136528,-0.6293239944542777,14.999999999999991
2023-06-01,0.9386298092975559,0.17486089394773294,0.029804872528143928,0.38294687340036904,2.1238710113253974,-2.2174617910714716,-1.6189859537312992,-0.6293239944542777,12.00000000000001
2023-06-02,0.8791876950775176,-2.259038842857338,-0.1685165182656842,-1.6675451336474614,0.7106267003677624,-1.6789678686408267,-1.5943720947448392,-0.6293239944542777,6.000000000000005
2023-06-05,0.7429924423527028,-2.374786921312709,-0.7674988810380358,-2.290025618295385,0.6021009581371871,-2.312176944971807,-0.7825901170698755,-0.6293239944542777,4.0000000000000036
2023-06-06,0.6073731385884467,-2.316042046107878,-0.9762160371449182,-1.9837425737013525,0.5661936530417535,-1.7685740598220399,-0.3458852019273716,-0.8473864675751889,13.999999999999968
2023-06-07,0.468491748616205,-2.0521708341498344,-1.3335043063073506,-2.2595579809625908,0.4805979833520797,-1.9277115398087785,-0.023639504853424653,-0.8473864675751889,4.0000000000000036
2023-06-08,0.4162619217169259,-1.361066903482026,-1.5878636335314047,-2.0360357125209787,0.3000806887366429,-1.4711849862887283,1.0403244744345224,-0.8473864675751889,-0.9999999999999787
2023-06-09,0.36150749048826186,-1.6444776340592844,-1.387292519338209,-2.00121477370156,-0.14037343743277553,-1.511924664597981,0.8055733047369955,-0.8473864675751889,2.0000000000000018
2023-06-12,0.3031492927888566,-1.772860761938268,-1.6436179428599835,-1.7260324190631602,-0.3478606892226883,-1.7413107765651445,1.0801143810283322,-1.333975881209406,1.000000000000023
2023-06-13,0.23771221353523753,-1.724010609748768,-0.9465937015550945,-1.0151803153791545,-0.06244858884119433,-1.471553181262069,0.5981135234378816,-1.333975881209406,-11.999999999999966
2023-06-14,0.15852439140078917,-2.426680600639887,-2.239431467763891,-1.1883904905912437,-0.7177207605733072,-1.4285709011374326,1.885614337743521,-1.333975881209406,-3.000000000000025
2023-06-15,0.043722623038055984,-1.6364525754403794,-2.5847514685380037,-1.472680346600255,-1.2572369728900472,-1.810097034196945,1.6409039118650095,-1.333975881209406,2.0000000000000018
2023-06-16,0.4312267904315548,-3.0370634298939017,-1.499388254465943,-1.0635450592319282,-1.5055135317402137,-1.6002065335629683,0.8807029810841543,-1.333975881209406,-4.999999999999982
2023-06-20,-0.7017498344879164,-2.3706071415781453,-1.9720986662153588,-1.5070100181652377,-1.6046014785468175,-1.6895830087205053,1.173250240719363,-1.4061374808354186,2.9999999999999805
2023-06-21,-0.660173790142281,-2.3216075018866005,-1.8753464327948546,-1.2289457241395594,-0.9378503327867953,-1.622682920414105,0.39189727371676464,-1.4061374808354186,-1.000000000000023
2023-06-22,-0.6198911278311369,-1.5808208637657797,-1.6229323954098105,-1.4739026525576466,-1.248939888889759,-1.622922691969628,0.07641126398212168,-1.4061374808354186,5.000000000000027
2023-06-23,-0.5806972553198265,-1.8840586818724412,-1.6651044538964952,-1.4995436099614032,-1.201724609963479,-1.5699511672798818,0.7874719609127633,-1.4061374808354186,6.999999999999984
2023-06-26,-0.5424047368521544,-1.9500442706205943,-1.3797716120790888,-1.1493834122764082,-0.695813046037405,-1.4745552738696484,0.07828051742496424,-1.4061374808354186,13.999999999999968
2023-06-27,-0.5424047368521544,-1.8482342167975847,-1.117819052065186,-0.699401725855123,-0.8083699578702228,-1.1501958087554722,-1.019800256565882,-1.1960210996608018,18.000000000000014
2023-06-28,-0.5424047368522577,-1.7727800838975019,-1.3956396394384514,-0.892982511408671,-1.0289280452135219,-1.3248864622109753,0.030388630212470714,-1.1960210996608018,33.999999999999986
2023-06-29,0.6198911278310336,-1.673346269701701,-1.1449470762542213,-0.9789864952962666,-0.4127749287206372,-1.4437234847460365,-0.568755825141013,-1.1960210996608018,20.99999999999995
2023-06-30,0.5806972553198265,-1.6228625442324964,-1.4705539150869011,-0.8655548290100907,-0.1625790886367205,-1.4924071604974127,0.612040015743241,-1.1960210996608018,19.99999999999997
2023-07-03,3.157632617657134,-0.6764264740409373,-1.775085761372288,-0.7863042137008394,-0.38769559425987027,-1.6552383990163402,0.4865436481916737,-1.264452399023667,13.000000000000034
2023-07-05,0.31406918948581103,-1.6610820509781243,-1.9119925001156706,-0.7500378223391481,-0.5591610861719435,-1.6687063672821134,0.8487766920088707,-1.264452399023667,-9.00000000000003
2023-07-06,0.284262121222686,-1.8765893640407787,-1.9270064938247307,-0.40856998224366675,-0.3436101459253228,-1.0019518103670304,1.6371342619500988,-1.264452399023667,-29.000000000000004
2023-07-07,0.25438963515192337,-1.8410018007256508,-2.0226582977056418,0.2569742608559113,0.34375174597790803,-0.6012782832458896,2.118366539893182,-1.264452399023667,-22.999999999999954
2023-07-10,0.22435802065485544,-1.940596972064329,-1.7906246635581635,0.008721061189469333,-0.6731075286108074,-0.07515583636884968,1.9811102295357228,-1.264452399023667,-19.99999999999997
2023-07-11,0.19406786870345122,-1.8714595529681228,-1.255154673466425,0.27187196370189676,-0.7938568560575006,0.37190818967802036,1.3271979477821234,-1.3204218310831772,-19.00000000000004
2023-07-12,0.19406786870345122,-1.9635840636432698,-1.342766661604094,0.25773016845713187,-1.077238114460294,-0.030292321190856338,1.0672465826274535,-1.3204218310831772,-10.999999999999988
2023-07-13,-0.7371763535801417,-1.5022767884852473,-0.9071975288868638,-0.7214090754279442,-2.502132515376159,0.3254805418956946,0.23881788086619718,-1.3204218310831772,9.00000000000003
2023-07-14,0.22435802065485544,-1.7608173371713376,-0.5750544218057401,-0.6336777266441329,-2.7474251281847795,0.6757925950113566,-0.6075323014626614,-1.3204218310831772,0.9999999999999787
2023-07-17,-0.6952217871623809,-1.8438296947599726,-0.9160641878944842,-1.0570679328362849,-2.668005732074955,-0.1336237644118248,-0.2790644405641426,-1.5021686540755386,4.999999999999982
2023-07-18,0.46783322299193875,-1.7808271630802504,-0.5596001454892054,-0.8217116783563932,-2.267092164450384,-0.29973139565525947,-0.5709862426164083,-1.5021686540755386,11.000000000000032
2023-07-19,0.5302658487475991,-1.716671121219803,-0.6194093127480899,-1.0321839996796494,-2.1366586862224985,-0.3755366326421844,-0.7465113409933223,-1.5021686540755386,10.999999999999988
2023-07-20,-0.6509564442047976,-1.488795165513881,-0.8009363806992975,-0.27007629245693804,-1.6341272841911114,-0.9337609726162174,-1.2900476834225725,-1.5021686540755386,15.99999999999997
2023-07-21,0.5302658487475991,-1.4674476141957176,-0.9893017124274552,0.09659657571855246,-1.2675271006515632,-0.3766955598741912,-0.28997076573727626,-1.5021686540755386,12.00000000000001
2023-07-24,-0.6934245714391513,-1.0544590311193667,-0.9340277853109701,-0.5073244339986845,-0.8161976948903261,-0.7256482572086875,-0.4921778796458751,-1.3417885972898391,11.000000000000032
2023-07-25,-0.6934245714391513,-0.9963174805469112,-1.0178783946202452,-0.027181164917529397,-0.9036718764798606,-0.24633402834244694,-0.38518268841851044,-1.3417885972898391,13.999999999999968
2023-07-26,0.49159604013354086,-1.3041771974034153,-1.3664903773860027,-0.10874838901295067,-0.7959488830061722,-0.046945004932729024,0.14261897433117976,-1.3417885972898391,22.00000000000002
2023-07-27,0.45339311781355685,-1.027352103297293,-1.0941254147178752,-1.1202104725252826,-0.8505865569164379,-0.3052389806767992,-0.40082237436759866,-1.3417885972898391,19.00000000000004
2023-07-28,5.217287975886303,-1.0781568959277779,-1.783466281670312,0.919794854158413,-0.6430789515362162,0.7739903312464574,1.1928027804646109,-1.3417885972898391,8.999999999999986
2023-07-31,3.5706010504644716,-1.0810696695345492,-1.3518923844768096,-0.8468155352363466,-0.7258863412588247,0.5980834377813535,0.5689756226312875,-1.4125205050424219,11.999999999999966
2023-08-01,2.9768543708476782,-0.23139814928684074,-1.7546900765198512,-0.30909205464512624,-0.6493509474705375,0.6064868978435616,0.3428179417791038,-1.4125205050424219,-3.000000000000025
2023-08-02,2.5249291379396355,-0.9157429202644083,-1.6266485181168804,0.17534705525436453,0.23224136310920226,1.2434313900543623,1.2469746846168288,-1.4125205050424219,-8.000000000000007
2023-08-03,2.1273536432063325,-0.5787969831714023,-0.75843996505129,3.035494373450872,0.8739905162167412,2.160587841858209,1.5319938846414227,-1.4125205050424219,-11.000000000000032
2023-08-04,1.9108878593949372,-0.46409498754266026,-0.37576389112658376,2.4195937398788527,1.1407371895570866,2.978107754026472,2.297167114104046,-1.4125205050424219,11.000000000000032
2023-08-07,1.7370741892071784,-0.23134989669795133,0.7054202643458625,3.115211803295691,0.47487800403110714,2.2581600128973887,0.8803386772626339,-1.5713810406354305,10.000000000000053
2023-08-08,1.5926327784089227,0.012680968299391067,0.7778262568442833,1.578845222450379,0.7784811779565547,2.520784689987054,0.9925814660485623,-1.5713810406354305,19.00000000000004
2023-08-09,1.4694095046984188,-0.30892595476244705,1.4569855927845856,1.6552949889570785,1.3694057815834833,1.8099182533501372,0.22134417162240647,-1.5713810406354305,28.000000000000025
2023-08-10,1.3620746529533798,-0.022760070535721277,1.2978449785060295,1.4986625684930235,1.1405344677878504,1.0491935386232052,0.18609847717793368,-1.5713810406354305,20.999999999999996
2023-08-11,1.2669009547581604,-0.45210554779856527,0.7941852586103332,1.2984176871216546,0.8007026247150112,1.5073594525829386,1.0836808216233413,-1.5713810406354305,9.999999999999964
2023-08-14,1.1813502537231981,-0.2041192649852795,0.4078722512931811,0.3447949516126855,1.3119394268118594,1.4041957804866028,1.623067090847268,-1.6848548411896511,14.999999999999947
2023-08-15,1.1049260190793677,0.4385889650910936,-0.24319940961603922,0.29178076827430094,1.7150258863246395,0.9726523964876096,1.5759457122549285,-1.6848548411896511,12.99999999999999
2023-08-16,1.0331920892521387,-0.7397643818848831,0.2050464112993448,1.657453225592241,1.746538655408408,1.496244792361382,1.610718310750845,-1.6848548411896511,-8.999999999999986
2023-08-17,0.9665481701663099,0.7123203358016211,-0.25895700299139324,1.763458526929246,1.7739573491870473,1.5771812736762434,2.0011655964489052,-1.6848548411896511,-6.99999999999994
2023-08-18,0.904069216841362,0.7646382612661891,0.38171585170750855,2.369289718758632,1.8476654492483728,1.8785965039474943,1.9977064314623776,-1.6848548411896511,-0.9999999999999787
2023-08-21,0.844993588138286,1.5386096021154663,0.7927972113831268,1.7539010918137001,1.641145607721455,1.5518805795976178,1.6798669306347944,-1.4775962312868145,-13.999999999999968
2023-08-22,0.7886759102479105,1.6628786524362913,0.5388731310610622,1.517186521003787,1.5547434914135598,1.6719407791537089,1.9227097199188534,-1.4775962312868145,-21.999999999999975
2023-08-23,0.7345511463457006,1.2191352885085445,-0.8427975976742421,1.3159936941442154,1.3682990769361787,1.1566688676539374,1.756324490318452,-1.4775962312868145,-7.000000000000028
2023-08-24,0.682058412287714,1.3532620655466725,-0.5719092968908731,0.6095512982548247,1.0277556786260322,0.4474423331449,0.7432864851165999,-1.4775962312868145,-14.000000000000057
2023-08-25,0.6307876692558667,-1.07955811943392,-1.1877200366209424,1.3289610650042978,1.122909464400988,0.5075928909486956,0.8766833073815642,-1.4775962312868145,-7.000000000000028
2023-08-28,0.5801507227940143,-2.1304013806263002,-1.9044149719649788,0.27819384441231165,1.2758801497227579,0.2197733837041337,0.7562885152757562,-1.8334711850488377,6.99999999999994
2023-08-29,0.5297050469382882,-1.5129800339845856,-0.5480470561336338,-0.17030284587267738,1.0466311305061293,0.18054491234327194,0.573418111083779,-1.8334711850488377,17.99999999999997
2023-08-30,0.4787798406976362,-1.8304668255250574,-0.06788861877757836,-0.6556413030499367,0.9530673308358582,0.39683785547290545,0.11177341420540392,-1.8334711850488377,14.999999999999947
2023-08-31,0.4264589761306841,-1.6468681819331934,-0.4839757522804705,-1.0716846766542374,0.4728422969085932,0.0695523629431513,0.04376707026194313,-1.8334711850488377,16.999999999999993
2023-09-01,0.4844035469824042,-2.434899483394561,-0.24190202931811636,-1.2700940788501367,0.8308548392788145,0.20804706700534759,-0.2413688641297078,-1.8334711850488377,11.000000000000032
2023-09-05,0.4360079466396911,-3.1896117551962653,-0.4447858808345409,-1.5722106024167743,1.2765911735930227,0.8567598140930791,0.674556251719372,-1.612813508476906,0.0
2023-09-06,0.38982696866981176,-2.72166459438134,0.007538743742962491,-0.9325225980477441,1.8114657111678556,1.017511595248219,1.2096592687015246,-1.612813508476906,-4.999999999999982
2023-09-07,0.13519360533841693,-1.953975845570634,-1.0931319044788683,-0.6452771123105928,2.053481550058314,0.5255828433187926,1.3888111177754239,-1.612813508476906,2.000000000000046
2023-09-08,1.782186992636277,-2.5098161917305464,-0.6280718541583596,-0.7343579027871349,1.987520875795185,0.9799941918614655,1.2613995215318219,-1.612813508476906,7.000000000000028
2023-09-11,-0.4915960401712508,-2.2940630451965784,-1.0887204253016562,-1.117264392916122,1.8582073642846642,0.2651348888602745,0.9130957234793122,-1.612813508476906,3.000000000000025
2023-09-12,-0.49159604017081415,-1.8401441510015792,-0.8650107488698175,-1.1760959246856175,1.2332400474758012,0.8061376088505188,1.1358318121441502,-1.5054604575993487,10.000000000000053
2023-09-13,-0.4396968653229788,-2.1456002735353636,-1.1268189545327312,-0.8887070813889173,1.161545732227981,0.2677009398909678,0.7972706934212619,-1.5054604575993487,9.999999999999964
2023-09-14,-0.3856396618044158,-1.5089117056218406,-0.727104509953353,-1.4188550019473534,0.8510960504853449,0.19580220048204822,0.6409695690437761,-1.5054604575993487,20.000000000000018
2023-09-15,-0.38563966180415893,-1.818767622163254,-0.9374368665726596,-1.7333858548710315,1.0021631954547396,0.13837968120410085,1.0014987885838498,-1.5054604575993487,11.000000000000032
2023-09-18,2.1984843266158314,-2.285108482107854,-1.3165881689346997,-0.9890094951919979,0.8927668107689044,0.5897084040944068,1.248321073716378,-1.4577741185537005,22.999999999999954
2023-09-19,1.96638416068413,-1.7079146701628114,-1.4424464493515803,-0.7878613888662238,0.8415058562100178,-0.32931768020856356,1.174846468812127,-1.4577741185537005,18.99999999999995
2023-09-20,1.782186992636277,-1.5715674149112455,-1.7538066894003792,-0.6684091824590698,0.7560888960581406,0.1640048659727845,1.6733122620451164,-1.4577741185537005,26.000000000000068
2023-09-21,-0.5424047368893735,-1.2286910683482515,-2.0846803954980944,0.07548496180325145,0.43878117616291673,-1.1729228958864424,1.2279733882442467,-1.4577741185537005,9.999999999999964
2023-09-22,-0.5424047368893735,-1.368101355163251,-3.101805581890085,1.661678498367939,1.1871403197458823,1.8720168328349154,2.5244980490001594,-1.4577741185537005,14.999999999999947
2023-09-25,-0.5424047368893735,-1.4440724742503706,-1.5755053856075805,1.3604547527467312,1.122678475193827,1.1224436464391294,1.9127591918004387,-1.3008117170979487,14.000000000000057
2023-09-26,1.6304396136441228,-1.2804585847340546,-1.0981756380061305,1.0946022818150436,1.8771419719326974,2.9969871831284802,2.4930135498190444,-1.3008117170979487,25.0
2023-09-27,1.5018507102497807,-1.1928692358401132,-0.6453893499846248,2.1264409421317416,2.1611230639273953,3.1995191028473546,2.2690611956936593,-1.3008117170979487,12.00000000000001
2023-09-28,2.937367677569753,-1.085233344379031,-0.5957498839993693,1.601407003502895,2.490615693530735,2.5731251119428937,2.3579445937012475,-1.3008117170979487,12.99999999999999
2023-09-29,1.0652617560047535,-0.9493990915916726,0.056159487022768365,1.080811520444618,1.73661636758934,2.6033609945222955,2.089825491305449,-1.3008117170979487,19.00000000000004
2023-10-02,0.9970894774068333,-0.15225494185982297,-0.314757816503366,1.1998900656712048,1.3515976270122205,2.3702688363927202,1.944187565354693,-1.7607384223598854,-3.000000000000025
2023-10-03,2.3819977002343773,-1.5007809556757783,-0.2548900414491395,1.2363668170028979,2.013705310577215,2.1819471828661947,1.9326482307661443,-1.7607384223598854,-22.999999999999954
2023-10-04,3.1163484894160534,-1.559241866408236,0.8085895779385036,2.222444470390842,2.444009716931738,2.5652392289236996,2.3539342028637225,-1.7607384223598854,-3.000000000000025
2023-10-05,1.6618979397176417,-1.546668468759674,1.0493686722868836,1.5210062016122898,2.0186675423318676,2.356917255393917,1.7670860294373418,-1.7607384223598854,-8.999999999999986
2023-10-06,1.53037843870541,-2.074835626651116,1.5100156816681045,1.3849202901224933,2.08490897307789,2.148540033395557,1.5762263733348596,-1.7607384223598854,-7.000000000000028
2023-10-10,0.28552776471207825,-1.8003606558391356,1.196091504885258,0.8728727595332874,1.4767142880257633,1.9844911744327896,1.641949062211069,-1.6787171161293397,16.999999999999993
2023-10-11,0.24839912975383693,-2.1002675723406163,0.8914092815687708,0.6430463176864863,1.019655427342079,1.8063163440594838,1.0496642514371153,-1.6787171161293397,33.00000000000001
2023-10-12,0.2105766075503795,-1.8358187830751524,0.6482976593227419,0.17550640486150987,0.8190873541921451,1.0657207300548912,0.5853464903992862,-1.6787171161293397,28.000000000000025
2023-10-13,0.1718037818027315,-2.2666734147353904,0.9072815764858198,0.42958549848228905,1.1564053751886743,1.2755994608564887,1.0520687848449926,-1.6787171161293397,29.999999999999982
2023-10-16,0.131777348061141,-2.130905609822873,0.6620703395977596,1.5633435321027493,1.4618267380137326,0.9133376321346643,0.6759592644032828,-1.6787171161293397,15.000000000000036
2023-10-17,0.131777348061141,-2.222502772909855,0.9072815764858252,0.5281745801736738,1.13442388434828,1.0270610728714848,1.144884478897342,-1.7516503547449003,0.0
2023-10-18,0.131777348061141,-2.1512607515977984,0.18936129617604602,0.7925494623002385,0.873776789815348,1.0745747507851207,1.6840001307847159,-1.7516503547449003,4.0000000000000036
2023-10-19,-1.1167245817178693,-1.5567466981586315,-0.26146063771465494,1.348474055119403,1.4843156644005795,1.443859248405078,2.007161617239442,-1.7516503547449003,-12.00000000000001
2023-10-20,-1.1167245817178693,-1.674650008079992,0.7186311321183112,2.1332727736947956,1.3603514677012989,1.946787298362688,2.1854521452097337,-1.7516503547449003,-8.999999999999986
2023-10-23,-1.0528830377523464,-1.4044384015517326,2.010083724559124,2.0352478287779383,1.099444620470203,1.8635770951372397,1.8468823342306495,-1.5263827426230603,1.9999999999999574
2023-10-24,-1.0528830377523464,-1.1947141226614282,1.2305527885920775,1.369926988868235,0.731067263659167,1.482304552962668,1.3937161274534402,-1.5263827426230603,4.999999999999982
2023-10-25,-1.0528830377523464,-1.4802358941760865,0.9579647116994181,0.7248049058221138,1.011378285787902,1.3785016080749384,1.1643361867795083,-1.5263827426230603,-18.00000000000006
2023-10-26,-1.0528830377523464,-1.360324525504582,0.6995958226797934,1.177060095485876,1.0831127732680834,1.571135579148986,1.6242761178433132,-1.5263827426230603,-19.00000000000004
2023-10-27,0.1718037818027315,-1.3433820749347105,0.4700032683243955,1.3207588226242866,1.2299911097963776,1.3281969798454198,1.10080570759228,-1.5263827426230603,-26.999999999999957
2023-10-30,0.13177734806102395,-1.2450407787747482,1.6471599171201579,1.5366913997893918,0.7845366684956224,1.2992989722680548,0.9402103038234662,-1.4704635186187154,-20.999999999999996
2023-10-31,0.131777348061141,-0.8853299299498202,1.1487205530085798,0.7733485595831907,0.5105579285167609,1.224980097010875,1.0537263085728414,-1.4704635186187154,-29.999999999999982
2023-11-01,3.7203790247781665,-0.8292779049529859,0.8841146374760235,-0.12036044345753472,0.9405367759756394,0.9620183934118542,1.063883397455695,-1.4704635186187154,-27.999999999999936
2023-11-02,0.8636734096579505,-1.1336067641191097,1.9108197984390127,-0.9569826188337882,0.8524077096770163,0.9725962038378119,0.4569986177497487,-1.4704635186187154,-4.999999999999982
2023-11-03,1.6416712476846431,-1.2204287089520736,0.49550511254755697,-1.7356401769445242,-0.4539136857692899,0.12213569122830903,-0.08148841591195204,-1.4704635186187154,4.0000000000000036
2023-11-06,0.6942382142290549,-1.0467525090187175,0.9423099857655461,-1.9982408324279284,-2.1891894927817335,0.40841900971021355,-0.7852988930659981,-1.4713150266282737,-4.0000000000000036
2023-11-07,0.6436503043553231,-1.036299824742969,0.38818718359414633,-1.8560396980809224,-2.3961658714175527,0.35263566001680313,-0.3448744735432977,-1.4713150266282737,-13.999999999999968
2023-11-08,0.6097498436282576,-1.3286545280064488,0.04029848037725484,-1.7727110741103214,-1.7247072613919807,-0.310820689918189,-1.0237437898641735,-1.4713150266282737,4.0000000000000036
2023-11-09,0.5767720790307361,-1.1542989191563162,0.28825616482299815,-1.7767794483263566,-1.6363868499272027,-1.3337116751423845,-1.6492050812908783,-1.4713150266282737,-16.999999999999993
2023-11-10,0.5767720790307361,-1.314655822499094,-0.10336143263222333,-1.279284248637797,-1.4808911242320368,-1.1255535197348763,-0.6187148398223273,-1.4713150266282737,-16.999999999999993
2023-11-13,0.5446016058538924,-0.9822372599075979,-1.1369757589544949,-1.6732305585920717,-1.4278030474346244,-1.3339665500188373,-0.6398741836513716,-1.5690571284647468,-20.999999999999996
2023-11-14,0.513132593125858,-1.1521575837265106,-1.5233349082038918,-1.3229495332768602,-1.0196580521044973,-0.9866803059394179,-0.6570151125895508,-1.5690571284647468,-3.000000000000025
2023-11-15,0.513132593125858,-1.4261269724294996,-0.1878291919671339,-1.4743047803624159,-2.235184312012616,-0.7347704972761582,-1.8471048030827015,-1.5690571284647468,-11.000000000000032
2023-11-16,0.5607653977679041,-1.8235053062828859,-1.2598699743055943,-1.3601108724745563,-2.2671250757571464,-0.8191960127117737,-1.1390573343040664,-1.5690571284647468,1.9999999999999574
2023-11-17,0.5607653977680702,-2.1032699117088516,-0.8573787409708882,-1.2152852460602328,-1.929480637180672,-0.8877113636650141,-1.4944408983986284,-1.5690571284647468,-5.000000000000071
2023-11-20,0.5607653977680702,-1.730597484571533,-1.7644209368070276,-1.3232290630579695,-2.0528925598766246,-1.3857276260781837,-1.401896540163835,-1.4219616596940317,-8.000000000000007
2023-11-21,-0.3738435985119361,-1.4918289549465062,-2.1585672073192264,-1.3744299092407375,-2.318963388231597,-1.546290429346141,-1.6766597212459002,-1.4219616596940317,-14.000000000000057
2023-11-22,-0.3738435985119361,-1.6565663729214783,-1.6883957688355244,-1.3088666934998878,-2.081032783146796,-1.2801933576140196,-1.5719146114345106,-1.4219616596940317,-4.999999999999982
2023-11-24,-0.3738435985119361,-1.5898974333626412,-2.8425133550216684,-1.4026382042684098,-1.5537888791107872,-1.408691103369935,-1.513956209230663,-1.4219616596940317,-25.0
2023-11-27,0.5282874019841135,-2.1728894179900844,-2.260745643852231,-1.4348332333129779,-1.7636478586920896,-1.1841437092991098,-1.1407229995353492,-1.4219616596940317,-10.999999999999943
2023-11-28,0.4964682705859324,-1.9561317429146545,-2.189612156346007,-1.2628079931533982,-1.643144462506231,-1.1593470947840685,-1.275586202794047,-1.557411976877814,-16.000000000000014
2023-11-29,0.465207384349812,-1.7189798775239384,-1.2694021318689839,-1.183028319479925,-1.8797610135120681,-0.6549702753048804,-1.3639086982342992,-1.557411976877814,-14.999999999999947
2023-11-30,-0.46520738434989467,-1.1811269604052057,-1.7231653633275446,-1.0202832133558764,-1.576829352392837,-0.48505719472138803,-1.525384428188845,-1.557411976877814,-23.000000000000043
2023-12-01,1.3084525947919523,-1.3739959359561402,-2.3501787445856075,-0.9725756488846434,-1.199151935221365,-0.37922449125874064,-0.8968892276499717,-1.557411976877814,1.0000000000000675
2023-12-04,4.204405474401785,-2.3363123701811346,-1.5322701220969668,-1.0115374813653881,-1.3136632825346273,-0.16823623715508118,-1.5491866609676468,-1.557411976877814,-4.999999999999982
2023-12-05,2.5765013306007747,-1.7189897673743417,-1.9826863297077386,-0.8176677241561081,-0.8888338325721743,-0.2887060848061749,-1.3024786588689803,-1.3771353905259682,2.000000000000046
2023-12-06,0.4141762766609652,-1.447281360929906,-2.0483272545274795,-0.8504096265720447,-0.618249924909121,-0.5086498248864534,-1.7006097831548022,-1.3771353905259682,-8.000000000000007
2023-12-07,-0.16636593582396828,-1.240487902566874,-2.080068085458475,-0.7513895696581603,-0.7457840135323199,-1.247035217645145,-1.8742044197603165,-1.3771353905259682,-21.999999999999975
2023-12-08,-0.20934219322873104,-1.3487718494620342,-1.8744361068435138,-0.6716007276144735,-0.6457570575475677,-0.8351484294485113,-1.6277819103144795,-1.3771353905259682,-32.00000000000003
2023-12-11,-0.23067511607204963,-1.2997092497523577,-1.9146887087199462,-0.9520540440486573,-0.47479758834907176,-1.1708783928748998,-1.0451301245746056,-1.3236794760675965,-28.000000000000025
2023-12-12,-0.2525671913092871,-1.0634871600916194,-1.7609033781602421,-0.8525919311627028,-0.28528639422308183,-1.1358526476826647,-1.1637213121881071,-1.3236794760675965,-27.0
2023-12-13,-0.8354145558693956,-1.021241061877192,-1.7232373205938545,-1.269551757699589,-0.44420836656751683,-1.6571326235749573,-1.242444194183427,-1.3236794760675965,-18.000000000000014
2023-12-14,-0.7812401929690014,-1.1309073159352547,-1.4907489568891514,-1.2428666838068363,0.07743986238730735,-0.3084775569553449,-2.0709871727247267,-1.3236794760675965,-2.9999999999999805
2023-12-15,-0.753889660351308,-1.6227689432260617,-1.8192230006644015,-1.0003295781222545,-1.5708113467249993,-0.6821273590267878,-2.5199742803537015,-1.3236794760675965,-1.000000000000023
2023-12-18,-0.13930045080659603,-2.301774667624959,-1.6747373842926716,-1.1555731387988042,-1.3391847282952107,-1.757970412658675,-2.3543940026309653,-1.6252846039205384,-6.000000000000005
2023-12-19,-0.13930045080654302,-1.7481806344982396,-1.466063514031417,-0.8101999140713478,-1.0570649651407642,-0.9795707343154,-2.007189839255048,-1.6252846039205384,-14.000000000000012
2023-12-20,-0.7101745039724502,-1.1806747897700718,-1.4707265888800727,-0.7912592256890841,-1.4846801536032526,-0.9717376254026183,-1.801458238766943,-1.6252846039205384,-2.0000000000000018
2023-12-21,-0.6848188794819368,-1.0474415216718287,-0.7592630117942891,0.5656518404098884,-1.3123206348298309,-0.9206632855297364,-2.0232718439854027,-1.6252846039205384,-1.000000000000023
2023-12-22,-0.6601737901355907,-0.9982563673129863,-0.5963889070007817,0.5940724280357809,-1.5055334054777292,-0.1480787102600274,-1.611679571000256,-1.6252846039205384,5.000000000000027
2023-12-26,-0.0776675047217703,-1.0052850733535332,-0.42864222942838975,-0.08827101806869535,-1.7302434932280792,0.43135972119225513,-1.5528317418168427,-1.4574191739321567,2.0000000000000018
2023-12-27,1.5419131403411719,-0.7076687054575895,-0.5016834750323526,-0.09315476507173313,-1.8631789205805644,1.1381156523801041,-1.551381618698775,-1.4574191739321567,20.000000000000018
2023-12-28,3.0007866195886264,-0.338857878007705,-0.45285040257076636,-0.9038321095556995,-2.345064403520956,0.39915508122886184,-1.8674559432168258,-1.4574191739321567,20.999999999999996
2023-12-29,2.8251042115152583,-0.1295581402574775,-0.6687416333718341,-0.7922828479110506,-2.1929234338115373,0.2552388741791691,-1.536437622920941,-1.4574191739321567,12.99999999999999
2024-01-02,1.8485275934050807,2.4322076382953215,-0.7610255777194348,-0.7909073069622843,-1.9747399263322865,1.5861609635796343,-1.028223212283586,-1.4574191739321567,6.99999999999994
2024-01-03,2.250344048892482,-1.7024795191289246,-0.5673889512708881,0.8415512470997888,-0.8552464854983844,1.0082075760404967,-0.9162283414539326,-1.4116277247659907,12.99999999999999
2024-01-04,1.7442690485691064,-1.4047462654106844,0.15785369596190688,2.5890378983024878,-0.261565075688704,0.2246446792281441,-1.1493768013415988,-1.4116277247659907,-1.000000000000023
2024-01-05,-0.4626323240730632,-1.958463747045485,0.05015290762515503,2.481023243573361,-0.33342373246771057,0.7506991758257214,-0.6829140051720787,-1.4116277247659907,-8.999999999999986
2024-01-08,-0.778063454122916,-1.4757026614754292,0.13925339441911097,0.9620294209774246,-0.602908974714455,1.408139778468016,-0.2690421639077276,-1.4116277247659907,6.00000000000005
2024-01-09,-0.778063454122916,-1.4236034814946346,0.18751763680560823,0.41996722743003606,-0.7304120465781565,1.3083230195203954,-0.5444101338807047,-1.3497667672236027,8.000000000000007
2024-01-10,-0.7624649134463942,-1.4976662874694358,-0.19028969708069401,-0.22292020114166702,-0.1511886335568572,1.3812417310948966,-0.3240227224628156,-1.3497667672236027,9.999999999999964
2024-01-11,-0.7471872389536555,-1.3448753472761907,-1.043581461995317,-0.36020243644884997,-0.005501426124386088,1.4397122889220533,-0.08938269627170725,-1.3497667672236027,17.000000000000036
2024-01-12,-0.7322150794054063,-1.8252540775137265,-0.00914884312714084,-0.8258565934408092,0.15674091919283753,2.063450610277232,-0.4119210000971536,-1.3497667672236027,15.000000000000036
2024-01-16,-0.7322150794054063,-1.930243872309642,0.38132522789243944,-0.3026727708447895,-0.3128876768401173,2.961403925703609,-0.42736510595622856,-1.4586973394105982,6.99999999999994
2024-01-17,-0.41136303647244354,-1.9643447008809736,0.7269479514851697,1.7466073519113245,1.062578292369214,2.7916073148361567,0.4412387125432016,-1.4586973394105982,8.000000000000007
2024-01-18,-0.35871465115581064,-1.721023277453919,0.20603516394797478,2.842078589602195,1.560467845117855,1.6613770426426002,0.5878362917816227,-1.4586973394105982,0.0
2024-01-19,-0.6336976320895139,-1.324022355793705,-0.10208957890501043,1.674083791709202,1.32477931544521,1.904409405982715,1.1764509332556548,-1.4586973394105982,0.0
2024-01-22,-0.6074372568683656,-1.1688614939048727,-1.1681413216250336,0.4281385886113895,1.0321453199596147,1.3979486809654775,1.2866858048315233,-1.4586973394105982,-3.000000000000025
2024-01-23,-0.5934424260572365,-0.885171657282355,-1.0956402806633811,0.2554244713216351,0.992017967102163,1.1235526691762254,0.86363814029748,-1.2324500616257703,-8.000000000000007
2024-01-24,-0.5796711520839473,-1.0747403132397866,0.037456635143663035,-0.6541120089776119,1.5336517312394151,1.8060792207692569,1.2201154298655292,-1.2324500616257703,-18.99999999999995
2024-01-25,-0.5661129722381895,-0.8300242517522041,-0.3371097162929257,0.1696902892483238,0.8115542290972336,1.7341980989634749,1.7222614285213558,-1.2324500616257703,-26.999999999999957
2024-01-26,-0.23950933440844024,-1.542244325873156,-0.6945576681353092,0.587960176252708,1.2406526694188402,1.746932061900212,1.4238959289618627,-1.2324500616257703,-12.00000000000001
2024-01-29,-0.25155540562131856,-1.3179262051816736,-1.3771557541227009,0.2577233633109896,0.9810947375452737,1.2463998512290475,1.5512790660303335,-1.241360264793287,8.999999999999986
2024-01-30,-0.5796711520839473,-1.135051677734946,-0.6365674564950892,0.7267762171886153,1.3129104738592543,1.0038931309850774,1.0434983894979315,-1.241360264793287,3.000000000000025
2024-01-31,-0.5796711520839473,-1.0947623830063777,-1.396257301057415,0.2298728678273884,0.9374150603660898,0.19017642477643198,0.8053484452393955,-1.241360264793287,9.999999999999964
2024-02-01,-0.25155540562131856,-0.6932938721483215,-0.3628574216725362,1.7544061015154633,0.6911027620706738,0.31122401488553286,0.12782682975344253,-1.241360264793287,28.000000000000025
2024-02-02,-0.2515554056213477,-1.6398193135335444,0.36460551514273987,0.9490024128698862,0.5472618714925256,-0.21147395510834194,-0.9720871620206794,-1.241360264793287,13.999999999999968
2024-02-05,-0.263752189358762,-1.431744390461811,-1.3474581355709843,0.842776476911241,1.1654865878270673,-0.2740089526800032,0.3865111864506307,-1.0815629422019843,0.0
2024-02-06,-0.5934424260572365,-1.0066214421043196,-2.2830608160239945,0.5543738802496,1.5661703006974177,0.07656034084110276,1.642221453774453,-1.0815629422019843,21.999999999999975
2024-02-07,-0.5934424260572365,-1.11101100620957,-1.4012084594786285,-0.3923173957810824,1.041606532818663,-0.08775641993101257,0.6830380532101812,-1.0815629422019843,17.99999999999997
2024-02-08,-0.5796711520839763,-0.8627123732971461,-0.600535518882466,-0.7460108750278082,0.9167702978099419,-0.36211609155710855,0.7213441505317658,-1.0815629422019843,8.999999999999986
2024-02-09,-0.5383259367413253,-0.9594331074976803,-0.5550797633315283,-0.7935723906174167,1.0527402075014913,-0.2717317738308958,1.1107303333390177,-1.0815629422019843,12.99999999999999
2024-02-12,-0.4885179896496736,-0.5958327211285123,-0.8812251669189204,-0.6149164765355558,0.9615493276103189,-0.3238504171061158,1.2648680987609913,-1.5290490909398153,9.999999999999964
2024-02-13,-0.4433487508802419,-0.42176957435822104,-1.1887868635745185,0.9509469958340059,0.8028428484807796,-0.13580582591458287,1.3213445739904104,-1.5290490909398153,1.0000000000000675
2024-02-14,-0.39035233758484933,-0.8870057018456627,-2.346772134186144,3.249062577735508,1.6161415810885382,-0.6751644105883756,2.3007229513198353,-1.5290490909398153,6.00000000000005
2024-02-15,-0.9980897785875212,-0.47001206151854064,-1.5338151962628106,1.162675148719119,1.3629441005319243,-0.19142256731616603,1.9170368894986891,-1.5290490909398153,1.9999999999999574
2024-02-16,-0.46295659458907,-1.8351371672975554,-1.1461397662131194,0.6707455959771575,1.0019994755764978,-0.6912225922892326,1.5581417713893844,-1.5290490909398153,-1.9999999999999574
2024-02-20,-2.198484326503975,-1.056768037302959,-2.2368551868551934,0.9687410279015369,0.8484833424945549,-1.0440257358464673,1.8784689604460933,-1.3746122363458564,4.0000000000000036
2024-02-21,-1.983618356545573,-1.0309048634507048,-1.2074715374833325,2.2223533659064127,0.587346767037907,-0.7683689735260482,1.4688478674728374,-1.3746122363458564,-5.000000000000071
2024-02-22,-1.8109222105386809,-0.11707464847529414,-1.7393288572898766,1.9101556375435012,0.5818496941848527,-0.7965866865064855,1.781743824617234,-1.3746122363458564,-8.000000000000007
2024-02-23,-1.6674904331921419,-0.5204252688909914,-2.8024646493806524,0.9380626320943559,0.6672764447677104,-1.3921791695050945,1.6430144644208924,-1.3746122363458564,-6.99999999999994
2024-02-26,-0.10421815207450019,-1.240575896959203,-2.410855013406118,-0.0007774336881046621,0.47688156562887357,-1.9961259128432671,0.8707119211675345,-1.3746122363458564,-6.00000000000005
2024-02-27,-0.10421815207450019,-1.0539761550024909,-1.3045060793850929,-0.0657671707786057,0.48122960059198333,-1.8163710084932112,0.9050160019590098,-1.1790965077206137,-17.99999999999997
2024-02-28,-0.10421815207450019,-1.1051641315071548,-1.2267585106002414,-0.486613478924702,0.14467330700491973,-1.4392377523856903,1.3059115826405503,-1.1790965077206137,-15.999999999999925
2024-02-29,-0.05420513403243846,0.13260587978942143,-0.6702197756855744,0.02715010826618486,0.6664507238167806,-1.1123679301272138,0.8618329727140761,-1.1790965077206137,-16.000000000000014
2024-03-01,1.5719488869388376,-1.416047197163607,-0.6191142199528837,-0.4770355654182272,0.8355775928102063,-1.2953254393051008,0.6205118507242469,-1.1790965077206137,-10.000000000000053
2024-03-04,-0.05420513403243846,-2.487211817055069,-0.019084813149540827,-0.7991027134316536,0.21402162435386501,-0.6913691852486961,0.30274285745653257,-1.7956933131324444,-12.00000000000001
2024-03-05,-0.05420513403243846,-2.2522249434311776,0.0,-0.3248231308354298,-0.31199310729272056,-1.171413804096001,-0.003263754228907838,-1.7956933131324444,3.000000000000025
2024-03-06,-0.05420513403243846,-2.0157179054694407,0.5756983337123207,0.8563193137348379,-0.3064906595199721,-1.3452022085840518,-0.7920704655770121,-1.7956933131324444,8.000000000000007
2024-03-07,-0.05420513403243846,-1.6457027688965014,0.04984981729730895,0.852240829984065,-1.698293132904467,-1.6607998900421106,-0.9602151687352257,-1.7956933131324444,20.000000000000018
2024-03-08,-0.05420513403243846,-1.943615365092275,0.6815794508206409,0.7210777334674247,-2.4472820214545745,-1.211319381183366,-1.091446932411194,-1.7956933131324444,21.999999999999975
2024-03-11,0.0,-1.6258053032862647,0.6979440060138626,1.046660487940323,-2.6553102835923195,-0.9171429247090983,-0.9601297601064361,-1.791352438555202,24.00000000000002
2024-03-12,0.05994627913410457,-0.8908089316342277,0.6837790459883082,1.540775522287041,-2.221285589194855,-1.2540968719115066,-1.007656193713315,-1.791352438555202,13.999999999999968
2024-03-13,0.05994627913410457,-0.8676787252544838,-0.49646827058837467,-0.21780718264909799,-1.7281008956941775,-1.4390731230271563,-0.46410468643419456,-1.791352438555202,7.999999999999918
2024-03-14,0.05994627913410457,0.07148572995528922,-0.465207384352132,-0.35514563529058735,-2.026316616287882,-1.338884445405819,-0.21146711975460677,-1.791352438555202,-2.000000000000046
2024-03-15,0.1280007062203216,-0.666702889146805,-1.0200689911532719,0.4786279872045439,-1.3503803667734544,-0.6693591593082019,0.6697456321228693,-1.791352438555202,-8.999999999999986
2024-03-18,0.20804706701997963,-1.9815187160121681,-2.134783558805166,0.46724409125758803,-1.0004509122922425,-1.0267967854893971,0.8618779634369472,-1.8352291115101347,-8.999999999999986
2024-03-19,0.3070976116897288,-1.3409813416222034,-1.9265816892222842,0.3438976917407704,-0.5743669810421924,-0.563841373875875,1.1379549275520142,-1.8352291115101347,-5.999999999999961
2024-03-20,0.3070976116897288,-1.1341769614471937,-1.503478137693479,-0.3161661059513041,0.27381640764053317,-0.3017277703695087,0.6418445814357268,-1.8352291115101347,-6.99999999999994
2024-03-21,0.3070976116897288,-0.14721669604871324,0.2418985973464137,-1.314914909781335,0.2663486597887104,1.0579983342473256,0.36422361376402096,-1.8352291115101347,-6.99999999999994
2024-03-22,0.3070976116897288,-0.7914420651440128,-0.5785256408527211,-1.4816393258516996,-0.005317260456286113,0.41227546184455727,0.19995721547282244,-1.8352291115101347,11.000000000000032
2024-03-25,0.3070976116897288,-0.4020706141470397,-0.5282874019866489,-1.3366537661581386,0.8534519460445935,0.0,-0.18966076598090859,-1.513842965223176,11.000000000000032
2024-03-26,0.3070976116897288,-0.4475859040331785,-0.4797486114285789,-1.196351314480471,0.49737446947032954,1.8285692567609422,0.15749267434975964,-1.513842965223176,12.00000000000001
2024-03-27,2.288517737219037,0.07294477726650823,-0.43483221432217956,-1.0767876592035088,0.5872857147018973,1.2038295204352691,0.016642175735930177,-1.513842965223176,10.999999999999943
2024-03-28,3.3065131759749153,0.6000874410661831,-0.10870805358054127,-1.636923764997779,0.49793677172150363,0.7386496273476413,-0.3173679613549244,-1.513842965223176,18.99999999999995
2024-04-01,3.6114049883604578,2.220889706739782,-1.3128215070146683,-1.2280275039750899,0.6760410910112348,-0.4130232866232913,-0.4057752065987138,-1.513842965223176,8.999999999999986
2024-04-02,3.5115574367194395,-1.0345154040885909,-1.5044408000187672,-0.3430096980516679,1.7076735968587333,-0.36482297575848877,1.4330095824766136,-1.627984990987741,0.0
2024-04-03,2.271737815073878,-0.8374979949847814,-0.8552961659900383,0.9289828039708437,1.1749630526354877,0.9698952282359772,1.9208354361227458,-1.627984990987741,18.99999999999995
2024-04-04,0.49921139118593977,-1.018532152999837,-1.359192856134907,0.647023329177581,0.5055767503975201,1.5037825098337643,1.780684598741902,-1.627984990987741,25.0
2024-04-05,0.4519129917562313,-0.9262997399568688,-0.7274166706083344,3.0927723597662538,-0.0830434848076192,1.0111533563014687,1.313921218021522,-1.627984990987741,11.000000000000032
2024-04-08,0.4039844838703421,-0.882028723220817,-1.3172139711015685,2.3724498222495867,0.41268727484558115,0.9795710374330117,1.8640801986052615,-1.627984990987741,20.999999999999996
2024-04-09,-0.5282874019843635,-0.5944852260022416,-2.0652681692022767,1.3125405477733498,-0.10997942279220707,0.40021676198996725,1.9647557572502605,-1.7137072133478746,30.99999999999996
2024-04-10,-0.5282874019843635,-0.702081532581697,-2.2918305500198777,1.0152964164218696,-0.15747905938481824,-0.1756628281281568,1.2952848629494642,-1.7137072133478746,4.0000000000000036
2024-04-11,-0.5282874019843635,-0.556955949314197,-2.7345339740447394,1.7391121070622795,1.7892132801874152,-1.2276136561716398,2.5178001626621604,-1.7137072133478746,8.000000000000007
2024-04-12,-0.5282874019843635,-0.25963172923010325,-2.2073531920494296,0.7676356056812027,1.7493126566402737,0.1263719940176684,2.2766145383500036,-1.7137072133478746,12.00000000000001
2024-04-15,-0.4964682705860077,-1.471982413450488,-1.3157759783474277,2.7051510004727355,2.7334227792651413,-0.15386076512515132,1.6657287547516155,-1.8518722739691669,-0.9999999999999787
2024-04-16,0.4039844838703421,-2.9574575344525496,-1.050407254786991,3.353953937871657,2.5486359953338273,1.8616096326678075,2.272074123606781,-1.8518722739691669,-5.999999999999961
2024-04-17,-0.5282874019843635,-1.7924825035376988,-0.9829401734938292,2.386760495085675,2.967839015497457,1.6966193014609205,2.220765913424655,-1.8518722739691669,6.00000000000005
2024-04-18,-0.5282874019842807,-0.3169373579465825,-0.5470944479662742,2.020679818088128,2.425947593406491,0.6719412531583293,1.6048667878972398,-1.8518722739691669,6.00000000000005
2024-04-19,-1.3865176081623343,-0.458333100336118,-0.6944213012435325,1.7284598333094991,2.1246668502317423,0.6224018352515968,1.6962148062369284,-1.8518722739691669,4.999999999999982
2024-04-22,-0.4822669941433927,-1.164571326333613,-0.8477137784417124,1.9101692095432845,2.0139747283045026,0.31883429350989195,1.5321035668736127,-1.559993412439359,0.9999999999999787
2024-04-23,-0.482266994143473,-0.8673507891242724,-0.8015848397128186,0.9340330616949634,1.8013481964470595,0.2858305977771456,1.5918239301331798,-1.559993412439359,8.000000000000007
2024-04-24,-0.482266994143473,-0.30432155045323206,-0.7614188632175176,0.2833781348763768,1.3565353327707306,2.553500316347571,1.292585902715568,-1.559993412439359,-2.000000000000046
2024-04-25,-0.482266994143473,-0.17076584063173292,-0.22112787176003812,0.39264794962970534,1.4253110020485673,2.4577974443683135,1.379459235284707,-1.559993412439359,-12.00000000000001
2024-04-26,-0.482266994143473,-0.06353367571198375,-0.42594268978378197,0.05592004552921874,1.2941569739502823,1.8541583604943521,1.5085663040234703,-1.559993412439359,-16.999999999999993
2024-04-29,0.3923955123904266,0.40590204604035723,-0.8967804619388304,-0.13259600396731672,1.319898682857946,1.1140225125194085,1.2941801080496782,-1.6240367703842276,-13.999999999999968
2024-04-30,0.3630677372360088,1.201720198662238,-0.8502247827066364,-0.3259022382277409,0.8408954699324552,-0.03826490254569308,1.0472013577509265,-1.6240367703842276,-22.000000000000064
2024-05-01,1.951076562297991,1.661254856533593,-1.0511534718770874,0.16492939071560442,1.228220933184053,-0.3057401134534638,1.2436496760634732,-1.6240367703842276,-14.999999999999947
2024-05-02,0.22743786440253713,-0.28365739212803753,-1.222879470259355,0.0007091681529782492,1.1777618179095868,0.12774722248707643,0.8438731255425502,-1.6240367703842276,-12.99999999999999
2024-05-03,-0.6254541271068446,-0.43481247224009717,-0.1385831808473849,-0.41649901758000885,0.5172712810271362,1.043581461981061,0.5090856381648586,-1.6240367703842276,0.0
2024-05-06,-0.6254541271068446,0.012986497088195431,0.470849216107994,-1.090608888302519,0.14900043792557324,0.539896049838164,0.04880251692846663,-1.4379723340296966,-0.9999999999999787
2024-05-07,-0.6254541271068446,0.4069113585017586,-0.05047655516938259,-1.1096298385869174,-0.15241434814006008,0.03965903053115483,-0.07309616356025486,-1.4379723340296966,-1.9999999999999574
2024-05-08,-0.6254541271069203,0.5364405389406858,-0.6063995444093844,-1.2568213560483874,0.03548609326730258,-0.3945574010663197,-0.26500836406584644,-1.4379723340296966,-12.00000000000001
2024-05-09,-0.5938059102645634,0.9124743423407189,0.10294092058446162,-1.3726050156114926,0.10979045235937991,-0.6011786362969369,-0.27134065467275104,-1.4379723340296966,-7.000000000000028
2024-05-10,-0.546367322612734,0.24313165497792794,0.5806972553264924,-1.5391811380871572,0.030929703732378366,-0.3520019420841016,-0.6832537317349436,-1.4379723340296966,-8.000000000000007
2024-05-13,-0.49646827058609266,1.1147073219677928,0.6230392500230022,-1.587683522741912,-0.19500795964497003,-0.8635826366029776,-0.508587612196473,-1.5839429620790595,-4.0000000000000036
2024-05-14,-0.4678332229951369,1.1868228807701207,0.643650304365465,-1.0112981726968975,-0.20349706089398437,-0.896912512338804,-0.5832487442770292,-1.5839429620790595,-4.0000000000000036
2024-05-15,-0.4272206485287673,0.5653316126100378,0.7230713586350368,-1.0696085789114052,-0.3645433989406604,-0.6269698142902822,-0.8238727816493886,-1.5839429620790595,6.99999999999994
2024-05-16,-0.38563966176726666,-0.06003488429748315,1.148407451949752,-1.5022731466240236,-1.1408351756586217,-0.824974527476889,-1.7877304286251732,-1.5839429620790595,8.999999999999986
2024-05-17,-0.3436878864124497,-0.8736732448443212,0.38178258381661656,-1.4047317655089295,-1.3819059516139562,-1.4532652881911527,-1.6293534915188466,-1.5839429620790595,4.0000000000000036
2024-05-20,-0.30103986448070064,0.09469681938703593,0.8701204268194332,-1.4943851169764626,-1.4063655173662208,-1.5613263447825645,-1.3276213634598006,-1.4444353491090927,9.999999999999964
2024-05-21,-0.30103986448070064,1.0450255549652956,0.38743195490350474,-1.324637927065403,-1.5029164212635444,-0.862040576134416,-1.0258892354007547,-1.4444353491090927,20.000000000000018
2024-05-22,-0.30103986448070064,1.0330826059847948,0.7959173983290146,-1.364027687524575,-1.404490868437008,-1.4689492720821666,-1.3588173091738573,-1.4444353491090927,12.00000000000001
2024-05-23,-0.30103986448070064,1.0812188622057541,-0.28148707374691945,-1.095923029165564,-1.1415903349633227,-1.8709677986560027,-1.0898684720843972,-1.4444353491090927,4.0000000000000036
2024-05-24,-0.30103986448070064,0.390893982214078,-1.1084560361329285,-0.8405383017070338,-0.8417182085621939,-1.9099044980375683,-0.7495453531986817,-1.4444353491090927,-4.999999999999982
2024-05-28,1.129260198212746,-0.4808810589801195,-0.460927556662317,-1.1308760668892435,-0.99295332033462,-2.2418823184429115,-0.8237970317257359,-1.7108069710859628,-20.999999999999996
2024-05-29,1.1292601982128767,-1.0295388180865548,-1.108456036132913,-0.6518256693484555,-1.1990529741818068,-0.8939558713985208,-0.006643948077744505,-1.7108069710859628,-32.00000000000003
2024-05-30,2.2675356208236233,0.05849630452122133,0.22675634439826114,0.06029009186646317,-0.052742382350926584,0.055999004470903196,0.7330043223458832,-1.7108069710859628,-26.999999999999957
2024-05-31,2.019660252093127,-0.18181555169133765,-0.4130232866596562,0.23868576958390036,-0.3228460716518857,-0.2985000106544985,0.13730474220272001,-1.7108069710859628,-8.000000000000007
2024-06-03,2.777186698396554,-0.5756259222469081,-0.3895474795775592,-0.5694328747859978,-0.057074564320496964,-0.45901375391120436,-0.2345454273558653,-1.7108069710859628,5.999999999999961
2024-06-04,3.0659989464271185,-2.1791893957462456,0.27534885777310414,-0.40942239358177335,0.41913570600684286,-0.9638497093364321,-1.7480868070873523,-1.497467889567387,5.999999999999961
2024-06-05,1.1619542766741369,-2.284264505366637,1.521143096530497,-0.3150407558080597,1.1141383895638448,-1.4060753009822575,-2.2698843752700637,-1.497467889567387,1.9999999999999574
2024-06-06,1.0865189102280077,-2.1945531147351978,3.205612589871537,-0.6877396104190846,0.7946225906580615,-1.1780885965889052,-2.2474839740447097,-1.497467889567387,-4.0000000000000036
2024-06-07,1.016959534988421,-1.8515349944736437,1.5265507338684918,-0.686251871409252,0.5521780634266562,-1.3369607163840531,-2.098916262409505,-1.497467889567387,-22.999999999999954
2024-06-10,0.9522175939746123,-1.3356127997156357,-0.48977947920845555,-0.9608823168212044,2.466698726915007,-1.3039008991266883,-0.8862361969704968,-1.4336482563061883,-18.99999999999995
2024-06-11,0.08656523581590181,-0.7822510500640649,-0.5134553180768322,-0.41701236990714513,2.7063557826520923,-0.39590936239784225,-0.49019715264859487,-1.4336482563061883,-16.999999999999993
2024-06-12,0.08656523581590181,-0.8678257929987525,0.46920139935980665,-0.25723103021571225,2.500614259422783,-0.7964167913662586,-1.1494183849497193,-1.4336482563061883,-5.999999999999961
2024-06-13,-0.730296743349889,0.1188820803528813,0.4184084330133899,-1.100099778366891,2.0580127710923186,-1.1714013793423088,-1.7312091132019427,-1.4336482563061883,0.9999999999999787
2024-06-14,-0.6942382142292327,-0.3460478114326538,1.970409516229275,-1.2451684613791345,2.113623610184304,-1.0994012315855426,-2.1980320080500326,-1.4336482563061883,4.999999999999982
2024-06-17,-0.6942382142292327,-1.405913637584137,2.6022082828610116,-0.20552108482150358,2.04758228207215,-1.7360741598090863,-2.287231413854653,-1.4887967072487558,-4.999999999999982
2024-06-18,1.0446998848905464,-2.394922615615334,1.9337718801600288,-0.0315916902903705,1.9102581070822373,-1.6654706373250125,-1.5398875840628432,-1.4887967072487558,10.000000000000053
2024-06-20,0.9778194057261821,-1.3240857269608406,1.7561625558479992,-0.6789104929972852,1.5132358494532852,-1.5760292169492822,-1.7154317055731279,-1.4887967072487558,4.0000000000000036
2024-06-21,0.05994627913191345,-0.9590158947200612,2.3150421789186932,0.8614213321513626,1.5826796669805925,-1.0047800481942475,-1.3629784498577207,-1.4887967072487558,11.000000000000032
2024-06-24,-0.8392479078457501,-0.18856977990522683,2.3506890832094336,0.7206380570421859,1.395448766494371,-0.9424226195060015,-1.1964169146236414,-1.4887967072487558,23.000000000000043
2024-06-25,-0.8392479078457501,0.17615991356427593,1.5000489571305555,0.8782616765447718,0.9745735649340252,-1.1441185099376188,-1.1892102795517394,-1.289564649913819,19.99999999999993
2024-06-26,0.8975274678672417,0.9211046174838903,1.9669780728294233,0.10810024544371521,1.1032903185839982,-0.009370536048251811,-1.1818421819681508,-1.289564649913819,4.0000000000000036
2024-06-27,1.644739480501411,1.4954699973562755,1.7836852934228704,-0.29399773899665443,1.2860023421657751,0.8719391965312462,-0.5232678657833241,-1.289564649913819,-0.9999999999999787
2024-06-28,1.5175444561929812,2.2467347048047706,1.6326102346480642,-0.7328214857168238,1.2586472439394676,0.3642192394461007,-0.6301553136915493,-1.289564649913819,-8.000000000000007
2024-07-01,0.6254541271067441,3.643774930963841,1.5093458848339891,-0.4105456387890467,1.0792954250282076,2.0849370627458326,0.005234560677845677,-1.289564649913819,-18.00000000000006
2024-07-02,4.099060286812812,0.2129837943227476,1.3971758526968772,-0.7486114011519522,1.2193811814215452,3.064321242230049,0.9901053768443215,-1.289564649913819,-14.999999999999947
2024-07-03,1.2492520651545964,0.08108805226286755,1.535255977111553,-1.0567617260257791,1.0082253077355054,2.2649316362649436,0.6033454640145077,-1.289564649913819,-16.000000000000014
2024-07-05,0.1286700538461005,-0.16742678607108072,0.7001622331147141,-0.954613398007937,0.5040783154789141,1.3432713057128085,0.08876513616446283,-1.289564649913819,-10.000000000000053
2024-07-08,-0.4472135955021285,-0.6903083985904079,1.37820931519409,-0.3760142373871078,0.17041085600908232,1.801744479939366,-0.4246619802756761,-1.289564649913819,-4.999999999999982
2024-07-09,-0.47260111894058426,-0.24774576550836597,0.8104528331408907,-0.5628784815077199,-0.004758765645559677,1.3051426158271258,-0.38651940778288846,-1.3444507939601071,-12.99999999999999
2024-07-10,0.6127956121909313,-0.09219903395244755,1.2504999923113302,-0.3172007894425737,-0.011341383315791452,1.5551853741267274,-0.1868027109710836,-1.3444507939601071,-12.00000000000001
2024-07-11,0.5740604972899601,-0.10396139423519829,1.1742529470431224,0.19773456326309197,-0.327925306651637,1.1077206757182803,-0.3068562482036417,-1.3444507939601071,0.0
2024-07-12,0.5361961606670097,-0.40446879435401795,1.603567451495917,0.31637530122094715,-0.9603653579889653,1.7009367447427859,-0.7562945620953043,-1.3444507939601071,7.000000000000028
2024-07-15,0.5146117504164394,-0.3278087307612399,1.4928182980029845,-0.41358909204818056,-1.4231470841073093,2.041899323212699,-0.8305299899564437,-1.3444507939601071,2.999999999999936
2024-07-16,0.4934242206283294,-0.19432705191927166,1.4102350028694688,1.2393380011581536,-1.2617725641361335,2.5817352358242176,-0.2667655565831283,-1.2851618141621763,8.000000000000007
2024-07-17,1.0283796954827953,-0.2394535524697784,0.8222879493240071,1.3593934153636404,-1.223422098983623,1.7020361750451483,-0.941803696668718,-1.2851618141621763,12.00000000000001
2024-07-18,1.0283796954827953,-0.41955206567095393,0.7716892203171358,3.4407373577338514,-1.5564739542044566,1.5640076252941466,-1.0017037422823694,-1.2851618141621763,6.99999999999994
2024-07-19,0.44721359550210704,-0.5613407045627467,1.0024225680247423,4.007327859737944,-1.1616377646192941,1.4454661472422061,-0.4667910076463111,-1.2851618141621763,-4.999999999999982
2024-07-22,0.42727713527520694,-0.7702155778714793,0.9474716562137413,3.4702282702276426,-0.688548167592397,1.5636713210438138,0.15870511659662428,-1.1254155992407924,-8.999999999999986
2024-07-23,-0.1300408672576889,-0.5091712126364998,1.1627274751676966,1.7495322704655543,-0.6622891299894392,1.4464238816763186,0.2624293176644782,-1.1254155992407924,-9.999999999999964
2024-07-24,0.4076099033817912,-0.6089622444988118,1.434195833331534,1.456075569781673,-0.3801357809775849,2.2303073806095033,0.4333539759507952,-1.1254155992407924,-19.00000000000004
2024-07-25,0.3729460135436869,-0.43855082294505177,3.010673554449811,3.3040223258941777,-0.07960253388568679,2.475012575978756,1.0444004581300048,-1.1254155992407924,-27.999999999999936
2024-07-26,0.8731315373015176,-0.7825817353133095,1.9858730823533735,2.901651212811421,-0.10008989371379981,1.7954523892737462,1.0349372034839133,-1.1254155992407924,-40.000000000000036
2024-07-29,0.8165041946279009,-0.6768578047449076,2.6502284778666487,1.5692339421841803,0.1450243062391702,1.486322473408151,0.1939394064713149,-1.221335241622453,-39.000000000000014
2024-07-30,-0.37443766149047086,-0.580791625165355,2.5626748013908482,1.5525121129414305,0.904944818806306,1.130913888173789,-0.6591798513089726,-1.221335241622453,-25.000000000000043
2024-07-31,-0.4315536259982471,-0.8677237380203658,2.046340373033313,1.9227845214854156,1.1310255133972422,0.9767103313766099,-0.8588095733283739,-1.221335241622453,-12.99999999999999
2024-08-01,2.302348446488175,-0.15130129300913087,2.4531840634667677,1.1654874677490887,0.10895478439934587,0.9195637244636657,-1.7513668741299884,-1.221335241622453,0.0
2024-08-02,0.5928871321916493,-1.2245653446339928,2.6814683732495705,2.0311567859619313,0.5027558060495378,1.1483574487720616,-2.336940065846239,-1.221335241622453,14.000000000000012
2024-08-05,0.5458013451296572,-1.3354351173295549,3.407945402691923,3.2531199086207785,-0.12933181729386908,1.893732935512416,-3.016031695877116,-1.1871398650314788,12.00000000000001
2024-08-06,-1.2010390601605363,-1.5705326249489548,3.2382045011151144,4.50511034492349,0.09052501371709187,1.5098177916052848,-3.063143193733257,-1.1871398650314788,-4.999999999999982
2024-08-07,-0.693424571431413,-1.7724310452920127,2.0739185962525157,2.1142923160585623,0.22312069480322042,1.6289305523737758,-1.776961773482608,-1.1871398650314788,-12.99999999999999
2024-08-08,-0.6934245714313586,-1.6903821566127715,2.060257228477736,1.9204614957683526,0.10102397394357014,1.9787852766510974,-1.222644233245083,-1.1871398650314788,-7.000000000000028
2024-08-09,-0.08157936134485932,-1.3565274203993107,1.6753993634103546,1.1574455009320495,-0.06914276241362732,1.7420274375787588,-0.9266223081323753,-1.1871398650314788,-4.999999999999982
2024-08-12,-0.08157936134491367,-1.1734088024248082,1.4482124230208289,0.5519014161166819,-0.9469028182527587,1.0901092015253888,-1.1632105711375056,-1.5347418574410865,-4.0000000000000036
2024-08-13,-0.10284075911857521,-1.1529636414287592,1.4371377380353445,0.5651928351310095,-0.354846790831391,1.0247307909071917,-1.3639860768756094,-1.5347418574410865,-3.000000000000025
2024-08-14,0.02804545111896065,-1.1764179963161356,1.515564772511146,0.10317300276916952,-0.7063170911038054,1.25019897883873,-1.5845930900345175,-1.5347418574410865,-4.0000000000000036
2024-08-15,-0.7597038088375921,-1.0234765823717697,0.8554796414184643,-0.24872290970923844,-1.803892660824752,0.8761902385040337,-1.6340371042346633,-1.5347418574410865,-6.000000000000005
2024-08-16,0.8694089846889758,-1.4170308524971533,0.20960829423902727,-0.4361975910198942,-1.3753343311521378,0.2959395528658417,-1.0231201701296397,-1.5347418574410865,-8.000000000000007
2024-08-19,-1.6546816160210698,-0.8276682396812972,0.27285406210534024,-0.5292785189629949,-1.6116050451910067,0.13480289407550478,-1.1027626175453205,-1.5054933840583988,-4.0000000000000036
2024-08-20,-1.6546816160210698,-0.6999801130076888,0.12266710614803875,-0.5748287185907162,-2.286604267869539,-0.28279294558998463,-1.103190404266119,-1.5054933840583988,1.000000000000023
2024-08-21,-1.5303784386857537,-1.155996986258214,0.18859606570841048,-0.38265044792553393,-2.174898673283823,0.026069798686622007,-1.1764785596650822,-1.5054933840583988,4.999999999999982
2024-08-22,-2.0751049626784326,-0.8517128688912287,0.14458118101175052,-0.33773421359903516,-1.8483780269659316,0.49886034742614804,-1.1002314821274914,-1.5054933840583988,1.000000000000023
2024-08-23,-1.8724236030624206,-0.8999730013192798,0.21773412409893905,-0.13551147899687593,-1.037958615405681,0.44717377344688436,-0.6675185870258961,-1.5054933840583988,10.000000000000009
2024-08-26,-0.4609275566261192,-0.9324071839554978,0.17540968123746942,-0.4761507675596132,-2.1671294868966866,1.0002388858385243,-0.770726180127714,-1.2707890166502858,2.0000000000000018
2024-08-27,0.23046377831296747,0.13104861335701717,0.13130216385278884,-0.44700616301661855,-1.7111220257472768,0.9357790191451425,-0.5687563089061846,-1.2707890166502858,-6.000000000000005
2024-08-28,0.9218551132521768,-0.0618275364412102,0.20206041153474985,-0.6054282592277229,-1.3973699308349914,2.1478466973620414,-0.3778966097398396,-1.2707890166502858,-10.999999999999988
2024-08-29,0.9218551132521768,1.1819523707680724,0.14553336799740746,-0.3016435983808564,-1.3028079903967498,2.1125165808978843,-0.11630834709630213,-1.2707890166502858,-14.999999999999991
2024-08-30,-0.4368025044837121,1.0486911089466788,-0.19281983087798832,-0.5831035527399626,-0.8482007299715246,1.8439908501077364,0.0753463600298041,-1.2707890166502858,-20.999999999999996
2024-09-03,-1.0598518716526242,2.2004895855876665,-0.26880134825659013,-0.6955850418197663,-0.6955431519147178,1.727272262014867,0.5288765236393368,-1.8505499104984076,-18.999999999999993
2024-09-04,0.2709570473709822,0.10230269268378524,0.2948164943872476,0.3742858561239431,-0.1242815576035667,1.0748229269848963,0.1694327706664129,-1.8505499104984076,-12.00000000000001
2024-09-05,0.913095723487297,-0.18604178539269425,0.23488891413193783,0.45162287762673603,-0.4159100566648552,1.6967048747977749,-0.30158374813433325,-1.8505499104984076,-4.999999999999982
2024-09-06,0.8793937305573338,-1.3496477923558294,0.19166121511683057,0.16128208267560878,-0.45005781149683466,1.1814794723679514,-0.33777207124114406,-1.8505499104984076,-6.000000000000005
2024-09-09,0.2449769014234269,-1.0535777660341712,0.13191565553151158,0.6175947212551042,-0.35510179259072994,2.085577423634355,-0.15575863599817766,-1.8505499104984076,-7.000000000000028
2024-09-10,0.2709570473709822,-1.166911031682079,0.08229061596498281,0.027467755621971124,-0.04522550629200249,1.4288535280536638,-0.07121589283825473,-1.8571982579876116,0.0
2024-09-11,-0.4064355710564733,-1.3659975514717435,0.24097368251868534,-0.061438602383645964,0.39831068355407595,1.7974334846665314,0.010596489635521325,-1.8571982579876116,5.000000000000027
2024-09-12,-1.0435119640524548,-1.3250188007546633,0.4022149419248447,-0.33486333230872795,0.16653050735547642,1.3287814388966015,-0.5890522967083722,-1.8571982579876116,4.999999999999982
2024-09-13,-0.32039798260706287,-0.8837466623960827,0.1373754612512868,-0.46265815098802,-0.2775247729021256,1.378264271864049,0.744308518468092,-1.8571982579876116,6.999999999999984
2024-09-16,-0.27481054080018136,-1.0861787542681676,-0.3293176802128552,-0.5472057315883184,-1.4187744707083256,1.869026574202614,1.907716953460175,-1.6987465705087705,12.00000000000001
2024-09-17,3.1392943939990334,-2.1222877187409774,-0.7358403667115611,-0.3958652271681926,-1.5555726656938715,1.4878361149976624,1.4451045065816008,-1.6987465705087705,9.00000000000003
2024-09-18,2.6462272471708217,-1.5480624153405376,-1.237033627992812,-0.2391632974483427,-1.316930913695413,1.2687980271349855,1.9848830077466628,-1.6987465705087705,8.999999999999986
2024-09-19,-0.38380395187966765,-0.30328504067167533,-1.4158656667604081,0.03485305628882078,-1.3285033156950812,1.5036346492819408,3.6084235900301946,-1.6987465705087705,6.000000000000005
2024-09-20,-5.215824407836091,-0.1745307278792311,-1.37060317789542,-0.5903085925732396,-1.6819669876816454,1.8855481362278532,3.4124853923961314,-1.6987465705087705,2.0000000000000018
2024-09-23,-3.611161671796145,0.5052617974700805,-1.3044565927972247,-0.6318861974441746,-1.4498954172449636,2.063023933271934,3.1123161797383783,-1.4079628977106737,6.000000000000005
2024-09-24,-2.9117924167348335,1.449437236215933,-1.7715557670107722,-0.7018195698802128,-1.3137002096987167,1.8643403830678835,2.8804348185166937,-1.4079628977106737,0.0
2024-09-25,-2.4385359692036026,1.5438343940306243,-1.4213354581996065,-0.8895816407249112,-1.75670063538554,2.226412558081561,2.5605917516889956,-1.4079628977106737,0.0
2024-09-26,-2.148423317570796,1.966510432300453,-1.784173848299782,-0.8273255709465188,-1.1158794694037466,2.0573822080635242,2.4745354867891765,-1.4079628977106737,6.000000000000005
2024-09-27,-1.9680352462215425,1.9424874009444082,-1.6522476213969841,-0.8262647480028631,-1.6558840685868474,1.3788099300689698,2.2299393662619065,-1.4079628977106737,23.0
2024-09-30,-1.7440875027103477,1.9525466956563018,-1.2544174817287919,-0.07017584139794415,-1.4785959272251001,1.3671466995627013,1.8210271121075792,-1.3450076341508734,22.00000000000002
2024-10-01,-1.1145094278072925,2.204236354139465,-2.036261795130856,-0.22286681744357476,-1.0887449464051502,0.9091682867154801,1.707253903167462,-1.3450076341508734,29.999999999999982
2024-10-02,-0.6644659626289741,0.6010626395951802,-1.338877362816402,1.0086408636847823,-0.3654062127040689,0.6974512587890178,1.3570662731661118,-1.3450076341508734,26.999999999999957
2024-10-03,-1.1677017784807409,0.6979173650836326,-1.5253406382959527,0.7689107832147436,-0.555357977996182,0.9197324291057684,1.5613000976835036,-1.3450076341508734,23.99999999999998
2024-10-04,-1.369162248524898,-0.04037523997374429,-1.9039432764954267,1.4707024071186807,0.39019806535743745,0.7764206516377109,1.7290706762861217,-1.3450076341508734,10.000000000000009
2024-10-07,-1.3494679817542026,-0.24288216081583902,-2.7072534978742038,0.7915914944537513,0.5773686336443095,-0.30080016392638814,1.8888805818697725,-1.6350657840073175,0.0
2024-10-08,-1.2556352607469679,-0.3721456574051942,-2.7951881961374094,2.1966684436601174,0.8781969712134228,-0.4817468243571315,1.7636510971274082,-1.6350657840073175,-2.000000000000046
2024-10-09,-1.133879945112056,-0.31356521389946385,-2.2630843978792354,1.509427637123103,1.2112084834125028,-0.33419939270189064,1.7261386989008798,-1.6350657840073175,3.000000000000025
2024-10-10,-1.0974315143909374,0.0008291107525844679,-2.153936395359201,1.1791594962444587,1.4704854352715022,-0.24524164407358923,1.6568752618716467,-1.6350657840073175,-0.9999999999999787
2024-10-11,-1.063917218214002,-0.3259365307367414,-1.933143358650006,1.1317914573443144,1.6672414261797628,0.21564251037768062,1.627325713238066,-1.6350657840073175,11.000000000000032
2024-10-15,-1.0327027391864598,-0.13676336247879314,-1.7554148237949714,0.8675181911414659,1.3997038805498296,0.4236936780169451,1.5347041857876174,-1.8429819194055275,16.999999999999993
2024-10-16,-0.7762953359676263,-0.8846297689240519,-1.7305295199850512,0.8897151192212628,1.9930235271142693,-0.2667688965595804,1.2590709979109924,-1.8429819194055275,22.000000000000064
2024-10-17,-0.7226305451827518,-1.0792750655730003,-1.8280512031855762,0.43268085004194873,2.305051325869387,-0.20416174771834114,1.1761033296306072,-1.8429819194055275,12.00000000000001
2024-10-18,-0.7104314033442839,-1.1806511962622923,-1.4473410190047982,0.2579660739582117,2.2533761468390554,0.31848418875028167,1.268895081012242,-1.8429819194055275,16.999999999999993
2024-10-21,-0.699625410607533,-1.182314759555025,-1.3491316412067065,-0.22188890361809166,1.8488117985678385,0.26187282065111217,1.1945545805742814,-1.8429819194055275,8.999999999999986
2024-10-22,-0.732695347719763,-1.119737627067631,-1.1418424599105572,0.0023539295472808064,2.17990364725033,0.832885570469843,1.4938573467102254,-1.5622252902698612,8.000000000000007
2024-10-23,-0.6371778934942528,-1.4367147387634478,-0.9478705892046131,-0.06271046825196956,1.9234224148945491,0.779087122332258,1.476284203662441,-1.5622252902698612,4.999999999999982
2024-10-24,-0.5868005380873587,-0.884136567570542,-1.0217333289747075,0.4614160689754384,1.9916973569408956,0.7260104904796546,1.5027539112823887,-1.5622252902698612,7.000000000000028
2024-10-25,-0.5365522750347073,-1.8488239321869095,-1.23946881414957,0.3567654613684633,1.6928501513254874,0.1827589090135534,1.4487950505518512,-1.5622252902698612,12.00000000000001
2024-10-28,-0.48623621190406474,-1.393975272637137,-1.3225418272793548,0.9274144456942304,1.6307195535647827,0.13121040786202165,1.430967586860823,-1.4494064390113732,2.999999999999936
2024-10-29,-0.49355895852742665,-1.004162110780266,-1.2590247000709456,0.6131097787181997,1.6345453446885028,0.4503931007005085,1.5988072643417508,-1.4494064390113732,-2.000000000000046
2024-10-30,-0.4535586390862611,-1.101695721451323,-1.4769137573041276,0.3450519347042704,1.54232789255778,0.5814468809431939,1.5523347663569884,-1.4494064390113732,12.99999999999999
2024-10-31,-0.5292728989136904,-1.3031152828844819,-2.0485876677709682,0.8095313336681206,1.3974221903580817,-0.019078823501761794,1.689207351958543,-1.4494064390113732,2.999999999999936
2024-11-01,1.0244608175072787,-1.5810260016128617,-1.6224494178403703,1.9971801100545241,1.2891484857010074,-0.42562474959082863,1.686703249190305,-1.4494064390113732,-7.000000000000028
2024-11-04,0.1952320535211952,-1.9889538011613834,-1.5160880007550483,1.3019031034188526,1.2111921145038893,0.33467903428964313,2.0719320480930934,-1.417453139999808,12.00000000000001
2024-11-05,-0.6037591735661187,-1.627009736573496,-1.4259141597280196,1.265395940565253,0.9907824414028996,-0.025986195140316807,1.5051530612286057,-1.417453139999808,18.00000000000006
2024-11-06,-0.5949906731117897,-1.7887658664677941,-1.470350461099046,0.5113174750327905,0.9031122020986351,-1.2920820379895825,1.2387323113779407,-1.417453139999808,0.9999999999999787
2024-11-07,-0.7678108350151476,-1.2980041891513046,-2.026289429018567,-1.629669526699376,1.6191507044711986,0.32658282895973356,1.8354662436676457,-1.417453139999808,12.00000000000001
2024-11-08,-0.5532495670746765,-1.4227773106774744,-1.3645806176606603,-2.1521625592096085,0.8919501738548195,-0.6897081185975358,1.285491223971267,-1.417453139999808,12.00000000000001
2024-11-12,-3.53958804158426,-1.295973758470204,-2.0544245254081526,-2.239806251659433,1.4140553202402086,-1.9337718800790875,1.1632262739357342,-1.4543299443799482,-4.0000000000000036
2024-11-13,-2.873848720107649,-1.0672021807379988,-2.155012100555604,-2.1728693072452447,2.1456097322203376,-0.7327494591223543,1.654235269898898,-1.4543299443799482,-3.000000000000025
2024-11-14,-2.597356751243528,-0.2535555657690092,-1.3735407233860057,-2.276117533940541,2.1117333811377326,1.1653688900441344,1.7202965797563432,-1.4543299443799482,0.0
2024-11-15,-2.5483310208701035,-0.5432219433084482,-1.584180168922181,-1.9358454315909221,1.9820766957846372,-0.6999431741424941,1.5594602338732713,-1.4543299443799482,-1.9999999999999574
2024-11-18,-2.3417951684117133,-1.135540065045192,-1.245805184978668,-1.1371397472812779,1.7917026114207337,0.039972442297646515,1.5301206917289667,-1.4543299443799482,-15.000000000000036
2024-11-19,-2.0772637536246235,-0.6419551991532778,-1.0462225594715329,-1.262605161452936,1.4959298463776105,0.2984118592710785,1.2641998646436823,-1.5410648398607902,-8.999999999999986
2024-11-20,-1.8711765050046552,-0.5807595645390349,-0.9830038374656358,-0.9172758459021954,1.2763097767143357,-3.530857860235541e-16,1.0948622691695096,-1.5410648398607902,-16.000000000000014
2024-11-21,-1.779125189200192,-0.23419120244232672,-0.7616102529226147,-0.5612187539418436,1.5540546916391305,-0.6023909616940448,1.131066185600046,-1.5410648398607902,-25.0
2024-11-22,-1.5550591280480703,-0.710439632410881,-0.7083341937941359,-0.6245960475644708,1.6254193728393298,-0.938835568341785,1.1163439996141213,-1.5410648398607902,-21.999999999999975
2024-11-25,-1.4368120498941312,-0.3590468324638195,-0.6569407562256498,-1.185489945674194,1.7816468400209733,-2.2112369176711737,0.9491656085304337,-1.755512973220745,-3.9999999999999147
2024-11-26,-1.2619229740558102,-0.6778509178501337,-0.775709589905668,-1.3366132904230892,1.33139612327945,-1.5578596573874026,0.1757878295097332,-1.755512973220745,-10.999999999999943
2024-11-27,-1.1777738143905678,-1.5214348313920092,-0.5483532112089744,-1.4176771777842716,1.5879859953020479,-0.7422363779452199,0.3570459124902015,-1.755512973220745,-8.000000000000007
2024-11-29,-1.1716289120859056,-0.957416969495762,-0.5000673627518151,-1.3197461841878377,1.0337589041315731,-1.4612229455756764,0.047939970672083346,-1.755512973220745,-2.999999999999936
2024-12-02,-0.952646915123062,-0.18857300995687104,-0.2733487936812006,-1.4249712112365587,0.7786472493795281,-1.6130898191735996,-0.3790059150229783,-1.755512973220745,0.9999999999999787
2024-12-03,-0.5214204139782948,-1.7270014580208146,-0.7904951796920917,-1.3774604423950674,1.1671452788355459,-2.0715768700556008,0.12891858691722896,-1.9888643206197698,-1.0000000000000675
2024-12-04,-0.47671053965234406,-0.9800273838942961,-0.9288828758717187,-1.2969246321571293,0.9625379787019517,-1.1095458027298495,0.5623233617110398,-1.9888643206197698,6.99999999999994
2024-12-05,-0.8166760277561051,-0.8928222185966866,-1.0799850522219134,-1.163892754991566,0.7326717321532726,-1.0407315577474525,0.3297353058648246,-1.9888643206197698,15.000000000000036
2024-12-06,-0.7615792124210746,-1.6464471912875636,-0.8364375046553659,-1.0627957269924024,0.3890583006471031,-1.7673510763695326,0.17387126259901942,-1.9888643206197698,25.0
2024-12-09,-0.6302940277564061,-1.650590917972334,-0.31280093289490807,-1.2276463745339188,0.5803684511839553,-1.0571819052476965,0.32375854580009533,-1.9888643206197698,18.99999999999995
2024-12-10,-0.3378952919862583,-0.908701920224812,-0.25037705002679667,-0.7132303755229668,0.4454966671375277,-0.5739061592001181,0.8280953719139996,-1.8223187158979566,18.00000000000006
2024-12-11,-0.20661443724589193,-0.2229444136982533,-0.49217787965590687,-0.6644990341925151,0.7455741856544554,-0.5287623028660502,1.1465863754691878,-1.8223187158979566,24.00000000000002
2024-12-12,-0.3336505047783214,0.008790137537614935,-0.0872582122590568,-0.8085221589470578,0.5844590118030066,0.41759732738421734,1.884102340035917,-1.8223187158979566,25.0
2024-12-13,-0.284314210592315,-0.4357093811202407,0.81331808246704,-0.6420036697347838,0.6457012440760224,1.179251081674548,2.6352628487301333,-1.8223187158979566,11.999999999999922
2024-12-16,-0.4220822180146031,-1.4115289635238477,9.453208419639375e-15,-0.6291501928939988,0.9744394210506159,1.3969528385793446,2.9980468727575653,-1.611826691653288,20.000000000000018
2024-12-17,0.16566470641839215,-2.081097109094355,0.05994627913315851,-0.2455973417871382,0.8797048606831881,1.126204745963895,2.288964835104529,-1.611826691653288,18.99999999999995
2024-12-18,-0.08754010028652706,-1.699228849085602,-1.2297970437816206,0.3923146084434598,1.1149545203094144,1.3853637959380218,2.039554486204299,-1.611826691653288,8.000000000000007
2024-12-19,-0.6781610352031524,-1.1795140467971879,-2.026003484093761,4.406146479704945,1.2834871598306432,1.363421315263066,2.5895698291141316,-1.611826691653288,4.999999999999982
2024-12-20,-3.6163791161661307,-1.6878492419966082,-0.5731308440734859,2.8110507634985225,2.617706431797859,2.971521834626568,2.6975455725392496,-1.611826691653288,3.000000000000025
2024-12-23,-3.1259243595690434,-1.905005220596365,0.8455486913295157,0.9258113942049845,1.4400637593499368,2.1736318546557953,2.144363027124607,-1.3669913041331385,-0.9999999999999787
2024-12-24,-2.7661117353272764,-1.3157386264020365,0.4020851574997047,0.40499955600034093,2.154319227901581,2.8188836571308626,2.164008725671678,-1.3669913041331385,-1.9999999999999574
2024-12-26,-1.6451638663255337,0.4726900641904741,-1.150032355409334,-0.3837880545315021,2.138063440707256,2.5395124068662844,1.7667622701987968,-1.3669913041331385,1.9999999999999574
2024-12-27,-0.2905269448678034,0.8844455278266995,-0.8079970590498274,-0.23830957695248112,1.913562632524504,2.0174852288475775,1.7961603281360343,-1.3669913041331385,0.0
2024-12-30,-0.950011493160698,2.6465353143132084,-0.7803357511903577,0.12821426305417855,1.8968240797168638,2.152725500078103,1.9722434290752024,-1.3669913041331385,12.00000000000001
2024-12-31,-1.69661431756676,2.240283559304936,0.9148409632826451,0.554875186547904,2.1768338346200466,1.930716349952777,1.2656283003725257,-1.299984405871023,8.999999999999986
2025-01-02,-0.5187504487989476,4.24229624008116,0.2982566935134525,0.523881998334032,2.4292153522959694,1.9310347105015415,1.3065722034721616,-1.299984405871023,10.999999999999943
2025-01-03,-1.2856799264485477,0.8689483841489943,1.8965747305441034,0.6766247389487576,2.323981601393278,1.6742626374010916,1.217742642971736,-1.299984405871023,16.999999999999993
2025-01-06,-1.9059132131301195,0.8083851934768924,1.2650000890856208,0.11554176637080332,2.080321047169562,1.5418550442935672,1.333016051077636,-1.299984405871023,16.999999999999993
2025-01-07,-2.0089462406057668,0.7223342417121257,1.2245852331721567,0.09937396388979136,0.997237950700915,1.5843535447721742,1.279095619881515,-1.299984405871023,11.000000000000032
2025-01-08,-1.816755199962914,0.3826755381123744,2.4576605466198016,0.6452605426789598,1.0116382739029697,1.687958782894992,1.378429648594773,-1.299984405871023,-0.9999999999999787
2025-01-09,-1.5323269550035399,0.06951959230350807,2.5230643390377474,0.5789082143426182,1.4078968358335593,1.703105924987827,1.2817876911518276,-1.299984405871023,-6.99999999999994
2025-01-10,-1.353635858267533,-0.15767264235372305,1.5543321683236286,0.6546343787742106,1.4953745501224025,1.7080589530731276,1.2408006761970087,-1.299984405871023,-15.999999999999925
2025-01-13,-1.2595266203056432,-0.02430777148271779,-0.040284383591746034,1.0387596856621215,1.8804130822931384,1.293287081676068,1.4570373779664143,-1.299984405871023,-21.999999999999975
2025-01-14,-1.2372521955071267,0.0373243584027871,0.7462207828803958,0.874199065633655,1.8562166276977303,1.3486537417428124,1.4086825419958389,-1.299984405871023,-18.00000000000006
2025-01-15,-1.2156495370771447,-0.27311852016263755,0.7462207828804047,0.6794424110915309,1.1772604872547274,1.400620577669926,1.3458773768607546,-1.299984405871023,-0.9999999999999787
2025-01-16,-1.1378766014930746,-0.8238198633588616,0.7025761755570704,-0.13917761936611778,0.9542732395247553,1.1782822436530984,0.8339243287631349,-1.299984405871023,1.9999999999999574
2025-01-17,-1.004345299343813,-1.1222740607797592,1.3884440248639476,-0.025206531963082188,1.0863663996168287,1.0340629233562078,0.6079295961442652,-1.299984405871023,-8.000000000000007
2025-01-21,-0.9395930896856647,-0.7700351321080945,1.2999910346097072,-0.2546335626914922,1.0631110336426057,0.6649875042312715,0.5587642700135651,-1.3373466943925543,-2.000000000000046
2025-01-22,-0.8786671325000709,-1.040237458566458,1.2131165378942124,-0.5704232017810398,0.01212242057316674,0.10899223315592287,0.2007666125969265,-1.3373466943925543,-4.999999999999982
2025-01-23,-0.7556099259649576,-0.6648304857973927,0.03879342654362047,-0.5976673670948471,-0.12166058422458308,0.31876028980615495,0.3025373244261072,-1.3373466943925543,-13.000000000000078
2025-01-24,-0.3588585384546011,-0.5466016307950722,0.02591838726223171,-0.6382610973843894,-0.3275104044770967,0.7463059043080248,0.5625979781792377,-1.3373466943925543,-4.999999999999982
2025-01-27,-0.3788960010384981,-0.8616854468863467,0.0,-0.7073409221760214,-1.2174380537627916,0.7055104106075208,0.44966956202523717,-1.3373466943925543,0.9999999999999787
2025-01-28,-0.32556367606005204,-0.9654015812139727,0.7409301259386516,0.2812399999954477,-0.5822197144550811,0.6600927957801808,-0.21051749278950446,-1.4413038678868604,-3.000000000000025
2025-01-29,-0.18487644143310622,-0.682268147279517,0.7227077247029661,-0.2679096605326783,-0.43388531280298076,0.6120601306794596,-0.02355627764721275,-1.4413038678868604,-12.00000000000001
2025-01-30,-0.12145710581315966,-0.559275972233508,0.6806571022968448,-0.2534775531526541,-0.4214675531403868,0.30359200820473237,-0.0897138791906326,-1.4413038678868604,-6.99999999999994
2025-01-31,0.0722271805162372,-0.5155210415857948,0.6400035310801114,-0.5332879841343267,-0.8367051320538051,0.23907104700575876,-0.424061188594778,-1.4413038678868604,-8.999999999999986
2025-02-03,0.4465875724203382,0.2447507949421056,0.589574270743634,-0.3254781014736436,-0.34622376311462577,0.5036577346105725,0.0957902047630451,-1.3308714875143408,-3.000000000000025
2025-02-04,0.18449872163505013,-0.8856031127871999,0.9855274566881644,0.827352628882125,0.5620243576570345,-1.1930355658063416,-0.979021467551888,-1.3308714875143408,2.000000000000046
2025-02-05,-0.13917615034410385,-1.0177437922881027,0.932590567138951,0.3000721790796078,-0.9940871874993692,-0.6277117570782814,-1.0987203126671579,-1.3308714875143408,19.00000000000004
2025-02-06,-0.15558602664167334,-1.0867510559399864,0.4272206485317198,-0.6738289111396756,-1.2148199760995237,-1.932366858344923,-2.2299917333964188,-1.3308714875143408,6.99999999999994
2025-02-07,0.2859380468947984,-1.043473792464649,-0.08054623361753967,-0.8278681401907436,-0.8474432578403327,-2.219194612711737,-1.9067155084902088,-1.3308714875143408,-2.000000000000046
2025-02-10,0.15825036459016067,-0.8116893094952866,0.3463539236990889,-0.14724388672657357,-0.4952343357057925,-2.672270807216207,-1.4597856776064153,-1.435915136889289,4.0000000000000036
2025-02-11,0.30709761166349786,-0.7145282380324438,0.2855277647241669,-0.7485382063539437,-0.1823883839990127,-1.9394594874210649,-1.1526659249936182,-1.435915136889289,-0.9999999999999787
2025-02-12,0.2155791246256434,-0.9328060143189612,0.8966998721221642,-0.5875169067167106,-0.5089088300142519,-1.4675510859838423,-0.7334948345057299,-1.435915136889289,-12.00000000000001
2025-02-13,-0.18197278693775315,-0.9763662418611474,0.14549186649300497,-0.6475035748964049,-0.6426098464770756,-1.2234848965820682,0.2157464371802113,-1.435915136889289,-9.999999999999964
2025-02-14,0.20494911158324045,-1.2312298202927794,-0.6774179885305741,-1.1779038897998169,-1.238921538845226,-1.9061271280931282,-0.8839664228037917,-1.435915136889289,-6.99999999999994
2025-02-18,0.30152098970002406,-1.3509089109879933,0.8488426715560957,-1.3283969980974137,-2.137831199069649,-1.7425654581064385,-1.4206783682772441,-1.4676703469717367,-25.0
2025-02-19,1.4719802825700834,-0.9366788190734572,-0.694507640364094,-0.8641131848492803,-1.7691471650124333,-0.9123769855875595,-0.4442678932555755,-1.4676703469717367,-28.000000000000025
2025-02-20,0.79745108917626,-1.0151848190098878,0.7952234303600477,-0.8933683750564145,-1.0833931951186895,-1.0039977542707352,-0.6465067495498155,-1.4676703469717367,-20.999999999999996
2025-02-21,0.09158364083318432,-1.2178751449488363,1.5647944919988233,-0.5618397119695324,-1.7652858616020553,-1.3546289104323535,-0.8255958620550993,-1.4676703469717367,-17.99999999999997
2025-02-24,0.3883233382644444,-1.0209884555537567,2.8784916687782296,1.2934762070358543,-1.5868442348987855,-1.1286786148540602,-1.5265221099491908,-1.4676703469717367,-24.00000000000002
2025-02-25,0.34706966405384077,-0.7591909289130903,1.9766204826138067,1.7725791044454464,-1.4138518378051521,-0.48177408745271955,-1.5192243462649297,-1.3149110280753826,-8.000000000000007
2025-02-26,-0.04891563424844025,-0.16047309582013314,2.8701360874566304,2.1045632424987137,-1.1342910199741152,-1.032499363271679,-2.3304128497104775,-1.3149110280753826,3.000000000000025
2025-02-27,-0.1020895789020346,0.9035047948707485,2.8504519735281715,1.8805107103923444,-1.2309070534134257,-1.4049731598236936,-2.6960858741568283,-1.3149110280753826,0.0
2025-02-28,1.0027949795564037,2.620420107352056,2.785162776684389,2.8787014741509864,-0.20442686789793976,-1.0418460914326897,-2.2505551388145406,-1.3149110280753826,8.000000000000007
2025-03-03,2.102095364372232,3.2897170700386114,3.5994489026986103,1.7605247978390828,0.3197498405802059,-0.5002205320560362,-2.4371513622268814,-1.7376819906947683,5.999999999999961
2025-03-04,-0.4590183167099925,0.38296123562717593,3.545493977191178,2.9222485544035055,-0.46078814680779895,-1.293050190346875,-2.8828530053523136,-1.7376819906947683,6.00000000000005
2025-03-05,-0.5684200996902319,0.7470868030180132,2.874681311114968,2.7196074156633903,0.05029117903368339,-0.18769522978917452,-2.048901750988866,-1.7376819906947683,4.0000000000000036
2025-03-06,-0.18449270632049702,0.8078830607127244,1.84066067544341,1.8524392739585367,-2.4402597961980144,0.35059383435718106,-1.5206109416453681,-1.7376819906947683,-2.000000000000046
2025-03-07,0.3098814129087244,0.5497974613894222,2.0008248315592208,2.578358049740057,-2.6280443907412927,1.0522418623763112,-1.2724320111487326,-1.7376819906947683,-1.0000000000000675
2025-03-10,-0.2892865192570859,0.7179478456944451,2.107245072014443,1.8492222733743398,-2.4244410562089476,1.0976119089642264,-0.9817771601708178,-1.7196840993885127,8.999999999999986
2025-03-11,-0.8775447188562924,0.5174787022273917,2.296470433355993,2.7999759082124074,-1.858584860214209,1.1465863754688832,-1.5468546704827224,-1.7196840993885127,0.9999999999999787
2025-03-12,-1.3992144192469724,0.6792400325166192,2.4976732848250527,2.211774028996903,-1.9234654102665425,1.3759186068813085,-1.0943847063262295,-1.7196840993885127,-7.000000000000028
2025-03-13,-1.8019948748484123,0.509928333053514,1.872297103331393,1.3796828135004418,-1.9223260888008917,0.8676328412137936,-0.8135388765378342,-1.7196840993885127,-2.999999999999936
2025-03-14,-2.089318264186601,0.09015659442140264,2.22541412788896,1.3817425497529818,-1.6214498460156936,1.290316745140168,-1.0447496770790765,-1.7196840993885127,-5.999999999999961
2025-03-17,-1.8893271985239606,0.40024837604271923,1.4909343660621026,0.6025247112070327,-1.776156441355028,0.5282620713344272,-0.6153388331999458,-1.5829056451914483,3.000000000000025
2025-03-18,-0.8690272339424432,-0.4386052972522963,1.1701351382402423,0.24832431768888974,-1.9123409226805494,-0.25849206095877136,-0.6417591767279937,-1.5829056451914483,1.9999999999999574
2025-03-19,-1.2921675470687672,1.049340715454082,1.093203423909342,0.5265286809544221,-1.686242969426593,-0.23621419299707133,-0.7481914196096769,-1.5829056451914483,9.999999999999964
2025-03-20,-2.0686392369585245,1.9393686683898728,1.1289428824892431,0.04162933650446622,-1.2803016561049068,0.031204585904555486,-0.9308468879958077,-1.5829056451914483,13.999999999999968
2025-03-21,-1.8768743103230312,1.7481792013103312,1.0560793180420371,-0.019328023382149867,-1.0286270723252398,0.7036200127259427,-0.9509474618859354,-1.5829056451914483,1.9999999999999574
2025-03-24,-1.3400911565534754,1.7588727598187344,1.4111534484348267,-0.19411872927909637,-0.7010521820736051,1.0934830050395938,-0.8142461392739764,-1.3089187365356458,-10.999999999999943
2025-03-25,-0.8448400769576375,1.5324523826893084,0.8946877849113154,-0.6932559502457795,-0.7191434787989325,0.8097912280812565,-0.044341215031743056,-1.3089187365356458,-13.999999999999968
2025-03-26,0.05912767522146117,1.7377518279820767,1.055487978909303,-0.804966135293027,-0.8127813976717058,1.7947076566192968,-0.2501440065808639,-1.3089187365356458,-14.999999999999947
2025-03-27,0.9212164140344912,2.026294782096273,0.9896651479754528,-0.5105847378892128,-0.568208201144793,1.9982392380207787,0.145529477341712,-1.3089187365356458,-32.00000000000003
2025-03-28,1.2671111631020917,2.543192637537524,1.1539739677490144,-0.44580994530512724,-0.37477984030198846,2.4232358318307745,0.5321924247246881,-1.3089187365356458,-25.99999999999998
2025-03-31,0.39751801556596383,2.18349323326392,1.6454103802253757,0.35308765662517827,-0.2598531459479313,1.720197323219068,-0.5081009877367748,-1.2002892681729116,-8.000000000000007
2025-04-01,2.7793114262402736,3.141812423662321,1.8540460040471374,0.48990810139575824,0.1129335029766768,0.9410491815619486,-0.7695258072329848,-1.2002892681729116,8.999999999999986
2025-04-02,1.9498735058879872,0.8743602838688,1.4318533435120706,0.27730619583297117,-0.1918925517609343,0.1889897445884842,-1.4075950685695948,-1.2002892681729116,13.999999999999968
2025-04-03,1.204695664637855,0.8597345988802432,1.3652380038488616,0.13149585869416486,-0.2090885252469973,-0.018463361907414995,-1.0488192378143268,-1.2002892681729116,34.00000000000007
2025-04-04,1.7205021335955997,0.3166680732894347,2.8880101645349745,2.7233277995247778,-2.083493043236619,1.0221676292931665,-2.6529204808366,-1.2002892681729116,47.000000000000064
2025-04-07,0.4181487495368568,0.10565184758411808,2.896649951272738,4.335042978660037,-0.7308227705422856,0.5982663895978567,-2.6155968744376157,-1.3540948292568897,22.999999999999954
2025-04-08,-0.21429513985983897,-0.4636843021606951,3.042885480272737,3.434064034850587,0.5140985051673561,2.057648142548481,-0.8927878127389289,-1.3540948292568897,8.999999999999986
2025-04-09,1.8400846490127885,-0.3734435434245161,2.499783529085829,3.231786945078721,0.5931279107247609,3.338167623642793,0.3791925398102873,-1.3540948292568897,-4.999999999999982
2025-04-10,2.1525097721795596,-0.22736281586468512,2.345603981667548,0.9885286035873287,0.33005551393275145,1.537564306868639,0.9049707213952078,-1.3540948292568897,-6.00000000000005
2025-04-11,0.7589597829516829,-0.7782401520277402,1.8123942125365695,1.6503719306200533,-1.5541152874386832,2.834351602305725,1.7431404574257099,-1.3540948292568897,-6.00000000000005
2025-04-14,-0.29208285600407724,-1.17107844095347,1.222147867207694,1.2144912696770787,-2.7405384367569527,2.0831901522075085,2.4058870644868997,-1.5783037363144086,3.000000000000025
2025-04-15,-0.29208285600407724,-1.0885864766303366,1.1407818046704867,0.4664128114382655,-2.798557703118424,2.11122558788745,1.2688399838877036,-1.5783037363144086,5.000000000000071
2025-04-16,0.5258257926328999,-1.2455752842735002,1.0663057132071356,0.35975780607970964,-2.471552526384541,1.6286437222852483,0.8550471417027282,-1.5783037363144086,3.000000000000025
2025-04-17,-0.8435732613915146,-1.6258640219342078,1.1307134058419928,0.5914580562300743,-2.5934542623817785,1.595395932250345,0.134031887101755,-1.5783037363144086,-4.999999999999982
2025-04-21,-0.5355949167454798,-1.4871602866125722,1.0592507868523044,0.2533354307030015,-2.3667163539838176,1.5630385993099036,0.5837961704472266,-1.5783037363144086,-18.99999999999995
2025-04-22,-0.5146802153821534,-0.7274156890958108,1.2537700324935241,0.6604801736920413,-2.625951329214223,2.532132543879276,1.4326723886468613,-1.3047222751478298,-21.999999999999975
2025-04-23,-1.0201315094921064,-0.414009481773518,0.9749001145556848,0.3030874814240314,-2.2256782005374736,2.084737534685019,1.3296590638483234,-1.3047222751478298,-23.000000000000043
2025-04-24,-1.4715906358971995,0.023101767348505203,0.4414304686149514,0.07150800504010327,-1.6215247201324996,1.465467831625327,1.1441757913970354,-1.3047222751478298,-7.000000000000028
2025-04-25,-1.173234320136768,-0.5367533903152929,0.3984518951748762,-0.14799543207352475,-1.5559725521499188,1.0708891204820274,0.37446144770844464,-1.3047222751478298,4.0000000000000036
2025-04-28,-0.17380544678846604,-1.0027589733567077,0.22186089883733942,-0.32296708552419207,-1.460999816244474,1.0025945861637444,0.036098982184820196,-1.3047222751478298,12.99999999999999
2025-04-29,0.5622724648335009,-0.287030386353128,0.3963200564972853,-0.3036750534485431,-1.4529506389145588,1.0112942214250944,-0.5850280232294691,-1.1444478634325055,10.999999999999943
2025-04-30,0.5267940410848562,-0.2026419679434447,0.422479950683162,-0.42577456712798856,-1.4200691506209233,0.7990326800916799,-0.8640643288994205,-1.1444478634325055,8.999999999999986
2025-05-01,1.6836863154974897,1.0041975788994137,0.9798943189116366,-0.38143223342935817,-1.3219956619088244,0.9800728375684777,-1.0251638492524566,-1.1444478634325055,12.00000000000001
2025-05-02,1.1066334899864447,-0.23089507059280787,0.8455943246657734,-0.41428932971075605,-0.9324716865958361,0.7621355741748631,-0.19850952127581475,-1.1444478634325055,4.0000000000000036
2025-05-05,0.29159122450762,-0.3376292851781361,0.38470141641539474,-0.6425075824943228,-1.2237509045829649,0.28473599657749066,0.39776084775276027,-1.0213711480991263,8.999999999999986
2025-05-06,-0.543983793276029,-0.6118918611674842,0.4210025806958266,-0.5591700553024983,-1.26694734972641,0.5022601508448342,0.6702985840236642,-1.0213711480991263,19.00000000000004
2025-05-07,-0.8325447245574438,-0.5119245926952251,0.7343722068166514,-0.4717282036807142,-1.2966476086380345,0.35924781440137393,0.05926411039048817,-1.0213711480991263,27.000000000000046
2025-05-08,-1.318705347397527,-0.15343377492560664,0.6897503768452072,-0.6532798520981349,-1.1704995203148536,-0.06940071572476811,-0.44140790385613954,-1.0213711480991263,8.000000000000007
2025-05-09,-1.4721283117283235,-0.31547672096915763,-0.007616382440858715,-0.8112333111431749,-0.7553554890449704,-0.2064549434665301,0.700442549744639,-1.0213711480991263,5.999999999999961
2025-05-12,-1.5870710206049847,-0.22605009532503936,-0.09831827874549477,-0.9075668048582058,-0.833347269919142,-0.030828064943677597,0.7115138000389097,-1.3501825082202077,0.9999999999999787
2025-05-13,-1.4772561767062207,-0.0893067118354103,-1.1070100183724487,-1.304823484536737,-0.22206766292412847,-0.2734779194742623,0.6752088393548485,-1.3501825082202077,-0.9999999999999787
2025-05-14,-0.9481031227044489,-0.013002852911445718,-1.1872914986197196,-1.2858992572981962,-0.4900379924340914,-0.3349075653663474,1.1167079423251487,-1.3501825082202077,4.999999999999982
2025-05-15,-1.1162547958961682,0.5253584874775126,-1.6245257093895258,-1.209742008657516,-0.620274250920022,-0.3194222729977932,1.4198390216853778,-1.3501825082202077,8.999999999999986
2025-05-16,-0.5823491526944428,-0.7378328782138177,-1.362777885315403,-1.267741903048028,-0.47387118481259916,-0.3206260210367982,0.854380333003246,-1.3501825082202077,8.000000000000007
2025-05-19,-0.7734756620512432,0.007408839908820992,-1.4422016829710556,-1.2506698596906398,-0.2560478220490339,-1.0051592565105916,0.7197754896128744,-1.170658178558489,-3.000000000000025
2025-05-20,-0.9630756650658306,1.1686530882616033,-1.0365970694101379,-1.0982863630588118,-0.6768478341658548,-0.5640124085157767,0.8457237460488408,-1.170658178558489,-1.0000000000000675
2025-05-21,-1.3638051516946688,0.0014427197295966301,-1.3092448133159762,-1.0761314482267113,-0.7295722502703218,-0.277607334372675,1.2037598944850532,-1.170658178558489,-15.000000000000036
2025-05-22,-1.516384661701768,0.7054913451085394,-0.7431496753069856,-0.7429417213226983,-1.304144089932093,1.0135549195370894,2.4978355665615313,-1.170658178558489,-12.99999999999999
2025-05-23,-1.491394280602023,0.9679050366089227,-0.32263636376156324,-0.7823593281735388,-1.1728378510195556,0.2111791277945192,1.6940229193807337,-1.170658178558489,-4.999999999999982
2025-05-27,-1.395503519920161,0.46478777298436524,-0.06384523689865906,-0.4003164631918534,-2.260900662023797,-0.35131203732330574,1.3693738032435248,-1.0692122246665723,3.000000000000025
2025-05-28,-0.06165381622955517,-0.011256842837975631,-0.862902416518807,-1.009352743416259,-1.8004511153247962,-0.3440975041276601,0.5819861557226005,-1.0692122246665723,-9.999999999999964
2025-05-29,0.46680746573803034,0.8810343012036428,-1.0083902525584378,-0.8789593503519768,-1.0816772627074174,-0.3240036493125051,1.0171309044872696,-1.0692122246665723,-2.999999999999936
2025-05-30,0.5054879760723281,0.6155982401003371,-1.3221466242356634,-0.8498151377886866,-1.780010961178128,-0.3240036493125051,0.40507189650016434,-1.0692122246665723,9.999999999999964
2025-06-02,0.9930576629846767,3.674809074241284,-0.6686800029525835,-0.9445987536407193,-1.3080666126877183,-0.12563406810076683,0.13561074789054242,-1.0692122246665723,3.000000000000025
2025-06-03,0.9513737642478741,-0.4593081951914799,-0.620530259546071,-0.9387012337473619,-2.1469377316157114,-0.11900291127503126,-0.23200128001017947,-1.8253701339819501,0.9999999999999787
2025-06-04,0.1658357937679947,-0.06953458211854077,-1.1765185675921817,-1.1237275088382432,-1.544291283773965,-0.47699739457430057,-0.09237972845714745,-1.8253701339819501,4.0000000000000036
2025-06-05,-0.854713022683686,0.2952737089410764,-1.3018513837310561,-1.1369234324093507,-1.9977284591841444,-0.43796170221905434,-1.209976903368597,-1.8253701339819501,-4.0000000000000036
2025-06-06,-0.6083190637595961,-0.09092014964568342,-1.770038336970265,-0.8300525418345235,-1.9393625181063967,-0.9714233069971842,-0.8064989006496515,-1.8253701339819501,-9.999999999999964
2025-06-09,-0.6083190637595961,-0.19413561440473648,-2.251416786074724,-1.3527718342994717,-1.5121663117341333,-1.1953505652063767,0.5628918609478542,-1.9708552839068398,-3.000000000000025
2025-06-10,-0.5721294342648617,0.5093877648162807,-2.158047095487487,-1.1445289603657973,-1.7182975730217853,-0.8309489698322946,0.18404527942697751,-1.9708552839068398,-8.000000000000007
2025-06-11,-0.7764798530543483,0.5665369798099814,-2.0632035371408857,-1.1592932057483811,-1.4100373258362517,-1.3734813854627448,-0.21980321029149943,-1.9708552839068398,-3.000000000000025
2025-06-12,-0.7228571937267526,1.0739709036511638,-1.477855671238551,-0.9831221071254909,-1.8480734889106352,-0.9893887303259009,-1.0372771789981239,-1.9708552839068398,1.9999999999999574
2025-06-13,-0.7070144600249063,0.5929451848903438,-1.5372260438201473,-0.6428170432228996,-2.115508637992264,-1.2718667250046187,-1.8970876121459033,-1.9708552839068398,-7.000000000000028
2025-06-16,-0.6880194836706505,0.22428072874806682,-1.1752905251795862,0.5924101078200411,-1.7822064795821988,-1.525678491358239,-1.1171780883389675,-1.6342809604886195,-16.000000000000014
2025-06-17,0.9101465219272482,-0.5482705029249069,-1.2436505404186549,-0.11004654589244997,-1.796683790746056,-0.12720141555649006,-0.1856855532125271,-1.6342809604886195,-9.999999999999964
2025-06-18,0.5496210815946532,0.20069145266529947,-1.1685996019198417,1.1095783268964168,-1.3049926431243308,-1.4114512120044826,-0.9582271408152834,-1.6342809604886195,-12.00000000000001
2025-06-20,-0.6380744986420619,1.1448976658600571,-0.653392361797231,0.5541090127008911,-0.993941531234744,-1.6136893030341668,-1.0823839321224566,-1.6342809604886195,-8.999999999999986
2025-06-23,-0.20804706700538955,-0.7134533170245334,-0.795294022115436,0.963300796266964,-0.6183429066732086,-0.27822229362658163,-0.742509614596639,-1.6342809604886195,-9.999999999999964
2025-06-24,-0.20804706700538955,0.018017962476776613,-0.5554976444711814,0.5817209231324587,-0.4330740825486695,0.35770920771121745,-1.1013809217499766,-1.2939789128500525,-4.0000000000000036
2025-06-25,0.18146677052842466,0.5969583917295067,-0.30243596471449313,-0.9145790595714425,-1.2339005369074583,1.8442127595960651,-1.526383298294123,-1.2939789128500525,0.9999999999999787
2025-06-26,2.3355797297055028,1.175828378510411,-0.07069848977520138,-1.3345178464257739,-1.2312136392880928,1.6826711848346172,-1.5355398943453342,-1.2939789128500525,8.999999999999986
2025-06-27,3.046326744991321,2.064005822200217,0.15636353177648457,-1.3674928948724692,-1.9003792498094911,1.797345783749581,-1.8355241889058083,-1.2939789128500525,11.000000000000032
2025-06-30,2.362179814359186,2.4863496672125285,-0.04977154369487817,-1.4374810516039631,-1.7528305985907127,1.6431849680243806,-1.3795716043888162,-1.2939789128500525,17.99999999999997
2025-07-01,3.140747768231418,4.092255184462551,-0.8450562230916316,-1.1351833081419622,-1.9098621113616974,0.5246034278243988,-1.9595099645890532,-1.0253634085519998,8.000000000000007
2025-07-02,2.4854358982067155,0.8120460019082332,-1.3749587141521356,-1.056584526647038,-1.9122207271561151,-0.6048147367552061,-1.506148180492158,-1.0253634085519998,4.999999999999982
2025-07-03,1.556570758061127,0.6558494223564396,-1.6456748824711118,-1.1176372359514315,-1.8290892044416636,0.48275048070997034,-1.1152068610215378,-1.0253634085519998,8.000000000000007
2025-07-07,0.5620610924252567,0.2838359548436328,-2.0100428127049796,-1.2076255536340146,-1.7842004728745742,-0.8616716188113847,-0.6543358004913487,-1.0253634085519998,2.999999999999936
2025-07-08,0.13743631686594504,0.30757134310739637,-1.179855051300859,-0.33820144822565,-1.2410324367497805,0.040172139338757545,-0.057995592502348516,-1.5417144078495861,8.000000000000007
2025-07-09,0.2889946438046598,0.3053781823555891,-1.1258525035150495,-0.8688364622041673,-0.9263185977072724,0.6763850534574405,0.2618946295879396,-1.5417144078495861,12.00000000000001
2025-07-10,-0.1595781917314176,0.3895366003181184,-0.6892337102680538,-1.3861307175779802,-0.9894777736455551,-0.5213881518850875,-0.7108147603642611,-1.5417144078495861,12.00000000000001
2025-07-11,-0.36772365920718053,-0.3039956521094998,-1.2720390961633736,-1.3823314608791848,-0.8052060434244446,-0.1946640416593273,-0.523135024873192,-1.5417144078495861,1.0000000000000675
2025-07-14,-0.35307450970096493,-0.33485649774457554,-0.7734240870931608,-0.9181346752238562,-0.6472855032551591,0.9992251186782033,0.875584588573796,-1.5417144078495861,-4.999999999999982
2025-07-15,0.06230726641781843,0.19758800500006365,-0.4928799181079287,-0.36264946151290045,-0.19138193705384982,0.9653014298019252,0.7825956241292414,-1.3786732503130528,-15.000000000000036
2025-07-16,0.8708031191965612,-0.047587845993496136,-1.1687912639723892,-0.21995666546797263,0.2978906222817819,1.4830025270503626,1.84201339363365,-1.3786732503130528,-5.999999999999961
2025-07-17,0.26122311904703016,-0.10264567922462625,-0.3503568174288488,-0.3385351052488678,0.2018400513844259,2.115415072872467,1.332563183368938,-1.3786732503130528,-4.0000000000000036
2025-07-18,0.24730533698492851,-0.18472654453177528,-0.8720623098776286,-0.7266616188257456,0.6263158584079447,1.4687929211839696,1.4425873181970144,-1.3786732503130528,-4.0000000000000036
2025-07-21,-0.5975323250486031,-0.10712868894887079,-0.21353567448731037,-0.7641593735598575,0.20182160538990013,1.369434068052194,1.0684927665722022,-1.1137066466901178,4.0000000000000036
2025-07-22,-1.0009649440216855,0.10453567717832192,-0.17431689109599208,-0.5702126370205418,-0.36957882578189477,0.5860313183469539,0.024739578994229846,-1.1137066466901178,-0.9999999999999787
2025-07-23,-0.987775751159894,-0.22539213091164473,-0.17431689109599932,-0.6587838667962278,-0.8706968350829118,0.30103986446827496,-0.36899623800509374,-1.1137066466901178,-2.000000000000046
2025-07-24,-0.9748376679012279,-0.3509970917157434,-0.8111071056722221,-1.3057459535941853,-1.009198486055448,0.26962712352712703,0.4550732609621295,-1.1137066466901178,-5.999999999999961
2025-07-25,-0.5859066809772815,-1.298951332339504,-1.6811712876782616,-1.2287436261813727,-0.9616043255769425,0.22520932114640646,0.7854019765156302,-1.1137066466901178,-16.999999999999993
2025-07-28,0.6066504324948059,-0.9383697294945251,-1.2796783131541345,-1.408404562805617,-0.11252367737983202,-0.5803070204642032,0.2900573009282602,-1.0731406561796986,-20.000000000000018
2025-07-29,0.5592559410164503,-0.5931218183314692,-1.206854737237114,-1.2581563634152984,1.0783032017456826,-0.10011847753379247,0.873936182373697,-1.0731406561796986,-12.00000000000001
2025-07-30,0.5122741745527363,-0.5855942695219014,-0.8568526226384768,-0.6715528982405402,1.641840157271498,-0.9846497416523635,-0.4088393850355351,-1.0731406561796986,-16.000000000000014
2025-07-31,-0.35354133173356095,-0.8630103603272646,-1.079054543727507,-0.9159819571101283,2.1654636665194302,-1.9455041838734284,0.10971868628587457,-1.0731406561796986,-13.999999999999968
2025-08-01,1.0867276496435663,0.11436251062561457,-1.5216754119774445,-0.05333637097685555,2.370776201023003,-2.1200780864397775,-0.049381865351583294,-1.0731406561796986,3.9999999999999147
2025-08-04,-0.02193554369023944,-1.7275140946677594,0.7097472285047101,2.6112419942803284,1.5268283141488506,0.6640812521652012,-1.282983055508423,-1.035898022801186,4.999999999999982
2025-08-05,-0.2764099133494316,-1.2525331663703791,0.45462238669445365,0.7000386538038185,1.1998718242478859,0.35090701441724326,-1.3393373858814763,-1.035898022801186,7.000000000000028
2025-08-06,-0.09191655229379565,-1.776825729923334,-0.06841080473555604,1.1700103398056922,1.117048641827121,-0.48018854604465355,-1.1171672988869386,-1.035898022801186,2.000000000000046
2025-08-07,-0.12481834361872524,-1.5436848107770078,0.8747227219028368,0.15822226784839277,0.5058491107982602,0.3739562528986484,-0.7982859287228381,-1.035898022801186,5.999999999999961
2025-08-08,0.11723513052572969,-1.6050528816799476,0.6701608600392717,-0.029779035280954092,0.4898592973907583,-0.15190775713832266,-0.647665942171359,-1.035898022801186,6.00000000000005
2025-08-11,0.16109246722848417,-1.4529737704454357,0.8392426953659329,-1.3191196197768373,0.20113373873200535,-0.1075664803580119,-0.08782275864585239,-1.5121808423614413,7.000000000000028
2025-08-12,-0.0412175561641641,-1.3347630300549198,0.20419600728974974,-0.2822840229956829,0.6906567462069727,-0.060703206574134784,-0.41757698378964,-1.5121808423614413,0.9999999999999787
2025-08-13,0.6076310285573524,-1.9729197303146562,0.6942382142504506,-1.57450868749689,0.016371396734620826,1.628623030634875,-0.01688894755806898,-1.5121808423614413,4.999999999999982
2025-08-14,-0.16978526960064833,-1.8168963420736342,-0.19626713715094216,-1.6383697924722187,-0.25838847084917743,1.5040064309280812,-0.24948479545254165,-1.5121808423614413,4.0000000000000036
2025-08-15,0.2611875093231542,-2.0815610485286724,-0.21279948342096608,-1.2596754442789198,0.5256672632517293,0.8987142473195694,0.4157828911099647,-1.5121808423614413,-7.000000000000028
2025-08-18,0.9847319278348092,-1.817035540632146,-1.2179435407449053,-0.9900351765570553,-0.05960116916999295,1.6049933552931792,1.0747423654063026,-1.4298682150926412,-5.999999999999961
2025-08-19,0.2337090491478256,-1.608352334398684,-0.7153773171774093,-1.0042033683068943,0.29883631704969277,1.2398892819241798,0.6888063116452727,-1.4298682150926412,-4.0000000000000036
2025-08-20,-0.12309149097933475,-1.7032824706260536,-0.238459105725796,-0.4923772830382532,0.5508467500153038,0.6725491177823042,0.5091177086073758,-1.4298682150926412,-4.999999999999982
2025-08-21,-0.8421676893669199,-1.413935578787493,0.7153773171773986,-0.3858661090922216,0.6012495118106684,0.6221782123951531,0.29158294503185683,-1.4298682150926412,-11.000000000000032
2025-08-22,-0.4923659639173718,-1.4407446655826543,0.20841552044699788,0.3397149045939977,1.1253053973480929,0.311668457867925,0.6104546211716191,-1.4298682150926412,-2.999999999999936
2025-08-25,0.9213827303740971,-1.1944964971803433,0.6684723973025176,-1.4942064971011921,-0.4831526416760193,1.322574231304902,0.265161527305825,-1.2944873003661737,0.0
2025-08-26,1.2087598644634385,-0.9695128070086922,-0.7153773171773986,-0.9771719705862943,-0.21079399215123573,0.5036575696011317,0.2791244306048904,-1.2944873003661737,-4.0000000000000036
2025-08-27,1.5298681829216891,-1.1698361941802606,1.535488058387013,-1.0392113503426847,0.00040730671556587074,2.6623677617633623,0.1667625347592538,-1.2944873003661737,-7.000000000000028
2025-08-28,0.7914434033383281,-1.0122937425438885,2.194699892257203,-0.8018521633015603,0.37969222796719365,2.3780655334684635,0.22327621833601818,-1.2944873003661737,-12.00000000000001
2025-08-29,0.09311098862802766,-0.9895380160022157,1.259707585736658,-1.0618818336843467,-0.5284508552223174,1.2684891269206724,-0.13448910025382824,-1.2944873003661737,-18.00000000000006
2025-09-02,0.04803207626201355,-0.23956412965509322,2.756659143359623,-0.3119097407883304,-0.6177952442053489,1.9033432447979797,0.8238155125132767,-2.240543050558566,-20.000000000000018
2025-09-03,1.765613059506096,-1.0929834914390424,2.622853952527721,1.0726992451990265,0.2841380893153404,1.410807979042959,2.336893356477636,-2.240543050558566,-17.99999999999997
2025-09-04,1.713593205414025,-1.0911953805894612,1.5789371276024833,0.4458372241974296,-0.13916895520351064,1.1466780871332687,1.388709801986791,-2.240543050558566,-16.000000000000014
2025-09-05,2.375443948561212,-1.0038647316455842,1.9393226839451574,-0.36251392378148073,0.35578894070396705,0.5664082532000584,0.7594510406920084,-2.240543050558566,-4.0000000000000036
2025-09-08,2.4920122903394297,-0.9242460037740459,1.3042254136928797,-0.44874166596801807,-1.2740078394896983,0.7021418954223554,1.1343036708415513,-2.240543050558566,0.0
2025-09-09,1.6046239589048092,-0.894994300355778,0.7040534694860113,-0.5086369710938411,-1.3830190922798677,0.12265967385436316,-0.4364624349356002,-2.1842511915662324,-4.0000000000000036
2025-09-10,1.4937935130096467,-0.7834288945975402,0.38019506389408714,-0.56300737040684,-1.1602772023548424,-0.2664221573386686,0.188116644653383,-2.1842511915662324,1.9999999999999574
2025-09-11,1.088141092268347,-0.6093420653630159,0.33865803628571617,-0.3071197616481019,-1.1639734451605959,-1.0384435897605249,-0.42480251306632044,-2.1842511915662324,10.000000000000053
2025-09-12,1.6342728406492752,-0.6198385582266743,0.0,-0.7730024652331166,-1.5192929306917158,-1.3354841201476404,-0.7933515715060597,-2.1842511915662324,8.000000000000007
2025-09-15,1.8443248548328643,-0.9870687799725519,-1.3039742316188372,-0.686317386327563,-1.30211606209038,-1.3050692199874694,0.1933377779300496,-1.7639421725707416,10.000000000000053
2025-09-16,3.4578231178170373,-0.9463352811634621,-1.762067084238404,0.1975708473650769,-2.5638275403908786,-1.0441931936087898,0.33973943776195287,-1.7639421725707416,8.000000000000007
2025-09-17,0.4992868062529581,-0.8891745146408349,-1.3640438930448726,1.0045936376288398,-3.1099931648890675,-0.6091126962717954,0.5038963303666073,-1.7639421725707416,10.000000000000053
2025-09-18,0.22291983207815957,-1.0396232356322033,-1.0385094577323548,0.42468108437395174,-2.613240730806741,-0.4316124847570519,1.4008558928939185,-1.7639421725707416,6.99999999999994
2025-09-19,-3.8524327573781734,-1.0273007390903255,-1.4855251491498513,0.4706000379480814,-1.3649208232708243,-0.44091451310993457,2.218143024483684,-1.7639421725707416,6.00000000000005
2025-09-22,-3.0527157641232776,-1.0961346108911212,-1.3816152719015664,0.1893775334439878,-1.0238701231620115,0.19097770063738492,2.612517064150611,-1.3631138995439207,0.0
2025-09-23,-2.580298811821631,-0.9298415635683533,-1.5198236811358705,1.058080142400055,-0.9094805060536515,-0.5302776918390361,2.8900067723555374,-1.3631138995439207,4.0000000000000036
2025-09-24,-2.430984848476981,-0.9280422761368533,-0.9693164107639834,1.7512578835613337,-1.235670577200312,0.5896654792938638,2.0788116623961446,-1.3631138995439207,-4.0000000000000036
2025-09-25,-2.0627916969523237,0.11486025522082179,-1.1501106429609034,1.0474771201483555,-0.06610029411096281,0.5705148021863232,2.1696391794111403,-1.3631138995439207,-8.000000000000007
2025-09-26,-1.4523991602796058,-0.08575497822629394,-1.3230625671799905,1.6689080349190413,0.6834151921130092,-0.5906717925405127,1.9589757455154515,-1.3631138995439207,-7.000000000000028
2025-09-29,-1.5209740578087374,1.5415145009927478,-1.6660623671928871,-0.28527701486053336,0.47887409489954913,0.10259397915095626,2.28184983501078,-1.110659158324534,2.999999999999936
2025-09-30,-1.6453419359892718,1.9479507003243628,-1.7666167380520568,0.7827555930665949,-0.18289259687579648,-1.0166832737951101,1.1619508860461196,-1.110659158324534,-2.000000000000046
2025-10-01,-0.6420981059588523,1.393994255575414,-1.0799850522238004,0.9338092438241737,-0.10776095926204292,-0.07763118037358621,1.4790705442880971,-1.110659158324534,0.9999999999999787
2025-10-02,-0.939599793558525,-1.1557345598143314,-0.6382775033214626,0.9017902794662024,-0.0391646189975551,0.13992817791126272,0.9913652006553395,-1.110659158324534,4.0000000000000036
2025-10-03,-0.8949292148807575,-1.1857690956751008,-0.8047690289440703,1.2691533258593024,0.6145532115858202,-0.3264990817929524,0.534400575949153,-1.110659158324534,-8.000000000000007
2025-10-06,-1.006777803107491,-0.09957329043957797,-1.1512032041423563,1.2889532051590489,-0.0862320315648444,-0.3354809809992269,0.7659482039276032,-0.9611187393407239,-14.999999999999947
2025-10-07,-1.173982887160276,-0.30170839735595856,-1.2642300890276574,0.8827205908216325,0.36504176598797344,0.3666885141154333,1.4732288264402449,-0.9611187393407239,-8.999999999999986
2025-10-08,-1.1716320327565235,-1.316602458299531,-0.8397982383665914,1.8603992439426298,0.8850035271837718,0.11723513052519044,1.0011514108570483,-0.9611187393407239,-13.999999999999968
2025-10-09,-1.240110891256584,-1.1964928326796467,-0.6006797270915066,0.6040111604471253,1.5271284102007168,-0.2948072505617697,0.8104997495005694,-0.9611187393407239,-12.00000000000001
2025-10-10,-1.0857201562360816,-1.1597091404445121,-0.3605474531429936,0.7230356290468605,2.1306208086933096,-0.4993626511080516,0.6265410887759302,-0.9611187393407239,-4.999999999999982
2025-10-14,-0.8736089755553659,-1.1062342530815674,0.2634193951022999,4.431948553439736,1.9741485783730286,-0.7231094012307521,-0.5111994414860588,-1.5233590926897365,-5.000000000000027
2025-10-15,-0.5274106389119336,-1.2526525875015304,0.1300580657014327,2.993471888952634,1.9071660944249627,-0.0840573089393094,-0.8006517919962851,-1.5233590926897365,-7.999999999999963
2025-10-16,0.27488359567829557,-1.0411831121333073,-0.4713010425418666,2.4884044735819133,1.2568649737523871,-0.011468965541295268,-0.6270574447543934,-1.5233590926897365,1.9999999999999574
2025-10-17,0.38376504891235763,-0.8899284009555701,0.3252376502700619,3.6642466711936743,0.8644077394284523,1.1188456486253342,-1.2615966367366407,-1.5233590926897365,0.0
2025-10-20,-0.5270168421670741,-1.0417416982300782,0.17754362599540557,1.5853847499018716,0.9350927800986918,0.42169572706575975,-0.5847669493596116,-1.5233590926897365,0.9999999999999787
2025-10-21,-0.6393924464860888,-0.8610439648110223,-0.3591045161317589,0.4992831285931427,0.7391774090094603,-0.2718362665215902,-0.44771219560345255,-1.1979833167854876,1.000000000000023
2025-10-22,0.0,-0.9011555275558611,-0.6575061880550871,0.315831831318734,1.171979398228654,-0.6198911278139644,-0.640048175722712,-1.1979833167854876,10.999999999999988
2025-10-23,-0.1246700939372508,-0.8950442007117816,0.17931108004844576,0.5746320486008295,1.1131835438309314,-0.9659533910245707,-0.8085227443763037,-1.1979833167854876,10.000000000000053
2025-10-24,0.2029773665104512,-0.6414733771828642,-1.0629654356852285,0.00212085018855981,1.1413524074963044,-0.6538445841413572,-0.1470638676799824,-1.1979833167854876,9.000000000000075
2025-10-27,0.2732078269057279,-0.8978119358078087,-1.54469777047103,-0.423679302340619,1.03727709985507,-0.3531730210416621,0.24887025227525802,-0.8496762862738139,12.00000000000001
2025-10-28,0.6774773987546758,-0.3059641641254105,-2.272012535385258,-0.6989518433302564,0.7513070976806447,-0.9019102579591296,0.6949014876990601,-0.8496762862738139,10.999999999999943
2025-10-29,1.459568077781255,-0.057279834434584974,-1.2297970437914634,-0.4363251189092203,0.4183915757201611,-1.4309285544713155,0.29973139565419316,-0.8496762862738139,8.999999999999986
2025-10-30,1.087901249600046,0.32000378716314504,-2.6069332032808954,-0.22462949662749906,0.16060641936203277,-2.526767692848388,1.1296677158233517,-0.8496762862738139,0.0
2025-10-31,-2.2993625379086637,0.28379014277256387,-1.284811694860903,-0.24888052680897824,1.6604044970168286,-1.90151941387042,1.700917343723717,-0.8496762862738139,0.0
2025-11-03,0.49596536748011466,2.2448092454795257,0.7249161025526358,-0.03853560574147431,1.772542016135381,-1.4031863672408604,1.99106195287719,-1.0499761171309612,0.0
2025-11-04,-0.9191013163694437,0.4427433763141259,1.4368488373912969,-0.18922471431427407,1.7884006180825707,-0.5700146329761893,0.8175319388181568,-1.0499761171309612,-1.9999999999999574
2025-11-05,-2.5597897009353443,0.006053151717902927,1.670904460390317,0.6066142349141154,2.3484181390324643,-0.9271361004915403,0.6642945335457433,-1.0499761171309612,-5.999999999999961
2025-11-06,-3.070976116634885,-0.2542935999836407,0.9128709292006058,0.1314023117657822,2.241090144332814,-0.08339326382053103,1.664563985978935,-1.0499761171309612,2.999999999999936
2025-11-07,-2.5368002343976137,-0.3488159610253046,1.527585087725355,0.7662469242686344,1.7618925671800931,-0.015012753315000333,1.1600438588168147,-1.0499761171309612,1.9999999999999574
2025-11-10,-2.1486852877088407,-0.6771907230551795,2.250266504681082,0.5366471545239191,1.0659864503912555,0.8447681724259274,1.2563211171993258,-1.040464597235895,-0.9999999999999787
2025-11-12,-1.7865937358728963,-0.4838363661653493,1.4924161404118381,-0.18450195203798508,0.829429374843212,0.4415912118987408,1.1085186328229344,-1.040464597235895,4.999999999999982
2025-11-13,-1.426939891608718,-0.5412877031986086,1.91855269997113,-0.25214123723765264,0.2732349186112451,-0.9288642733042426,0.35886062356062465,-1.040464597235895,-1.0000000000000675
2025-11-14,-1.17364432547341,-0.7109174901444499,2.2024833243490174,0.8788055054858632,-0.35845277384290675,-0.4312005590666379,0.6470009272164122,-1.040464597235895,-8.000000000000007
2025-11-17,-1.466421087762165,-0.8867097679996044,1.97634492266508,0.7445065751493312,0.007410060053133177,-0.8364546884963139,1.1666488730139652,-1.040464597235895,-8.999999999999986
2025-11-18,-0.999294843994693,-0.707413180926089,1.7914487128962282,1.786567367578505,0.3051907846079799,-0.3328003012707536,0.6941479844014511,-1.613521042412604,-11.000000000000032
2025-11-19,-1.3671766067777091,-0.8678524893737581,2.0223819012089854,2.443233943600267,0.4889012990885055,0.15949481649970015,0.9272620261979622,-1.613521042412604,-12.99999999999999
2025-11-20,-1.4764665474768544,-0.7894099652585636,1.8381607341543515,1.8330299668872505,1.1749166991564821,0.7380804668550001,0.9110181717723667,-1.613521042412604,-8.000000000000007
2025-11-21,-1.3725890556200337,-0.2569372074432302,1.8513114115191185,2.4876329888696405,1.58269751708284,0.8098017624339069,0.6145143202525648,-1.613521042412604,3.000000000000025
2025-11-24,-1.1566779920881465,-0.6474941875840168,2.0084554540725827,1.3435791667870065,1.8631246417421596,0.8098017624339069,0.5923292074020126,-1.2165179286911558,4.999999999999982
2025-11-25,-0.8964120026197872,-0.7728705542603392,1.5068419193591285,0.30102475899012326,1.8100033992638762,2.1559386250546457,0.1698336166654923,-1.2165179286911558,4.999999999999982
2025-11-26,-0.5203981184080271,-0.6421162964904056,1.2494074286929828,-0.35244858753175023,1.0610115188761837,1.933771880052172,-0.14608671398676887,-1.2165179286911558,11.000000000000032
2025-11-28,-0.21633661569562196,-0.6457489009392161,1.0155689087138497,-0.7874320179199054,0.132560354541785,0.5525062514434791,-0.6267720521389263,-1.2165179286911558,12.00000000000001
2025-12-01,0.31752345260955017,-0.1264466340578957,0.9511757860962058,-1.01567438672089,-0.33759034040889263,0.5525062514434791,0.2041791578035112,-1.2165179286911558,8.000000000000007
2025-12-02,0.37737517777742585,-0.5379941187311741,0.8992086306543952,-0.664166371773632,-0.5341407981215096,0.6382775033028131,2.228323909805718,-2.3241483869219723,8.999999999999986
2025-12-03,-0.40867701954514113,-0.30986655712751354,0.5297689994275167,-0.8493955772304682,-0.1826026660970714,1.9740484922274013,2.5241125941874016,-2.3241483869219723,7.000000000000028
2025-12-04,-0.8079449868300699,-0.6011824325937908,0.6496087451405325,-0.9945927789522694,-1.2469718027142194,1.4087375595568499,2.4858843093046112,-2.3241483869219723,2.999999999999936
2025-12-05,-0.9702433605857864,-0.6180552583481791,0.4381037020084291,-1.0588222220531833,-1.3463804703110123,2.050487972786502,2.8281506096159057,-2.3241483869219723,5.000000000000071
2025-12-08,-0.8355132054313793,-0.6795428692167385,0.06897824555156394,-1.1266383337597519,-1.2806723900570434,1.507469325742664,2.7748715735849627,-2.3241483869219723,0.9999999999999787
2025-12-09,-0.6288646675774383,-0.6370502143043592,-0.1482622237155415,-0.6799580860363139,-1.0335907397665431,2.056139791764238,2.506728361457227,-1.903032753733762,-2.999999999999936
2025-12-10,-0.7403049112893222,-0.4949217355463833,-0.20478908219229647,-0.5953818851108184,-1.2140825981277892,0.885149524675418,2.2911803833530398,-1.903032753733762,3.000000000000025
2025-12-11,-0.9572088310491994,-0.29975300475469085,0.2961100461346024,-0.99982019316716,-1.2101242787733684,1.4952722697864997,1.9696678496687974,-1.903032753733762,-1.9999999999999574
2025-12-12,-2.89851861911476,-0.4738855696817168,-0.3890412481814425,-1.2778031658461586,-2.529502423819857,2.2526433608265624,2.0784460533065494,-1.903032753733762,-3.000000000000025
2025-12-15,-2.6151302348675425,-0.6206038315406341,0.1830039750055548,-0.9496066286180962,-2.0528107873984998,3.189481992712165,2.374647604281133,-2.0513907759847823,-0.9999999999999787
2025-12-16,-1.7304929746691287,-0.40221966148911104,0.3979112128856729,-0.6854995311966732,-2.146045909359991,2.727528725943997,1.9270321519876523,-2.0513907759847823,2.999999999999936
2025-12-17,-2.118800959839716,-0.6538929477453852,0.6685312835960395,-0.6774836304779606,-2.020544625151991,2.391348565071982,1.635604109560203,-2.0513907759847823,-0.9999999999999787
2025-12-18,-1.9518890660614516,1.5072583863870213,0.6183590029000395,-0.3003197189129029,-1.444511993900545,2.1214214174878214,1.5648144829145123,-2.0513907759847823,1.9999999999999574
2025-12-19,-1.9730246983959896,2.1740307720421534,0.5678251393150756,-0.526388394967731,-1.5039593488315446,1.7426073068392711,1.3328436350927662,-2.0513907759847823,-4.0000000000000036
2025-12-22,-1.7943865214292127,-0.3108601620150684,-0.2764350507653779,-1.1225452357745784,-1.2394426273916561,1.944812706071721,1.4654780009816244,-1.554771514252018,-3.000000000000025
2025-12-23,-1.5201891413742394,-0.7818860545908275,-0.3555706930022904,-1.2977815954999232,-1.428728528436568,2.510010892208962,1.3042147743541055,-1.554771514252018,0.0
2025-12-24,-1.5319109549544299,0.7886540174178209,-1.2109904354154435,-1.2361698754207462,-1.7371790112679037,1.7909785688725124,1.2150136839037196,-1.554771514252018,4.0000000000000036
2025-12-26,-1.4175086367344525,0.4343890877687726,-1.6486978217101813,-1.3155337472799484,-1.9461611323979977,1.3495537817558236,0.7472673032082203,-1.554771514252018,3.000000000000025
2025-12-29,-0.7095412588514314,3.9924665905067647,-0.7732830491207054,-1.2051025609204309,-1.7225516011470448,1.2627573978937696,0.9224589265640736,-1.554771514252018,5.999999999999961
2025-12-30,-0.5974871391577666,1.4689823636200081,-0.32045658092833623,-0.9644683598565351,-1.4417338550887544,1.0293849859563065,0.5139613623939434,-0.7114965119646455,1.0000000000000675
2025-12-31,-0.9338872141322169,1.7733137655918545,-0.7216878365166708,-0.8687297118853831,-1.4538216682827465,1.2773699980363542,0.7660866610531389,-0.7114965119646455,1.0000000000000675
2026-01-02,0.14936617341444758,5.147838892388161,-1.8292495309267907,-0.638572173229429,-1.0468488947970802,1.5011745114616954,0.8321597554361672,-0.7114965119646455,-1.0000000000000675
2026-01-05,-0.6109302943372418,-0.13834033765701534,-0.9507597069827132,-0.7321323870793771,-1.1485285126271811,1.5473474323739815,0.9570360617978344,-0.7114965119646455,2.000000000000046
2026-01-06,-0.8891490546000965,-0.10487298404639844,-0.4973865347468535,-0.5600955213589297,-1.0616056740864264,1.2929147719296807,0.8357350816195673,-0.7114965119646455,0.0
2026-01-07,-1.0804732423314596,-0.3037506949014656,-0.856841417794863,-0.6369759946663733,-0.7968832752148425,1.2119304578627526,0.9093248097642311,0.4870409871683646,0.0
2026-01-08,-1.0711704210651891,-0.2020645180524655,-1.283658304988485,-0.27535513233885256,-0.626072388605277,0.6685269570906711,0.7244396364015836,0.4870409871683646,-2.000000000000046
2026-01-09,-1.0614168659231444,-0.28512376216763774,-1.2361783967738873,-0.14808181568360776,-0.23887236297689735,0.9407684935952848,0.9658205122331256,0.4870409871683646,6.00000000000005
2026-01-12,-0.9957148623155174,-0.27655505724287904,-2.4387065834122406,-0.871691767402599,0.06232803505114186,-0.10934082949623684,0.8698337427785099,0.4870409871683646,10.999999999999943
2026-01-13,-0.9402028172051241,-0.2723679319916374,-2.178612655332511,-0.2803776484421874,-0.29681887928103995,0.006061585021996184,0.509156590974676,2.3243119546101334,8.000000000000007
2026-01-14,-0.8402535056850985,-0.271082631190877,-2.3183918777342694,0.503173434270763,0.051391467623102,-0.05805847497852791,0.36361767654144,2.3243119546101334,10.999999999999943
2026-01-15,-0.9021119526454491,-0.27390590436695733,-2.399105104273907,1.2385502384478588,-0.28478790927034364,-0.33357305528563264,-0.1683200996357341,2.3243119546101334,7.000000000000028
2026-01-16,-0.6944345948418387,-0.3315208050163207,-2.8812731094311106,0.4314472008645856,-0.11928018647567769,-1.0081454707388104,-0.11472521930877543,2.3243119546101334,-2.000000000000046
2026-01-20,-0.7385905267110834,-0.37018765645320073,-2.884645819092253,0.45890568767574624,0.16556972686701016,-0.2213738233899277,1.4744298046015893,-0.012449629735154955,-5.999999999999961
2026-01-21,-0.7870404509279498,-0.25209971699076056,-2.071250299088803,3.3463771376053377,-1.4390460147656814,0.8686907711646394,2.0423824465470912,-0.012449629735154955,0.0
2026-01-22,-0.8511689066615885,-0.264201402538622,-2.4346139959988644,0.9599639434582811,-1.6255392056761553,-0.1531343683521885,1.0773592008856878,-0.012449629735154955,-1.9999999999999574
2026-01-23,-0.7198484689027064,-0.3328597571284684,-2.618774609648845,0.07858319070405437,-1.9467906702268871,-0.47370024649527337,0.7898247551434648,-0.012449629735154955,1.9999999999999574
2026-01-26,-0.5688801463611616,-0.3880839090062136,-1.9869320974106919,0.4330249099217366,-2.5471131147305086,-0.9117072946233441,0.4896481917447668,-0.012449629735154955,7.000000000000028
2026-01-27,-0.3723612181520438,-0.35156773081116616,-1.8012058482270874,0.4665033663413738,-3.697721649128841,-0.42059128381715516,0.7100510275641908,0.32894616709120483,4.0000000000000036
2026-01-28,-0.3723612181520438,-0.36081678611040385,-1.6478705089094168,0.5760487709351331,-3.578811092559453,1.2217958402133822,1.1973906608110267,0.32894616709120483,3.000000000000025
2026-01-29,-0.7256258093522041,-0.3692455181563522,-1.3734578966702402,0.5581315774436069,-2.8479595103442796,0.8244558997041743,1.430449539817461,0.32894616709120483,-3.000000000000025
2026-01-30,-0.48927209550978534,-0.27762738913884644,-1.1317011844850047,0.9294394975457227,-2.507281174281522,1.1026312035206307,1.0907536796763044,0.32894616709120483,-4.0000000000000036
2026-02-02,0.09668923011968861,0.06522519272346541,-1.2128178108160586,1.282989816972157,-1.7623657054562751,1.9105888229247148,1.5067822394878743,0.45335458317936056,-7.000000000000028
2026-02-03,0.2900676903590486,0.10660725876260094,-1.290588602758041,0.5498192667737197,-1.1437516167736335,1.1915008413842856,1.6210981352120524,0.45335458317936056,-12.00000000000001
2026-02-04,0.2707822250735927,-0.3308814340195317,-0.9044776478361397,1.6748182578974022,-1.4651784581445297,0.8254398551483064,1.275058020364727,0.45335458317936056,-11.000000000000032
2026-02-05,-0.4951052776824856,-0.2965279530381974,-0.6834155127024611,1.9101511899439738,-1.0726360497646463,1.0712895561086255,1.4186857377813546,0.45335458317936056,-12.00000000000001
2026-02-06,-0.4739642491076917,-0.3320532633958775,-0.11896741354585438,3.1379658698766772,-0.7482056698549431,1.6416712476512834,-0.015868260284725433,0.45335458317936056,-17.99999999999997
2026-02-09,-0.6492915191658412,-0.255117938723762,-0.43086412887111525,0.8926823722988373,-0.9770524036370131,1.0096132040726722,-0.023829562557625215,0.5628070109646527,-16.999999999999993
2026-02-10,-0.8124735433523702,-0.3434372852526192,-0.5658219084671081,0.6221002602162401,-1.514473701865734,1.478443915096081,-0.34050261230148604,0.5628070109646527,-7.000000000000028
2026-02-11,-0.3832805597355766,-0.30478513978184096,-0.1471353639341376,0.8109924178462452,-1.5102947757777159,0.5993061622776998,-1.7791131196572305,0.5628070109646527,-9.999999999999964
2026-02-12,-0.3275587375342432,-0.3087787391293081,0.10859609667332505,0.6768551913531424,-1.452553714081201,-0.7909115788332837,-1.6871496740414818,0.5628070109646527,-0.9999999999999787
2026-02-13,-0.2891428774904955,-0.19692640795357114,0.3798331750731748,2.274891881618249,-1.279561319848403,-1.7400862873992409,-3.259293239033913,0.5628070109646527,-0.9999999999999787
2026-02-17,0.1492769559453515,-1.1401992808662416,1.239832816748286,1.9396403839588772,-1.2033157819492448,-1.132732077958209,-3.1037240242881112,1.0881789403103697,-0.9999999999999787
2026-02-18,2.755945952876678,-1.0417068927416553,0.8715407400669933,1.6402123858189588,-0.9373594944993204,-1.5232336652844318,-2.6087324953007225,1.0881789403103697,-4.0000000000000036
2026-02-19,3.240819348998974,-0.8097878585844883,0.28092372345566907,1.209386738001231,-0.7829327710667153,-1.409437750523603,-1.931664527450433,1.0881789403103697,-6.00000000000005
2026-02-20,0.5950633453477293,-0.8682313368588165,0.6096940244733614,1.420449960582783,-0.36697412269150514,-1.5243459820209557,-1.75448530555652,1.0881789403103697,-10.999999999999988
2026-02-23,0.14527993356759492,-0.8677996408177848,0.9501554744853523,0.7811610159508042,-0.5541342337720373,-1.618293921661849,-1.6115404399596178,1.0881789403103697,1.9999999999999574
2026-02-24,0.11730464439482186,-0.6650592016200231,2.036047445325752,1.6313163147476668,-0.5553480490005038,-1.4914932417637325,-2.014828579975176,1.4107126205357472,1.9999999999999574
2026-02-25,0.5161435841637433,-0.6110498839439709,1.923538406193913,0.8443452894350328,-0.49763485860978535,-1.2245889174979803,-1.7237492495727147,1.4107126205357472,4.0000000000000036
2026-02-26,0.4756085937289082,-0.4742874798839886,1.8244103075098508,-0.051956111163972626,-0.6403186585973749,-1.35978215233608,-1.4866861539739384,1.4107126205357472,11.000000000000032
2026-02-27,0.4456794105464851,0.6528733455525981,2.1113824313469034,0.2861990055545734,-0.43397837981286386,-1.2876511000707738,-1.5715917538125448,1.4107126205357472,18.000000000000014
2026-03-02,0.8334585912558201,3.928879518714001,2.733785345469395,0.906765222027889,-0.48524223334196154,-1.4094216347834563,-1.8137183436948077,0.962369512996325,7.000000000000028
2026-03-03,1.9509889017040403,-0.5857885478892543,2.0714981411557187,1.6445066330796267,0.7856716362839286,-1.5453847036415438,-1.4107426715559608,0.962369512996325,9.000000000000075
2026-03-04,1.4203380158388041,-0.4201393774861778,1.8680326338628985,2.443334160308172,2.1435439409770756,-1.916384810142591,-1.1386276002150235,0.962369512996325,12.00000000000001
2026-03-05,0.17723043237962857,-0.4870302322046904,1.100426967569463,1.2002533842874077,1.6372180927424118,-1.7432442948709952,-0.7981201808640892,0.962369512996325,13.999999999999968
2026-03-06,-0.2832336493742431,0.06677180853733136,1.3384714384426517,2.1812041732843737,2.398272704185829,-1.45856135757175,-0.2796447777567275,0.962369512996325,12.99999999999999
2026-03-09,-0.7322652606979628,-0.2946621691647069,1.103738300310188,3.539120675324302,2.1820025400556196,-0.9217975913710307,0.04288199725859834,0.8351928960696714,11.000000000000032
2026-03-10,-0.7322652606979437,-0.6246551489397695,1.501640083718548,1.9373354594911054,2.070543430170115,-1.3186900378254496,-0.4129443047085416,0.8351928960696714,4.999999999999982
2026-03-11,-1.1108500636473284,-0.6251163976918845,1.2501509944519267,1.6118459405948395,0.8341204019538526,-0.9509208624766288,-0.07794903876967502,0.8351928960696714,4.999999999999982
2026-03-12,-1.0620733202460109,-0.5391156769246029,2.1872396129738263,1.2913702215813112,1.5452964776121627,-1.033111656835521,0.5685064429604866,0.8351928960696714,-1.9999999999999574
2026-03-13,-0.6703690574012283,-0.6442616006610231,1.9841754967286558,2.056896233593533,2.0749045933274033,-1.7782584243428798,1.1139596276911317,0.8351928960696714,10.999999999999943
2026-03-16,-0.6703690574012098,-0.5372367410068516,1.685296668094466,1.8441379166909764,2.6137301325336213,-1.1142389971725235,1.2285983127185909,1.168567043604997,10.999999999999943
2026-03-17,1.358228152779626,-0.44206401760425945,1.8281541856869825,0.7018407845083499,1.8574440509910435,-1.0552662324993394,0.7527041527770351,1.168567043604997,18.99999999999995
2026-03-18,-0.6305880310488058,-0.3183191052255193,1.7095057052275318,0.3115741605524926,1.4412165582632717,-1.4195043598903052,0.49302748861294227,1.168567043604997,7.000000000000028
2026-03-19,-1.7057083949433463,-0.33920088692755934,1.0574321562776325,1.0818438453728492,1.4290635426378693,-1.6073036695665675,1.1333082676778563,1.168567043604997,16.999999999999993
2026-03-20,-1.5961232915227272,-0.3394848854425837,0.9955965968008768,0.7105747308584911,1.5623795312299775,-2.036587161556237,1.1018455970536027,1.168567043604997,5.000000000000071
2026-03-23,-1.4998692451823619,-0.2651734235867203,0.6370203889491651,1.4500968424605813,1.5320689166259591,-1.2512101491931402,2.467229056376004,1.5824391590301574,0.9999999999999787
2026-03-24,-1.4354133588076496,-0.22835797740245356,0.586342923683116,1.18111864794634,1.121730105240775,-1.205921391798219,1.8019948748456176,1.5824391590301574,-8.999999999999986
2026-03-25,-1.0795257491859258,-0.13481923207455396,-0.13329481856983677,1.3353759795952203,1.2207566876299316,-1.5432317537546614,2.154854992898319,1.5824391590301574,0.0
2026-03-26,-0.7071067811851327,-0.24576058605028261,-0.01835579071761809,0.7887329255970679,1.1433742651768204,-1.5294705843392609,1.5258105161633344,1.5824391590301574,-11.000000000000032
2026-03-27,-0.35355339059259777,-0.20675753855058487,-0.6337512092289622,1.3642027230551546,1.3096774339881387,-1.9769561945382175,2.152793930916277,1.5824391590301574,-9.000000000000075
2026-03-30,-1.0199419777335588,-0.14938565251200683,0.2748603647786484,2.202240084953616,1.6633881547207336,0.04056916292817217,2.0718358710107223,1.6587173267485722,-0.9999999999999787
2026-03-31,-0.9685564692896957,-0.2366327480466717,0.43438438669352286,1.8729779655059924,1.8853218578798567,-0.5174250042574656,1.373834569043413,1.6587173267485722,3.000000000000025
2026-04-01,0.812195512526361,3.5474644832454727,0.3860079314536948,0.3578644874404672,1.5389041931262781,-0.8838947393309502,0.9760922917925435,1.6587173267485722,-4.0000000000000036
2026-04-02,-0.19191809640614121,0.0296713017463757,-0.5570499081156605,0.1169156290104324,0.6316199145694821,-0.6155228859227698,1.1420208170645634,1.6587173267485722,-1.9999999999999574
2026-04-03,0.2344837200542981,-0.4244143632217071,-0.8977856848198966,-0.11255084286485367,0.9377785309837978,-0.5652821120253695,0.916519841630258,1.6587173267485722,-4.0000000000000036
2026-04-06,0.2344837200542981,-0.4227151258005491,-1.0071931217634678,-0.16615915632660277,1.0244913052602356,-0.7431993218050338,1.083784482808328,1.4222591079640112,-4.0000000000000036
2026-04-07,-0.16559941983154325,-0.44188070388968326,-1.9540638511054491,-0.10869115396382843,0.7475896820979866,-0.9199574697517094,0.8640782309580406,1.4222591079640112,-7.000000000000028
2026-04-08,-1.3074150393286543,2.8050901401475383,-0.7140493846804666,0.34323268641873744,0.5833234695203985,-0.38356895197981855,0.8077284226656616,1.4222591079640112,0.0
2026-04-09,-2.2121972837011286,-0.4821424758469601,-1.2302296627627465,-1.3158398059478855,-0.930484905713338,-0.8420175972127593,0.5895394094456156,1.4222591079640112,3.000000000000025
2026-04-10,-2.515849785986301,-0.408324895802422,-1.1927402727526812,-1.9037649474776672,-1.2554821890431789,-0.5258257926294734,0.6252569518665387,1.4222591079640112,-4.999999999999982
2026-04-13,-1.1201074584871136,-0.33080281947639006,-1.3419952728998954,-1.9603235024657757,-1.5043312444218837,-0.757020051730931,0.6733916060939613,1.7323704816244698,-4.0000000000000036
2026-04-14,-0.4082726482262661,-0.4005814683772322,-1.2561316841707846,-1.8900073254858663,-1.3582414592151058,-0.11344177286457753,0.32195293663399344,1.7323704816244698,4.0000000000000036
2026-04-15,0.7772815877554972,-0.37113578008591797,-1.5954182444565363,-1.9459831234636407,-2.0777182626198725,-0.6830976068017263,-0.19752532062260234,1.7323704816244698,0.9999999999999787
2026-04-16,2.6886296521512523,-0.3865168489774736,-1.7051822985013678,-1.8842394629667405,-1.9404062632074541,0.27244052130394686,0.08695368775585584,1.7323704816244698,1.9999999999999574
2026-04-17,0.9521234557328704,-0.38010792605537375,-1.2001218630459314,-1.785597002124141,-1.7830556929070949,0.6201316225276783,0.5591435139055563,1.7323704816244698,4.999999999999982
2026-04-20,0.27203527306653874,-0.37268091375663365,-0.9520939007968364,-1.7675449677634771,-1.9339381172390007,1.061885185405142,-0.335084084633603,1.84784321129046,8.999999999999986
2026-04-21,-0.3848721170496974,-0.2786684623123847,-0.8984139149621195,-1.288263152587469,-1.624369650786006,0.7583992847436068,-0.6197080286026687,1.84784321129046,6.00000000000005
2026-04-22,-0.37263964988429366,-0.2040737815747213,-1.2304825369645418,-1.05150247206598,-1.3810898263963707,0.12999910345595214,0.30809111665339206,1.84784321129046,12.00000000000001
2026-04-23,-0.033876331807658956,-0.2743515650681636,-1.3499374865434093,-1.131691759843663,-1.1521977444398137,-0.19777178806141607,0.2538924906660687,1.84784321129046,6.00000000000005
2026-04-24,0.3048869862689607,-0.3850963672076721,-1.468155504302123,-0.9648344506805903,-0.9750516509134705,-0.19777178806141607,0.9683028952916781,1.84784321129046,8.000000000000007
2026-04-27,0.6289246989619927,-0.39004057766840083,-0.9948983935321151,-1.047627777594006,-0.8985443135349045,0.7007176970721523,0.3475413056744195,1.7638444885889777,10.000000000000053
2026-04-28,0.7196229171274129,-0.3144913063002389,-0.9619072742584746,-1.1511682422093843,-1.0211897160657828,2.2889889106912102,1.267496561797252,1.7638444885889777,6.99999999999994
2026-04-29,0.012021475443102418,-0.23991684572191896,-0.946906846569179,-1.1340409413695471,-0.7470489932144477,0.22062543717505503,1.4716960251243507,1.7638444885889777,-5.999999999999961
2026-04-30,-0.3630677372304128,-0.21319879661113345,-1.1553194387238819,-0.8367649957163549,-0.38804221204889655,-0.6067199522314071,2.507548311698626,1.7638444885889777,0.9999999999999787
2026-05-01,0.6785494260632835,1.6057011751892702,-0.8428523631186751,-1.2198835857343555,-0.7694171430349088,0.15243746090247637,1.972608880590492,1.7638444885889777,-0.9999999999999787
2026-05-04,-0.07348722636932323,-0.2996465235975145,-1.0816248860534154,-1.119181704618376,-0.9841969210141125,-0.30487492180495784,1.6377059946267651,1.526658061798708,-3.000000000000025
2026-05-05,-0.456836945465531,-0.29476166073015336,-1.0357762161733302,-0.7527461319701514,-0.5088436533950391,-0.74082496476585,2.1633279449518295,1.526658061798708,3.000000000000025
2026-05-06,-0.808359490062474,-0.169294376498372,-2.0753717394267097,-0.9126768291754723,-0.6687277386593528,-0.7677440291456152,1.8062391868140766,1.526658061798708,9.999999999999964
2026-05-07,-1.1136767589602965,-0.04925112126559392,-1.6366880135280446,-0.8507854134520078,-1.120358838874441,-1.2283904466329834,0.5270088053514077,1.526658061798708,5.999999999999961
2026-05-08,-1.367649470142635,-0.2625736956188777,-1.754740891788602,-0.8739051578405833,-1.1304785511994553,-1.411816411959943,1.369077129255799,1.526658061798708,20.999999999999996
2026-05-11,-1.2948405391598168,-0.25727776182986845,-1.6598666927385008,-0.8372066372033526,-1.0472075702802086,-1.8350200484053774,0.8693547324666885,1.17439254238785,19.00000000000004
2026-05-12,-1.2283904466518658,-0.17439746969168346,-1.6181954300230021,-0.44896315190685293,-1.0050683211082043,-2.0938917511201116,1.3090818399244026,1.17439254238785,20.999999999999996
2026-05-13,-1.154523875111969,-0.04879117099402483,-1.3190527034783721,-0.5451351798937388,-0.4153756591437453,-2.2611339482491233,1.8048644953598272,1.17439254238785,11.000000000000032
2026-05-14,-1.378381667197801,0.7590401018560915,-1.2501172440451704,-0.5450747733766687,-0.4291024701956731,-1.285262126621808,1.7836852933889011,1.17439254238785,10.000000000000053
2026-05-15,-2.0876446982806014,0.18909075913890663,-2.3305057839454566,-0.7655441620680263,-0.09032351307757042,-1.5732619855520014,1.7587193927733433,1.17439254238785,-3.000000000000025
2026-05-18,-2.120189851299521,-0.2694940048182266,-2.109967646789383,-0.1541920482376841,1.0555437843680184,-0.32773069341230304,2.8498916604597677,1.2328301662114203,-11.000000000000032
2026-05-19,-2.3266109683483065,1.7113846537593522,-2.5635461644061994,-0.42178159129564907,0.8957312230024579,1.2245852330968625,2.6817093682727324,1.2328301662114203,-18.99999999999995
2026-05-20,-2.43433740439742,3.9412931974374628,-2.689370519234554,-0.21652691970434187,2.2221073339518846,1.172042751136906,2.809373762010474,1.2328301662114203,-12.00000000000001
2026-05-21,-2.3415475415201437,4.391745607014764,-1.9852305195639612,-0.9039339352869066,1.4337502170817942,0.7370751043005535,1.8794723315109059,1.2328301662114203,-12.00000000000001
2026-05-22,-1.975561074170524,0.14587109650851102,-1.8186018133279918,-1.6716381791392823,1.8308936068420656,-0.7802094596393406,1.495184581688188,1.2328301662114203,-8.999999999999986
2026-05-26,-1.1424964654033793,-0.3121639850417291,-2.0445257808601416,-1.6299756162008217,1.5326593821243792,-2.6110276183886763,1.311255189388177,1.4561520532328351,-4.0000000000000036
2026-05-27,0.3558595547977766,-0.1613532822385099,-2.034467093997773,-1.1590630651976155,1.2214122933423637,-0.5674280964448575,0.7663951615745164,1.4561520532328351,0.9999999999999787
2026-05-28,0.37936868022192594,-0.15901978250791823,-1.6721710873681348,-1.891470118020628,1.1685414223443156,-0.8679132449411867,0.5513432396344934,1.4561520532328351,1.9999999999999574
2026-05-29,0.2748105407971543,-0.30247935065864967,-1.5378994778453217,-2.2435761611535785,0.7678657946052506,-1.4130060366859412,0.1642966794238467,1.4561520532328351,9.999999999999964
2026-06-01,0.5220363645881033,1.6309248367257174,-1.42819701447599,-2.3468235201771783,0.3779278345379892,-1.0224658375896274,0.12577268696129537,1.4561520532328351,8.999999999999986
2026-06-02,0.9453090926325033,-0.34404254513916155,-1.8278440373648965,-1.5025746482654847,0.9824521060056861,-2.3432241272354406,-0.5679178616664268,0.941310367163691,7.000000000000028
2026-06-03,0.5220363645881033,-0.12901978865126423,-1.693762429878843,-1.6345501107146292,0.6244391433417403,-2.329036163040572,-0.6498319617356751,0.941310367163691,5.999999999999961
2026-06-04,0.11339938000760338,-0.2216537894135967,-1.5661828757520104,-1.2996496614963362,1.3634719039076817,-2.0702265647973,-0.5001589588742794,0.941310367163691,-1.9999999999999574
2026-06-05,0.34295369513782914,-0.4061162814310802,-1.4519305343422562,-1.7935650270533436,1.2198348456132841,-1.6530571955246955,-0.7597408397869395,0.941310367163691,-6.99999999999994
2026-06-08,0.5782857549809534,-0.48062081595875655,-1.7941664130343333,3.3294684771198786,2.4690581459059664,-2.3031349026281407,0.05489923877995455,0.5788820536980952,-8.999999999999986
2026-06-09,0.612671129752647,-0.28739552771609944,-1.5154395026699603,1.2435451908868171,2.096292784367283,-1.50402070218035,-0.11126438403909353,0.5788820536980952,-10.000000000000053
2026-06-10,-0.007606119460319064,-0.5317818179675737,-1.2692067780102234,1.8374337408398491,1.7781843040383172,-1.6469832665690287,-0.37633141490147887,0.5788820536980952,-5.999999999999961
2026-06-11,-0.20056965577480482,-0.566361703657168,-1.1975167217027674,2.9161603131017206,1.555076403467756,-1.1143709981814334,-0.1761059383316939,0.5788820536980952,0.9999999999999787
2026-06-12,0.05451030734490297,-0.5498535551123266,-0.8040405757012881,1.1471441062875465,1.745094695992642,-1.449278042833266,-1.2004555023201315,0.5788820536980952,2.999999999999936
2026-06-15,1.243909673727468,-0.5068032521863304,-1.098400103178119,0.04319967584011831,0.7064669547649313,-1.545911965868606,-0.835806278872082,0.7157723272954579,3.000000000000025
2026-06-16,2.0231698629927086,-0.4817769666991211,-1.0448856093100665,-0.8493365230964587,0.3530047697630481,-1.2398328167319452,-1.0462392394960192,0.7157723272954579,-1.9999999999999574
2026-06-17,0.6892117115689462,1.3890401276285462,-0.6178611722659719,-0.6786560500520523,0.231050171154414,-1.5384028652878452,-1.4137315611126289,0.7157723272954579,-8.999999999999986
2026-06-18,0.6788184390755402,0.6139166634985098,-1.5252224610726652,0.5367163314086724,0.40988131812219647,-2.817475119153318,-1.1361877114253869,0.7157723272954579,-8.000000000000007
2026-06-22,0.4489120485991615,-0.6154130996209667,-1.254312777917014,-0.6772590253028196,1.941762599321395,-2.6615343235239686,-1.4221661224723914,0.7157723272954579,-12.99999999999999
2026-06-23,0.2205849453628324,0.05516041284531154,-1.1874068281477579,-0.15101283803498639,2.0420006979995584,-2.3160792920943116,-1.062052693270564,1.1400853764232164,-5.999999999999961
2026-06-24,0.4250875376724714,0.5025612562721229,-1.130018854040314,1.1114408002025755,2.576471258346098,-1.2250390624042042,-1.1376192787149266,1.1400853764232164,7.000000000000028
2026-06-25,0.409203300679637,0.11342581102500864,-0.8636902710867076,0.5973056800113165,2.7535035906549634,-1.6338232827804788,-1.88895630843274,1.1400853764232164,8.999999999999986
2026-06-26,0.8088134857817751,0.3103822470025984,-0.33529811836893164,0.7264022982715769,2.0290095757668727,-1.3888170068849301,-1.7247495720996917,1.1400853764232164,10.000000000000053
2026-06-29,0.3535413317332789,0.42656176153892217,0.33394865844709426,0.43442748444534823,1.670231583250386,-1.2910941046835425,-1.6620825620890285,1.1400853764232164,16.999999999999993
2026-06-30,0.31475781649978957,-0.12954159625119632,0.10336143263184767,-0.015336333098115483,1.6334666455457534,-1.540399993511555,-1.8190380176185872,1.4654224146226285,11.999999999999922
2026-07-01,1.5139139618444009,3.280654501441668,-0.5452342017384956,-0.672609570631028,1.471953919756806,-1.2092062505633592,-1.2443193703016506,1.4654224146226285,5.999999999999961
2026-07-02,1.025240992711922,-0.5836652342713328,-0.0965521200258064,-0.5646012996654519,1.620462928604767,-1.0303214380099341,-0.6976675078494722,1.4654224146226285,6.99999999999994
2026-07-06,0.531352091070252,-0.36273567727267425,-0.056506225163178894,-0.7742673254465925,0.9726001294622914,-0.46608680555837734,-0.28908476934967403,1.4654224146226285,13.999999999999968
2026-07-07,0.20997465975947033,-0.2052093827642545,0.8920137331355218,-1.0487515658465218,1.0805429814972984,-0.4133335272494426,-0.8430186762308266,1.4143468389306029,3.000000000000025
2026-07-08,-0.25999820691443853,0.12228255152746016,0.5483479902872042,-0.7186718243578079,0.9869549726535402,-0.2121948328430367,0.08947060099291435,1.4143468389306029,-0.9999999999999787
2026-07-09,-2.07275653192342,-0.10921000126577052,1.0881410923225696,-0.29457239320282497,1.286579961148058,-0.3299550725116435,0.1814077011946082,1.4143468389306029,3.000000000000025
2026-07-10,-3.243070563417497,0.32853530823342864,1.0881410923225696,-0.8526759854931292,0.7653456342798242,0.2125547623911868,0.5190205260977023,1.4143468389306029,-0.9999999999999787
2026-07-13,-2.2350469941656668,-0.6585553050709329,2.0265508067273807,-1.247440212102411,0.40931348369667586,-0.233318258505512,0.5904041484435039,1.4143468389306029,-2.000000000000046
2026-07-14,-0.6499980940725628,-0.6078454646090353,1.0785084941670267,-0.12833393391489734,0.6602608371323133,0.006334742788352318,0.9105345768012584,0.6914597684034871,4.999999999999982
2026-07-15,0.2785706117453821,-0.6543172707389651,2.736516706737745,-0.5192439334269722,0.24997344800974142,0.8710131206918572,1.0814491668440134,0.6914597684034871,12.00000000000001
2026-07-16,0.6032464642471771,-0.6687688455506089,2.3667583852641303,-0.9671896369964996,-0.03527213171264906,1.2793005210161643,0.7610255777146632,0.6914597684034871,13.999999999999968
2026-07-17,-0.01041654974303068,-0.653855017161601,1.7829668862333783,-0.4045615438502905,-0.07086436840825577,1.0751568208540103,0.878743050675063,0.6914597684034871,14.000000000000057
2026-07-20,-0.9148324571185262,-0.6421448420823134,1.6356645846241622,0.6865743920079741,0.193439425083862,0.29143993977006566,0.4454135001513649,1.3141583581508187,5.000000000000071
2026-07-21,-1.4255233383972465,-0.6460595175924727,2.0934389758310132,0.5702898904659294,0.15113701975627022,0.7453268536951562,0.9920210743622621,1.3141583581508187,-1.9999999999999574
2026-07-22,-0.218098054911202,-0.5948861354545634,1.624823075526347,-0.28514821145948904,0.18960252917155546,0.3275587375333719,1.2945469302316377,1.3141583581508187,0.0
2026-07-23,0.08943586603935427,-0.5639086069834839,0.9077868985639564,-0.4998183124608349,0.15199202244228197,0.15334539616306356,1.5535523164846825,1.3141583581508187,-3.000000000000025
