observation_date,DGS10,SOFR,RRPONTSYD,BAA10Y,VIXCLS,DTWEXBGS,T10Y2Y,T10Y3M,WALCL
1962-01-02,4.06,,,,,,,,
1962-01-03,4.03,,,,,,,,
1962-01-04,3.99,,,,,,,,
1962-01-05,4.02,,,,,,,,
1962-01-08,4.03,,,,,,,,
1962-01-09,4.05,,,,,,,,
1962-01-10,4.07,,,,,,,,
1962-01-11,4.08,,,,,,,,
1962-01-12,4.08,,,,,,,,
1962-01-15,4.1,,,,,,,,
1962-01-16,4.13,,,,,,,,
1962-01-17,4.12,,,,,,,,
1962-01-18,4.11,,,,,,,,
1962-01-19,4.11,,,,,,,,
1962-01-22,4.09,,,,,,,,
1962-01-23,4.11,,,,,,,,
1962-01-24,4.1,,,,,,,,
1962-01-25,4.11,,,,,,,,
1962-01-26,4.11,,,,,,,,
1962-01-29,4.12,,,,,,,,
1962-01-30,4.11,,,,,,,,
1962-01-31,4.1,,,,,,,,
1962-02-01,4.09,,,,,,,,
1962-02-02,4.08,,,,,,,,
1962-02-05,4.07,,,,,,,,
1962-02-06,4.06,,,,,,,,
1962-02-07,4.07,,,,,,,,
1962-02-08,4.07,,,,,,,,
1962-02-09,4.05,,,,,,,,
1962-02-12,,,,,,,,,
1962-02-13,4.03,,,,,,,,
1962-02-14,4.03,,,,,,,,
1962-02-15,4.02,,,,,,,,
1962-02-16,4.02,,,,,,,,
1962-02-19,4.01,,,,,,,,
1962-02-20,4.05,,,,,,,,
1962-02-21,4.03,,,,,,,,
1962-02-22,,,,,,,,,
1962-02-23,4.02,,,,,,,,
1962-02-26,4.0,,,,,,,,
1962-02-27,4.01,,,,,,,,
1962-02-28,4.0,,,,,,,,
1962-03-01,3.98,,,,,,,,
1962-03-02,3.98,,,,,,,,
1962-03-05,4.0,,,,,,,,
1962-03-06,4.01,,,,,,,,
1962-03-07,4.0,,,,,,,,
1962-03-08,3.98,,,,,,,,
1962-03-09,3.96,,,,,,,,
1962-03-12,3.94,,,,,,,,
1962-03-13,3.92,,,,,,,,
1962-03-14,3.93,,,,,,,,
1962-03-15,3.96,,,,,,,,
1962-03-16,3.96,,,,,,,,
1962-03-19,3.93,,,,,,,,
1962-03-20,3.91,,,,,,,,
1962-03-21,3.86,,,,,,,,
1962-03-22,3.83,,,,,,,,
1962-03-23,3.87,,,,,,,,
1962-03-26,3.89,,,,,,,,
1962-03-27,3.9,,,,,,,,
1962-03-28,3.9,,,,,,,,
1962-03-29,3.9,,,,,,,,
1962-03-30,3.86,,,,,,,,
1962-04-02,3.86,,,,,,,,
1962-04-03,3.83,,,,,,,,
1962-04-04,3.78,,,,,,,,
1962-04-05,3.84,,,,,,,,
1962-04-06,3.81,,,,,,,,
1962-04-09,3.83,,,,,,,,
1962-04-10,3.83,,,,,,,,
1962-04-11,3.87,,,,,,,,
1962-04-12,3.86,,,,,,,,
1962-04-13,3.85,,,,,,,,
1962-04-16,3.83,,,,,,,,
1962-04-17,3.82,,,,,,,,
1962-04-18,3.81,,,,,,,,
1962-04-19,3.82,,,,,,,,
1962-04-20,,,,,,,,,
1962-04-23,3.86,,,,,,,,
1962-04-24,3.87,,,,,,,,
1962-04-25,3.88,,,,,,,,
1962-04-26,3.89,,,,,,,,
1962-04-27,3.86,,,,,,,,
1962-04-30,3.86,,,,,,,,
1962-05-01,3.85,,,,,,,,
1962-05-02,3.86,,,,,,,,
1962-05-03,3.86,,,,,,,,
1962-05-04,3.87,,,,,,,,
1962-05-07,3.86,,,,,,,,
1962-05-08,3.85,,,,,,,,
1962-05-09,3.82,,,,,,,,
1962-05-10,3.83,,,,,,,,
1962-05-11,3.82,,,,,,,,
1962-05-14,3.85,,,,,,,,
1962-05-15,3.87,,,,,,,,
1962-05-16,3.86,,,,,,,,
1962-05-17,3.87,,,,,,,,
1962-05-18,3.93,,,,,,,,
1962-05-21,3.94,,,,,,,,
1962-05-22,3.93,,,,,,,,
1962-05-23,3.91,,,,,,,,
1962-05-24,3.9,,,,,,,,
1962-05-25,3.88,,,,,,,,
1962-05-28,3.87,,,,,,,,
1962-05-29,3.89,,,,,,,,
1962-05-30,,,,,,,,,
1962-05-31,3.9,,,,,,,,
1962-06-01,3.89,,,,,,,,
1962-06-04,3.88,,,,,,,,
1962-06-05,3.89,,,,,,,,
1962-06-06,3.89,,,,,,,,
1962-06-07,3.87,,,,,,,,
1962-06-08,3.86,,,,,,,,
1962-06-11,3.87,,,,,,,,
1962-06-12,3.86,,,,,,,,
1962-06-13,3.87,,,,,,,,
1962-06-14,3.9,,,,,,,,
1962-06-15,3.89,,,,,,,,
1962-06-18,3.91,,,,,,,,
1962-06-19,3.93,,,,,,,,
1962-06-20,3.92,,,,,,,,
1962-06-21,3.9,,,,,,,,
1962-06-22,3.9,,,,,,,,
1962-06-25,3.95,,,,,,,,
1962-06-26,3.97,,,,,,,,
1962-06-27,3.96,,,,,,,,
1962-06-28,3.98,,,,,,,,
1962-06-29,4.0,,,,,,,,
1962-07-02,4.0,,,,,,,,
1962-07-03,4.0,,,,,,,,
1962-07-04,,,,,,,,,
1962-07-05,4.0,,,,,,,,
1962-07-06,4.02,,,,,,,,
1962-07-09,4.05,,,,,,,,
1962-07-10,4.02,,,,,,,,
1962-07-11,3.99,,,,,,,,
1962-07-12,4.0,,,,,,,,
1962-07-13,4.0,,,,,,,,
1962-07-16,4.01,,,,,,,,
1962-07-17,4.03,,,,,,,,
1962-07-18,4.02,,,,,,,,
1962-07-19,4.02,,,,,,,,
1962-07-20,4.01,,,,,,,,
1962-07-23,4.0,,,,,,,,
1962-07-24,4.01,,,,,,,,
1962-07-25,4.02,,,,,,,,
1962-07-26,4.01,,,,,,,,
1962-07-27,4.02,,,,,,,,
1962-07-30,4.03,,,,,,,,
1962-07-31,4.04,,,,,,,,
1962-08-01,4.03,,,,,,,,
1962-08-02,4.0,,,,,,,,
1962-08-03,4.01,,,,,,,,
1962-08-06,4.01,,,,,,,,
1962-08-07,4.02,,,,,,,,
1962-08-08,4.01,,,,,,,,
1962-08-09,3.99,,,,,,,,
1962-08-10,3.99,,,,,,,,
1962-08-13,3.99,,,,,,,,
1962-08-14,3.98,,,,,,,,
1962-08-15,3.98,,,,,,,,
1962-08-16,3.96,,,,,,,,
1962-08-17,3.96,,,,,,,,
1962-08-20,3.94,,,,,,,,
1962-08-21,3.94,,,,,,,,
1962-08-22,3.95,,,,,,,,
1962-08-23,3.95,,,,,,,,
1962-08-24,3.95,,,,,,,,
1962-08-27,3.95,,,,,,,,
1962-08-28,3.96,,,,,,,,
1962-08-29,3.96,,,,,,,,
1962-08-30,3.95,,,,,,,,
1962-08-31,3.96,,,,,,,,
1962-09-03,,,,,,,,,
1962-09-04,3.96,,,,,,,,
1962-09-05,3.97,,,,,,,,
1962-09-06,3.99,,,,,,,,
1962-09-07,4.01,,,,,,,,
1962-09-10,4.0,,,,,,,,
1962-09-11,4.0,,,,,,,,
1962-09-12,4.0,,,,,,,,
1962-09-13,3.99,,,,,,,,
1962-09-14,3.99,,,,,,,,
1962-09-17,3.99,,,,,,,,
1962-09-18,3.98,,,,,,,,
1962-09-19,3.99,,,,,,,,
1962-09-20,3.98,,,,,,,,
1962-09-21,3.98,,,,,,,,
1962-09-24,3.97,,,,,,,,
1962-09-25,3.96,,,,,,,,
1962-09-26,3.95,,,,,,,,
1962-09-27,3.95,,,,,,,,
1962-09-28,3.94,,,,,,,,
1962-10-01,3.93,,,,,,,,
1962-10-02,3.92,,,,,,,,
1962-10-03,3.9,,,,,,,,
1962-10-04,3.9,,,,,,,,
1962-10-05,3.92,,,,,,,,
1962-10-08,3.93,,,,,,,,
1962-10-09,3.95,,,,,,,,
1962-10-10,3.93,,,,,,,,
1962-10-11,3.94,,,,,,,,
1962-10-12,,,,,,,,,
1962-10-15,3.94,,,,,,,,
1962-10-16,3.94,,,,,,,,
1962-10-17,3.94,,,,,,,,
1962-10-18,3.92,,,,,,,,
1962-10-19,3.88,,,,,,,,
1962-10-22,3.91,,,,,,,,
1962-10-23,3.94,,,,,,,,
1962-10-24,3.94,,,,,,,,
1962-10-25,3.94,,,,,,,,
1962-10-26,3.93,,,,,,,,
1962-10-29,3.92,,,,,,,,
1962-10-30,3.92,,,,,,,,
1962-10-31,3.92,,,,,,,,
1962-11-01,3.92,,,,,,,,
1962-11-02,3.91,,,,,,,,
1962-11-05,3.91,,,,,,,,
1962-11-06,,,,,,,,,
1962-11-07,3.91,,,,,,,,
1962-11-08,3.9,,,,,,,,
1962-11-09,3.89,,,,,,,,
1962-11-12,,,,,,,,,
1962-11-13,3.9,,,,,,,,
1962-11-14,3.91,,,,,,,,
1962-11-15,3.91,,,,,,,,
1962-11-16,3.93,,,,,,,,
1962-11-19,3.93,,,,,,,,
1962-11-20,3.93,,,,,,,,
1962-11-21,3.92,,,,,,,,
1962-11-22,,,,,,,,,
1962-11-23,3.92,,,,,,,,
1962-11-26,3.93,,,,,,,,
1962-11-27,3.92,,,,,,,,
1962-11-28,3.92,,,,,,,,
1962-11-29,3.92,,,,,,,,
1962-11-30,3.92,,,,,,,,
1962-12-03,3.93,,,,,,,,
1962-12-04,3.94,,,,,,,,
1962-12-05,3.93,,,,,,,,
1962-12-06,3.92,,,,,,,,
1962-12-07,3.91,,,,,,,,
1962-12-10,3.9,,,,,,,,
1962-12-11,3.89,,,,,,,,
1962-12-12,3.88,,,,,,,,
1962-12-13,3.88,,,,,,,,
1962-12-14,3.87,,,,,,,,
1962-12-17,3.85,,,,,,,,
1962-12-18,3.83,,,,,,,,
1962-12-19,3.84,,,,,,,,
1962-12-20,3.83,,,,,,,,
1962-12-21,3.81,,,,,,,,
1962-12-24,3.79,,,,,,,,
1962-12-25,,,,,,,,,
1962-12-26,3.79,,,,,,,,
1962-12-27,3.81,,,,,,,,
1962-12-28,3.84,,,,,,,,
1962-12-31,3.85,,,,,,,,
1963-01-01,,,,,,,,,
1963-01-02,3.82,,,,,,,,
1963-01-03,3.81,,,,,,,,
1963-01-04,3.84,,,,,,,,
1963-01-07,3.83,,,,,,,,
1963-01-08,3.81,,,,,,,,
1963-01-09,3.82,,,,,,,,
1963-01-10,3.81,,,,,,,,
1963-01-11,3.8,,,,,,,,
1963-01-14,3.81,,,,,,,,
1963-01-15,3.8,,,,,,,,
1963-01-16,3.8,,,,,,,,
1963-01-17,3.82,,,,,,,,
1963-01-18,3.84,,,,,,,,
1963-01-21,3.85,,,,,,,,
1963-01-22,3.86,,,,,,,,
1963-01-23,3.86,,,,,,,,
1963-01-24,3.86,,,,,,,,
1963-01-25,3.85,,,,,,,,
1963-01-28,3.86,,,,,,,,
1963-01-29,3.86,,,,,,,,
1963-01-30,3.86,,,,,,,,
1963-01-31,3.87,,,,,,,,
1963-02-01,3.88,,,,,,,,
1963-02-04,3.89,,,,,,,,
1963-02-05,3.9,,,,,,,,
1963-02-06,3.91,,,,,,,,
1963-02-07,3.91,,,,,,,,
1963-02-08,3.91,,,,,,,,
1963-02-11,3.92,,,,,,,,
1963-02-12,,,,,,,,,
1963-02-13,3.92,,,,,,,,
1963-02-14,3.91,,,,,,,,
1963-02-15,3.91,,,,,,,,
1963-02-18,3.91,,,,,,,,
1963-02-19,3.93,,,,,,,,
1963-02-20,3.94,,,,,,,,
1963-02-21,3.95,,,,,,,,
1963-02-22,,,,,,,,,
1963-02-25,3.95,,,,,,,,
1963-02-26,3.95,,,,,,,,
1963-02-27,3.95,,,,,,,,
1963-02-28,3.94,,,,,,,,
1963-03-01,3.93,,,,,,,,
1963-03-04,3.92,,,,,,,,
1963-03-05,3.92,,,,,,,,
1963-03-06,3.91,,,,,,,,
1963-03-07,3.92,,,,,,,,
1963-03-08,3.92,,,,,,,,
1963-03-11,3.92,,,,,,,,
1963-03-12,3.92,,,,,,,,
1963-03-13,3.92,,,,,,,,
1963-03-14,3.92,,,,,,,,
1963-03-15,3.92,,,,,,,,
1963-03-18,3.92,,,,,,,,
1963-03-19,3.92,,,,,,,,
1963-03-20,3.92,,,,,,,,
1963-03-21,3.92,,,,,,,,
1963-03-22,3.93,,,,,,,,
1963-03-25,3.94,,,,,,,,
1963-03-26,3.96,,,,,,,,
1963-03-27,3.96,,,,,,,,
1963-03-28,3.96,,,,,,,,
1963-03-29,3.95,,,,,,,,
1963-04-01,3.95,,,,,,,,
1963-04-02,3.96,,,,,,,,
1963-04-03,3.96,,,,,,,,
1963-04-04,3.95,,,,,,,,
1963-04-05,3.95,,,,,,,,
1963-04-08,3.97,,,,,,,,
1963-04-09,3.98,,,,,,,,
1963-04-10,4.0,,,,,,,,
1963-04-11,4.0,,,,,,,,
1963-04-12,,,,,,,,,
1963-04-15,4.01,,,,,,,,
1963-04-16,4.0,,,,,,,,
1963-04-17,4.0,,,,,,,,
1963-04-18,3.99,,,,,,,,
1963-04-19,3.97,,,,,,,,
1963-04-22,3.97,,,,,,,,
1963-04-23,3.97,,,,,,,,
1963-04-24,3.96,,,,,,,,
1963-04-25,3.95,,,,,,,,
1963-04-26,3.95,,,,,,,,
1963-04-29,3.95,,,,,,,,
1963-04-30,3.95,,,,,,,,
1963-05-01,3.94,,,,,,,,
1963-05-02,3.94,,,,,,,,
1963-05-03,3.93,,,,,,,,
1963-05-06,3.92,,,,,,,,
1963-05-07,3.91,,,,,,,,
1963-05-08,3.92,,,,,,,,
1963-05-09,3.93,,,,,,,,
1963-05-10,3.93,,,,,,,,
1963-05-13,3.92,,,,,,,,
1963-05-14,3.91,,,,,,,,
1963-05-15,3.91,,,,,,,,
1963-05-16,3.9,,,,,,,,
1963-05-17,3.92,,,,,,,,
1963-05-20,3.93,,,,,,,,
1963-05-21,3.92,,,,,,,,
1963-05-22,3.92,,,,,,,,
1963-05-23,3.93,,,,,,,,
1963-05-24,3.95,,,,,,,,
1963-05-27,3.95,,,,,,,,
1963-05-28,3.96,,,,,,,,
1963-05-29,3.96,,,,,,,,
1963-05-30,,,,,,,,,
1963-05-31,3.96,,,,,,,,
1963-06-03,3.98,,,,,,,,
1963-06-04,3.98,,,,,,,,
1963-06-05,3.98,,,,,,,,
1963-06-06,3.99,,,,,,,,
1963-06-07,3.99,,,,,,,,
1963-06-10,3.99,,,,,,,,
1963-06-11,3.98,,,,,,,,
1963-06-12,3.99,,,,,,,,
1963-06-13,3.99,,,,,,,,
1963-06-14,3.99,,,,,,,,
1963-06-17,4.0,,,,,,,,
1963-06-18,4.0,,,,,,,,
1963-06-19,4.0,,,,,,,,
1963-06-20,4.0,,,,,,,,
1963-06-21,4.0,,,,,,,,
1963-06-24,4.0,,,,,,,,
1963-06-25,4.0,,,,,,,,
1963-06-26,4.0,,,,,,,,
1963-06-27,4.0,,,,,,,,
1963-06-28,4.0,,,,,,,,
1963-07-01,4.01,,,,,,,,
1963-07-02,4.03,,,,,,,,
1963-07-03,4.03,,,,,,,,
1963-07-04,,,,,,,,,
1963-07-05,4.04,,,,,,,,
1963-07-08,4.05,,,,,,,,
1963-07-09,4.04,,,,,,,,
1963-07-10,4.03,,,,,,,,
1963-07-11,4.04,,,,,,,,
1963-07-12,4.03,,,,,,,,
1963-07-15,4.02,,,,,,,,
1963-07-16,4.02,,,,,,,,
1963-07-17,4.03,,,,,,,,
1963-07-18,4.02,,,,,,,,
1963-07-19,4.02,,,,,,,,
1963-07-22,4.02,,,,,,,,
1963-07-23,4.02,,,,,,,,
1963-07-24,4.01,,,,,,,,
1963-07-25,4.01,,,,,,,,
1963-07-26,3.99,,,,,,,,
1963-07-29,3.99,,,,,,,,
1963-07-30,4.0,,,,,,,,
1963-07-31,4.0,,,,,,,,
1963-08-01,3.99,,,,,,,,
1963-08-02,3.99,,,,,,,,
1963-08-05,3.99,,,,,,,,
1963-08-06,4.0,,,,,,,,
1963-08-07,4.01,,,,,,,,
1963-08-08,4.0,,,,,,,,
1963-08-09,4.0,,,,,,,,
1963-08-12,4.01,,,,,,,,
1963-08-13,4.02,,,,,,,,
1963-08-14,4.02,,,,,,,,
1963-08-15,4.01,,,,,,,,
1963-08-16,4.0,,,,,,,,
1963-08-19,3.99,,,,,,,,
1963-08-20,3.99,,,,,,,,
1963-08-21,4.0,,,,,,,,
1963-08-22,4.0,,,,,,,,
1963-08-23,4.0,,,,,,,,
1963-08-26,4.0,,,,,,,,
1963-08-27,4.0,,,,,,,,
1963-08-28,4.0,,,,,,,,
1963-08-29,4.01,,,,,,,,
1963-08-30,4.02,,,,,,,,
1963-09-02,,,,,,,,,
1963-09-03,4.03,,,,,,,,
1963-09-04,4.04,,,,,,,,
1963-09-05,4.08,,,,,,,,
1963-09-06,4.09,,,,,,,,
1963-09-09,4.09,,,,,,,,
1963-09-10,4.09,,,,,,,,
1963-09-11,4.09,,,,,,,,
1963-09-12,4.09,,,,,,,,
1963-09-13,4.09,,,,,,,,
1963-09-16,4.09,,,,,,,,
1963-09-17,4.09,,,,,,,,
1963-09-18,4.08,,,,,,,,
1963-09-19,4.08,,,,,,,,
1963-09-20,4.07,,,,,,,,
1963-09-23,4.07,,,,,,,,
1963-09-24,4.08,,,,,,,,
1963-09-25,4.08,,,,,,,,
1963-09-26,4.08,,,,,,,,
1963-09-27,4.07,,,,,,,,
1963-09-30,4.07,,,,,,,,
1963-10-01,4.07,,,,,,,,
1963-10-02,4.07,,,,,,,,
1963-10-03,4.07,,,,,,,,
1963-10-04,4.08,,,,,,,,
1963-10-07,4.08,,,,,,,,
1963-10-08,4.09,,,,,,,,
1963-10-09,4.1,,,,,,,,
1963-10-10,4.1,,,,,,,,
1963-10-11,4.1,,,,,,,,
1963-10-14,4.1,,,,,,,,
1963-10-15,4.11,,,,,,,,
1963-10-16,4.11,,,,,,,,
1963-10-17,4.12,,,,,,,,
1963-10-18,4.12,,,,,,,,
1963-10-21,4.12,,,,,,,,
1963-10-22,4.11,,,,,,,,
1963-10-23,4.12,,,,,,,,
1963-10-24,4.11,,,,,,,,
1963-10-25,4.12,,,,,,,,
1963-10-28,4.12,,,,,,,,
1963-10-29,4.13,,,,,,,,
1963-10-30,4.14,,,,,,,,
1963-10-31,4.15,,,,,,,,
1963-11-01,4.15,,,,,,,,
1963-11-04,4.15,,,,,,,,
1963-11-05,,,,,,,,,
1963-11-06,4.17,,,,,,,,
1963-11-07,4.17,,,,,,,,
1963-11-08,4.16,,,,,,,,
1963-11-11,,,,,,,,,
1963-11-12,4.16,,,,,,,,
1963-11-13,4.15,,,,,,,,
1963-11-14,4.12,,,,,,,,
1963-11-15,4.11,,,,,,,,
1963-11-18,4.11,,,,,,,,
1963-11-19,4.1,,,,,,,,
1963-11-20,4.09,,,,,,,,
1963-11-21,4.1,,,,,,,,
1963-11-22,4.09,,,,,,,,
1963-11-25,,,,,,,,,
1963-11-26,4.08,,,,,,,,
1963-11-27,4.08,,,,,,,,
1963-11-28,,,,,,,,,
1963-11-29,4.08,,,,,,,,
1963-12-02,4.09,,,,,,,,
1963-12-03,4.1,,,,,,,,
1963-12-04,4.1,,,,,,,,
1963-12-05,4.11,,,,,,,,
1963-12-06,4.11,,,,,,,,
1963-12-09,4.1,,,,,,,,
1963-12-10,4.1,,,,,,,,
1963-12-11,4.12,,,,,,,,
1963-12-12,4.12,,,,,,,,
1963-12-13,4.13,,,,,,,,
1963-12-16,4.15,,,,,,,,
1963-12-17,4.15,,,,,,,,
1963-12-18,4.15,,,,,,,,
1963-12-19,4.14,,,,,,,,
1963-12-20,4.15,,,,,,,,
1963-12-23,4.15,,,,,,,,
1963-12-24,4.15,,,,,,,,
1963-12-25,,,,,,,,,
1963-12-26,4.15,,,,,,,,
1963-12-27,4.15,,,,,,,,
1963-12-30,4.14,,,,,,,,
1963-12-31,4.14,,,,,,,,
1964-01-01,,,,,,,,,
1964-01-02,4.14,,,,,,,,
1964-01-03,4.15,,,,,,,,
1964-01-06,4.16,,,,,,,,
1964-01-07,4.15,,,,,,,,
1964-01-08,4.18,,,,,,,,
1964-01-09,4.18,,,,,,,,
1964-01-10,4.18,,,,,,,,
1964-01-13,4.18,,,,,,,,
1964-01-14,4.18,,,,,,,,
1964-01-15,4.18,,,,,,,,
1964-01-16,4.17,,,,,,,,
1964-01-17,4.17,,,,,,,,
1964-01-20,4.16,,,,,,,,
1964-01-21,4.16,,,,,,,,
1964-01-22,4.16,,,,,,,,
1964-01-23,4.16,,,,,,,,
1964-01-24,4.18,,,,,,,,
1964-01-27,4.18,,,,,,,,
1964-01-28,4.17,,,,,,,,
1964-01-29,4.17,,,,,,,,
1964-01-30,4.16,,,,,,,,
1964-01-31,4.15,,,,,,,,
1964-02-03,4.15,,,,,,,,
1964-02-04,4.15,,,,,,,,
1964-02-05,4.15,,,,,,,,
1964-02-06,4.14,,,,,,,,
1964-02-07,4.14,,,,,,,,
1964-02-10,4.14,,,,,,,,
1964-02-11,4.14,,,,,,,,
1964-02-12,,,,,,,,,
1964-02-13,4.13,,,,,,,,
1964-02-14,4.13,,,,,,,,
1964-02-17,4.13,,,,,,,,
1964-02-18,4.14,,,,,,,,
1964-02-19,4.14,,,,,,,,
1964-02-20,4.14,,,,,,,,
1964-02-21,,,,,,,,,
1964-02-24,4.15,,,,,,,,
1964-02-25,4.15,,,,,,,,
1964-02-26,4.15,,,,,,,,
1964-02-27,4.17,,,,,,,,
1964-02-28,4.18,,,,,,,,
1964-03-02,4.17,,,,,,,,
1964-03-03,4.18,,,,,,,,
1964-03-04,4.19,,,,,,,,
1964-03-05,4.19,,,,,,,,
1964-03-06,4.19,,,,,,,,
1964-03-09,4.2,,,,,,,,
1964-03-10,4.2,,,,,,,,
1964-03-11,4.21,,,,,,,,
1964-03-12,4.21,,,,,,,,
1964-03-13,4.22,,,,,,,,
1964-03-16,4.21,,,,,,,,
1964-03-17,4.22,,,,,,,,
1964-03-18,4.23,,,,,,,,
1964-03-19,4.24,,,,,,,,
1964-03-20,4.25,,,,,,,,
1964-03-23,4.25,,,,,,,,
1964-03-24,4.26,,,,,,,,
1964-03-25,4.26,,,,,,,,
1964-03-26,4.25,,,,,,,,
1964-03-27,,,,,,,,,
1964-03-30,4.25,,,,,,,,
1964-03-31,4.23,,,,,,,,
1964-04-01,4.23,,,,,,,,
1964-04-02,4.24,,,,,,,,
1964-04-03,4.25,,,,,,,,
1964-04-06,4.25,,,,,,,,
1964-04-07,4.25,,,,,,,,
1964-04-08,4.22,,,,,,,,
1964-04-09,4.22,,,,,,,,
1964-04-10,4.22,,,,,,,,
1964-04-13,4.23,,,,,,,,
1964-04-14,4.24,,,,,,,,
1964-04-15,4.23,,,,,,,,
1964-04-16,4.23,,,,,,,,
1964-04-17,4.24,,,,,,,,
1964-04-20,4.24,,,,,,,,
1964-04-21,4.23,,,,,,,,
1964-04-22,4.23,,,,,,,,
1964-04-23,4.23,,,,,,,,
1964-04-24,4.23,,,,,,,,
1964-04-27,4.23,,,,,,,,
1964-04-28,4.23,,,,,,,,
1964-04-29,4.22,,,,,,,,
1964-04-30,4.22,,,,,,,,
1964-05-01,4.22,,,,,,,,
1964-05-04,4.22,,,,,,,,
1964-05-05,4.22,,,,,,,,
1964-05-06,4.22,,,,,,,,
1964-05-07,4.22,,,,,,,,
1964-05-08,4.2,,,,,,,,
1964-05-11,4.19,,,,,,,,
1964-05-12,4.19,,,,,,,,
1964-05-13,4.19,,,,,,,,
1964-05-14,4.19,,,,,,,,
1964-05-15,4.19,,,,,,,,
1964-05-18,4.19,,,,,,,,
1964-05-19,4.19,,,,,,,,
1964-05-20,4.2,,,,,,,,
1964-05-21,4.2,,,,,,,,
1964-05-22,4.2,,,,,,,,
1964-05-25,4.19,,,,,,,,
1964-05-26,4.19,,,,,,,,
1964-05-27,4.2,,,,,,,,
1964-05-28,4.19,,,,,,,,
1964-05-29,,,,,,,,,
1964-06-01,4.19,,,,,,,,
1964-06-02,4.19,,,,,,,,
1964-06-03,4.19,,,,,,,,
1964-06-04,4.19,,,,,,,,
1964-06-05,4.18,,,,,,,,
1964-06-08,4.18,,,,,,,,
1964-06-09,4.17,,,,,,,,
1964-06-10,4.17,,,,,,,,
1964-06-11,4.18,,,,,,,,
1964-06-12,4.18,,,,,,,,
1964-06-15,4.18,,,,,,,,
1964-06-16,4.18,,,,,,,,
1964-06-17,4.18,,,,,,,,
1964-06-18,4.17,,,,,,,,
1964-06-19,4.16,,,,,,,,
1964-06-22,4.15,,,,,,,,
1964-06-23,4.15,,,,,,,,
1964-06-24,4.15,,,,,,,,
1964-06-25,4.15,,,,,,,,
1964-06-26,4.15,,,,,,,,
1964-06-29,4.15,,,,,,,,
1964-06-30,4.15,,,,,,,,
1964-07-01,4.15,,,,,,,,
1964-07-02,4.15,,,,,,,,
1964-07-03,,,,,,,,,
1964-07-06,4.16,,,,,,,,
1964-07-07,4.15,,,,,,,,
1964-07-08,4.15,,,,,,,,
1964-07-09,4.18,,,,,,,,
1964-07-10,4.19,,,,,,,,
1964-07-13,4.19,,,,,,,,
1964-07-14,4.19,,,,,,,,
1964-07-15,4.19,,,,,,,,
1964-07-16,4.19,,,,,,,,
1964-07-17,4.2,,,,,,,,
1964-07-20,4.21,,,,,,,,
1964-07-21,4.2,,,,,,,,
1964-07-22,4.21,,,,,,,,
1964-07-23,4.2,,,,,,,,
1964-07-24,4.2,,,,,,,,
1964-07-27,4.2,,,,,,,,
1964-07-28,4.2,,,,,,,,
1964-07-29,4.2,,,,,,,,
1964-07-30,4.19,,,,,,,,
1964-07-31,4.19,,,,,,,,
1964-08-03,4.19,,,,,,,,
1964-08-04,4.19,,,,,,,,
1964-08-05,4.19,,,,,,,,
1964-08-06,4.18,,,,,,,,
1964-08-07,4.19,,,,,,,,
1964-08-10,4.19,,,,,,,,
1964-08-11,4.2,,,,,,,,
1964-08-12,4.2,,,,,,,,
1964-08-13,4.19,,,,,,,,
1964-08-14,4.19,,,,,,,,
1964-08-17,4.19,,,,,,,,
1964-08-18,4.19,,,,,,,,
1964-08-19,4.19,,,,,,,,
1964-08-20,4.19,,,,,,,,
1964-08-21,4.19,,,,,,,,
1964-08-24,4.19,,,,,,,,
1964-08-25,4.2,,,,,,,,
1964-08-26,4.2,,,,,,,,
1964-08-27,4.2,,,,,,,,
1964-08-28,4.21,,,,,,,,
1964-08-31,4.21,,,,,,,,
1964-09-01,4.21,,,,,,,,
1964-09-02,4.22,,,,,,,,
1964-09-03,4.22,,,,,,,,
1964-09-04,4.22,,,,,,,,
1964-09-07,,,,,,,,,
1964-09-08,4.22,,,,,,,,
1964-09-09,4.22,,,,,,,,
1964-09-10,4.22,,,,,,,,
1964-09-11,4.22,,,,,,,,
1964-09-14,4.22,,,,,,,,
1964-09-15,4.22,,,,,,,,
1964-09-16,4.21,,,,,,,,
1964-09-17,4.2,,,,,,,,
1964-09-18,4.2,,,,,,,,
1964-09-21,4.19,,,,,,,,
1964-09-22,4.19,,,,,,,,
1964-09-23,4.19,,,,,,,,
1964-09-24,4.19,,,,,,,,
1964-09-25,4.19,,,,,,,,
1964-09-28,4.17,,,,,,,,
1964-09-29,4.18,,,,,,,,
1964-09-30,4.18,,,,,,,,
1964-10-01,4.18,,,,,,,,
1964-10-02,4.18,,,,,,,,
1964-10-05,4.2,,,,,,,,
1964-10-06,4.19,,,,,,,,
1964-10-07,4.19,,,,,,,,
1964-10-08,4.19,,,,,,,,
1964-10-09,4.19,,,,,,,,
1964-10-12,,,,,,,,,
1964-10-13,4.19,,,,,,,,
1964-10-14,4.19,,,,,,,,
1964-10-15,4.2,,,,,,,,
1964-10-16,4.21,,,,,,,,
1964-10-19,4.21,,,,,,,,
1964-10-20,4.2,,,,,,,,
1964-10-21,4.19,,,,,,,,
1964-10-22,4.19,,,,,,,,
1964-10-23,4.19,,,,,,,,
1964-10-26,4.19,,,,,,,,
1964-10-27,4.18,,,,,,,,
1964-10-28,4.17,,,,,,,,
1964-10-29,4.16,,,,,,,,
1964-10-30,4.16,,,,,,,,
1964-11-02,4.15,,,,,,,,
1964-11-03,,,,,,,,,
1964-11-04,4.15,,,,,,,,
1964-11-05,4.15,,,,,,,,
1964-11-06,4.15,,,,,,,,
1964-11-09,4.15,,,,,,,,
1964-11-10,4.14,,,,,,,,
1964-11-11,,,,,,,,,
1964-11-12,4.12,,,,,,,,
1964-11-13,4.13,,,,,,,,
1964-11-16,4.13,,,,,,,,
1964-11-17,4.14,,,,,,,,
1964-11-18,4.14,,,,,,,,
1964-11-19,4.13,,,,,,,,
1964-11-20,4.13,,,,,,,,
1964-11-23,4.18,,,,,,,,
1964-11-24,4.18,,,,,,,,
1964-11-25,4.19,,,,,,,,
1964-11-26,,,,,,,,,
1964-11-27,4.19,,,,,,,,
1964-11-30,4.2,,,,,,,,
1964-12-01,4.2,,,,,,,,
1964-12-02,4.19,,,,,,,,
1964-12-03,4.18,,,,,,,,
1964-12-04,4.18,,,,,,,,
1964-12-07,4.17,,,,,,,,
1964-12-08,4.16,,,,,,,,
1964-12-09,4.16,,,,,,,,
1964-12-10,4.15,,,,,,,,
1964-12-11,4.15,,,,,,,,
1964-12-14,4.16,,,,,,,,
1964-12-15,4.17,,,,,,,,
1964-12-16,4.18,,,,,,,,
1964-12-17,4.18,,,,,,,,
1964-12-18,4.19,,,,,,,,
1964-12-21,4.18,,,,,,,,
1964-12-22,4.18,,,,,,,,
1964-12-23,4.19,,,,,,,,
1964-12-24,4.19,,,,,,,,
1964-12-25,,,,,,,,,
1964-12-28,4.19,,,,,,,,
1964-12-29,4.19,,,,,,,,
1964-12-30,4.2,,,,,,,,
1964-12-31,4.21,,,,,,,,
1965-01-01,,,,,,,,,
1965-01-04,4.2,,,,,,,,
1965-01-05,4.2,,,,,,,,
1965-01-06,4.2,,,,,,,,
1965-01-07,4.2,,,,,,,,
1965-01-08,4.2,,,,,,,,
1965-01-11,4.2,,,,,,,,
1965-01-12,4.19,,,,,,,,
1965-01-13,4.19,,,,,,,,
1965-01-14,4.19,,,,,,,,
1965-01-15,4.19,,,,,,,,
1965-01-18,4.19,,,,,,,,
1965-01-19,4.18,,,,,,,,
1965-01-20,4.18,,,,,,,,
1965-01-21,4.17,,,,,,,,
1965-01-22,4.17,,,,,,,,
1965-01-25,4.18,,,,,,,,
1965-01-26,4.19,,,,,,,,
1965-01-27,4.19,,,,,,,,
1965-01-28,4.19,,,,,,,,
1965-01-29,4.19,,,,,,,,
1965-02-01,4.2,,,,,,,,
1965-02-02,4.2,,,,,,,,
1965-02-03,4.2,,,,,,,,
1965-02-04,4.21,,,,,,,,
1965-02-05,4.22,,,,,,,,
1965-02-08,4.21,,,,,,,,
1965-02-09,4.21,,,,,,,,
1965-02-10,4.21,,,,,,,,
1965-02-11,4.21,,,,,,,,
1965-02-12,,,,,,,,,
1965-02-15,4.22,,,,,,,,
1965-02-16,4.21,,,,,,,,
1965-02-17,4.21,,,,,,,,
1965-02-18,4.21,,,,,,,,
1965-02-19,4.22,,,,,,,,
1965-02-22,,,,,,,,,
1965-02-23,4.21,,,,,,,,
1965-02-24,4.22,,,,,,,,
1965-02-25,4.21,,,,,,,,
1965-02-26,4.22,,,,,,,,
1965-03-01,4.22,,,,,,,,
1965-03-02,4.24,,,,,,,,
1965-03-03,4.23,,,,,,,,
1965-03-04,4.22,,,,,,,,
1965-03-05,4.23,,,,,,,,
1965-03-08,4.23,,,,,,,,
1965-03-09,4.23,,,,,,,,
1965-03-10,4.23,,,,,,,,
1965-03-11,4.22,,,,,,,,
1965-03-12,4.22,,,,,,,,
1965-03-15,4.21,,,,,,,,
1965-03-16,4.21,,,,,,,,
1965-03-17,4.2,,,,,,,,
1965-03-18,4.2,,,,,,,,
1965-03-19,4.2,,,,,,,,
1965-03-22,4.19,,,,,,,,
1965-03-23,4.19,,,,,,,,
1965-03-24,4.18,,,,,,,,
1965-03-25,4.19,,,,,,,,
1965-03-26,4.2,,,,,,,,
1965-03-29,4.2,,,,,,,,
1965-03-30,4.2,,,,,,,,
1965-03-31,4.2,,,,,,,,
1965-04-01,4.2,,,,,,,,
1965-04-02,4.2,,,,,,,,
1965-04-05,4.2,,,,,,,,
1965-04-06,4.2,,,,,,,,
1965-04-07,4.2,,,,,,,,
1965-04-08,4.19,,,,,,,,
1965-04-09,4.2,,,,,,,,
1965-04-12,4.2,,,,,,,,
1965-04-13,4.2,,,,,,,,
1965-04-14,4.19,,,,,,,,
1965-04-15,4.2,,,,,,,,
1965-04-16,,,,,,,,,
1965-04-19,4.21,,,,,,,,
1965-04-20,4.21,,,,,,,,
1965-04-21,4.21,,,,,,,,
1965-04-22,4.21,,,,,,,,
1965-04-23,4.21,,,,,,,,
1965-04-26,4.21,,,,,,,,
1965-04-27,4.21,,,,,,,,
1965-04-28,4.21,,,,,,,,
1965-04-29,4.21,,,,,,,,
1965-04-30,4.21,,,,,,,,
1965-05-03,4.21,,,,,,,,
1965-05-04,4.2,,,,,,,,
1965-05-05,4.2,,,,,,,,
1965-05-06,4.2,,,,,,,,
1965-05-07,4.2,,,,,,,,
1965-05-10,4.2,,,,,,,,
1965-05-11,4.2,,,,,,,,
1965-05-12,4.2,,,,,,,,
1965-05-13,4.21,,,,,,,,
1965-05-14,4.21,,,,,,,,
1965-05-17,4.21,,,,,,,,
1965-05-18,4.22,,,,,,,,
1965-05-19,4.22,,,,,,,,
1965-05-20,4.22,,,,,,,,
1965-05-21,4.22,,,,,,,,
1965-05-24,4.22,,,,,,,,
1965-05-25,4.22,,,,,,,,
1965-05-26,4.22,,,,,,,,
1965-05-27,4.22,,,,,,,,
1965-05-28,4.23,,,,,,,,
1965-05-31,,,,,,,,,
1965-06-01,4.23,,,,,,,,
1965-06-02,4.23,,,,,,,,
1965-06-03,4.23,,,,,,,,
1965-06-04,4.23,,,,,,,,
1965-06-07,4.23,,,,,,,,
1965-06-08,4.23,,,,,,,,
1965-06-09,4.23,,,,,,,,
1965-06-10,4.23,,,,,,,,
1965-06-11,4.23,,,,,,,,
1965-06-14,4.21,,,,,,,,
1965-06-15,4.21,,,,,,,,
1965-06-16,4.21,,,,,,,,
1965-06-17,4.21,,,,,,,,
1965-06-18,4.21,,,,,,,,
1965-06-21,4.2,,,,,,,,
1965-06-22,4.2,,,,,,,,
1965-06-23,4.2,,,,,,,,
1965-06-24,4.19,,,,,,,,
1965-06-25,4.19,,,,,,,,
1965-06-28,4.19,,,,,,,,
1965-06-29,4.2,,,,,,,,
1965-06-30,4.2,,,,,,,,
1965-07-01,4.2,,,,,,,,
1965-07-02,4.21,,,,,,,,
1965-07-05,,,,,,,,,
1965-07-06,4.21,,,,,,,,
1965-07-07,4.21,,,,,,,,
1965-07-08,4.2,,,,,,,,
1965-07-09,4.21,,,,,,,,
1965-07-12,4.21,,,,,,,,
1965-07-13,4.21,,,,,,,,
1965-07-14,4.21,,,,,,,,
1965-07-15,4.2,,,,,,,,
1965-07-16,4.2,,,,,,,,
1965-07-19,4.2,,,,,,,,
1965-07-20,4.2,,,,,,,,
1965-07-21,4.2,,,,,,,,
1965-07-22,4.2,,,,,,,,
1965-07-23,4.2,,,,,,,,
1965-07-26,4.2,,,,,,,,
1965-07-27,4.2,,,,,,,,
1965-07-28,4.2,,,,,,,,
1965-07-29,4.21,,,,,,,,
1965-07-30,4.22,,,,,,,,
1965-08-02,4.22,,,,,,,,
1965-08-03,4.22,,,,,,,,
1965-08-04,4.23,,,,,,,,
1965-08-05,4.23,,,,,,,,
1965-08-06,4.24,,,,,,,,
1965-08-09,4.24,,,,,,,,
1965-08-10,4.24,,,,,,,,
1965-08-11,4.25,,,,,,,,
1965-08-12,4.25,,,,,,,,
1965-08-13,4.25,,,,,,,,
1965-08-16,4.26,,,,,,,,
1965-08-17,4.27,,,,,,,,
1965-08-18,4.26,,,,,,,,
1965-08-19,4.26,,,,,,,,
1965-08-20,4.26,,,,,,,,
1965-08-23,4.26,,,,,,,,
1965-08-24,4.27,,,,,,,,
1965-08-25,4.26,,,,,,,,
1965-08-26,4.27,,,,,,,,
1965-08-27,4.27,,,,,,,,
1965-08-30,4.27,,,,,,,,
1965-08-31,4.27,,,,,,,,
1965-09-01,4.28,,,,,,,,
1965-09-02,4.28,,,,,,,,
1965-09-03,4.27,,,,,,,,
1965-09-06,,,,,,,,,
1965-09-07,4.27,,,,,,,,
1965-09-08,4.27,,,,,,,,
1965-09-09,4.27,,,,,,,,
1965-09-10,4.28,,,,,,,,
1965-09-13,4.28,,,,,,,,
1965-09-14,4.28,,,,,,,,
1965-09-15,4.28,,,,,,,,
1965-09-16,4.27,,,,,,,,
1965-09-17,4.27,,,,,,,,
1965-09-20,4.27,,,,,,,,
1965-09-21,4.28,,,,,,,,
1965-09-22,4.29,,,,,,,,
1965-09-23,4.3,,,,,,,,
1965-09-24,4.31,,,,,,,,
1965-09-27,4.31,,,,,,,,
1965-09-28,4.33,,,,,,,,
1965-09-29,4.36,,,,,,,,
1965-09-30,4.35,,,,,,,,
1965-10-01,4.36,,,,,,,,
1965-10-04,4.35,,,,,,,,
1965-10-05,4.33,,,,,,,,
1965-10-06,4.32,,,,,,,,
1965-10-07,4.31,,,,,,,,
1965-10-08,4.32,,,,,,,,
1965-10-11,4.31,,,,,,,,
1965-10-12,,,,,,,,,
1965-10-13,4.3,,,,,,,,
1965-10-14,4.31,,,,,,,,
1965-10-15,4.34,,,,,,,,
1965-10-18,4.34,,,,,,,,
1965-10-19,4.35,,,,,,,,
1965-10-20,4.36,,,,,,,,
1965-10-21,4.37,,,,,,,,
1965-10-22,4.36,,,,,,,,
1965-10-25,4.38,,,,,,,,
1965-10-26,4.38,,,,,,,,
1965-10-27,4.39,,,,,,,,
1965-10-28,4.4,,,,,,,,
1965-10-29,4.41,,,,,,,,
1965-11-01,4.43,,,,,,,,
1965-11-02,,,,,,,,,
1965-11-03,4.43,,,,,,,,
1965-11-04,4.43,,,,,,,,
1965-11-05,4.43,,,,,,,,
1965-11-08,4.45,,,,,,,,
1965-11-09,4.47,,,,,,,,
1965-11-10,4.46,,,,,,,,
1965-11-11,,,,,,,,,
1965-11-12,4.44,,,,,,,,
1965-11-15,4.45,,,,,,,,
1965-11-16,4.44,,,,,,,,
1965-11-17,4.45,,,,,,,,
1965-11-18,4.45,,,,,,,,
1965-11-19,4.46,,,,,,,,
1965-11-22,4.45,,,,,,,,
1965-11-23,4.45,,,,,,,,
1965-11-24,4.45,,,,,,,,
1965-11-25,,,,,,,,,
1965-11-26,4.45,,,,,,,,
1965-11-29,4.46,,,,,,,,
1965-11-30,4.48,,,,,,,,
1965-12-01,4.52,,,,,,,,
1965-12-02,4.52,,,,,,,,
1965-12-03,4.52,,,,,,,,
1965-12-06,4.61,,,,,,,,
1965-12-07,4.59,,,,,,,,
1965-12-08,4.6,,,,,,,,
1965-12-09,4.6,,,,,,,,
1965-12-10,4.6,,,,,,,,
1965-12-13,4.65,,,,,,,,
1965-12-14,4.67,,,,,,,,
1965-12-15,4.67,,,,,,,,
1965-12-16,4.66,,,,,,,,
1965-12-17,4.65,,,,,,,,
1965-12-20,4.61,,,,,,,,
1965-12-21,4.64,,,,,,,,
1965-12-22,4.65,,,,,,,,
1965-12-23,4.65,,,,,,,,
1965-12-24,,,,,,,,,
1965-12-27,4.62,,,,,,,,
1965-12-28,4.61,,,,,,,,
1965-12-29,4.62,,,,,,,,
1965-12-30,4.63,,,,,,,,
1965-12-31,4.65,,,,,,,,
1966-01-03,4.63,,,,,,,,
1966-01-04,4.65,,,,,,,,
1966-01-05,4.63,,,,,,,,
1966-01-06,4.6,,,,,,,,
1966-01-07,4.6,,,,,,,,
1966-01-10,4.61,,,,,,,,
1966-01-11,4.6,,,,,,,,
1966-01-12,4.56,,,,,,,,
1966-01-13,4.58,,,,,,,,
1966-01-14,4.59,,,,,,,,
1966-01-17,4.61,,,,,,,,
1966-01-18,4.61,,,,,,,,
1966-01-19,4.61,,,,,,,,
1966-01-20,4.6,,,,,,,,
1966-01-21,4.59,,,,,,,,
1966-01-24,4.6,,,,,,,,
1966-01-25,4.61,,,,,,,,
1966-01-26,4.61,,,,,,,,
1966-01-27,4.63,,,,,,,,
1966-01-28,4.65,,,,,,,,
1966-01-31,4.69,,,,,,,,
1966-02-01,4.69,,,,,,,,
1966-02-02,4.7,,,,,,,,
1966-02-03,4.7,,,,,,,,
1966-02-04,4.71,,,,,,,,
1966-02-07,4.73,,,,,,,,
1966-02-08,4.72,,,,,,,,
1966-02-09,4.74,,,,,,,,
1966-02-10,4.78,,,,,,,,
1966-02-11,4.86,,,,,,,,
1966-02-14,4.87,,,,,,,,
1966-02-15,4.88,,,,,,,,
1966-02-16,4.89,,,,,,,,
1966-02-17,4.88,,,,,,,,
1966-02-18,4.9,,,,,,,,
1966-02-21,4.92,,,,,,,,
1966-02-22,,,,,,,,,
1966-02-23,4.92,,,,,,,,
1966-02-24,4.93,,,,,,,,
1966-02-25,4.97,,,,,,,,
1966-02-28,5.02,,,,,,,,
1966-03-01,5.01,,,,,,,,
1966-03-02,5.0,,,,,,,,
1966-03-03,5.0,,,,,,,,
1966-03-04,4.98,,,,,,,,
1966-03-07,4.96,,,,,,,,
1966-03-08,4.93,,,,,,,,
1966-03-09,4.93,,,,,,,,
1966-03-10,4.95,,,,,,,,
1966-03-11,4.96,,,,,,,,
1966-03-14,4.94,,,,,,,,
1966-03-15,4.91,,,,,,,,
1966-03-16,4.9,,,,,,,,
1966-03-17,4.86,,,,,,,,
1966-03-18,4.84,,,,,,,,
1966-03-21,4.81,,,,,,,,
1966-03-22,4.78,,,,,,,,
1966-03-23,4.73,,,,,,,,
1966-03-24,4.76,,,,,,,,
1966-03-25,4.82,,,,,,,,
1966-03-28,4.81,,,,,,,,
1966-03-29,4.8,,,,,,,,
1966-03-30,4.7,,,,,,,,
1966-03-31,4.71,,,,,,,,
1966-04-01,4.7,,,,,,,,
1966-04-04,4.69,,,,,,,,
1966-04-05,4.66,,,,,,,,
1966-04-06,4.71,,,,,,,,
1966-04-07,4.73,,,,,,,,
1966-04-08,,,,,,,,,
1966-04-11,4.73,,,,,,,,
1966-04-12,4.73,,,,,,,,
1966-04-13,4.74,,,,,,,,
1966-04-14,4.76,,,,,,,,
1966-04-15,4.77,,,,,,,,
1966-04-18,4.76,,,,,,,,
1966-04-19,4.76,,,,,,,,
1966-04-20,4.8,,,,,,,,
1966-04-21,4.77,,,,,,,,
1966-04-22,4.77,,,,,,,,
1966-04-25,4.78,,,,,,,,
1966-04-26,4.79,,,,,,,,
1966-04-27,4.78,,,,,,,,
1966-04-28,4.78,,,,,,,,
1966-04-29,4.79,,,,,,,,
1966-05-02,4.8,,,,,,,,
1966-05-03,4.81,,,,,,,,
1966-05-04,4.81,,,,,,,,
1966-05-05,4.81,,,,,,,,
1966-05-06,4.79,,,,,,,,
1966-05-09,4.75,,,,,,,,
1966-05-10,4.75,,,,,,,,
1966-05-11,4.77,,,,,,,,
1966-05-12,4.77,,,,,,,,
1966-05-13,4.77,,,,,,,,
1966-05-16,4.77,,,,,,,,
1966-05-17,4.75,,,,,,,,
1966-05-18,4.75,,,,,,,,
1966-05-19,4.75,,,,,,,,
1966-05-20,4.75,,,,,,,,
1966-05-23,4.77,,,,,,,,
1966-05-24,4.79,,,,,,,,
1966-05-25,4.78,,,,,,,,
1966-05-26,4.8,,,,,,,,
1966-05-27,4.81,,,,,,,,
1966-05-30,,,,,,,,,
1966-05-31,4.8,,,,,,,,
1966-06-01,4.79,,,,,,,,
1966-06-02,4.77,,,,,,,,
1966-06-03,4.78,,,,,,,,
1966-06-06,4.79,,,,,,,,
1966-06-07,4.81,,,,,,,,
1966-06-08,4.83,,,,,,,,
1966-06-09,4.83,,,,,,,,
1966-06-10,4.83,,,,,,,,
1966-06-13,4.83,,,,,,,,
1966-06-14,4.83,,,,,,,,
1966-06-15,4.79,,,,,,,,
1966-06-16,4.81,,,,,,,,
1966-06-17,4.8,,,,,,,,
1966-06-20,4.76,,,,,,,,
1966-06-21,4.75,,,,,,,,
1966-06-22,4.76,,,,,,,,
1966-06-23,4.77,,,,,,,,
1966-06-24,4.8,,,,,,,,
1966-06-27,4.83,,,,,,,,
1966-06-28,4.89,,,,,,,,
1966-06-29,4.9,,,,,,,,
1966-06-30,4.97,,,,,,,,
1966-07-01,4.99,,,,,,,,
1966-07-04,,,,,,,,,
1966-07-05,4.96,,,,,,,,
1966-07-06,4.95,,,,,,,,
1966-07-07,4.95,,,,,,,,
1966-07-08,4.97,,,,,,,,
1966-07-11,5.03,,,,,,,,
1966-07-12,5.05,,,,,,,,
1966-07-13,5.07,,,,,,,,
1966-07-14,5.1,,,,,,,,
1966-07-15,5.09,,,,,,,,
1966-07-18,5.04,,,,,,,,
1966-07-19,5.03,,,,,,,,
1966-07-20,5.02,,,,,,,,
1966-07-21,5.04,,,,,,,,
1966-07-22,5.02,,,,,,,,
1966-07-25,4.99,,,,,,,,
1966-07-26,4.99,,,,,,,,
1966-07-27,4.99,,,,,,,,
1966-07-28,5.03,,,,,,,,
1966-07-29,5.05,,,,,,,,
1966-08-01,5.05,,,,,,,,
1966-08-02,5.04,,,,,,,,
1966-08-03,5.06,,,,,,,,
1966-08-04,5.07,,,,,,,,
1966-08-05,5.07,,,,,,,,
1966-08-08,5.08,,,,,,,,
1966-08-09,5.1,,,,,,,,
1966-08-10,5.1,,,,,,,,
1966-08-11,5.11,,,,,,,,
1966-08-12,5.11,,,,,,,,
1966-08-15,5.15,,,,,,,,
1966-08-16,5.18,,,,,,,,
1966-08-17,5.24,,,,,,,,
1966-08-18,5.29,,,,,,,,
1966-08-19,5.31,,,,,,,,
1966-08-22,5.29,,,,,,,,
1966-08-23,5.33,,,,,,,,
1966-08-24,5.36,,,,,,,,
1966-08-25,5.39,,,,,,,,
1966-08-26,5.48,,,,,,,,
1966-08-29,5.51,,,,,,,,
1966-08-30,5.48,,,,,,,,
1966-08-31,5.36,,,,,,,,
1966-09-01,5.3,,,,,,,,
1966-09-02,5.23,,,,,,,,
1966-09-05,,,,,,,,,
1966-09-06,5.19,,,,,,,,
1966-09-07,5.2,,,,,,,,
1966-09-08,5.18,,,,,,,,
1966-09-09,5.17,,,,,,,,
1966-09-12,5.18,,,,,,,,
1966-09-13,5.16,,,,,,,,
1966-09-14,5.21,,,,,,,,
1966-09-15,5.25,,,,,,,,
1966-09-16,5.24,,,,,,,,
1966-09-19,5.32,,,,,,,,
1966-09-20,5.27,,,,,,,,
1966-09-21,5.21,,,,,,,,
1966-09-22,5.15,,,,,,,,
1966-09-23,5.17,,,,,,,,
1966-09-26,5.17,,,,,,,,
1966-09-27,5.13,,,,,,,,
1966-09-28,5.09,,,,,,,,
1966-09-29,4.99,,,,,,,,
1966-09-30,5.02,,,,,,,,
1966-10-03,5.08,,,,,,,,
1966-10-04,5.06,,,,,,,,
1966-10-05,5.05,,,,,,,,
1966-10-06,5.03,,,,,,,,
1966-10-07,5.02,,,,,,,,
1966-10-10,5.05,,,,,,,,
1966-10-11,5.05,,,,,,,,
1966-10-12,,,,,,,,,
1966-10-13,5.07,,,,,,,,
1966-10-14,5.06,,,,,,,,
1966-10-17,5.04,,,,,,,,
1966-10-18,4.99,,,,,,,,
1966-10-19,5.0,,,,,,,,
1966-10-20,5.02,,,,,,,,
1966-10-21,4.94,,,,,,,,
1966-10-24,4.94,,,,,,,,
1966-10-25,4.94,,,,,,,,
1966-10-26,4.96,,,,,,,,
1966-10-27,4.99,,,,,,,,
1966-10-28,4.97,,,,,,,,
1966-10-31,4.97,,,,,,,,
1966-11-01,4.99,,,,,,,,
1966-11-02,5.04,,,,,,,,
1966-11-03,5.06,,,,,,,,
1966-11-04,5.11,,,,,,,,
1966-11-07,5.11,,,,,,,,
1966-11-08,,,,,,,,,
1966-11-09,5.12,,,,,,,,
1966-11-10,5.17,,,,,,,,
1966-11-11,,,,,,,,,
1966-11-14,5.19,,,,,,,,
1966-11-15,5.21,,,,,,,,
1966-11-16,5.22,,,,,,,,
1966-11-17,5.23,,,,,,,,
1966-11-18,5.22,,,,,,,,
1966-11-21,5.17,,,,,,,,
1966-11-22,5.2,,,,,,,,
1966-11-23,5.22,,,,,,,,
1966-11-24,,,,,,,,,
1966-11-25,5.23,,,,,,,,
1966-11-28,5.19,,,,,,,,
1966-11-29,5.15,,,,,,,,
1966-11-30,5.12,,,,,,,,
1966-12-01,5.09,,,,,,,,
1966-12-02,5.03,,,,,,,,
1966-12-05,5.06,,,,,,,,
1966-12-06,5.07,,,,,,,,
1966-12-07,5.07,,,,,,,,
1966-12-08,5.1,,,,,,,,
1966-12-09,5.05,,,,,,,,
1966-12-12,4.93,,,,,,,,
1966-12-13,4.86,,,,,,,,
1966-12-14,4.83,,,,,,,,
1966-12-15,4.76,,,,,,,,
1966-12-16,4.78,,,,,,,,
1966-12-19,4.72,,,,,,,,
1966-12-20,4.69,,,,,,,,
1966-12-21,4.66,,,,,,,,
1966-12-22,4.68,,,,,,,,
1966-12-23,4.67,,,,,,,,
1966-12-26,,,,,,,,,
1966-12-27,4.71,,,,,,,,
1966-12-28,4.64,,,,,,,,
1966-12-29,4.66,,,,,,,,
1966-12-30,4.64,,,,,,,,
1967-01-02,,,,,,,,,
1967-01-03,4.69,,,,,,,,
1967-01-04,4.65,,,,,,,,
1967-01-05,4.63,,,,,,,,
1967-01-06,4.64,,,,,,,,
1967-01-09,4.71,,,,,,,,
1967-01-10,4.69,,,,,,,,
1967-01-11,4.54,,,,,,,,
1967-01-12,4.55,,,,,,,,
1967-01-13,4.51,,,,,,,,
1967-01-16,4.49,,,,,,,,
1967-01-17,4.51,,,,,,,,
1967-01-18,4.53,,,,,,,,
1967-01-19,4.58,,,,,,,,
1967-01-20,4.6,,,,,,,,
1967-01-23,4.6,,,,,,,,
1967-01-24,4.65,,,,,,,,
1967-01-25,4.62,,,,,,,,
1967-01-26,4.5,,,,,,,,
1967-01-27,4.47,,,,,,,,
1967-01-30,4.48,,,,,,,,
1967-01-31,4.52,,,,,,,,
1967-02-01,4.52,,,,,,,,
1967-02-02,4.51,,,,,,,,
1967-02-03,4.52,,,,,,,,
1967-02-06,4.53,,,,,,,,
1967-02-07,4.54,,,,,,,,
1967-02-08,4.54,,,,,,,,
1967-02-09,4.53,,,,,,,,
1967-02-10,4.59,,,,,,,,
1967-02-13,,,,,,,,,
1967-02-14,4.64,,,,,,,,
1967-02-15,4.69,,,,,,,,
1967-02-16,4.67,,,,,,,,
1967-02-17,4.68,,,,,,,,
1967-02-20,4.7,,,,,,,,
1967-02-21,4.71,,,,,,,,
1967-02-22,,,,,,,,,
1967-02-23,4.74,,,,,,,,
1967-02-24,4.73,,,,,,,,
1967-02-27,4.72,,,,,,,,
1967-02-28,4.72,,,,,,,,
1967-03-01,4.66,,,,,,,,
1967-03-02,4.63,,,,,,,,
1967-03-03,4.62,,,,,,,,
1967-03-06,4.61,,,,,,,,
1967-03-07,4.6,,,,,,,,
1967-03-08,4.61,,,,,,,,
1967-03-09,4.57,,,,,,,,
1967-03-10,4.58,,,,,,,,
1967-03-13,4.56,,,,,,,,
1967-03-14,4.53,,,,,,,,
1967-03-15,4.49,,,,,,,,
1967-03-16,4.45,,,,,,,,
1967-03-17,4.47,,,,,,,,
1967-03-20,4.45,,,,,,,,
1967-03-21,4.51,,,,,,,,
1967-03-22,4.52,,,,,,,,
1967-03-23,4.5,,,,,,,,
1967-03-24,,,,,,,,,
1967-03-27,4.52,,,,,,,,
1967-03-28,4.52,,,,,,,,
1967-03-29,4.52,,,,,,,,
1967-03-30,4.5,,,,,,,,
1967-03-31,4.5,,,,,,,,
1967-04-03,4.5,,,,,,,,
1967-04-04,4.49,,,,,,,,
1967-04-05,4.5,,,,,,,,
1967-04-06,4.49,,,,,,,,
1967-04-07,4.48,,,,,,,,
1967-04-10,4.5,,,,,,,,
1967-04-11,4.51,,,,,,,,
1967-04-12,4.51,,,,,,,,
1967-04-13,4.54,,,,,,,,
1967-04-14,4.56,,,,,,,,
1967-04-17,4.61,,,,,,,,
1967-04-18,4.63,,,,,,,,
1967-04-19,4.63,,,,,,,,
1967-04-20,4.63,,,,,,,,
1967-04-21,4.66,,,,,,,,
1967-04-24,4.68,,,,,,,,
1967-04-25,4.71,,,,,,,,
1967-04-26,4.73,,,,,,,,
1967-04-27,4.73,,,,,,,,
1967-04-28,4.78,,,,,,,,
1967-05-01,4.77,,,,,,,,
1967-05-02,4.75,,,,,,,,
1967-05-03,4.75,,,,,,,,
1967-05-04,4.76,,,,,,,,
1967-05-05,4.77,,,,,,,,
1967-05-08,4.83,,,,,,,,
1967-05-09,4.87,,,,,,,,
1967-05-10,4.87,,,,,,,,
1967-05-11,4.84,,,,,,,,
1967-05-12,4.82,,,,,,,,
1967-05-15,4.86,,,,,,,,
1967-05-16,4.87,,,,,,,,
1967-05-17,4.88,,,,,,,,
1967-05-18,4.88,,,,,,,,
1967-05-19,4.89,,,,,,,,
1967-05-22,4.94,,,,,,,,
1967-05-23,4.94,,,,,,,,
1967-05-24,4.93,,,,,,,,
1967-05-25,4.92,,,,,,,,
1967-05-26,4.86,,,,,,,,
1967-05-29,4.84,,,,,,,,
1967-05-30,,,,,,,,,
1967-05-31,4.81,,,,,,,,
1967-06-01,4.81,,,,,,,,
1967-06-02,4.82,,,,,,,,
1967-06-05,4.85,,,,,,,,
1967-06-06,4.84,,,,,,,,
1967-06-07,4.84,,,,,,,,
1967-06-08,4.86,,,,,,,,
1967-06-09,4.89,,,,,,,,
1967-06-12,4.94,,,,,,,,
1967-06-13,4.95,,,,,,,,
1967-06-14,5.02,,,,,,,,
1967-06-15,5.02,,,,,,,,
1967-06-16,5.07,,,,,,,,
1967-06-19,5.07,,,,,,,,
1967-06-20,5.14,,,,,,,,
1967-06-21,5.14,,,,,,,,
1967-06-22,5.13,,,,,,,,
1967-06-23,5.14,,,,,,,,
1967-06-26,5.16,,,,,,,,
1967-06-27,5.21,,,,,,,,
1967-06-28,5.18,,,,,,,,
1967-06-29,5.2,,,,,,,,
1967-06-30,5.22,,,,,,,,
1967-07-03,5.22,,,,,,,,
1967-07-04,,,,,,,,,
1967-07-05,5.17,,,,,,,,
1967-07-06,5.11,,,,,,,,
1967-07-07,5.15,,,,,,,,
1967-07-10,5.16,,,,,,,,
1967-07-11,5.09,,,,,,,,
1967-07-12,5.06,,,,,,,,
1967-07-13,5.08,,,,,,,,
1967-07-14,5.08,,,,,,,,
1967-07-17,5.09,,,,,,,,
1967-07-18,5.16,,,,,,,,
1967-07-19,5.18,,,,,,,,
1967-07-20,5.2,,,,,,,,
1967-07-21,5.2,,,,,,,,
1967-07-24,5.23,,,,,,,,
1967-07-25,5.23,,,,,,,,
1967-07-26,5.23,,,,,,,,
1967-07-27,5.2,,,,,,,,
1967-07-28,5.18,,,,,,,,
1967-07-31,5.16,,,,,,,,
1967-08-01,5.18,,,,,,,,
1967-08-02,5.21,,,,,,,,
1967-08-03,5.2,,,,,,,,
1967-08-04,5.26,,,,,,,,
1967-08-07,5.3,,,,,,,,
1967-08-08,5.28,,,,,,,,
1967-08-09,5.27,,,,,,,,
1967-08-10,5.28,,,,,,,,
1967-08-11,5.29,,,,,,,,
1967-08-14,5.29,,,,,,,,
1967-08-15,5.29,,,,,,,,
1967-08-16,5.28,,,,,,,,
1967-08-17,5.28,,,,,,,,
1967-08-18,5.28,,,,,,,,
1967-08-21,5.3,,,,,,,,
1967-08-22,5.3,,,,,,,,
1967-08-23,5.31,,,,,,,,
1967-08-24,5.31,,,,,,,,
1967-08-25,5.32,,,,,,,,
1967-08-28,5.29,,,,,,,,
1967-08-29,5.27,,,,,,,,
1967-08-30,5.28,,,,,,,,
1967-08-31,5.27,,,,,,,,
1967-09-01,5.25,,,,,,,,
1967-09-04,,,,,,,,,
1967-09-05,5.22,,,,,,,,
1967-09-06,5.2,,,,,,,,
1967-09-07,5.2,,,,,,,,
1967-09-08,5.26,,,,,,,,
1967-09-11,5.28,,,,,,,,
1967-09-12,5.29,,,,,,,,
1967-09-13,5.27,,,,,,,,
1967-09-14,5.28,,,,,,,,
1967-09-15,5.29,,,,,,,,
1967-09-18,5.3,,,,,,,,
1967-09-19,5.35,,,,,,,,
1967-09-20,5.34,,,,,,,,
1967-09-21,5.36,,,,,,,,
1967-09-22,5.36,,,,,,,,
1967-09-25,5.38,,,,,,,,
1967-09-26,5.37,,,,,,,,
1967-09-27,5.37,,,,,,,,
1967-09-28,5.36,,,,,,,,
1967-09-29,5.31,,,,,,,,
1967-10-02,5.35,,,,,,,,
1967-10-03,5.35,,,,,,,,
1967-10-04,5.37,,,,,,,,
1967-10-05,5.37,,,,,,,,
1967-10-06,5.37,,,,,,,,
1967-10-09,5.39,,,,,,,,
1967-10-10,5.42,,,,,,,,
1967-10-11,5.42,,,,,,,,
1967-10-12,,,,,,,,,
1967-10-13,5.45,,,,,,,,
1967-10-16,5.47,,,,,,,,
1967-10-17,5.49,,,,,,,,
1967-10-18,5.52,,,,,,,,
1967-10-19,5.53,,,,,,,,
1967-10-20,5.52,,,,,,,,
1967-10-23,5.56,,,,,,,,
1967-10-24,5.56,,,,,,,,
1967-10-25,5.57,,,,,,,,
1967-10-26,5.58,,,,,,,,
1967-10-27,5.57,,,,,,,,
1967-10-30,5.6,,,,,,,,
1967-10-31,5.64,,,,,,,,
1967-11-01,5.7,,,,,,,,
1967-11-02,5.71,,,,,,,,
1967-11-03,5.75,,,,,,,,
1967-11-06,5.77,,,,,,,,
1967-11-07,,,,,,,,,
1967-11-08,5.74,,,,,,,,
1967-11-09,5.78,,,,,,,,
1967-11-10,5.83,,,,,,,,
1967-11-13,5.87,,,,,,,,
1967-11-14,5.81,,,,,,,,
1967-11-15,5.78,,,,,,,,
1967-11-16,5.72,,,,,,,,
1967-11-17,5.75,,,,,,,,
1967-11-20,5.85,,,,,,,,
1967-11-21,5.71,,,,,,,,
1967-11-22,5.7,,,,,,,,
1967-11-23,,,,,,,,,
1967-11-24,5.78,,,,,,,,
1967-11-27,5.76,,,,,,,,
1967-11-28,5.65,,,,,,,,
1967-11-29,5.67,,,,,,,,
1967-11-30,5.74,,,,,,,,
1967-12-01,5.78,,,,,,,,
1967-12-04,5.76,,,,,,,,
1967-12-05,5.74,,,,,,,,
1967-12-06,5.69,,,,,,,,
1967-12-07,5.71,,,,,,,,
1967-12-08,5.72,,,,,,,,
1967-12-11,5.74,,,,,,,,
1967-12-12,5.75,,,,,,,,
1967-12-13,5.71,,,,,,,,
1967-12-14,5.7,,,,,,,,
1967-12-15,5.71,,,,,,,,
1967-12-18,5.68,,,,,,,,
1967-12-19,5.66,,,,,,,,
1967-12-20,5.62,,,,,,,,
1967-12-21,5.64,,,,,,,,
1967-12-22,5.69,,,,,,,,
1967-12-25,,,,,,,,,
1967-12-26,5.64,,,,,,,,
1967-12-27,5.64,,,,,,,,
1967-12-28,5.7,,,,,,,,
1967-12-29,5.7,,,,,,,,
1968-01-01,,,,,,,,,
1968-01-02,5.63,,,,,,,,
1968-01-03,5.63,,,,,,,,
1968-01-04,5.51,,,,,,,,
1968-01-05,5.48,,,,,,,,
1968-01-08,5.5,,,,,,,,
1968-01-09,5.52,,,,,,,,
1968-01-10,5.46,,,,,,,,
1968-01-11,5.46,,,,,,,,
1968-01-12,5.43,,,,,,,,
1968-01-15,5.49,,,,,,,,
1968-01-16,5.52,,,,,,,,
1968-01-17,5.48,,,,,,,,
1968-01-18,5.55,,,,,,,,
1968-01-19,5.59,,,,,,,,
1968-01-22,5.61,,,,,,,,
1968-01-23,5.56,,,,,,,,
1968-01-24,5.56,,,,,,,,
1968-01-25,5.52,,,,,,,,
1968-01-26,5.53,,,,,,,,
1968-01-29,5.53,,,,,,,,
1968-01-30,5.53,,,,,,,,
1968-01-31,5.54,,,,,,,,
1968-02-01,5.58,,,,,,,,
1968-02-02,5.58,,,,,,,,
1968-02-05,5.6,,,,,,,,
1968-02-06,5.61,,,,,,,,
1968-02-07,5.59,,,,,,,,
1968-02-08,5.6,,,,,,,,
1968-02-09,5.59,,,,,,,,
1968-02-12,,,,,,,,,
1968-02-13,5.55,,,,,,,,
1968-02-14,5.54,,,,,,,,
1968-02-15,5.51,,,,,,,,
1968-02-16,5.5,,,,,,,,
1968-02-19,5.53,,,,,,,,
1968-02-20,5.54,,,,,,,,
1968-02-21,5.54,,,,,,,,
1968-02-22,,,,,,,,,
1968-02-23,5.56,,,,,,,,
1968-02-26,5.58,,,,,,,,
1968-02-27,5.58,,,,,,,,
1968-02-28,5.57,,,,,,,,
1968-02-29,5.56,,,,,,,,
1968-03-01,5.56,,,,,,,,
1968-03-04,5.57,,,,,,,,
1968-03-05,5.59,,,,,,,,
1968-03-06,5.61,,,,,,,,
1968-03-07,5.67,,,,,,,,
1968-03-08,5.75,,,,,,,,
1968-03-11,5.75,,,,,,,,
1968-03-12,5.79,,,,,,,,
1968-03-13,5.86,,,,,,,,
1968-03-14,5.95,,,,,,,,
1968-03-15,5.84,,,,,,,,
1968-03-18,5.76,,,,,,,,
1968-03-19,5.77,,,,,,,,
1968-03-20,5.73,,,,,,,,
1968-03-21,5.76,,,,,,,,
1968-03-22,5.74,,,,,,,,
1968-03-25,5.74,,,,,,,,
1968-03-26,5.78,,,,,,,,
1968-03-27,5.78,,,,,,,,
1968-03-28,5.78,,,,,,,,
1968-03-29,5.76,,,,,,,,
1968-04-01,5.64,,,,,,,,
1968-04-02,5.62,,,,,,,,
1968-04-03,5.49,,,,,,,,
1968-04-04,5.52,,,,,,,,
1968-04-05,5.52,,,,,,,,
1968-04-08,5.54,,,,,,,,
1968-04-09,,,,,,,,,
1968-04-10,5.53,,,,,,,,
1968-04-11,5.54,,,,,,,,
1968-04-12,,,,,,,,,
1968-04-15,5.6,,,,,,,,
1968-04-16,5.62,,,,,,,,
1968-04-17,5.62,,,,,,,,
1968-04-18,5.64,,,,,,,,
1968-04-19,5.76,,,,,,,,
1968-04-22,5.78,,,,,,,,
1968-04-23,5.73,,,,,,,,
1968-04-24,5.72,,,,,,,,
1968-04-25,5.72,,,,,,,,
1968-04-26,5.71,,,,,,,,
1968-04-29,5.73,,,,,,,,
1968-04-30,5.74,,,,,,,,
1968-05-01,5.73,,,,,,,,
1968-05-02,5.76,,,,,,,,
1968-05-03,5.8,,,,,,,,
1968-05-06,5.78,,,,,,,,
1968-05-07,5.79,,,,,,,,
1968-05-08,5.8,,,,,,,,
1968-05-09,5.79,,,,,,,,
1968-05-10,5.79,,,,,,,,
1968-05-13,5.79,,,,,,,,
1968-05-14,5.82,,,,,,,,
1968-05-15,5.85,,,,,,,,
1968-05-16,5.9,,,,,,,,
1968-05-17,5.92,,,,,,,,
1968-05-20,5.96,,,,,,,,
1968-05-21,6.02,,,,,,,,
1968-05-22,6.02,,,,,,,,
1968-05-23,5.98,,,,,,,,
1968-05-24,5.96,,,,,,,,
1968-05-27,5.92,,,,,,,,
1968-05-28,5.94,,,,,,,,
1968-05-29,5.95,,,,,,,,
1968-05-30,,,,,,,,,
1968-05-31,5.86,,,,,,,,
1968-06-03,5.79,,,,,,,,
1968-06-04,5.78,,,,,,,,
1968-06-05,5.81,,,,,,,,
1968-06-06,5.83,,,,,,,,
1968-06-07,5.82,,,,,,,,
1968-06-10,5.8,,,,,,,,
1968-06-11,5.79,,,,,,,,
1968-06-12,5.77,,,,,,,,
1968-06-13,5.76,,,,,,,,
1968-06-14,5.72,,,,,,,,
1968-06-17,5.71,,,,,,,,
1968-06-18,5.71,,,,,,,,
1968-06-19,5.67,,,,,,,,
1968-06-20,5.62,,,,,,,,
1968-06-21,5.6,,,,,,,,
1968-06-24,5.61,,,,,,,,
1968-06-25,5.64,,,,,,,,
1968-06-26,5.64,,,,,,,,
1968-06-27,5.65,,,,,,,,
1968-06-28,5.64,,,,,,,,
1968-07-01,5.62,,,,,,,,
1968-07-02,5.58,,,,,,,,
1968-07-03,5.57,,,,,,,,
1968-07-04,,,,,,,,,
1968-07-05,5.56,,,,,,,,
1968-07-08,5.53,,,,,,,,
1968-07-09,5.51,,,,,,,,
1968-07-10,5.52,,,,,,,,
1968-07-11,5.52,,,,,,,,
1968-07-12,5.53,,,,,,,,
1968-07-15,5.56,,,,,,,,
1968-07-16,5.57,,,,,,,,
1968-07-17,5.55,,,,,,,,
1968-07-18,5.56,,,,,,,,
1968-07-19,5.53,,,,,,,,
1968-07-22,5.45,,,,,,,,
1968-07-23,5.38,,,,,,,,
1968-07-24,5.39,,,,,,,,
1968-07-25,5.37,,,,,,,,
1968-07-26,5.39,,,,,,,,
1968-07-29,5.41,,,,,,,,
1968-07-30,5.41,,,,,,,,
1968-07-31,5.39,,,,,,,,
1968-08-01,5.38,,,,,,,,
1968-08-02,5.34,,,,,,,,
1968-08-05,5.37,,,,,,,,
1968-08-06,5.38,,,,,,,,
1968-08-07,5.36,,,,,,,,
1968-08-08,5.37,,,,,,,,
1968-08-09,5.39,,,,,,,,
1968-08-12,5.42,,,,,,,,
1968-08-13,5.43,,,,,,,,
1968-08-14,5.43,,,,,,,,
1968-08-15,5.45,,,,,,,,
1968-08-16,5.42,,,,,,,,
1968-08-19,5.43,,,,,,,,
1968-08-20,5.43,,,,,,,,
1968-08-21,5.46,,,,,,,,
1968-08-22,5.5,,,,,,,,
1968-08-23,5.47,,,,,,,,
1968-08-26,5.46,,,,,,,,
1968-08-27,5.46,,,,,,,,
1968-08-28,5.45,,,,,,,,
1968-08-29,5.43,,,,,,,,
1968-08-30,5.42,,,,,,,,
1968-09-02,,,,,,,,,
1968-09-03,5.41,,,,,,,,
1968-09-04,5.43,,,,,,,,
1968-09-05,5.46,,,,,,,,
1968-09-06,5.48,,,,,,,,
1968-09-09,5.49,,,,,,,,
1968-09-10,5.51,,,,,,,,
1968-09-11,5.5,,,,,,,,
1968-09-12,5.49,,,,,,,,
1968-09-13,5.48,,,,,,,,
1968-09-16,5.46,,,,,,,,
1968-09-17,5.46,,,,,,,,
1968-09-18,5.42,,,,,,,,
1968-09-19,5.43,,,,,,,,
1968-09-20,5.45,,,,,,,,
1968-09-23,5.45,,,,,,,,
1968-09-24,5.44,,,,,,,,
1968-09-25,5.44,,,,,,,,
1968-09-26,5.45,,,,,,,,
1968-09-27,5.46,,,,,,,,
1968-09-30,5.49,,,,,,,,
1968-10-01,5.49,,,,,,,,
1968-10-02,5.49,,,,,,,,
1968-10-03,5.5,,,,,,,,
1968-10-04,5.52,,,,,,,,
1968-10-07,5.55,,,,,,,,
1968-10-08,5.57,,,,,,,,
1968-10-09,5.6,,,,,,,,
1968-10-10,5.61,,,,,,,,
1968-10-11,5.61,,,,,,,,
1968-10-14,5.62,,,,,,,,
1968-10-15,5.65,,,,,,,,
1968-10-16,5.62,,,,,,,,
1968-10-17,5.58,,,,,,,,
1968-10-18,5.57,,,,,,,,
1968-10-21,5.58,,,,,,,,
1968-10-22,5.58,,,,,,,,
1968-10-23,5.58,,,,,,,,
1968-10-24,5.61,,,,,,,,
1968-10-25,5.6,,,,,,,,
1968-10-28,5.61,,,,,,,,
1968-10-29,5.62,,,,,,,,
1968-10-30,5.63,,,,,,,,
1968-10-31,5.61,,,,,,,,
1968-11-01,5.61,,,,,,,,
1968-11-04,5.63,,,,,,,,
1968-11-05,,,,,,,,,
1968-11-06,5.62,,,,,,,,
1968-11-07,5.63,,,,,,,,
1968-11-08,5.65,,,,,,,,
1968-11-11,,,,,,,,,
1968-11-12,5.68,,,,,,,,
1968-11-13,5.66,,,,,,,,
1968-11-14,5.66,,,,,,,,
1968-11-15,5.68,,,,,,,,
1968-11-18,5.71,,,,,,,,
1968-11-19,5.74,,,,,,,,
1968-11-20,5.74,,,,,,,,
1968-11-21,5.73,,,,,,,,
1968-11-22,5.74,,,,,,,,
1968-11-25,5.75,,,,,,,,
1968-11-26,5.76,,,,,,,,
1968-11-27,5.76,,,,,,,,
1968-11-28,,,,,,,,,
1968-11-29,5.78,,,,,,,,
1968-12-02,5.89,,,,,,,,
1968-12-03,5.96,,,,,,,,
1968-12-04,5.95,,,,,,,,
1968-12-05,5.93,,,,,,,,
1968-12-06,5.91,,,,,,,,
1968-12-09,5.92,,,,,,,,
1968-12-10,5.93,,,,,,,,
1968-12-11,5.93,,,,,,,,
1968-12-12,5.94,,,,,,,,
1968-12-13,5.93,,,,,,,,
1968-12-16,5.96,,,,,,,,
1968-12-17,5.97,,,,,,,,
1968-12-18,6.0,,,,,,,,
1968-12-19,6.07,,,,,,,,
1968-12-20,6.14,,,,,,,,
1968-12-23,6.23,,,,,,,,
1968-12-24,6.27,,,,,,,,
1968-12-25,,,,,,,,,
1968-12-26,6.17,,,,,,,,
1968-12-27,6.2,,,,,,,,
1968-12-30,6.21,,,,,,,,
1968-12-31,6.16,,,,,,,,
1969-01-01,,,,,,,,,
1969-01-02,6.04,,,,,,,,
1969-01-03,6.01,,,,,,,,
1969-01-06,6.04,,,,,,,,
1969-01-07,6.14,,,,,,,,
1969-01-08,6.09,,,,,,,,
1969-01-09,6.04,,,,,,,,
1969-01-10,6.03,,,,,,,,
1969-01-13,6.04,,,,,,,,
1969-01-14,6.04,,,,,,,,
1969-01-15,6.02,,,,,,,,
1969-01-16,5.98,,,,,,,,
1969-01-17,5.97,,,,,,,,
1969-01-20,5.95,,,,,,,,
1969-01-21,5.97,,,,,,,,
1969-01-22,6.03,,,,,,,,
1969-01-23,6.02,,,,,,,,
1969-01-24,6.01,,,,,,,,
1969-01-27,6.03,,,,,,,,
1969-01-28,6.05,,,,,,,,
1969-01-29,6.09,,,,,,,,
1969-01-30,6.14,,,,,,,,
1969-01-31,6.19,,,,,,,,
1969-02-03,6.22,,,,,,,,
1969-02-04,6.2,,,,,,,,
1969-02-05,6.19,,,,,,,,
1969-02-06,6.2,,,,,,,,
1969-02-07,6.14,,,,,,,,
1969-02-10,6.14,,,,,,,,
1969-02-11,6.1,,,,,,,,
1969-02-12,,,,,,,,,
1969-02-13,6.09,,,,,,,,
1969-02-14,6.11,,,,,,,,
1969-02-17,6.14,,,,,,,,
1969-02-18,6.16,,,,,,,,
1969-02-19,6.2,,,,,,,,
1969-02-20,6.23,,,,,,,,
1969-02-21,6.24,,,,,,,,
1969-02-24,6.22,,,,,,,,
1969-02-25,6.24,,,,,,,,
1969-02-26,6.24,,,,,,,,
1969-02-27,6.27,,,,,,,,
1969-02-28,6.26,,,,,,,,
1969-03-03,6.25,,,,,,,,
1969-03-04,6.24,,,,,,,,
1969-03-05,6.24,,,,,,,,
1969-03-06,6.26,,,,,,,,
1969-03-07,6.27,,,,,,,,
1969-03-10,6.27,,,,,,,,
1969-03-11,6.3,,,,,,,,
1969-03-12,6.31,,,,,,,,
1969-03-13,6.32,,,,,,,,
1969-03-14,6.31,,,,,,,,
1969-03-17,6.35,,,,,,,,
1969-03-18,6.35,,,,,,,,
1969-03-19,6.32,,,,,,,,
1969-03-20,6.31,,,,,,,,
1969-03-21,6.29,,,,,,,,
1969-03-24,6.28,,,,,,,,
1969-03-25,6.3,,,,,,,,
1969-03-26,6.32,,,,,,,,
1969-03-27,6.33,,,,,,,,
1969-03-28,6.3,,,,,,,,
1969-03-31,,,,,,,,,
1969-04-01,6.25,,,,,,,,
1969-04-02,6.25,,,,,,,,
1969-04-03,6.26,,,,,,,,
1969-04-04,,,,,,,,,
1969-04-07,6.28,,,,,,,,
1969-04-08,6.25,,,,,,,,
1969-04-09,6.19,,,,,,,,
1969-04-10,6.18,,,,,,,,
1969-04-11,6.15,,,,,,,,
1969-04-14,6.06,,,,,,,,
1969-04-15,6.11,,,,,,,,
1969-04-16,6.1,,,,,,,,
1969-04-17,6.13,,,,,,,,
1969-04-18,6.16,,,,,,,,
1969-04-21,6.14,,,,,,,,
1969-04-22,6.12,,,,,,,,
1969-04-23,6.12,,,,,,,,
1969-04-24,6.14,,,,,,,,
1969-04-25,6.15,,,,,,,,
1969-04-28,6.19,,,,,,,,
1969-04-29,6.21,,,,,,,,
1969-04-30,6.2,,,,,,,,
1969-05-01,6.25,,,,,,,,
1969-05-02,6.23,,,,,,,,
1969-05-05,6.19,,,,,,,,
1969-05-06,6.22,,,,,,,,
1969-05-07,6.22,,,,,,,,
1969-05-08,6.2,,,,,,,,
1969-05-09,6.23,,,,,,,,
1969-05-12,6.27,,,,,,,,
1969-05-13,6.25,,,,,,,,
1969-05-14,6.24,,,,,,,,
1969-05-15,6.26,,,,,,,,
1969-05-16,6.31,,,,,,,,
1969-05-19,6.36,,,,,,,,
1969-05-20,6.36,,,,,,,,
1969-05-21,6.36,,,,,,,,
1969-05-22,6.36,,,,,,,,
1969-05-23,6.38,,,,,,,,
1969-05-26,6.44,,,,,,,,
1969-05-27,6.54,,,,,,,,
1969-05-28,6.56,,,,,,,,
1969-05-29,6.56,,,,,,,,
1969-05-30,,,,,,,,,
1969-06-02,6.56,,,,,,,,
1969-06-03,6.55,,,,,,,,
1969-06-04,6.56,,,,,,,,
1969-06-05,6.54,,,,,,,,
1969-06-06,6.52,,,,,,,,
1969-06-09,6.59,,,,,,,,
1969-06-10,6.56,,,,,,,,
1969-06-11,6.56,,,,,,,,
1969-06-12,6.54,,,,,,,,
1969-06-13,6.51,,,,,,,,
1969-06-16,6.49,,,,,,,,
1969-06-17,6.52,,,,,,,,
1969-06-18,6.53,,,,,,,,
1969-06-19,6.57,,,,,,,,
1969-06-20,6.59,,,,,,,,
1969-06-23,6.6,,,,,,,,
1969-06-24,6.63,,,,,,,,
1969-06-25,6.63,,,,,,,,
1969-06-26,6.62,,,,,,,,
1969-06-27,6.66,,,,,,,,
1969-06-30,6.73,,,,,,,,
1969-07-01,6.75,,,,,,,,
1969-07-02,6.77,,,,,,,,
1969-07-03,6.75,,,,,,,,
1969-07-04,,,,,,,,,
1969-07-07,6.76,,,,,,,,
1969-07-08,6.79,,,,,,,,
1969-07-09,6.82,,,,,,,,
1969-07-10,6.78,,,,,,,,
1969-07-11,6.64,,,,,,,,
1969-07-14,6.69,,,,,,,,
1969-07-15,6.72,,,,,,,,
1969-07-16,6.67,,,,,,,,
1969-07-17,6.69,,,,,,,,
1969-07-18,6.7,,,,,,,,
1969-07-21,,,,,,,,,
1969-07-22,6.66,,,,,,,,
1969-07-23,6.68,,,,,,,,
1969-07-24,6.7,,,,,,,,
1969-07-25,6.71,,,,,,,,
1969-07-28,6.73,,,,,,,,
1969-07-29,6.72,,,,,,,,
1969-07-30,6.72,,,,,,,,
1969-07-31,6.66,,,,,,,,
1969-08-01,6.66,,,,,,,,
1969-08-04,6.63,,,,,,,,
1969-08-05,6.6,,,,,,,,
1969-08-06,6.62,,,,,,,,
1969-08-07,6.63,,,,,,,,
1969-08-08,6.64,,,,,,,,
1969-08-11,6.69,,,,,,,,
1969-08-12,6.7,,,,,,,,
1969-08-13,6.7,,,,,,,,
1969-08-14,6.68,,,,,,,,
1969-08-15,6.68,,,,,,,,
1969-08-18,6.66,,,,,,,,
1969-08-19,6.65,,,,,,,,
1969-08-20,6.66,,,,,,,,
1969-08-21,6.68,,,,,,,,
1969-08-22,6.71,,,,,,,,
1969-08-25,6.72,,,,,,,,
1969-08-26,6.76,,,,,,,,
1969-08-27,6.79,,,,,,,,
1969-08-28,6.83,,,,,,,,
1969-08-29,6.83,,,,,,,,
1969-09-01,,,,,,,,,
1969-09-02,6.87,,,,,,,,
1969-09-03,6.94,,,,,,,,
1969-09-04,6.96,,,,,,,,
1969-09-05,6.99,,,,,,,,
1969-09-08,7.03,,,,,,,,
1969-09-09,7.04,,,,,,,,
1969-09-10,7.02,,,,,,,,
1969-09-11,7.05,,,,,,,,
1969-09-12,7.08,,,,,,,,
1969-09-15,7.09,,,,,,,,
1969-09-16,7.14,,,,,,,,
1969-09-17,7.14,,,,,,,,
1969-09-18,7.27,,,,,,,,
1969-09-19,7.28,,,,,,,,
1969-09-22,7.26,,,,,,,,
1969-09-23,7.26,,,,,,,,
1969-09-24,7.27,,,,,,,,
1969-09-25,7.3,,,,,,,,
1969-09-26,7.4,,,,,,,,
1969-09-29,7.45,,,,,,,,
1969-09-30,7.51,,,,,,,,
1969-10-01,7.52,,,,,,,,
1969-10-02,7.45,,,,,,,,
1969-10-03,7.38,,,,,,,,
1969-10-06,7.35,,,,,,,,
1969-10-07,7.31,,,,,,,,
1969-10-08,7.29,,,,,,,,
1969-10-09,7.3,,,,,,,,
1969-10-10,7.22,,,,,,,,
1969-10-13,,,,,,,,,
1969-10-14,7.1,,,,,,,,
1969-10-15,7.12,,,,,,,,
1969-10-16,7.04,,,,,,,,
1969-10-17,6.99,,,,,,,,
1969-10-20,6.83,,,,,,,,
1969-10-21,6.77,,,,,,,,
1969-10-22,6.8,,,,,,,,
1969-10-23,6.9,,,,,,,,
1969-10-24,6.9,,,,,,,,
1969-10-27,6.93,,,,,,,,
1969-10-28,7.0,,,,,,,,
1969-10-29,7.0,,,,,,,,
1969-10-30,6.96,,,,,,,,
1969-10-31,6.94,,,,,,,,
1969-11-03,6.9,,,,,,,,
1969-11-04,,,,,,,,,
1969-11-05,6.97,,,,,,,,
1969-11-06,7.01,,,,,,,,
1969-11-07,6.99,,,,,,,,
1969-11-10,6.99,,,,,,,,
1969-11-11,,,,,,,,,
1969-11-12,7.06,,,,,,,,
1969-11-13,7.12,,,,,,,,
1969-11-14,7.08,,,,,,,,
1969-11-17,7.13,,,,,,,,
1969-11-18,7.22,,,,,,,,
1969-11-19,7.25,,,,,,,,
1969-11-20,7.31,,,,,,,,
1969-11-21,7.28,,,,,,,,
1969-11-24,7.27,,,,,,,,
1969-11-25,7.28,,,,,,,,
1969-11-26,7.3,,,,,,,,
1969-11-27,,,,,,,,,
1969-11-28,7.29,,,,,,,,
1969-12-01,7.29,,,,,,,,
1969-12-02,7.35,,,,,,,,
1969-12-03,7.39,,,,,,,,
1969-12-04,7.35,,,,,,,,
1969-12-05,7.35,,,,,,,,
1969-12-08,7.4,,,,,,,,
1969-12-09,7.5,,,,,,,,
1969-12-10,7.59,,,,,,,,
1969-12-11,7.62,,,,,,,,
1969-12-12,7.6,,,,,,,,
1969-12-15,7.63,,,,,,,,
1969-12-16,7.72,,,,,,,,
1969-12-17,7.76,,,,,,,,
1969-12-18,7.81,,,,,,,,
1969-12-19,7.79,,,,,,,,
1969-12-22,7.76,,,,,,,,
1969-12-23,7.82,,,,,,,,
1969-12-24,7.89,,,,,,,,
1969-12-25,,,,,,,,,
1969-12-26,7.87,,,,,,,,
1969-12-29,8.05,,,,,,,,
1969-12-30,7.97,,,,,,,,
1969-12-31,7.88,,,,,,,,
1970-01-01,,,,,,,,,
1970-01-02,7.86,,,,,,,,
1970-01-05,7.88,,,,,,,,
1970-01-06,7.96,,,,,,,,
1970-01-07,7.99,,,,,,,,
1970-01-08,7.96,,,,,,,,
1970-01-09,7.86,,,,,,,,
1970-01-12,7.82,,,,,,,,
1970-01-13,7.81,,,,,,,,
1970-01-14,7.86,,,,,,,,
1970-01-15,7.85,,,,,,,,
1970-01-16,7.75,,,,,,,,
1970-01-19,7.69,,,,,,,,
1970-01-20,7.72,,,,,,,,
1970-01-21,7.69,,,,,,,,
1970-01-22,7.67,,,,,,,,
1970-01-23,7.69,,,,,,,,
1970-01-26,7.71,,,,,,,,
1970-01-27,7.7,,,,,,,,
1970-01-28,7.7,,,,,,,,
1970-01-29,7.77,,,,,,,,
1970-01-30,7.75,,,,,,,,
1970-02-02,7.65,,,,,,,,
1970-02-03,7.58,,,,,,,,
1970-02-04,7.5,,,,,,,,
1970-02-05,7.45,,,,,,,,
1970-02-06,7.36,,,,,,,,
1970-02-09,7.28,,,,,,,,
1970-02-10,7.32,,,,,,,,
1970-02-11,7.33,,,,,,,,
1970-02-12,,,,,,,,,
1970-02-13,7.15,,,,,,,,
1970-02-16,7.17,,,,,,,,
1970-02-17,7.15,,,,,,,,
1970-02-18,7.12,,,,,,,,
1970-02-19,7.09,,,,,,,,
1970-02-20,7.12,,,,,,,,
1970-02-23,,,,,,,,,
1970-02-24,7.14,,,,,,,,
1970-02-25,7.04,,,,,,,,
1970-02-26,6.94,,,,,,,,
1970-02-27,6.9,,,,,,,,
1970-03-02,6.95,,,,,,,,
1970-03-03,6.99,,,,,,,,
1970-03-04,6.97,,,,,,,,
1970-03-05,6.98,,,,,,,,
1970-03-06,6.96,,,,,,,,
1970-03-09,6.99,,,,,,,,
1970-03-10,7.04,,,,,,,,
1970-03-11,7.11,,,,,,,,
1970-03-12,7.16,,,,,,,,
1970-03-13,7.23,,,,,,,,
1970-03-16,7.24,,,,,,,,
1970-03-17,7.36,,,,,,,,
1970-03-18,7.28,,,,,,,,
1970-03-19,7.07,,,,,,,,
1970-03-20,7.06,,,,,,,,
1970-03-23,7.05,,,,,,,,
1970-03-24,7.02,,,,,,,,
1970-03-25,6.96,,,,,,,,
1970-03-26,6.98,,,,,,,,
1970-03-27,,,,,,,,,
1970-03-30,7.05,,,,,,,,
1970-03-31,7.08,,,,,,,,
1970-04-01,7.04,,,,,,,,
1970-04-02,7.08,,,,,,,,
1970-04-03,7.14,,,,,,,,
1970-04-06,7.17,,,,,,,,
1970-04-07,7.18,,,,,,,,
1970-04-08,7.17,,,,,,,,
1970-04-09,7.18,,,,,,,,
1970-04-10,7.17,,,,,,,,
1970-04-13,7.2,,,,,,,,
1970-04-14,7.22,,,,,,,,
1970-04-15,7.27,,,,,,,,
1970-04-16,7.34,,,,,,,,
1970-04-17,7.4,,,,,,,,
1970-04-20,7.44,,,,,,,,
1970-04-21,7.5,,,,,,,,
1970-04-22,7.61,,,,,,,,
1970-04-23,7.64,,,,,,,,
1970-04-24,7.72,,,,,,,,
1970-04-27,7.74,,,,,,,,
1970-04-28,7.79,,,,,,,,
1970-04-29,7.78,,,,,,,,
1970-04-30,7.82,,,,,,,,
1970-05-01,7.85,,,,,,,,
1970-05-04,7.94,,,,,,,,
1970-05-05,7.92,,,,,,,,
1970-05-06,7.86,,,,,,,,
1970-05-07,7.82,,,,,,,,
1970-05-08,7.78,,,,,,,,
1970-05-11,7.82,,,,,,,,
1970-05-12,7.84,,,,,,,,
1970-05-13,7.85,,,,,,,,
1970-05-14,7.86,,,,,,,,
1970-05-15,7.83,,,,,,,,
1970-05-18,7.8,,,,,,,,
1970-05-19,7.8,,,,,,,,
1970-05-20,7.85,,,,,,,,
1970-05-21,7.9,,,,,,,,
1970-05-22,7.99,,,,,,,,
1970-05-25,8.15,,,,,,,,
1970-05-26,8.22,,,,,,,,
1970-05-27,8.02,,,,,,,,
1970-05-28,7.98,,,,,,,,
1970-05-29,7.95,,,,,,,,
1970-06-01,7.84,,,,,,,,
1970-06-02,7.78,,,,,,,,
1970-06-03,7.76,,,,,,,,
1970-06-04,7.8,,,,,,,,
1970-06-05,7.88,,,,,,,,
1970-06-08,7.89,,,,,,,,
1970-06-09,7.88,,,,,,,,
1970-06-10,7.87,,,,,,,,
1970-06-11,7.92,,,,,,,,
1970-06-12,7.98,,,,,,,,
1970-06-15,7.98,,,,,,,,
1970-06-16,7.87,,,,,,,,
1970-06-17,7.9,,,,,,,,
1970-06-18,7.9,,,,,,,,
1970-06-19,7.9,,,,,,,,
1970-06-22,7.86,,,,,,,,
1970-06-23,7.79,,,,,,,,
1970-06-24,7.74,,,,,,,,
1970-06-25,7.76,,,,,,,,
1970-06-26,7.78,,,,,,,,
1970-06-29,7.76,,,,,,,,
1970-06-30,7.68,,,,,,,,
1970-07-01,7.64,,,,,,,,
1970-07-02,7.55,,,,,,,,
1970-07-03,,,,,,,,,
1970-07-06,7.49,,,,,,,,
1970-07-07,7.46,,,,,,,,
1970-07-08,7.49,,,,,,,,
1970-07-09,7.49,,,,,,,,
1970-07-10,7.54,,,,,,,,
1970-07-13,7.55,,,,,,,,
1970-07-14,7.53,,,,,,,,
1970-07-15,7.49,,,,,,,,
1970-07-16,7.46,,,,,,,,
1970-07-17,7.45,,,,,,,,
1970-07-20,7.46,,,,,,,,
1970-07-21,7.45,,,,,,,,
1970-07-22,7.43,,,,,,,,
1970-07-23,7.32,,,,,,,,
1970-07-24,7.34,,,,,,,,
1970-07-27,7.36,,,,,,,,
1970-07-28,7.41,,,,,,,,
1970-07-29,7.39,,,,,,,,
1970-07-30,7.38,,,,,,,,
1970-07-31,7.38,,,,,,,,
1970-08-03,7.39,,,,,,,,
1970-08-04,7.4,,,,,,,,
1970-08-05,7.42,,,,,,,,
1970-08-06,7.43,,,,,,,,
1970-08-07,7.45,,,,,,,,
1970-08-10,7.5,,,,,,,,
1970-08-11,7.54,,,,,,,,
1970-08-12,7.56,,,,,,,,
1970-08-13,7.58,,,,,,,,
1970-08-14,7.67,,,,,,,,
1970-08-17,7.71,,,,,,,,
1970-08-18,7.68,,,,,,,,
1970-08-19,7.65,,,,,,,,
1970-08-20,7.64,,,,,,,,
1970-08-21,7.6,,,,,,,,
1970-08-24,7.48,,,,,,,,
1970-08-25,7.46,,,,,,,,
1970-08-26,7.45,,,,,,,,
1970-08-27,7.48,,,,,,,,
1970-08-28,7.49,,,,,,,,
1970-08-31,7.49,,,,,,,,
1970-09-01,7.47,,,,,,,,
1970-09-02,7.48,,,,,,,,
1970-09-03,7.48,,,,,,,,
1970-09-04,7.47,,,,,,,,
1970-09-07,,,,,,,,,
1970-09-08,7.5,,,,,,,,
1970-09-09,7.54,,,,,,,,
1970-09-10,7.52,,,,,,,,
1970-09-11,7.5,,,,,,,,
1970-09-14,7.48,,,,,,,,
1970-09-15,7.46,,,,,,,,
1970-09-16,7.4,,,,,,,,
1970-09-17,7.32,,,,,,,,
1970-09-18,7.31,,,,,,,,
1970-09-21,7.29,,,,,,,,
1970-09-22,7.28,,,,,,,,
1970-09-23,7.24,,,,,,,,
1970-09-24,7.26,,,,,,,,
1970-09-25,7.28,,,,,,,,
1970-09-28,7.31,,,,,,,,
1970-09-29,7.3,,,,,,,,
1970-09-30,7.29,,,,,,,,
1970-10-01,7.29,,,,,,,,
1970-10-02,7.26,,,,,,,,
1970-10-05,7.26,,,,,,,,
1970-10-06,7.24,,,,,,,,
1970-10-07,7.23,,,,,,,,
1970-10-08,7.25,,,,,,,,
1970-10-09,7.25,,,,,,,,
1970-10-12,,,,,,,,,
1970-10-13,7.25,,,,,,,,
1970-10-14,7.3,,,,,,,,
1970-10-15,7.3,,,,,,,,
1970-10-16,7.31,,,,,,,,
1970-10-19,7.35,,,,,,,,
1970-10-20,7.37,,,,,,,,
1970-10-21,7.42,,,,,,,,
1970-10-22,7.46,,,,,,,,
1970-10-23,7.44,,,,,,,,
1970-10-26,7.44,,,,,,,,
1970-10-27,7.42,,,,,,,,
1970-10-28,7.38,,,,,,,,
1970-10-29,7.31,,,,,,,,
1970-10-30,7.33,,,,,,,,
1970-11-02,7.24,,,,,,,,
1970-11-03,,,,,,,,,
1970-11-04,7.23,,,,,,,,
1970-11-05,7.2,,,,,,,,
1970-11-06,7.15,,,,,,,,
1970-11-09,7.06,,,,,,,,
1970-11-10,7.06,,,,,,,,
1970-11-11,,,,,,,,,
1970-11-12,7.03,,,,,,,,
1970-11-13,7.0,,,,,,,,
1970-11-16,6.96,,,,,,,,
1970-11-17,6.93,,,,,,,,
1970-11-18,6.86,,,,,,,,
1970-11-19,6.72,,,,,,,,
1970-11-20,6.48,,,,,,,,
1970-11-23,6.32,,,,,,,,
1970-11-24,6.45,,,,,,,,
1970-11-25,6.48,,,,,,,,
1970-11-26,,,,,,,,,
1970-11-27,6.48,,,,,,,,
1970-11-30,6.49,,,,,,,,
1970-12-01,6.48,,,,,,,,
1970-12-02,6.41,,,,,,,,
1970-12-03,6.31,,,,,,,,
1970-12-04,6.21,,,,,,,,
1970-12-07,6.27,,,,,,,,
1970-12-08,6.29,,,,,,,,
1970-12-09,6.34,,,,,,,,
1970-12-10,6.34,,,,,,,,
1970-12-11,6.31,,,,,,,,
1970-12-14,6.26,,,,,,,,
1970-12-15,6.29,,,,,,,,
1970-12-16,6.29,,,,,,,,
1970-12-17,6.3,,,,,,,,
1970-12-18,6.33,,,,,,,,
1970-12-21,6.45,,,,,,,,
1970-12-22,6.52,,,,,,,,
1970-12-23,6.57,,,,,,,,
1970-12-24,6.53,,,,,,,,
1970-12-25,,,,,,,,,
1970-12-28,6.54,,,,,,,,
1970-12-29,6.56,,,,,,,,
1970-12-30,6.51,,,,,,,,
1970-12-31,6.5,,,,,,,,
1971-01-01,,,,,,,,,
1971-01-04,6.46,,,,,,,,
1971-01-05,6.47,,,,,,,,
1971-01-06,6.47,,,,,,,,
1971-01-07,6.45,,,,,,,,
1971-01-08,6.44,,,,,,,,
1971-01-11,6.39,,,,,,,,
1971-01-12,6.35,,,,,,,,
1971-01-13,6.29,,,,,,,,
1971-01-14,6.22,,,,,,,,
1971-01-15,6.22,,,,,,,,
1971-01-18,6.16,,,,,,,,
1971-01-19,6.17,,,,,,,,
1971-01-20,6.15,,,,,,,,
1971-01-21,6.09,,,,,,,,
1971-01-22,6.06,,,,,,,,
1971-01-25,6.05,,,,,,,,
1971-01-26,6.07,,,,,,,,
1971-01-27,6.09,,,,,,,,
1971-01-28,6.08,,,,,,,,
1971-01-29,6.09,,,,,,,,
1971-02-01,6.09,,,,,,,,
1971-02-02,6.11,,,,,,,,
1971-02-03,6.11,,,,,,,,
1971-02-04,6.1,,,,,,,,
1971-02-05,6.1,,,,,,,,
1971-02-08,6.09,,,,,,,,
1971-02-09,6.07,,,,,,,,
1971-02-10,6.08,,,,,,,,
1971-02-11,6.08,,,,,,,,
1971-02-12,,,,,,,,,
1971-02-15,,,,,,,,,
1971-02-16,6.11,,,,,,,,
1971-02-17,6.11,,,,,,,,
1971-02-18,6.11,,,,,,,,
1971-02-19,6.12,,,,,,,,
1971-02-22,6.15,,,,,,,,
1971-02-23,6.18,,,,,,,,
1971-02-24,6.16,,,,,,,,
1971-02-25,6.11,,,,,,,,
1971-02-26,6.14,,,,,,,,
1971-03-01,6.12,,,,,,,,
1971-03-02,6.09,,,,,,,,
1971-03-03,6.05,,,,,,,,
1971-03-04,6.05,,,,,,,,
1971-03-05,6.03,,,,,,,,
1971-03-08,5.99,,,,,,,,
1971-03-09,5.9,,,,,,,,
1971-03-10,5.8,,,,,,,,
1971-03-11,5.69,,,,,,,,
1971-03-12,5.72,,,,,,,,
1971-03-15,5.7,,,,,,,,
1971-03-16,5.68,,,,,,,,
1971-03-17,5.61,,,,,,,,
1971-03-18,5.55,,,,,,,,
1971-03-19,5.51,,,,,,,,
1971-03-22,5.42,,,,,,,,
1971-03-23,5.38,,,,,,,,
1971-03-24,5.41,,,,,,,,
1971-03-25,5.43,,,,,,,,
1971-03-26,5.48,,,,,,,,
1971-03-29,5.54,,,,,,,,
1971-03-30,5.5,,,,,,,,
1971-03-31,5.53,,,,,,,,
1971-04-01,5.58,,,,,,,,
1971-04-02,5.6,,,,,,,,
1971-04-05,5.63,,,,,,,,
1971-04-06,5.6,,,,,,,,
1971-04-07,5.58,,,,,,,,
1971-04-08,5.62,,,,,,,,
1971-04-09,,,,,,,,,
1971-04-12,5.73,,,,,,,,
1971-04-13,5.72,,,,,,,,
1971-04-14,5.77,,,,,,,,
1971-04-15,5.8,,,,,,,,
1971-04-16,5.82,,,,,,,,
1971-04-19,5.88,,,,,,,,
1971-04-20,5.97,,,,,,,,
1971-04-21,6.04,,,,,,,,
1971-04-22,6.02,,,,,,,,
1971-04-23,6.01,,,,,,,,
1971-04-26,6.0,,,,,,,,
1971-04-27,6.0,,,,,,,,
1971-04-28,5.99,,,,,,,,
1971-04-29,6.07,,,,,,,,
1971-04-30,6.08,,,,,,,,
1971-05-03,6.15,,,,,,,,
1971-05-04,6.25,,,,,,,,
1971-05-05,6.26,,,,,,,,
1971-05-06,6.28,,,,,,,,
1971-05-07,6.25,,,,,,,,
1971-05-10,6.22,,,,,,,,
1971-05-11,6.26,,,,,,,,
1971-05-12,6.35,,,,,,,,
1971-05-13,6.47,,,,,,,,
1971-05-14,6.49,,,,,,,,
1971-05-17,6.57,,,,,,,,
1971-05-18,6.65,,,,,,,,
1971-05-19,6.6,,,,,,,,
1971-05-20,6.49,,,,,,,,
1971-05-21,6.53,,,,,,,,
1971-05-24,6.49,,,,,,,,
1971-05-25,6.44,,,,,,,,
1971-05-26,6.37,,,,,,,,
1971-05-27,6.35,,,,,,,,
1971-05-28,6.38,,,,,,,,
1971-05-31,,,,,,,,,
1971-06-01,6.36,,,,,,,,
1971-06-02,6.24,,,,,,,,
1971-06-03,6.19,,,,,,,,
1971-06-04,6.26,,,,,,,,
1971-06-07,6.34,,,,,,,,
1971-06-08,6.38,,,,,,,,
1971-06-09,6.44,,,,,,,,
1971-06-10,6.48,,,,,,,,
1971-06-11,6.5,,,,,,,,
1971-06-14,6.63,,,,,,,,
1971-06-15,6.73,,,,,,,,
1971-06-16,6.68,,,,,,,,
1971-06-17,6.68,,,,,,,,
1971-06-18,6.58,,,,,,,,
1971-06-21,6.53,,,,,,,,
1971-06-22,6.62,,,,,,,,
1971-06-23,6.61,,,,,,,,
1971-06-24,6.61,,,,,,,,
1971-06-25,6.62,,,,,,,,
1971-06-28,6.64,,,,,,,,
1971-06-29,6.67,,,,,,,,
1971-06-30,6.7,,,,,,,,
1971-07-01,6.69,,,,,,,,
1971-07-02,6.69,,,,,,,,
1971-07-05,,,,,,,,,
1971-07-06,6.68,,,,,,,,
1971-07-07,6.66,,,,,,,,
1971-07-08,6.67,,,,,,,,
1971-07-09,6.68,,,,,,,,
1971-07-12,6.6,,,,,,,,
1971-07-13,6.61,,,,,,,,
1971-07-14,6.6,,,,,,,,
1971-07-15,6.59,,,,,,,,
1971-07-16,6.66,,,,,,,,
1971-07-19,6.71,,,,,,,,
1971-07-20,6.7,,,,,,,,
1971-07-21,6.7,,,,,,,,
1971-07-22,6.79,,,,,,,,
1971-07-23,6.84,,,,,,,,
1971-07-26,6.86,,,,,,,,
1971-07-27,6.91,,,,,,,,
1971-07-28,6.95,,,,,,,,
1971-07-29,6.88,,,,,,,,
1971-07-30,6.85,,,,,,,,
1971-08-02,6.86,,,,,,,,
1971-08-03,6.91,,,,,,,,
1971-08-04,6.89,,,,,,,,
1971-08-05,6.86,,,,,,,,
1971-08-06,6.86,,,,,,,,
1971-08-09,6.88,,,,,,,,
1971-08-10,6.89,,,,,,,,
1971-08-11,6.86,,,,,,,,
1971-08-12,6.8,,,,,,,,
1971-08-13,6.68,,,,,,,,
1971-08-16,6.41,,,,,,,,
1971-08-17,6.3,,,,,,,,
1971-08-18,6.35,,,,,,,,
1971-08-19,6.34,,,,,,,,
1971-08-20,6.37,,,,,,,,
1971-08-23,6.48,,,,,,,,
1971-08-24,6.38,,,,,,,,
1971-08-25,6.4,,,,,,,,
1971-08-26,6.37,,,,,,,,
1971-08-27,6.33,,,,,,,,
1971-08-30,6.32,,,,,,,,
1971-08-31,6.28,,,,,,,,
1971-09-01,6.22,,,,,,,,
1971-09-02,6.17,,,,,,,,
1971-09-03,6.12,,,,,,,,
1971-09-06,,,,,,,,,
1971-09-07,6.07,,,,,,,,
1971-09-08,6.08,,,,,,,,
1971-09-09,6.13,,,,,,,,
1971-09-10,6.12,,,,,,,,
1971-09-13,6.2,,,,,,,,
1971-09-14,6.18,,,,,,,,
1971-09-15,6.17,,,,,,,,
1971-09-16,6.14,,,,,,,,
1971-09-17,6.13,,,,,,,,
1971-09-20,6.15,,,,,,,,
1971-09-21,6.17,,,,,,,,
1971-09-22,6.19,,,,,,,,
1971-09-23,6.2,,,,,,,,
1971-09-24,6.16,,,,,,,,
1971-09-27,6.13,,,,,,,,
1971-09-28,6.12,,,,,,,,
1971-09-29,6.08,,,,,,,,
1971-09-30,6.0,,,,,,,,
1971-10-01,6.0,,,,,,,,
1971-10-04,5.98,,,,,,,,
1971-10-05,6.01,,,,,,,,
1971-10-06,5.98,,,,,,,,
1971-10-07,5.97,,,,,,,,
1971-10-08,5.94,,,,,,,,
1971-10-11,,,,,,,,,
1971-10-12,5.88,,,,,,,,
1971-10-13,5.86,,,,,,,,
1971-10-14,5.88,,,,,,,,
1971-10-15,5.9,,,,,,,,
1971-10-18,5.95,,,,,,,,
1971-10-19,5.96,,,,,,,,
1971-10-20,5.92,,,,,,,,
1971-10-21,5.88,,,,,,,,
1971-10-22,5.9,,,,,,,,
1971-10-25,,,,,,,,,
1971-10-26,5.89,,,,,,,,
1971-10-27,5.92,,,,,,,,
1971-10-28,5.9,,,,,,,,
1971-10-29,5.87,,,,,,,,
1971-11-01,5.8,,,,,,,,
1971-11-02,,,,,,,,,
1971-11-03,5.72,,,,,,,,
1971-11-04,5.72,,,,,,,,
1971-11-05,5.72,,,,,,,,
1971-11-08,5.77,,,,,,,,
1971-11-09,5.77,,,,,,,,
1971-11-10,5.82,,,,,,,,
1971-11-11,5.79,,,,,,,,
1971-11-12,5.77,,,,,,,,
1971-11-15,5.77,,,,,,,,
1971-11-16,5.76,,,,,,,,
1971-11-17,5.75,,,,,,,,
1971-11-18,5.77,,,,,,,,
1971-11-19,5.79,,,,,,,,
1971-11-22,5.82,,,,,,,,
1971-11-23,5.89,,,,,,,,
1971-11-24,5.95,,,,,,,,
1971-11-25,,,,,,,,,
1971-11-26,5.94,,,,,,,,
1971-11-29,5.95,,,,,,,,
1971-11-30,5.93,,,,,,,,
1971-12-01,5.92,,,,,,,,
1971-12-02,5.9,,,,,,,,
1971-12-03,5.88,,,,,,,,
1971-12-06,5.88,,,,,,,,
1971-12-07,5.92,,,,,,,,
1971-12-08,5.92,,,,,,,,
1971-12-09,5.94,,,,,,,,
1971-12-10,5.93,,,,,,,,
1971-12-13,5.9,,,,,,,,
1971-12-14,5.94,,,,,,,,
1971-12-15,5.96,,,,,,,,
1971-12-16,5.95,,,,,,,,
1971-12-17,5.93,,,,,,,,
1971-12-20,5.97,,,,,,,,
1971-12-21,6.0,,,,,,,,
1971-12-22,6.01,,,,,,,,
1971-12-23,5.97,,,,,,,,
1971-12-24,,,,,,,,,
1971-12-27,5.91,,,,,,,,
1971-12-28,5.86,,,,,,,,
1971-12-29,5.9,,,,,,,,
1971-12-30,5.9,,,,,,,,
1971-12-31,5.89,,,,,,,,
1972-01-03,5.94,,,,,,,,
1972-01-04,5.93,,,,,,,,
1972-01-05,5.91,,,,,,,,
1972-01-06,5.9,,,,,,,,
1972-01-07,5.88,,,,,,,,
1972-01-10,5.86,,,,,,,,
1972-01-11,5.88,,,,,,,,
1972-01-12,5.88,,,,,,,,
1972-01-13,5.86,,,,,,,,
1972-01-14,5.85,,,,,,,,
1972-01-17,5.89,,,,,,,,
1972-01-18,5.92,,,,,,,,
1972-01-19,5.96,,,,,,,,
1972-01-20,5.98,,,,,,,,
1972-01-21,5.99,,,,,,,,
1972-01-24,6.02,,,,,,,,
1972-01-25,6.02,,,,,,,,
1972-01-26,6.01,,,,,,,,
1972-01-27,6.05,,,,,,,,
1972-01-28,6.08,,,,,,,,
1972-01-31,6.09,,,,,,,,
1972-02-01,6.09,,,,,,,,
1972-02-02,6.08,,,,,,,,
1972-02-03,6.08,,,,,,,,
1972-02-04,6.08,,,,,,,,
1972-02-07,6.09,,,,,,,,
1972-02-08,6.11,,,,,,,,
1972-02-09,6.12,,,,,,,,
1972-02-10,6.11,,,,,,,,
1972-02-11,6.12,,,,,,,,
1972-02-14,6.1,,,,,,,,
1972-02-15,6.1,,,,,,,,
1972-02-16,6.08,,,,,,,,
1972-02-17,6.06,,,,,,,,
1972-02-18,6.06,,,,,,,,
1972-02-21,,,,,,,,,
1972-02-22,6.06,,,,,,,,
1972-02-23,6.07,,,,,,,,
1972-02-24,6.07,,,,,,,,
1972-02-25,6.06,,,,,,,,
1972-02-28,6.04,,,,,,,,
1972-02-29,6.04,,,,,,,,
1972-03-01,6.04,,,,,,,,
1972-03-02,6.03,,,,,,,,
1972-03-03,6.02,,,,,,,,
1972-03-06,6.01,,,,,,,,
1972-03-07,6.02,,,,,,,,
1972-03-08,6.02,,,,,,,,
1972-03-09,6.02,,,,,,,,
1972-03-10,6.03,,,,,,,,
1972-03-13,6.07,,,,,,,,
1972-03-14,6.06,,,,,,,,
1972-03-15,6.11,,,,,,,,
1972-03-16,6.08,,,,,,,,
1972-03-17,6.08,,,,,,,,
1972-03-20,6.09,,,,,,,,
1972-03-21,6.08,,,,,,,,
1972-03-22,6.08,,,,,,,,
1972-03-23,6.1,,,,,,,,
1972-03-24,6.12,,,,,,,,
1972-03-27,6.1,,,,,,,,
1972-03-28,6.11,,,,,,,,
1972-03-29,6.12,,,,,,,,
1972-03-30,6.12,,,,,,,,
1972-03-31,,,,,,,,,
1972-04-03,6.14,,,,,,,,
1972-04-04,6.18,,,,,,,,
1972-04-05,6.18,,,,,,,,
1972-04-06,6.18,,,,,,,,
1972-04-07,6.18,,,,,,,,
1972-04-10,6.17,,,,,,,,
1972-04-11,6.18,,,,,,,,
1972-04-12,6.21,,,,,,,,
1972-04-13,6.25,,,,,,,,
1972-04-14,6.25,,,,,,,,
1972-04-17,6.24,,,,,,,,
1972-04-18,6.24,,,,,,,,
1972-04-19,6.22,,,,,,,,
1972-04-20,6.21,,,,,,,,
1972-04-21,6.2,,,,,,,,
1972-04-24,6.21,,,,,,,,
1972-04-25,6.21,,,,,,,,
1972-04-26,6.19,,,,,,,,
1972-04-27,6.11,,,,,,,,
1972-04-28,6.14,,,,,,,,
1972-05-01,6.14,,,,,,,,
1972-05-02,6.16,,,,,,,,
1972-05-03,6.17,,,,,,,,
1972-05-04,6.17,,,,,,,,
1972-05-05,6.17,,,,,,,,
1972-05-08,6.17,,,,,,,,
1972-05-09,6.2,,,,,,,,
1972-05-10,6.19,,,,,,,,
1972-05-11,6.19,,,,,,,,
1972-05-12,6.16,,,,,,,,
1972-05-15,6.16,,,,,,,,
1972-05-16,6.16,,,,,,,,
1972-05-17,6.15,,,,,,,,
1972-05-18,6.13,,,,,,,,
1972-05-19,6.1,,,,,,,,
1972-05-22,6.07,,,,,,,,
1972-05-23,6.05,,,,,,,,
1972-05-24,6.06,,,,,,,,
1972-05-25,6.04,,,,,,,,
1972-05-26,6.04,,,,,,,,
1972-05-29,,,,,,,,,
1972-05-30,6.05,,,,,,,,
1972-05-31,6.05,,,,,,,,
1972-06-01,6.07,,,,,,,,
1972-06-02,6.09,,,,,,,,
1972-06-05,6.1,,,,,,,,
1972-06-06,6.13,,,,,,,,
1972-06-07,6.12,,,,,,,,
1972-06-08,6.12,,,,,,,,
1972-06-09,6.11,,,,,,,,
1972-06-12,6.1,,,,,,,,
1972-06-13,6.1,,,,,,,,
1972-06-14,6.1,,,,,,,,
1972-06-15,6.1,,,,,,,,
1972-06-16,6.1,,,,,,,,
1972-06-19,6.08,,,,,,,,
1972-06-20,6.08,,,,,,,,
1972-06-21,6.09,,,,,,,,
1972-06-22,6.11,,,,,,,,
1972-06-23,6.1,,,,,,,,
1972-06-26,6.12,,,,,,,,
1972-06-27,6.12,,,,,,,,
1972-06-28,6.12,,,,,,,,
1972-06-29,6.14,,,,,,,,
1972-06-30,6.15,,,,,,,,
1972-07-03,6.14,,,,,,,,
1972-07-04,,,,,,,,,
1972-07-05,6.13,,,,,,,,
1972-07-06,6.13,,,,,,,,
1972-07-07,6.13,,,,,,,,
1972-07-10,6.13,,,,,,,,
1972-07-11,6.13,,,,,,,,
1972-07-12,6.12,,,,,,,,
1972-07-13,6.11,,,,,,,,
1972-07-14,6.1,,,,,,,,
1972-07-17,6.11,,,,,,,,
1972-07-18,6.11,,,,,,,,
1972-07-19,6.09,,,,,,,,
1972-07-20,6.09,,,,,,,,
1972-07-21,6.1,,,,,,,,
1972-07-24,6.1,,,,,,,,
1972-07-25,6.09,,,,,,,,
1972-07-26,6.08,,,,,,,,
1972-07-27,6.13,,,,,,,,
1972-07-28,6.12,,,,,,,,
1972-07-31,6.12,,,,,,,,
1972-08-01,6.14,,,,,,,,
1972-08-02,6.14,,,,,,,,
1972-08-03,6.15,,,,,,,,
1972-08-04,6.16,,,,,,,,
1972-08-07,6.16,,,,,,,,
1972-08-08,6.15,,,,,,,,
1972-08-09,6.14,,,,,,,,
1972-08-10,6.14,,,,,,,,
1972-08-11,6.14,,,,,,,,
1972-08-14,6.16,,,,,,,,
1972-08-15,6.17,,,,,,,,
1972-08-16,6.18,,,,,,,,
1972-08-17,6.2,,,,,,,,
1972-08-18,6.21,,,,,,,,
1972-08-21,6.21,,,,,,,,
1972-08-22,6.2,,,,,,,,
1972-08-23,6.22,,,,,,,,
1972-08-24,6.23,,,,,,,,
1972-08-25,6.26,,,,,,,,
1972-08-28,6.3,,,,,,,,
1972-08-29,6.34,,,,,,,,
1972-08-30,6.42,,,,,,,,
1972-08-31,6.42,,,,,,,,
1972-09-01,6.43,,,,,,,,
1972-09-04,,,,,,,,,
1972-09-05,6.46,,,,,,,,
1972-09-06,6.49,,,,,,,,
1972-09-07,6.52,,,,,,,,
1972-09-08,6.56,,,,,,,,
1972-09-11,6.54,,,,,,,,
1972-09-12,6.54,,,,,,,,
1972-09-13,6.54,,,,,,,,
1972-09-14,6.57,,,,,,,,
1972-09-15,6.56,,,,,,,,
1972-09-18,6.55,,,,,,,,
1972-09-19,6.55,,,,,,,,
1972-09-20,6.56,,,,,,,,
1972-09-21,6.59,,,,,,,,
1972-09-22,6.62,,,,,,,,
1972-09-25,6.62,,,,,,,,
1972-09-26,6.6,,,,,,,,
1972-09-27,6.59,,,,,,,,
1972-09-28,6.56,,,,,,,,
1972-09-29,6.54,,,,,,,,
1972-10-02,6.54,,,,,,,,
1972-10-03,6.54,,,,,,,,
1972-10-04,6.53,,,,,,,,
1972-10-05,6.53,,,,,,,,
1972-10-06,6.52,,,,,,,,
1972-10-09,,,,,,,,,
1972-10-10,6.48,,,,,,,,
1972-10-11,6.47,,,,,,,,
1972-10-12,6.5,,,,,,,,
1972-10-13,6.5,,,,,,,,
1972-10-16,6.49,,,,,,,,
1972-10-17,6.49,,,,,,,,
1972-10-18,6.49,,,,,,,,
1972-10-19,6.48,,,,,,,,
1972-10-20,6.47,,,,,,,,
1972-10-23,,,,,,,,,
1972-10-24,6.45,,,,,,,,
1972-10-25,6.44,,,,,,,,
1972-10-26,6.42,,,,,,,,
1972-10-27,6.42,,,,,,,,
1972-10-30,6.42,,,,,,,,
1972-10-31,6.41,,,,,,,,
1972-11-01,6.39,,,,,,,,
1972-11-02,6.34,,,,,,,,
1972-11-03,6.3,,,,,,,,
1972-11-06,6.27,,,,,,,,
1972-11-07,,,,,,,,,
1972-11-08,6.3,,,,,,,,
1972-11-09,6.3,,,,,,,,
1972-11-10,6.3,,,,,,,,
1972-11-13,6.27,,,,,,,,
1972-11-14,6.26,,,,,,,,
1972-11-15,6.23,,,,,,,,
1972-11-16,6.24,,,,,,,,
1972-11-17,6.24,,,,,,,,
1972-11-20,6.23,,,,,,,,
1972-11-21,6.26,,,,,,,,
1972-11-22,6.27,,,,,,,,
1972-11-23,,,,,,,,,
1972-11-24,6.27,,,,,,,,
1972-11-27,6.3,,,,,,,,
1972-11-28,6.29,,,,,,,,
1972-11-29,6.27,,,,,,,,
1972-11-30,6.28,,,,,,,,
1972-12-01,6.29,,,,,,,,
1972-12-04,6.3,,,,,,,,
1972-12-05,6.31,,,,,,,,
1972-12-06,6.31,,,,,,,,
1972-12-07,6.31,,,,,,,,
1972-12-08,6.32,,,,,,,,
1972-12-11,6.34,,,,,,,,
1972-12-12,6.35,,,,,,,,
1972-12-13,6.35,,,,,,,,
1972-12-14,6.35,,,,,,,,
1972-12-15,6.35,,,,,,,,
1972-12-18,6.38,,,,,,,,
1972-12-19,6.4,,,,,,,,
1972-12-20,6.4,,,,,,,,
1972-12-21,6.4,,,,,,,,
1972-12-22,6.4,,,,,,,,
1972-12-25,,,,,,,,,
1972-12-26,6.39,,,,,,,,
1972-12-27,6.4,,,,,,,,
1972-12-28,6.41,,,,,,,,
1972-12-29,6.41,,,,,,,,
1973-01-01,,,,,,,,,
1973-01-02,6.43,,,,,,,,
1973-01-03,6.42,,,,,,,,
1973-01-04,6.4,,,,,,,,
1973-01-05,6.42,,,,,,,,
1973-01-08,6.43,,,,,,,,
1973-01-09,6.42,,,,,,,,
1973-01-10,6.43,,,,,,,,
1973-01-11,6.43,,,,,,,,
1973-01-12,6.44,,,,,,,,
1973-01-15,6.44,,,,,,,,
1973-01-16,6.44,,,,,,,,
1973-01-17,6.45,,,,,,,,
1973-01-18,6.46,,,,,,,,
1973-01-19,6.49,,,,,,,,
1973-01-22,6.5,,,,,,,,
1973-01-23,6.48,,,,,,,,
1973-01-24,6.49,,,,,,,,
1973-01-25,6.51,,,,,,,,
1973-01-26,6.53,,,,,,,,
1973-01-29,6.55,,,,,,,,
1973-01-30,6.52,,,,,,,,
1973-01-31,6.54,,,,,,,,
1973-02-01,6.6,,,,,,,,
1973-02-02,6.64,,,,,,,,
1973-02-05,6.64,,,,,,,,
1973-02-06,6.64,,,,,,,,
1973-02-07,6.64,,,,,,,,
1973-02-08,6.66,,,,,,,,
1973-02-09,6.63,,,,,,,,
1973-02-12,,,,,,,,,
1973-02-13,6.61,,,,,,,,
1973-02-14,6.62,,,,,,,,
1973-02-15,6.62,,,,,,,,
1973-02-16,6.63,,,,,,,,
1973-02-19,,,,,,,,,
1973-02-20,6.66,,,,,,,,
1973-02-21,6.66,,,,,,,,
1973-02-22,6.65,,,,,,,,
1973-02-23,6.61,,,,,,,,
1973-02-26,6.65,,,,,,,,
1973-02-27,6.64,,,,,,,,
1973-02-28,6.64,,,,,,,,
1973-03-01,6.65,,,,,,,,
1973-03-02,6.67,,,,,,,,
1973-03-05,6.68,,,,,,,,
1973-03-06,6.68,,,,,,,,
1973-03-07,6.66,,,,,,,,
1973-03-08,6.67,,,,,,,,
1973-03-09,6.68,,,,,,,,
1973-03-12,6.68,,,,,,,,
1973-03-13,6.7,,,,,,,,
1973-03-14,6.71,,,,,,,,
1973-03-15,6.73,,,,,,,,
1973-03-16,6.77,,,,,,,,
1973-03-19,6.75,,,,,,,,
1973-03-20,6.76,,,,,,,,
1973-03-21,6.76,,,,,,,,
1973-03-22,6.76,,,,,,,,
1973-03-23,6.76,,,,,,,,
1973-03-26,6.73,,,,,,,,
1973-03-27,6.72,,,,,,,,
1973-03-28,6.67,,,,,,,,
1973-03-29,6.68,,,,,,,,
1973-03-30,6.73,,,,,,,,
1973-04-02,6.74,,,,,,,,
1973-04-03,6.73,,,,,,,,
1973-04-04,6.7,,,,,,,,
1973-04-05,6.68,,,,,,,,
1973-04-06,6.64,,,,,,,,
1973-04-09,6.62,,,,,,,,
1973-04-10,6.64,,,,,,,,
1973-04-11,6.65,,,,,,,,
1973-04-12,6.66,,,,,,,,
1973-04-13,6.63,,,,,,,,
1973-04-16,6.62,,,,,,,,
1973-04-17,6.64,,,,,,,,
1973-04-18,6.64,,,,,,,,
1973-04-19,6.66,,,,,,,,
1973-04-20,,,,,,,,,
1973-04-23,6.73,,,,,,,,
1973-04-24,6.66,,,,,,,,
1973-04-25,6.66,,,,,,,,
1973-04-26,6.68,,,,,,,,
1973-04-27,6.69,,,,,,,,
1973-04-30,6.7,,,,,,,,
1973-05-01,6.72,,,,,,,,
1973-05-02,6.76,,,,,,,,
1973-05-03,6.77,,,,,,,,
1973-05-04,6.79,,,,,,,,
1973-05-07,6.81,,,,,,,,
1973-05-08,6.8,,,,,,,,
1973-05-09,6.8,,,,,,,,
1973-05-10,6.81,,,,,,,,
1973-05-11,6.82,,,,,,,,
1973-05-14,6.83,,,,,,,,
1973-05-15,6.86,,,,,,,,
1973-05-16,6.84,,,,,,,,
1973-05-17,6.85,,,,,,,,
1973-05-18,6.86,,,,,,,,
1973-05-21,6.89,,,,,,,,
1973-05-22,6.9,,,,,,,,
1973-05-23,6.92,,,,,,,,
1973-05-24,6.91,,,,,,,,
1973-05-25,6.91,,,,,,,,
1973-05-28,,,,,,,,,
1973-05-29,6.93,,,,,,,,
1973-05-30,6.93,,,,,,,,
1973-05-31,6.93,,,,,,,,
1973-06-01,6.96,,,,,,,,
1973-06-04,6.98,,,,,,,,
1973-06-05,6.95,,,,,,,,
1973-06-06,6.89,,,,,,,,
1973-06-07,6.89,,,,,,,,
1973-06-08,6.87,,,,,,,,
1973-06-11,6.87,,,,,,,,
1973-06-12,6.86,,,,,,,,
1973-06-13,6.85,,,,,,,,
1973-06-14,6.85,,,,,,,,
1973-06-15,6.86,,,,,,,,
1973-06-18,6.87,,,,,,,,
1973-06-19,6.87,,,,,,,,
1973-06-20,6.89,,,,,,,,
1973-06-21,6.89,,,,,,,,
1973-06-22,6.91,,,,,,,,
1973-06-25,6.93,,,,,,,,
1973-06-26,6.93,,,,,,,,
1973-06-27,6.92,,,,,,,,
1973-06-28,6.92,,,,,,,,
1973-06-29,6.94,,,,,,,,
1973-07-02,7.01,,,,,,,,
1973-07-03,7.01,,,,,,,,
1973-07-04,,,,,,,,,
1973-07-05,7.01,,,,,,,,
1973-07-06,7.03,,,,,,,,
1973-07-09,7.05,,,,,,,,
1973-07-10,7.05,,,,,,,,
1973-07-11,7.05,,,,,,,,
1973-07-12,7.04,,,,,,,,
1973-07-13,7.05,,,,,,,,
1973-07-16,7.06,,,,,,,,
1973-07-17,7.06,,,,,,,,
1973-07-18,7.07,,,,,,,,
1973-07-19,7.11,,,,,,,,
1973-07-20,7.17,,,,,,,,
1973-07-23,7.17,,,,,,,,
1973-07-24,7.19,,,,,,,,
1973-07-25,7.19,,,,,,,,
1973-07-26,7.28,,,,,,,,
1973-07-27,7.35,,,,,,,,
1973-07-30,7.37,,,,,,,,
1973-07-31,7.43,,,,,,,,
1973-08-01,7.55,,,,,,,,
1973-08-02,7.52,,,,,,,,
1973-08-03,7.53,,,,,,,,
1973-08-06,7.54,,,,,,,,
1973-08-07,7.58,,,,,,,,
1973-08-08,7.52,,,,,,,,
1973-08-09,7.54,,,,,,,,
1973-08-10,7.52,,,,,,,,
1973-08-13,7.47,,,,,,,,
1973-08-14,7.46,,,,,,,,
1973-08-15,7.45,,,,,,,,
1973-08-16,7.37,,,,,,,,
1973-08-17,7.28,,,,,,,,
1973-08-20,7.38,,,,,,,,
1973-08-21,7.36,,,,,,,,
1973-08-22,7.39,,,,,,,,
1973-08-23,7.31,,,,,,,,
1973-08-24,7.23,,,,,,,,
1973-08-27,7.26,,,,,,,,
1973-08-28,7.29,,,,,,,,
1973-08-29,7.26,,,,,,,,
1973-08-30,7.25,,,,,,,,
1973-08-31,7.25,,,,,,,,
1973-09-03,,,,,,,,,
1973-09-04,7.21,,,,,,,,
1973-09-05,7.11,,,,,,,,
1973-09-06,7.1,,,,,,,,
1973-09-07,7.11,,,,,,,,
1973-09-10,7.16,,,,,,,,
1973-09-11,7.19,,,,,,,,
1973-09-12,7.2,,,,,,,,
1973-09-13,7.21,,,,,,,,
1973-09-14,7.21,,,,,,,,
1973-09-17,7.16,,,,,,,,
1973-09-18,7.08,,,,,,,,
1973-09-19,7.1,,,,,,,,
1973-09-20,7.09,,,,,,,,
1973-09-21,7.02,,,,,,,,
1973-09-24,7.0,,,,,,,,
1973-09-25,6.96,,,,,,,,
1973-09-26,6.97,,,,,,,,
1973-09-27,6.94,,,,,,,,
1973-09-28,6.9,,,,,,,,
1973-10-01,6.91,,,,,,,,
1973-10-02,6.89,,,,,,,,
1973-10-03,6.9,,,,,,,,
1973-10-04,6.88,,,,,,,,
1973-10-05,6.86,,,,,,,,
1973-10-08,,,,,,,,,
1973-10-09,6.78,,,,,,,,
1973-10-10,6.77,,,,,,,,
1973-10-11,6.78,,,,,,,,
1973-10-12,6.75,,,,,,,,
1973-10-15,6.77,,,,,,,,
1973-10-16,6.81,,,,,,,,
1973-10-17,6.82,,,,,,,,
1973-10-18,6.81,,,,,,,,
1973-10-19,6.8,,,,,,,,
1973-10-22,,,,,,,,,
1973-10-23,6.8,,,,,,,,
1973-10-24,6.75,,,,,,,,
1973-10-25,6.73,,,,,,,,
1973-10-26,6.72,,,,,,,,
1973-10-29,6.72,,,,,,,,
1973-10-30,6.72,,,,,,,,
1973-10-31,6.71,,,,,,,,
1973-11-01,6.71,,,,,,,,
1973-11-02,6.72,,,,,,,,
1973-11-05,6.74,,,,,,,,
1973-11-06,,,,,,,,,
1973-11-07,6.76,,,,,,,,
1973-11-08,6.77,,,,,,,,
1973-11-09,6.76,,,,,,,,
1973-11-12,6.76,,,,,,,,
1973-11-13,6.76,,,,,,,,
1973-11-14,6.79,,,,,,,,
1973-11-15,6.76,,,,,,,,
1973-11-16,6.72,,,,,,,,
1973-11-19,6.71,,,,,,,,
1973-11-20,6.72,,,,,,,,
1973-11-21,6.71,,,,,,,,
1973-11-22,,,,,,,,,
1973-11-23,6.7,,,,,,,,
1973-11-26,6.69,,,,,,,,
1973-11-27,6.7,,,,,,,,
1973-11-28,6.7,,,,,,,,
1973-11-29,6.7,,,,,,,,
1973-11-30,6.69,,,,,,,,
1973-12-03,6.69,,,,,,,,
1973-12-04,6.69,,,,,,,,
1973-12-05,6.72,,,,,,,,
1973-12-06,6.75,,,,,,,,
1973-12-07,6.74,,,,,,,,
1973-12-10,6.71,,,,,,,,
1973-12-11,6.69,,,,,,,,
1973-12-12,6.69,,,,,,,,
1973-12-13,6.68,,,,,,,,
1973-12-14,6.68,,,,,,,,
1973-12-17,6.67,,,,,,,,
1973-12-18,6.68,,,,,,,,
1973-12-19,6.71,,,,,,,,
1973-12-20,6.73,,,,,,,,
1973-12-21,6.78,,,,,,,,
1973-12-24,,,,,,,,,
1973-12-25,,,,,,,,,
1973-12-26,6.83,,,,,,,,
1973-12-27,6.88,,,,,,,,
1973-12-28,6.91,,,,,,,,
1973-12-31,6.9,,,,,,,,
1974-01-01,,,,,,,,,
1974-01-02,6.94,,,,,,,,
1974-01-03,6.96,,,,,,,,
1974-01-04,6.94,,,,,,,,
1974-01-07,6.96,,,,,,,,
1974-01-08,6.96,,,,,,,,
1974-01-09,6.96,,,,,,,,
1974-01-10,7.0,,,,,,,,
1974-01-11,7.01,,,,,,,,
1974-01-14,7.01,,,,,,,,
1974-01-15,6.99,,,,,,,,
1974-01-16,6.99,,,,,,,,
1974-01-17,6.97,,,,,,,,
1974-01-18,6.98,,,,,,,,
1974-01-21,6.99,,,,,,,,
1974-01-22,7.0,,,,,,,,
1974-01-23,7.01,,,,,,,,
1974-01-24,7.02,,,,,,,,
1974-01-25,7.02,,,,,,,,
1974-01-28,7.01,,,,,,,,
1974-01-29,7.02,,,,,,,,
1974-01-30,7.01,,,,,,,,
1974-01-31,7.0,,,,,,,,
1974-02-01,7.0,,,,,,,,
1974-02-04,6.98,,,,,,,,
1974-02-05,6.95,,,,,,,,
1974-02-06,6.93,,,,,,,,
1974-02-07,6.93,,,,,,,,
1974-02-08,6.93,,,,,,,,
1974-02-11,6.93,,,,,,,,
1974-02-12,,,,,,,,,
1974-02-13,6.93,,,,,,,,
1974-02-14,6.93,,,,,,,,
1974-02-15,6.93,,,,,,,,
1974-02-18,,,,,,,,,
1974-02-19,6.93,,,,,,,,
1974-02-20,6.96,,,,,,,,
1974-02-21,6.98,,,,,,,,
1974-02-22,6.97,,,,,,,,
1974-02-25,6.96,,,,,,,,
1974-02-26,6.98,,,,,,,,
1974-02-27,7.0,,,,,,,,
1974-02-28,7.01,,,,,,,,
1974-03-01,7.08,,,,,,,,
1974-03-04,7.09,,,,,,,,
1974-03-05,7.1,,,,,,,,
1974-03-06,7.09,,,,,,,,
1974-03-07,7.06,,,,,,,,
1974-03-08,7.06,,,,,,,,
1974-03-11,7.08,,,,,,,,
1974-03-12,7.09,,,,,,,,
1974-03-13,7.13,,,,,,,,
1974-03-14,7.13,,,,,,,,
1974-03-15,7.18,,,,,,,,
1974-03-18,7.23,,,,,,,,
1974-03-19,7.24,,,,,,,,
1974-03-20,7.27,,,,,,,,
1974-03-21,7.3,,,,,,,,
1974-03-22,7.35,,,,,,,,
1974-03-25,7.39,,,,,,,,
1974-03-26,7.38,,,,,,,,
1974-03-27,7.35,,,,,,,,
1974-03-28,7.38,,,,,,,,
1974-03-29,7.41,,,,,,,,
1974-04-01,7.42,,,,,,,,
1974-04-02,7.43,,,,,,,,
1974-04-03,7.43,,,,,,,,
1974-04-04,7.51,,,,,,,,
1974-04-05,7.54,,,,,,,,
1974-04-08,7.5,,,,,,,,
1974-04-09,7.49,,,,,,,,
1974-04-10,7.46,,,,,,,,
1974-04-11,7.45,,,,,,,,
1974-04-12,,,,,,,,,
1974-04-15,7.42,,,,,,,,
1974-04-16,7.43,,,,,,,,
1974-04-17,7.45,,,,,,,,
1974-04-18,7.5,,,,,,,,
1974-04-19,7.51,,,,,,,,
1974-04-22,7.52,,,,,,,,
1974-04-23,7.54,,,,,,,,
1974-04-24,7.58,,,,,,,,
1974-04-25,7.63,,,,,,,,
1974-04-26,7.64,,,,,,,,
1974-04-29,7.65,,,,,,,,
1974-04-30,7.66,,,,,,,,
1974-05-01,7.62,,,,,,,,
1974-05-02,7.58,,,,,,,,
1974-05-03,7.65,,,,,,,,
1974-05-06,7.65,,,,,,,,
1974-05-07,7.65,,,,,,,,
1974-05-08,7.65,,,,,,,,
1974-05-09,7.7,,,,,,,,
1974-05-10,7.63,,,,,,,,
1974-05-13,7.54,,,,,,,,
1974-05-14,7.57,,,,,,,,
1974-05-15,7.55,,,,,,,,
1974-05-16,7.54,,,,,,,,
1974-05-17,7.57,,,,,,,,
1974-05-20,7.58,,,,,,,,
1974-05-21,7.57,,,,,,,,
1974-05-22,7.56,,,,,,,,
1974-05-23,7.52,,,,,,,,
1974-05-24,7.49,,,,,,,,
1974-05-27,,,,,,,,,
1974-05-28,7.5,,,,,,,,
1974-05-29,7.52,,,,,,,,
1974-05-30,7.51,,,,,,,,
1974-05-31,7.52,,,,,,,,
1974-06-03,7.53,,,,,,,,
1974-06-04,7.52,,,,,,,,
1974-06-05,7.52,,,,,,,,
1974-06-06,7.5,,,,,,,,
1974-06-07,7.46,,,,,,,,
1974-06-10,7.47,,,,,,,,
1974-06-11,7.48,,,,,,,,
1974-06-12,7.5,,,,,,,,
1974-06-13,7.5,,,,,,,,
1974-06-14,7.5,,,,,,,,
1974-06-17,7.49,,,,,,,,
1974-06-18,7.52,,,,,,,,
1974-06-19,7.52,,,,,,,,
1974-06-20,7.55,,,,,,,,
1974-06-21,7.55,,,,,,,,
1974-06-24,7.58,,,,,,,,
1974-06-25,7.62,,,,,,,,
1974-06-26,7.62,,,,,,,,
1974-06-27,7.64,,,,,,,,
1974-06-28,7.64,,,,,,,,
1974-07-01,7.65,,,,,,,,
1974-07-02,7.65,,,,,,,,
1974-07-03,7.7,,,,,,,,
1974-07-04,,,,,,,,,
1974-07-05,7.71,,,,,,,,
1974-07-08,7.77,,,,,,,,
1974-07-09,7.81,,,,,,,,
1974-07-10,7.82,,,,,,,,
1974-07-11,7.84,,,,,,,,
1974-07-12,7.85,,,,,,,,
1974-07-15,7.86,,,,,,,,
1974-07-16,7.88,,,,,,,,
1974-07-17,7.91,,,,,,,,
1974-07-18,7.9,,,,,,,,
1974-07-19,7.87,,,,,,,,
1974-07-22,7.77,,,,,,,,
1974-07-23,7.79,,,,,,,,
1974-07-24,7.76,,,,,,,,
1974-07-25,7.75,,,,,,,,
1974-07-26,7.79,,,,,,,,
1974-07-29,7.85,,,,,,,,
1974-07-30,7.89,,,,,,,,
1974-07-31,7.89,,,,,,,,
1974-08-01,7.92,,,,,,,,
1974-08-02,7.96,,,,,,,,
1974-08-05,7.99,,,,,,,,
1974-08-06,7.97,,,,,,,,
1974-08-07,7.97,,,,,,,,
1974-08-08,7.97,,,,,,,,
1974-08-09,8.03,,,,,,,,
1974-08-12,8.05,,,,,,,,
1974-08-13,8.06,,,,,,,,
1974-08-14,8.05,,,,,,,,
1974-08-15,8.02,,,,,,,,
1974-08-16,8.0,,,,,,,,
1974-08-19,7.98,,,,,,,,
1974-08-20,7.99,,,,,,,,
1974-08-21,8.05,,,,,,,,
1974-08-22,8.09,,,,,,,,
1974-08-23,8.15,,,,,,,,
1974-08-26,8.16,,,,,,,,
1974-08-27,8.15,,,,,,,,
1974-08-28,8.15,,,,,,,,
1974-08-29,8.15,,,,,,,,
1974-08-30,8.11,,,,,,,,
1974-09-02,,,,,,,,,
1974-09-03,8.11,,,,,,,,
1974-09-04,8.12,,,,,,,,
1974-09-05,8.1,,,,,,,,
1974-09-06,8.09,,,,,,,,
1974-09-09,8.02,,,,,,,,
1974-09-10,8.04,,,,,,,,
1974-09-11,8.05,,,,,,,,
1974-09-12,8.13,,,,,,,,
1974-09-13,8.13,,,,,,,,
1974-09-16,8.1,,,,,,,,
1974-09-17,8.09,,,,,,,,
1974-09-18,8.08,,,,,,,,
1974-09-19,8.04,,,,,,,,
1974-09-20,8.02,,,,,,,,
1974-09-23,7.91,,,,,,,,
1974-09-24,7.94,,,,,,,,
1974-09-25,7.94,,,,,,,,
1974-09-26,7.96,,,,,,,,
1974-09-27,7.94,,,,,,,,
1974-09-30,7.94,,,,,,,,
1974-10-01,7.97,,,,,,,,
1974-10-02,7.98,,,,,,,,
1974-10-03,8.04,,,,,,,,
1974-10-04,8.02,,,,,,,,
1974-10-07,8.01,,,,,,,,
1974-10-08,7.95,,,,,,,,
1974-10-09,7.95,,,,,,,,
1974-10-10,7.93,,,,,,,,
1974-10-11,7.88,,,,,,,,
1974-10-14,,,,,,,,,
1974-10-15,7.87,,,,,,,,
1974-10-16,7.87,,,,,,,,
1974-10-17,7.88,,,,,,,,
1974-10-18,7.86,,,,,,,,
1974-10-21,7.81,,,,,,,,
1974-10-22,7.81,,,,,,,,
1974-10-23,7.85,,,,,,,,
1974-10-24,7.87,,,,,,,,
1974-10-25,7.86,,,,,,,,
1974-10-28,7.88,,,,,,,,
1974-10-29,7.84,,,,,,,,
1974-10-30,7.81,,,,,,,,
1974-10-31,7.79,,,,,,,,
1974-11-01,7.8,,,,,,,,
1974-11-04,7.8,,,,,,,,
1974-11-05,,,,,,,,,
1974-11-06,7.76,,,,,,,,
1974-11-07,7.74,,,,,,,,
1974-11-08,7.72,,,,,,,,
1974-11-11,,,,,,,,,
1974-11-12,7.78,,,,,,,,
1974-11-13,7.75,,,,,,,,
1974-11-14,7.72,,,,,,,,
1974-11-15,7.61,,,,,,,,
1974-11-18,7.63,,,,,,,,
1974-11-19,7.63,,,,,,,,
1974-11-20,7.59,,,,,,,,
1974-11-21,7.6,,,,,,,,
1974-11-22,7.6,,,,,,,,
1974-11-25,7.62,,,,,,,,
1974-11-26,7.63,,,,,,,,
1974-11-27,7.64,,,,,,,,
1974-11-28,,,,,,,,,
1974-11-29,7.64,,,,,,,,
1974-12-02,7.71,,,,,,,,
1974-12-03,7.74,,,,,,,,
1974-12-04,7.68,,,,,,,,
1974-12-05,7.64,,,,,,,,
1974-12-06,7.59,,,,,,,,
1974-12-09,7.4,,,,,,,,
1974-12-10,7.42,,,,,,,,
1974-12-11,7.38,,,,,,,,
1974-12-12,7.39,,,,,,,,
1974-12-13,7.38,,,,,,,,
1974-12-16,7.34,,,,,,,,
1974-12-17,7.28,,,,,,,,
1974-12-18,7.25,,,,,,,,
1974-12-19,7.25,,,,,,,,
1974-12-20,7.27,,,,,,,,
1974-12-23,7.41,,,,,,,,
1974-12-24,7.43,,,,,,,,
1974-12-25,,,,,,,,,
1974-12-26,7.37,,,,,,,,
1974-12-27,7.39,,,,,,,,
1974-12-30,7.39,,,,,,,,
1974-12-31,7.4,,,,,,,,
1975-01-01,,,,,,,,,
1975-01-02,7.42,,,,,,,,
1975-01-03,7.43,,,,,,,,
1975-01-06,7.39,,,,,,,,
1975-01-07,7.38,,,,,,,,
1975-01-08,7.39,,,,,,,,
1975-01-09,7.35,,,,,,,,
1975-01-10,7.37,,,,,,,,
1975-01-13,7.46,,,,,,,,
1975-01-14,7.49,,,,,,,,
1975-01-15,7.54,,,,,,,,
1975-01-16,7.54,,,,,,,,
1975-01-17,7.53,,,,,,,,
1975-01-20,7.59,,,,,,,,
1975-01-21,7.55,,,,,,,,
1975-01-22,7.51,,,,,,,,
1975-01-23,7.57,,,,,,,,
1975-01-24,7.64,,,,,,,,
1975-01-27,7.61,,,,,,,,
1975-01-28,7.61,,,,,,,,
1975-01-29,7.59,,,,,,,,
1975-01-30,7.54,,,,,,,,
1975-01-31,7.53,,,,,,,,
1975-02-03,7.49,,,,,,,,
1975-02-04,7.47,,,,,,,,
1975-02-05,7.35,,,,,,,,
1975-02-06,7.43,,,,,,,,
1975-02-07,7.38,,,,,,,,
1975-02-10,7.45,,,,,,,,
1975-02-11,7.42,,,,,,,,
1975-02-12,,,,,,,,,
1975-02-13,7.44,,,,,,,,
1975-02-14,7.35,,,,,,,,
1975-02-17,,,,,,,,,
1975-02-18,7.28,,,,,,,,
1975-02-19,7.26,,,,,,,,
1975-02-20,7.3,,,,,,,,
1975-02-21,7.22,,,,,,,,
1975-02-24,7.36,,,,,,,,
1975-02-25,7.43,,,,,,,,
1975-02-26,7.5,,,,,,,,
1975-02-27,7.47,,,,,,,,
1975-02-28,7.46,,,,,,,,
1975-03-03,7.5,,,,,,,,
1975-03-04,7.53,,,,,,,,
1975-03-05,7.48,,,,,,,,
1975-03-06,7.49,,,,,,,,
1975-03-07,7.52,,,,,,,,
1975-03-10,7.56,,,,,,,,
1975-03-11,7.58,,,,,,,,
1975-03-12,7.58,,,,,,,,
1975-03-13,7.56,,,,,,,,
1975-03-14,7.58,,,,,,,,
1975-03-17,7.7,,,,,,,,
1975-03-18,7.7,,,,,,,,
1975-03-19,7.8,,,,,,,,
1975-03-20,7.95,,,,,,,,
1975-03-21,7.84,,,,,,,,
1975-03-24,8.05,,,,,,,,
1975-03-25,8.03,,,,,,,,
1975-03-26,8.02,,,,,,,,
1975-03-27,8.08,,,,,,,,
1975-03-28,,,,,,,,,
1975-03-31,8.01,,,,,,,,
1975-04-01,8.08,,,,,,,,
1975-04-02,8.22,,,,,,,,
1975-04-03,8.13,,,,,,,,
1975-04-04,8.15,,,,,,,,
1975-04-07,8.26,,,,,,,,
1975-04-08,8.21,,,,,,,,
1975-04-09,8.17,,,,,,,,
1975-04-10,8.19,,,,,,,,
1975-04-11,8.22,,,,,,,,
1975-04-14,8.16,,,,,,,,
1975-04-15,8.16,,,,,,,,
1975-04-16,8.15,,,,,,,,
1975-04-17,8.21,,,,,,,,
1975-04-18,8.27,,,,,,,,
1975-04-21,8.32,,,,,,,,
1975-04-22,8.32,,,,,,,,
1975-04-23,8.27,,,,,,,,
1975-04-24,8.25,,,,,,,,
1975-04-25,8.25,,,,,,,,
1975-04-28,8.35,,,,,,,,
1975-04-29,8.34,,,,,,,,
1975-04-30,8.31,,,,,,,,
1975-05-01,8.31,,,,,,,,
1975-05-02,8.11,,,,,,,,
1975-05-05,8.08,,,,,,,,
1975-05-06,8.11,,,,,,,,
1975-05-07,8.07,,,,,,,,
1975-05-08,8.09,,,,,,,,
1975-05-09,8.08,,,,,,,,
1975-05-12,8.07,,,,,,,,
1975-05-13,8.06,,,,,,,,
1975-05-14,8.02,,,,,,,,
1975-05-15,8.02,,,,,,,,
1975-05-16,8.01,,,,,,,,
1975-05-19,8.0,,,,,,,,
1975-05-20,7.98,,,,,,,,
1975-05-21,7.98,,,,,,,,
1975-05-22,8.02,,,,,,,,
1975-05-23,8.02,,,,,,,,
1975-05-26,,,,,,,,,
1975-05-27,7.98,,,,,,,,
1975-05-28,8.02,,,,,,,,
1975-05-29,8.18,,,,,,,,
1975-05-30,8.04,,,,,,,,
1975-06-02,8.02,,,,,,,,
1975-06-03,8.0,,,,,,,,
1975-06-04,7.99,,,,,,,,
1975-06-05,7.97,,,,,,,,
1975-06-06,7.88,,,,,,,,
1975-06-09,7.78,,,,,,,,
1975-06-10,7.77,,,,,,,,
1975-06-11,7.65,,,,,,,,
1975-06-12,7.67,,,,,,,,
1975-06-13,7.69,,,,,,,,
1975-06-16,7.66,,,,,,,,
1975-06-17,7.72,,,,,,,,
1975-06-18,7.83,,,,,,,,
1975-06-19,7.8,,,,,,,,
1975-06-20,7.94,,,,,,,,
1975-06-23,7.9,,,,,,,,
1975-06-24,7.9,,,,,,,,
1975-06-25,8.02,,,,,,,,
1975-06-26,7.98,,,,,,,,
1975-06-27,7.95,,,,,,,,
1975-06-30,7.96,,,,,,,,
1975-07-01,7.97,,,,,,,,
1975-07-02,8.05,,,,,,,,
1975-07-03,8.05,,,,,,,,
1975-07-04,,,,,,,,,
1975-07-07,8.06,,,,,,,,
1975-07-08,8.01,,,,,,,,
1975-07-09,8.02,,,,,,,,
1975-07-10,8.02,,,,,,,,
1975-07-11,7.99,,,,,,,,
1975-07-14,7.99,,,,,,,,
1975-07-15,7.98,,,,,,,,
1975-07-16,8.03,,,,,,,,
1975-07-17,8.04,,,,,,,,
1975-07-18,8.06,,,,,,,,
1975-07-21,8.07,,,,,,,,
1975-07-22,8.1,,,,,,,,
1975-07-23,8.09,,,,,,,,
1975-07-24,8.09,,,,,,,,
1975-07-25,8.12,,,,,,,,
1975-07-28,8.12,,,,,,,,
1975-07-29,8.13,,,,,,,,
1975-07-30,8.16,,,,,,,,
1975-07-31,8.2,,,,,,,,
1975-08-01,8.26,,,,,,,,
1975-08-04,8.37,,,,,,,,
1975-08-05,8.37,,,,,,,,
1975-08-06,8.4,,,,,,,,
1975-08-07,8.48,,,,,,,,
1975-08-08,8.4,,,,,,,,
1975-08-11,8.38,,,,,,,,
1975-08-12,8.4,,,,,,,,
1975-08-13,8.39,,,,,,,,
1975-08-14,8.45,,,,,,,,
1975-08-15,8.48,,,,,,,,
1975-08-18,8.46,,,,,,,,
1975-08-19,8.42,,,,,,,,
1975-08-20,8.42,,,,,,,,
1975-08-21,8.48,,,,,,,,
1975-08-22,8.46,,,,,,,,
1975-08-25,8.46,,,,,,,,
1975-08-26,8.4,,,,,,,,
1975-08-27,8.37,,,,,,,,
1975-08-28,8.28,,,,,,,,
1975-08-29,8.22,,,,,,,,
1975-09-01,,,,,,,,,
1975-09-02,8.26,,,,,,,,
1975-09-03,8.29,,,,,,,,
1975-09-04,8.29,,,,,,,,
1975-09-05,8.35,,,,,,,,
1975-09-08,8.36,,,,,,,,
1975-09-09,8.4,,,,,,,,
1975-09-10,8.46,,,,,,,,
1975-09-11,8.55,,,,,,,,
1975-09-12,8.57,,,,,,,,
1975-09-15,8.58,,,,,,,,
1975-09-16,8.59,,,,,,,,
1975-09-17,8.53,,,,,,,,
1975-09-18,8.5,,,,,,,,
1975-09-19,8.42,,,,,,,,
1975-09-22,8.38,,,,,,,,
1975-09-23,8.35,,,,,,,,
1975-09-24,8.31,,,,,,,,
1975-09-25,8.38,,,,,,,,
1975-09-26,8.45,,,,,,,,
1975-09-29,8.46,,,,,,,,
1975-09-30,8.48,,,,,,,,
1975-10-01,8.47,,,,,,,,
1975-10-02,8.44,,,,,,,,
1975-10-03,8.33,,,,,,,,
1975-10-06,8.3,,,,,,,,
1975-10-07,8.33,,,,,,,,
1975-10-08,8.3,,,,,,,,
1975-10-09,8.23,,,,,,,,
1975-10-10,8.15,,,,,,,,
1975-10-13,,,,,,,,,
1975-10-14,8.19,,,,,,,,
1975-10-15,8.19,,,,,,,,
1975-10-16,8.07,,,,,,,,
1975-10-17,8.07,,,,,,,,
1975-10-20,8.07,,,,,,,,
1975-10-21,8.05,,,,,,,,
1975-10-22,8.05,,,,,,,,
1975-10-23,7.99,,,,,,,,
1975-10-24,8.0,,,,,,,,
1975-10-27,8.0,,,,,,,,
1975-10-28,7.99,,,,,,,,
1975-10-29,7.98,,,,,,,,
1975-10-30,7.92,,,,,,,,
1975-10-31,7.91,,,,,,,,
1975-11-03,7.97,,,,,,,,
1975-11-04,,,,,,,,,
1975-11-05,7.91,,,,,,,,
1975-11-06,7.94,,,,,,,,
1975-11-07,7.91,,,,,,,,
1975-11-10,7.9,,,,,,,,
1975-11-11,,,,,,,,,
1975-11-12,7.95,,,,,,,,
1975-11-13,7.97,,,,,,,,
1975-11-14,8.06,,,,,,,,
1975-11-17,8.08,,,,,,,,
1975-11-18,8.13,,,,,,,,
1975-11-19,8.14,,,,,,,,
1975-11-20,8.12,,,,,,,,
1975-11-21,8.21,,,,,,,,
1975-11-24,8.16,,,,,,,,
1975-11-25,8.16,,,,,,,,
1975-11-26,8.15,,,,,,,,
1975-11-27,,,,,,,,,
1975-11-28,8.14,,,,,,,,
1975-12-01,8.12,,,,,,,,
1975-12-02,8.1,,,,,,,,
1975-12-03,8.1,,,,,,,,
1975-12-04,8.15,,,,,,,,
1975-12-05,8.13,,,,,,,,
1975-12-08,8.19,,,,,,,,
1975-12-09,8.23,,,,,,,,
1975-12-10,8.23,,,,,,,,
1975-12-11,8.16,,,,,,,,
1975-12-12,8.12,,,,,,,,
1975-12-15,8.06,,,,,,,,
1975-12-16,8.0,,,,,,,,
1975-12-17,7.95,,,,,,,,
1975-12-18,7.96,,,,,,,,
1975-12-19,7.88,,,,,,,,
1975-12-22,7.87,,,,,,,,
1975-12-23,7.87,,,,,,,,
1975-12-24,7.82,,,,,,,,
1975-12-25,,,,,,,,,
1975-12-26,7.75,,,,,,,,
1975-12-29,7.75,,,,,,,,
1975-12-30,7.73,,,,,,,,
1975-12-31,7.76,,,,,,,,
1976-01-01,,,,,,,,,
1976-01-02,7.77,,,,,,,,
1976-01-05,7.74,,,,,,,,
1976-01-06,7.64,,,,,,,,
1976-01-07,7.69,,,,,,,,
1976-01-08,7.74,,,,,,,,
1976-01-09,7.64,,,,,,,,
1976-01-12,7.63,,,,,,,,
1976-01-13,7.64,,,,,,,,
1976-01-14,7.71,,,,,,,,
1976-01-15,7.73,,,,,,,,
1976-01-16,7.79,,,,,,,,
1976-01-19,7.76,,,,,,,,
1976-01-20,7.71,,,,,,,,
1976-01-21,7.78,,,,,,,,
1976-01-22,7.8,,,,,,,,
1976-01-23,7.78,,,,,,,,
1976-01-26,7.79,,,,,,,,
1976-01-27,7.8,,,,,,,,
1976-01-28,7.83,,,,,,,,
1976-01-29,7.82,,,,,,,,
1976-01-30,7.8,,,,,,,,
1976-02-02,7.8,,,,,,,,
1976-02-03,7.82,,,,,,,,
1976-02-04,7.85,,,,,,,,
1976-02-05,7.83,,,,,,,,
1976-02-06,7.88,,,,,,,,
1976-02-09,7.86,,,,,,,,
1976-02-10,7.88,,,,,,,,
1976-02-11,7.85,,,,,,,,
1976-02-12,,,,,,,,,
1976-02-13,7.82,,,,,,,,
1976-02-16,,,,,,,,,
1976-02-17,7.78,,,,,,,,
1976-02-18,7.79,,,,,,,,
1976-02-19,7.8,,,,,,,,
1976-02-20,7.77,,,,,,,,
1976-02-23,7.72,,,,,,,,
1976-02-24,7.69,,,,,,,,
1976-02-25,7.68,,,,,,,,
1976-02-26,7.68,,,,,,,,
1976-02-27,7.77,,,,,,,,
1976-03-01,7.86,,,,,,,,
1976-03-02,7.82,,,,,,,,
1976-03-03,7.82,,,,,,,,
1976-03-04,7.85,,,,,,,,
1976-03-05,7.8,,,,,,,,
1976-03-08,7.76,,,,,,,,
1976-03-09,7.78,,,,,,,,
1976-03-10,7.76,,,,,,,,
1976-03-11,7.77,,,,,,,,
1976-03-12,7.71,,,,,,,,
1976-03-15,7.74,,,,,,,,
1976-03-16,7.76,,,,,,,,
1976-03-17,7.76,,,,,,,,
1976-03-18,7.73,,,,,,,,
1976-03-19,7.74,,,,,,,,
1976-03-22,7.68,,,,,,,,
1976-03-23,7.67,,,,,,,,
1976-03-24,7.65,,,,,,,,
1976-03-25,7.64,,,,,,,,
1976-03-26,7.64,,,,,,,,
1976-03-29,7.64,,,,,,,,
1976-03-30,7.65,,,,,,,,
1976-03-31,7.66,,,,,,,,
1976-04-01,7.68,,,,,,,,
1976-04-02,7.67,,,,,,,,
1976-04-05,7.62,,,,,,,,
1976-04-06,7.59,,,,,,,,
1976-04-07,7.56,,,,,,,,
1976-04-08,7.55,,,,,,,,
1976-04-09,7.52,,,,,,,,
1976-04-12,7.52,,,,,,,,
1976-04-13,7.5,,,,,,,,
1976-04-14,7.47,,,,,,,,
1976-04-15,7.47,,,,,,,,
1976-04-16,,,,,,,,,
1976-04-19,7.51,,,,,,,,
1976-04-20,7.5,,,,,,,,
1976-04-21,7.47,,,,,,,,
1976-04-22,7.52,,,,,,,,
1976-04-23,7.59,,,,,,,,
1976-04-26,7.61,,,,,,,,
1976-04-27,7.62,,,,,,,,
1976-04-28,7.6,,,,,,,,
1976-04-29,7.61,,,,,,,,
1976-04-30,7.67,,,,,,,,
1976-05-03,7.69,,,,,,,,
1976-05-04,7.66,,,,,,,,
1976-05-05,7.68,,,,,,,,
1976-05-06,7.78,,,,,,,,
1976-05-07,7.87,,,,,,,,
1976-05-10,7.92,,,,,,,,
1976-05-11,7.92,,,,,,,,
1976-05-12,7.94,,,,,,,,
1976-05-13,7.92,,,,,,,,
1976-05-14,7.93,,,,,,,,
1976-05-17,7.94,,,,,,,,
1976-05-18,7.94,,,,,,,,
1976-05-19,7.94,,,,,,,,
1976-05-20,7.95,,,,,,,,
1976-05-21,8.0,,,,,,,,
1976-05-24,7.98,,,,,,,,
1976-05-25,7.94,,,,,,,,
1976-05-26,7.95,,,,,,,,
1976-05-27,7.99,,,,,,,,
1976-05-28,7.96,,,,,,,,
1976-05-31,,,,,,,,,
1976-06-01,7.94,,,,,,0.68,,
1976-06-02,7.94,,,,,,0.71,,
1976-06-03,7.92,,,,,,0.7,,
1976-06-04,7.89,,,,,,0.77,,
1976-06-07,7.88,,,,,,0.79,,
1976-06-08,7.9,,,,,,0.79,,
1976-06-09,7.9,,,,,,0.82,,
1976-06-10,7.86,,,,,,0.86,,
1976-06-11,7.86,,,,,,0.83,,
1976-06-14,7.84,,,,,,0.83,,
1976-06-15,7.85,,,,,,0.83,,
1976-06-16,7.87,,,,,,0.81,,
1976-06-17,7.85,,,,,,0.79,,
1976-06-18,7.81,,,,,,0.82,,
1976-06-21,7.8,,,,,,0.85,,
1976-06-22,7.81,,,,,,0.8,,
1976-06-23,7.81,,,,,,0.8,,
1976-06-24,7.81,,,,,,0.82,,
1976-06-25,7.83,,,,,,0.81,,
1976-06-28,7.86,,,,,,0.84,,
1976-06-29,7.86,,,,,,0.84,,
1976-06-30,7.86,,,,,,0.84,,
1976-07-01,7.88,,,,,,0.86,,
1976-07-02,7.84,,,,,,0.85,,
1976-07-05,,,,,,,,,
1976-07-06,7.82,,,,,,0.86,,
1976-07-07,7.84,,,,,,0.85,,
1976-07-08,7.82,,,,,,0.9,,
1976-07-09,7.78,,,,,,1.01,,
1976-07-12,7.76,,,,,,1.04,,
1976-07-13,7.77,,,,,,1.03,,
1976-07-14,7.79,,,,,,1.03,,
1976-07-15,7.77,,,,,,1.05,,
1976-07-16,7.83,,,,,,0.98,,
1976-07-19,7.86,,,,,,0.97,,
1976-07-20,7.87,,,,,,0.96,,
1976-07-21,7.86,,,,,,0.96,,
1976-07-22,7.86,,,,,,0.95,,
1976-07-23,7.84,,,,,,0.94,,
1976-07-26,7.87,,,,,,1.01,,
1976-07-27,7.85,,,,,,1.09,,
1976-07-28,7.85,,,,,,1.06,,
1976-07-29,7.85,,,,,,1.1,,
1976-07-30,7.86,,,,,,1.12,,
1976-08-02,7.85,,,,,,1.1,,
1976-08-03,7.82,,,,,,1.1,,
1976-08-04,7.81,,,,,,1.08,,
1976-08-05,7.82,,,,,,1.08,,
1976-08-06,7.84,,,,,,1.13,,
1976-08-09,7.84,,,,,,1.16,,
1976-08-10,7.84,,,,,,1.16,,
1976-08-11,7.82,,,,,,1.16,,
1976-08-12,7.81,,,,,,1.17,,
1976-08-13,7.78,,,,,,1.18,,
1976-08-16,7.74,,,,,,1.17,,
1976-08-17,7.75,,,,,,1.18,,
1976-08-18,7.76,,,,,,1.17,,
1976-08-19,7.76,,,,,,1.15,,
1976-08-20,7.76,,,,,,1.08,,
1976-08-23,7.73,,,,,,1.11,,
1976-08-24,7.72,,,,,,1.12,,
1976-08-25,7.69,,,,,,1.16,,
1976-08-26,7.68,,,,,,1.14,,
1976-08-27,7.72,,,,,,1.12,,
1976-08-30,7.71,,,,,,1.14,,
1976-08-31,7.66,,,,,,1.16,,
1976-09-01,7.64,,,,,,1.14,,
1976-09-02,7.67,,,,,,1.13,,
1976-09-03,7.65,,,,,,1.13,,
1976-09-06,,,,,,,,,
1976-09-07,7.64,,,,,,1.18,,
1976-09-08,7.64,,,,,,1.2,,
1976-09-09,7.66,,,,,,1.17,,
1976-09-10,7.64,,,,,,1.18,,
1976-09-13,7.64,,,,,,1.17,,
1976-09-14,7.64,,,,,,1.15,,
1976-09-15,7.62,,,,,,1.17,,
1976-09-16,7.6,,,,,,1.19,,
1976-09-17,7.49,,,,,,1.23,,
1976-09-20,7.52,,,,,,1.18,,
1976-09-21,7.51,,,,,,1.21,,
1976-09-22,7.53,,,,,,1.17,,
1976-09-23,7.54,,,,,,1.19,,
1976-09-24,7.58,,,,,,1.14,,
1976-09-27,7.6,,,,,,1.19,,
1976-09-28,7.56,,,,,,1.2,,
1976-09-29,7.56,,,,,,1.2,,
1976-09-30,7.55,,,,,,1.22,,
1976-10-01,7.49,,,,,,1.25,,
1976-10-04,7.46,,,,,,1.27,,
1976-10-05,7.47,,,,,,1.28,,
1976-10-06,7.44,,,,,,1.33,,
1976-10-07,7.43,,,,,,1.34,,
1976-10-08,7.38,,,,,,1.51,,
1976-10-11,,,,,,,,,
1976-10-12,7.35,,,,,,1.55,,
1976-10-13,7.35,,,,,,1.53,,
1976-10-14,7.34,,,,,,1.53,,
1976-10-15,7.31,,,,,,1.56,,
1976-10-18,7.31,,,,,,1.54,,
1976-10-19,7.35,,,,,,1.5,,
1976-10-20,7.38,,,,,,1.43,,
1976-10-21,7.39,,,,,,1.41,,
1976-10-22,7.48,,,,,,1.41,,
1976-10-25,7.53,,,,,,1.42,,
1976-10-26,7.48,,,,,,1.43,,
1976-10-27,7.45,,,,,,1.44,,
1976-10-28,7.41,,,,,,1.42,,
1976-10-29,7.42,,,,,,1.39,,
1976-11-01,7.38,,,,,,1.35,,
1976-11-02,,,,,,,,,
1976-11-03,7.44,,,,,,1.37,,
1976-11-04,7.38,,,,,,1.43,,
1976-11-05,7.41,,,,,,1.4,,
1976-11-08,7.46,,,,,,1.42,,
1976-11-09,7.46,,,,,,1.39,,
1976-11-10,7.45,,,,,,1.42,,
1976-11-11,,,,,,,,,
1976-11-12,7.43,,,,,,1.42,,
1976-11-15,7.41,,,,,,1.41,,
1976-11-16,7.33,,,,,,1.47,,
1976-11-17,7.32,,,,,,1.5,,
1976-11-18,7.33,,,,,,1.5,,
1976-11-19,7.24,,,,,,1.57,,
1976-11-22,7.17,,,,,,1.61,,
1976-11-23,7.16,,,,,,1.57,,
1976-11-24,7.14,,,,,,1.58,,
1976-11-25,,,,,,,,,
1976-11-26,6.99,,,,,,1.58,,
1976-11-29,7.02,,,,,,1.56,,
1976-11-30,7.01,,,,,,1.59,,
1976-12-01,6.97,,,,,,1.57,,
1976-12-02,6.92,,,,,,1.58,,
1976-12-03,6.86,,,,,,1.55,,
1976-12-06,6.87,,,,,,1.5,,
1976-12-07,6.88,,,,,,1.47,,
1976-12-08,6.91,,,,,,1.48,,
1976-12-09,6.92,,,,,,1.48,,
1976-12-10,6.82,,,,,,1.51,,
1976-12-13,6.9,,,,,,1.47,,
1976-12-14,6.89,,,,,,1.5,,
1976-12-15,6.88,,,,,,1.5,,
1976-12-16,6.88,,,,,,1.48,,
1976-12-17,6.88,,,,,,1.48,,
1976-12-20,6.84,,,,,,1.5,,
1976-12-21,6.85,,,,,,1.48,,
1976-12-22,6.86,,,,,,1.52,,
1976-12-23,6.84,,,,,,1.48,,
1976-12-24,,,,,,,,,
1976-12-27,6.84,,,,,,1.47,,
1976-12-28,6.86,,,,,,1.47,,
1976-12-29,6.84,,,,,,1.45,,
1976-12-30,6.8,,,,,,1.42,,
1976-12-31,6.81,,,,,,1.47,,
1977-01-03,6.84,,,,,,1.42,,
1977-01-04,6.9,,,,,,1.4,,
1977-01-05,6.88,,,,,,1.4,,
1977-01-06,6.93,,,,,,1.36,,
1977-01-07,7.07,,,,,,1.39,,
1977-01-10,7.2,,,,,,1.41,,
1977-01-11,7.28,,,,,,1.41,,
1977-01-12,7.26,,,,,,1.42,,
1977-01-13,7.18,,,,,,1.39,,
1977-01-14,7.28,,,,,,1.32,,
1977-01-17,7.28,,,,,,1.3,,
1977-01-18,7.34,,,,,,1.3,,
1977-01-19,7.28,,,,,,1.26,,
1977-01-20,7.26,,,,,,1.25,,
1977-01-21,7.28,,,,,,1.26,,
1977-01-24,7.34,,,,,,1.25,,
1977-01-25,7.32,,,,,,1.24,,
1977-01-26,7.33,,,,,,1.24,,
1977-01-27,7.43,,,,,,1.17,,
1977-01-28,7.4,,,,,,1.18,,
1977-01-31,7.4,,,,,,1.22,,
1977-02-01,7.41,,,,,,1.21,,
1977-02-02,7.47,,,,,,1.19,,
1977-02-03,7.46,,,,,,1.26,,
1977-02-04,7.28,,,,,,1.25,,
1977-02-07,7.34,,,,,,1.3,,
1977-02-08,7.35,,,,,,1.29,,
1977-02-09,7.34,,,,,,1.33,,
1977-02-10,7.34,,,,,,1.3,,
1977-02-11,7.36,,,,,,1.34,,
1977-02-14,7.38,,,,,,1.32,,
1977-02-15,7.36,,,,,,1.32,,
1977-02-16,7.34,,,,,,1.32,,
1977-02-17,7.26,,,,,,1.27,,
1977-02-18,7.41,,,,,,1.35,,
1977-02-21,,,,,,,,,
1977-02-22,7.42,,,,,,1.33,,
1977-02-23,7.48,,,,,,1.36,,
1977-02-24,7.5,,,,,,1.3,,
1977-02-25,7.48,,,,,,1.34,,
1977-02-28,7.45,,,,,,1.37,,
1977-03-01,7.49,,,,,,1.33,,
1977-03-02,7.45,,,,,,1.33,,
1977-03-03,7.43,,,,,,1.35,,
1977-03-04,7.48,,,,,,1.38,,
1977-03-07,7.5,,,,,,1.38,,
1977-03-08,7.52,,,,,,1.38,,
1977-03-09,7.5,,,,,,1.38,,
1977-03-10,7.49,,,,,,1.38,,
1977-03-11,7.44,,,,,,1.35,,
1977-03-14,7.45,,,,,,1.39,,
1977-03-15,7.44,,,,,,1.38,,
1977-03-16,7.44,,,,,,1.36,,
1977-03-17,7.47,,,,,,1.33,,
1977-03-18,7.44,,,,,,1.36,,
1977-03-21,7.43,,,,,,1.4,,
1977-03-22,7.43,,,,,,1.39,,
1977-03-23,7.44,,,,,,1.4,,
1977-03-24,7.46,,,,,,1.39,,
1977-03-25,7.48,,,,,,1.38,,
1977-03-28,7.47,,,,,,1.36,,
1977-03-29,7.47,,,,,,1.39,,
1977-03-30,7.44,,,,,,1.39,,
1977-03-31,7.42,,,,,,1.41,,
1977-04-01,7.43,,,,,,1.41,,
1977-04-04,7.44,,,,,,1.41,,
1977-04-05,7.47,,,,,,1.46,,
1977-04-06,7.46,,,,,,1.42,,
1977-04-07,7.43,,,,,,1.41,,
1977-04-08,,,,,,,,,
1977-04-11,7.39,,,,,,1.43,,
1977-04-12,7.39,,,,,,1.41,,
1977-04-13,7.36,,,,,,1.4,,
1977-04-14,7.22,,,,,,1.49,,
1977-04-15,7.25,,,,,,1.47,,
1977-04-18,7.25,,,,,,1.45,,
1977-04-19,7.3,,,,,,1.43,,
1977-04-20,7.32,,,,,,1.37,,
1977-04-21,7.33,,,,,,1.39,,
1977-04-22,7.36,,,,,,1.37,,
1977-04-25,7.4,,,,,,1.39,,
1977-04-26,7.38,,,,,,1.38,,
1977-04-27,7.38,,,,,,1.37,,
1977-04-28,7.4,,,,,,1.37,,
1977-04-29,7.45,,,,,,1.31,,
1977-05-02,7.45,,,,,,1.3,,
1977-05-03,7.44,,,,,,1.29,,
1977-05-04,7.45,,,,,,1.34,,
1977-05-05,7.47,,,,,,1.31,,
1977-05-06,7.5,,,,,,1.26,,
1977-05-09,7.5,,,,,,1.25,,
1977-05-10,7.52,,,,,,1.25,,
1977-05-11,7.52,,,,,,1.18,,
1977-05-12,7.5,,,,,,1.18,,
1977-05-13,7.48,,,,,,1.2,,
1977-05-16,7.46,,,,,,1.2,,
1977-05-17,7.45,,,,,,1.2,,
1977-05-18,7.43,,,,,,1.19,,
1977-05-19,7.49,,,,,,1.12,,
1977-05-20,7.49,,,,,,1.06,,
1977-05-23,7.46,,,,,,1.08,,
1977-05-24,7.41,,,,,,1.11,,
1977-05-25,7.39,,,,,,1.16,,
1977-05-26,7.42,,,,,,1.18,,
1977-05-27,7.38,,,,,,1.18,,
1977-05-30,,,,,,,,,
1977-05-31,7.38,,,,,,1.2,,
1977-06-01,7.38,,,,,,1.14,,
1977-06-02,7.39,,,,,,1.19,,
1977-06-03,7.36,,,,,,1.17,,
1977-06-06,7.37,,,,,,1.19,,
1977-06-07,7.36,,,,,,1.19,,
1977-06-08,7.36,,,,,,1.21,,
1977-06-09,7.35,,,,,,1.19,,
1977-06-10,7.3,,,,,,1.15,,
1977-06-13,7.27,,,,,,1.14,,
1977-06-14,7.22,,,,,,1.14,,
1977-06-15,7.23,,,,,,1.12,,
1977-06-16,7.24,,,,,,1.12,,
1977-06-17,7.24,,,,,,1.14,,
1977-06-20,7.27,,,,,,1.16,,
1977-06-21,7.26,,,,,,1.14,,
1977-06-22,7.25,,,,,,1.13,,
1977-06-23,7.26,,,,,,1.14,,
1977-06-24,7.2,,,,,,1.1,,
1977-06-27,7.2,,,,,,1.14,,
1977-06-28,7.16,,,,,,1.1,,
1977-06-29,7.19,,,,,,1.14,,
1977-06-30,7.2,,,,,,1.12,,
1977-07-01,7.34,,,,,,1.22,,
1977-07-04,,,,,,,,,
1977-07-05,7.35,,,,,,1.23,,
1977-07-06,7.37,,,,,,1.23,,
1977-07-07,7.29,,,,,,1.14,,
1977-07-08,7.31,,,,,,1.12,,
1977-07-11,7.33,,,,,,1.11,,
1977-07-12,7.32,,,,,,1.1,,
1977-07-13,7.28,,,,,,1.09,,
1977-07-14,,,,,,,,,
1977-07-15,7.31,,,,,,1.05,,
1977-07-18,7.34,,,,,,1.04,,
1977-07-19,7.33,,,,,,1.02,,
1977-07-20,7.32,,,,,,0.97,,
1977-07-21,7.32,,,,,,0.94,,
1977-07-22,7.31,,,,,,0.96,,
1977-07-25,7.28,,,,,,0.99,,
1977-07-26,7.28,,,,,,1.0,,
1977-07-27,7.36,,,,,,0.99,,
1977-07-28,7.41,,,,,,0.93,,
1977-07-29,7.42,,,,,,0.92,,
1977-08-01,7.43,,,,,,0.94,,
1977-08-02,7.44,,,,,,0.9,,
1977-08-03,7.42,,,,,,0.89,,
1977-08-04,7.43,,,,,,0.91,,
1977-08-05,7.42,,,,,,0.89,,
1977-08-08,7.41,,,,,,0.89,,
1977-08-09,7.45,,,,,,0.87,,
1977-08-10,7.46,,,,,,0.87,,
1977-08-11,7.47,,,,,,0.83,,
1977-08-12,7.48,,,,,,0.8,,
1977-08-15,7.48,,,,,,0.77,,
1977-08-16,7.48,,,,,,0.74,,
1977-08-17,7.44,,,,,,0.72,,
1977-08-18,7.42,,,,,,0.74,,
1977-08-19,7.4,,,,,,0.73,,
1977-08-22,7.39,,,,,,0.73,,
1977-08-23,7.36,,,,,,0.72,,
1977-08-24,7.35,,,,,,0.68,,
1977-08-25,7.32,,,,,,0.7,,
1977-08-26,7.27,,,,,,0.65,,
1977-08-29,7.25,,,,,,0.69,,
1977-08-30,7.27,,,,,,0.71,,
1977-08-31,7.28,,,,,,0.69,,
1977-09-01,7.3,,,,,,0.73,,
1977-09-02,7.24,,,,,,0.71,,
1977-09-05,,,,,,,,,
1977-09-06,7.24,,,,,,0.72,,
1977-09-07,7.26,,,,,,0.72,,
1977-09-08,7.28,,,,,,0.74,,
1977-09-09,7.36,,,,,,0.6,,
1977-09-12,7.38,,,,,,0.6,,
1977-09-13,7.37,,,,,,0.62,,
1977-09-14,7.34,,,,,,0.6,,
1977-09-15,7.33,,,,,,0.63,,
1977-09-16,7.32,,,,,,0.64,,
1977-09-19,7.32,,,,,,0.66,,
1977-09-20,7.36,,,,,,0.66,,
1977-09-21,7.36,,,,,,0.65,,
1977-09-22,7.39,,,,,,0.54,,
1977-09-23,7.39,,,,,,0.53,,
1977-09-26,7.42,,,,,,0.53,,
1977-09-27,7.38,,,,,,0.58,,
1977-09-28,7.38,,,,,,0.57,,
1977-09-29,7.39,,,,,,0.6,,
1977-09-30,7.41,,,,,,0.59,,
1977-10-03,7.41,,,,,,0.57,,
1977-10-04,7.4,,,,,,0.56,,
1977-10-05,7.4,,,,,,0.54,,
1977-10-06,7.44,,,,,,0.55,,
1977-10-07,7.48,,,,,,0.52,,
1977-10-10,,,,,,,,,
1977-10-11,7.54,,,,,,0.48,,
1977-10-12,7.54,,,,,,0.4,,
1977-10-13,7.54,,,,,,0.35,,
1977-10-14,7.54,,,,,,0.37,,
1977-10-17,7.55,,,,,,0.33,,
1977-10-18,7.55,,,,,,0.32,,
1977-10-19,7.54,,,,,,0.32,,
1977-10-20,7.54,,,,,,0.34,,
1977-10-21,7.55,,,,,,0.33,,
1977-10-24,7.56,,,,,,0.36,,
1977-10-25,7.58,,,,,,0.38,,
1977-10-26,7.57,,,,,,0.4,,
1977-10-27,7.56,,,,,,0.42,,
1977-10-28,7.56,,,,,,0.42,,
1977-10-31,7.62,,,,,,0.39,,
1977-11-01,7.63,,,,,,0.4,,
1977-11-02,7.69,,,,,,0.45,,
1977-11-03,7.68,,,,,,0.46,,
1977-11-04,7.64,,,,,,0.44,,
1977-11-07,7.62,,,,,,0.45,,
1977-11-08,,,,,,,,,
1977-11-09,7.6,,,,,,0.44,,
1977-11-10,7.59,,,,,,0.44,,
1977-11-11,,,,,,,,,
1977-11-14,7.56,,,,,,0.46,,
1977-11-15,7.56,,,,,,0.45,,
1977-11-16,7.55,,,,,,0.43,,
1977-11-17,7.54,,,,,,0.44,,
1977-11-18,7.54,,,,,,0.43,,
1977-11-21,7.56,,,,,,0.44,,
1977-11-22,7.54,,,,,,0.4,,
1977-11-23,7.52,,,,,,0.41,,
1977-11-24,,,,,,,,,
1977-11-25,7.52,,,,,,0.42,,
1977-11-28,7.53,,,,,,0.42,,
1977-11-29,7.55,,,,,,0.44,,
1977-11-30,7.55,,,,,,0.44,,
1977-12-01,7.58,,,,,,0.45,,
1977-12-02,7.59,,,,,,0.44,,
1977-12-05,7.6,,,,,,0.45,,
1977-12-06,7.63,,,,,,0.48,,
1977-12-07,7.63,,,,,,0.47,,
1977-12-08,7.64,,,,,,0.48,,
1977-12-09,7.63,,,,,,0.48,,
1977-12-12,7.64,,,,,,0.48,,
1977-12-13,7.65,,,,,,0.49,,
1977-12-14,7.66,,,,,,0.5,,
1977-12-15,7.67,,,,,,0.53,,
1977-12-16,7.67,,,,,,0.54,,
1977-12-19,7.69,,,,,,0.56,,
1977-12-20,7.74,,,,,,0.6,,
1977-12-21,7.72,,,,,,0.56,,
1977-12-22,7.75,,,,,,0.49,,
1977-12-23,7.75,,,,,,0.51,,
1977-12-26,,,,,,,,,
1977-12-27,7.77,,,,,,0.52,,
1977-12-28,7.78,,,,,,0.53,,
1977-12-29,7.82,,,,,,0.56,,
1977-12-30,7.78,,,,,,0.56,,
1978-01-02,,,,,,,,,
1978-01-03,7.83,,,,,,0.59,,
1978-01-04,7.82,,,,,,0.58,,
1978-01-05,7.83,,,,,,0.57,,
1978-01-06,7.85,,,,,,0.57,,
1978-01-09,8.01,,,,,,0.43,,
1978-01-10,8.02,,,,,,0.44,,
1978-01-11,8.03,,,,,,0.43,,
1978-01-12,8.02,,,,,,0.42,,
1978-01-13,7.98,,,,,,0.41,,
1978-01-16,7.98,,,,,,0.43,,
1978-01-17,7.98,,,,,,0.44,,
1978-01-18,7.98,,,,,,0.44,,
1978-01-19,7.97,,,,,,0.42,,
1978-01-20,7.97,,,,,,0.42,,
1978-01-23,7.97,,,,,,0.44,,
1978-01-24,7.99,,,,,,0.46,,
1978-01-25,8.0,,,,,,0.47,,
1978-01-26,7.98,,,,,,0.47,,
1978-01-27,7.97,,,,,,0.49,,
1978-01-30,7.96,,,,,,0.49,,
1978-01-31,7.94,,,,,,0.47,,
1978-02-01,7.96,,,,,,0.49,,
1978-02-02,7.96,,,,,,0.48,,
1978-02-03,7.97,,,,,,0.49,,
1978-02-06,7.99,,,,,,0.49,,
1978-02-07,7.99,,,,,,0.47,,
1978-02-08,8.0,,,,,,0.48,,
1978-02-09,8.01,,,,,,0.49,,
1978-02-10,8.02,,,,,,0.49,,
1978-02-13,,,,,,,,,
1978-02-14,8.05,,,,,,0.48,,
1978-02-15,8.08,,,,,,0.49,,
1978-02-16,8.1,,,,,,0.46,,
1978-02-17,8.09,,,,,,0.46,,
1978-02-20,,,,,,,,,
1978-02-21,8.1,,,,,,0.45,,
1978-02-22,8.1,,,,,,0.45,,
1978-02-23,8.08,,,,,,0.43,,
1978-02-24,8.04,,,,,,0.43,,
1978-02-27,8.02,,,,,,0.43,,
1978-02-28,8.04,,,,,,0.47,,
1978-03-01,8.05,,,,,,0.46,,
1978-03-02,8.04,,,,,,0.45,,
1978-03-03,8.04,,,,,,0.45,,
1978-03-06,8.05,,,,,,0.47,,
1978-03-07,8.03,,,,,,0.47,,
1978-03-08,8.03,,,,,,0.49,,
1978-03-09,8.02,,,,,,0.46,,
1978-03-10,8.0,,,,,,0.46,,
1978-03-13,7.99,,,,,,0.45,,
1978-03-14,7.99,,,,,,0.45,,
1978-03-15,8.0,,,,,,0.46,,
1978-03-16,8.0,,,,,,0.46,,
1978-03-17,8.0,,,,,,0.45,,
1978-03-20,7.97,,,,,,0.44,,
1978-03-21,7.97,,,,,,0.44,,
1978-03-22,7.98,,,,,,0.44,,
1978-03-23,8.01,,,,,,0.45,,
1978-03-24,,,,,,,,,
1978-03-27,8.12,,,,,,0.51,,
1978-03-28,8.12,,,,,,0.48,,
1978-03-29,8.11,,,,,,0.47,,
1978-03-30,8.12,,,,,,0.48,,
1978-03-31,8.15,,,,,,0.45,,
1978-04-03,8.13,,,,,,0.44,,
1978-04-04,8.12,,,,,,0.43,,
1978-04-05,8.14,,,,,,0.42,,
1978-04-06,8.16,,,,,,0.43,,
1978-04-07,8.14,,,,,,0.42,,
1978-04-10,8.15,,,,,,0.43,,
1978-04-11,8.16,,,,,,0.45,,
1978-04-12,8.16,,,,,,0.47,,
1978-04-13,8.15,,,,,,0.48,,
1978-04-14,8.12,,,,,,0.51,,
1978-04-17,8.08,,,,,,0.48,,
1978-04-18,8.08,,,,,,0.46,,
1978-04-19,8.13,,,,,,0.36,,
1978-04-20,8.14,,,,,,0.35,,
1978-04-21,8.16,,,,,,0.35,,
1978-04-24,8.18,,,,,,0.36,,
1978-04-25,8.18,,,,,,0.38,,
1978-04-26,8.22,,,,,,0.37,,
1978-04-27,8.24,,,,,,0.35,,
1978-04-28,8.24,,,,,,0.27,,
1978-05-01,8.24,,,,,,0.33,,
1978-05-02,8.25,,,,,,0.34,,
1978-05-03,8.28,,,,,,0.37,,
1978-05-04,8.27,,,,,,0.37,,
1978-05-05,8.34,,,,,,0.38,,
1978-05-08,8.35,,,,,,0.37,,
1978-05-09,8.34,,,,,,0.36,,
1978-05-10,8.34,,,,,,0.36,,
1978-05-11,8.34,,,,,,0.34,,
1978-05-12,8.36,,,,,,0.36,,
1978-05-15,8.35,,,,,,0.37,,
1978-05-16,8.34,,,,,,0.37,,
1978-05-17,8.33,,,,,,0.35,,
1978-05-18,8.37,,,,,,0.33,,
1978-05-19,8.38,,,,,,0.31,,
1978-05-22,8.38,,,,,,0.31,,
1978-05-23,8.37,,,,,,0.3,,
1978-05-24,8.39,,,,,,0.29,,
1978-05-25,8.4,,,,,,0.3,,
1978-05-26,8.42,,,,,,0.32,,
1978-05-29,,,,,,,,,
1978-05-30,,,,,,,,,
1978-05-31,8.42,,,,,,0.3,,
1978-06-01,8.41,,,,,,0.29,,
1978-06-02,8.39,,,,,,0.3,,
1978-06-05,8.38,,,,,,0.31,,
1978-06-06,8.37,,,,,,0.3,,
1978-06-07,8.37,,,,,,0.3,,
1978-06-08,8.38,,,,,,0.31,,
1978-06-09,8.41,,,,,,0.32,,
1978-06-12,8.4,,,,,,0.29,,
1978-06-13,8.41,,,,,,0.3,,
1978-06-14,8.41,,,,,,0.29,,
1978-06-15,8.41,,,,,,0.29,,
1978-06-16,8.43,,,,,,0.24,,
1978-06-19,8.45,,,,,,0.2,,
1978-06-20,8.47,,,,,,0.2,,
1978-06-21,8.5,,,,,,0.09,,
1978-06-22,8.5,,,,,,0.09,,
1978-06-23,8.55,,,,,,0.11,,
1978-06-26,8.59,,,,,,0.11,,
1978-06-27,8.58,,,,,,0.14,,
1978-06-28,8.57,,,,,,0.13,,
1978-06-29,8.57,,,,,,0.15,,
1978-06-30,8.62,,,,,,0.14,,
1978-07-03,8.59,,,,,,0.15,,
1978-07-04,,,,,,,,,
1978-07-05,8.62,,,,,,0.18,,
1978-07-06,8.62,,,,,,0.18,,
1978-07-07,8.66,,,,,,0.18,,
1978-07-10,8.68,,,,,,0.18,,
1978-07-11,8.68,,,,,,0.2,,
1978-07-12,8.67,,,,,,0.19,,
1978-07-13,8.68,,,,,,0.18,,
1978-07-14,8.68,,,,,,0.17,,
1978-07-17,8.65,,,,,,0.17,,
1978-07-18,8.63,,,,,,0.17,,
1978-07-19,8.62,,,,,,0.16,,
1978-07-20,8.66,,,,,,0.16,,
1978-07-21,8.67,,,,,,0.08,,
1978-07-24,8.67,,,,,,0.1,,
1978-07-25,8.67,,,,,,0.12,,
1978-07-26,8.66,,,,,,0.14,,
1978-07-27,8.58,,,,,,0.11,,
1978-07-28,8.55,,,,,,0.1,,
1978-07-31,8.56,,,,,,0.09,,
1978-08-01,8.54,,,,,,0.09,,
1978-08-02,8.44,,,,,,0.04,,
1978-08-03,8.39,,,,,,0.13,,
1978-08-04,8.38,,,,,,0.12,,
1978-08-07,8.36,,,,,,0.18,,
1978-08-08,8.35,,,,,,0.16,,
1978-08-09,8.34,,,,,,0.17,,
1978-08-10,8.45,,,,,,0.21,,
1978-08-11,8.44,,,,,,0.19,,
1978-08-14,8.45,,,,,,0.16,,
1978-08-15,8.46,,,,,,0.17,,
1978-08-16,8.55,,,,,,0.05,,
1978-08-17,8.48,,,,,,0.0,,
1978-08-18,8.46,,,,,,-0.04,,
1978-08-21,8.41,,,,,,-0.06,,
1978-08-22,8.41,,,,,,-0.06,,
1978-08-23,8.32,,,,,,-0.1,,
1978-08-24,8.35,,,,,,-0.06,,
1978-08-25,8.34,,,,,,-0.07,,
1978-08-28,8.35,,,,,,-0.06,,
1978-08-29,8.37,,,,,,-0.07,,
1978-08-30,8.42,,,,,,-0.06,,
1978-08-31,8.39,,,,,,-0.07,,
1978-09-01,8.38,,,,,,-0.12,,
1978-09-04,,,,,,,,,
1978-09-05,8.34,,,,,,-0.12,,
1978-09-06,8.35,,,,,,-0.09,,
1978-09-07,8.34,,,,,,-0.1,,
1978-09-08,8.34,,,,,,-0.12,,
1978-09-11,8.31,,,,,,-0.12,,
1978-09-12,8.29,,,,,,-0.16,,
1978-09-13,8.3,,,,,,-0.15,,
1978-09-14,8.32,,,,,,-0.13,,
1978-09-15,8.35,,,,,,-0.14,,
1978-09-18,8.37,,,,,,-0.15,,
1978-09-19,8.38,,,,,,-0.16,,
1978-09-20,8.46,,,,,,-0.14,,
1978-09-21,8.51,,,,,,-0.18,,
1978-09-22,8.56,,,,,,-0.17,,
1978-09-25,8.56,,,,,,-0.19,,
1978-09-26,8.53,,,,,,-0.22,,
1978-09-27,8.54,,,,,,-0.2,,
1978-09-28,8.54,,,,,,-0.18,,
1978-09-29,8.56,,,,,,-0.14,,
1978-10-02,8.58,,,,,,-0.13,,
1978-10-03,8.57,,,,,,-0.12,,
1978-10-04,8.59,,,,,,-0.1,,
1978-10-05,8.6,,,,,,-0.09,,
1978-10-06,8.58,,,,,,-0.11,,
1978-10-09,,,,,,,,,
1978-10-10,8.58,,,,,,-0.12,,
1978-10-11,8.56,,,,,,-0.14,,
1978-10-12,8.51,,,,,,-0.18,,
1978-10-13,8.52,,,,,,-0.17,,
1978-10-16,8.59,,,,,,-0.14,,
1978-10-17,8.6,,,,,,-0.17,,
1978-10-18,8.62,,,,,,-0.21,,
1978-10-19,8.64,,,,,,-0.2,,
1978-10-20,8.66,,,,,,-0.19,,
1978-10-23,8.66,,,,,,-0.18,,
1978-10-24,8.64,,,,,,-0.21,,
1978-10-25,8.65,,,,,,-0.31,,
1978-10-26,8.72,,,,,,-0.33,,
1978-10-27,8.78,,,,,,-0.34,,
1978-10-30,8.88,,,,,,-0.47,,
1978-10-31,8.96,,,,,,-0.53,,
1978-11-01,8.66,,,,,,-0.78,,
1978-11-02,8.73,,,,,,-0.69,,
1978-11-03,8.86,,,,,,-0.63,,
1978-11-06,8.85,,,,,,-0.6,,
1978-11-07,,,,,,,,,
1978-11-08,8.86,,,,,,-0.63,,
1978-11-09,8.87,,,,,,-0.63,,
1978-11-10,8.86,,,,,,-0.6,,
1978-11-13,8.83,,,,,,-0.57,,
1978-11-14,8.82,,,,,,-0.59,,
1978-11-15,8.76,,,,,,-0.58,,
1978-11-16,8.72,,,,,,-0.49,,
1978-11-17,8.72,,,,,,-0.47,,
1978-11-20,8.72,,,,,,-0.47,,
1978-11-21,8.77,,,,,,-0.46,,
1978-11-22,8.77,,,,,,-0.6,,
1978-11-23,,,,,,,,,
1978-11-24,8.86,,,,,,-0.74,,
1978-11-27,8.86,,,,,,-0.74,,
1978-11-28,8.86,,,,,,-0.74,,
1978-11-29,8.86,,,,,,-0.69,,
1978-11-30,8.86,,,,,,-0.69,,
1978-12-01,8.8,,,,,,-0.7,,
1978-12-04,8.82,,,,,,-0.69,,
1978-12-05,8.85,,,,,,-0.65,,
1978-12-06,8.85,,,,,,-0.65,,
1978-12-07,8.89,,,,,,-0.61,,
1978-12-08,8.9,,,,,,-0.61,,
1978-12-11,8.9,,,,,,-0.62,,
1978-12-12,8.92,,,,,,-0.6,,
1978-12-13,8.98,,,,,,-0.56,,
1978-12-14,8.96,,,,,,-0.58,,
1978-12-15,9.0,,,,,,-0.58,,
1978-12-18,9.13,,,,,,-0.73,,
1978-12-19,9.14,,,,,,-0.77,,
1978-12-20,9.16,,,,,,-0.8,,
1978-12-21,9.16,,,,,,-0.82,,
1978-12-22,9.11,,,,,,-0.85,,
1978-12-25,,,,,,,,,
1978-12-26,9.13,,,,,,-0.85,,
1978-12-27,9.12,,,,,,-0.86,,
1978-12-28,9.16,,,,,,-0.82,,
1978-12-29,9.15,,,,,,-0.83,,
1979-01-01,,,,,,,,,
1979-01-02,9.18,,,,,,-0.82,,
1979-01-03,9.16,,,,,,-0.82,,
1979-01-04,9.11,,,,,,-0.77,,
1979-01-05,9.1,,,,,,-0.77,,
1979-01-08,9.14,,,,,,-0.78,,
1979-01-09,9.16,,,,,,-0.76,,
1979-01-10,9.16,,,,,,-0.78,,
1979-01-11,9.15,,,,,,-0.77,,
1979-01-12,9.14,,,,,,-0.78,,
1979-01-15,9.15,,,,,,-0.76,,
1979-01-16,9.16,,,,,,-0.76,,
1979-01-17,9.18,,,,,,-0.73,,
1979-01-18,9.18,,,,,,-0.74,,
1979-01-19,9.15,,,,,,-0.76,,
1979-01-22,9.12,,,,,,-0.74,,
1979-01-23,9.1,,,,,,-0.75,,
1979-01-24,9.08,,,,,,-0.77,,
1979-01-25,8.98,,,,,,-0.8,,
1979-01-26,8.93,,,,,,-0.74,,
1979-01-29,8.96,,,,,,-0.71,,
1979-01-30,8.95,,,,,,-0.73,,
1979-01-31,8.95,,,,,,-0.69,,
1979-02-01,8.94,,,,,,-0.67,,
1979-02-02,8.89,,,,,,-0.59,,
1979-02-05,8.95,,,,,,-0.58,,
1979-02-06,9.0,,,,,,-0.58,,
1979-02-07,9.09,,,,,,-0.58,,
1979-02-08,9.09,,,,,,-0.61,,
1979-02-09,9.11,,,,,,-0.59,,
1979-02-12,,,,,,,,,
1979-02-13,9.11,,,,,,-0.58,,
1979-02-14,9.12,,,,,,-0.55,,
1979-02-15,9.12,,,,,,-0.56,,
1979-02-16,9.11,,,,,,-0.57,,
1979-02-19,,,,,,,,,
1979-02-20,9.12,,,,,,-0.57,,
1979-02-21,9.15,,,,,,-0.56,,
1979-02-22,9.2,,,,,,-0.7,,
1979-02-23,9.21,,,,,,-0.71,,
1979-02-26,9.2,,,,,,-0.71,,
1979-02-27,9.19,,,,,,-0.7,,
1979-02-28,9.17,,,,,,-0.72,,
1979-03-01,9.17,,,,,,-0.7,,
1979-03-02,9.16,,,,,,-0.71,,
1979-03-05,9.11,,,,,,-0.72,,
1979-03-06,9.14,,,,,,-0.69,,
1979-03-07,9.1,,,,,,-0.71,,
1979-03-08,9.1,,,,,,-0.66,,
1979-03-09,9.11,,,,,,-0.68,,
1979-03-12,9.11,,,,,,-0.7,,
1979-03-13,9.11,,,,,,-0.69,,
1979-03-14,9.12,,,,,,-0.7,,
1979-03-15,9.14,,,,,,-0.68,,
1979-03-16,9.12,,,,,,-0.72,,
1979-03-19,9.12,,,,,,-0.69,,
1979-03-20,9.13,,,,,,-0.66,,
1979-03-21,9.13,,,,,,-0.66,,
1979-03-22,9.12,,,,,,-0.65,,
1979-03-23,9.12,,,,,,-0.65,,
1979-03-26,9.12,,,,,,-0.64,,
1979-03-27,9.11,,,,,,-0.62,,
1979-03-28,9.07,,,,,,-0.64,,
1979-03-29,9.06,,,,,,-0.61,,
1979-03-30,9.11,,,,,,-0.61,,
1979-04-02,9.11,,,,,,-0.63,,
1979-04-03,9.1,,,,,,-0.63,,
1979-04-04,9.09,,,,,,-0.62,,
1979-04-05,9.07,,,,,,-0.61,,
1979-04-06,9.1,,,,,,-0.65,,
1979-04-09,9.14,,,,,,-0.67,,
1979-04-10,9.17,,,,,,-0.64,,
1979-04-11,9.2,,,,,,-0.65,,
1979-04-12,9.2,,,,,,-0.65,,
1979-04-13,,,,,,,,,
1979-04-16,9.19,,,,,,-0.67,,
1979-04-17,9.16,,,,,,-0.61,,
1979-04-18,9.15,,,,,,-0.56,,
1979-04-19,9.15,,,,,,-0.53,,
1979-04-20,9.19,,,,,,-0.54,,
1979-04-23,9.21,,,,,,-0.52,,
1979-04-24,9.24,,,,,,-0.51,,
1979-04-25,9.23,,,,,,-0.54,,
1979-04-26,9.27,,,,,,-0.53,,
1979-04-27,9.32,,,,,,-0.61,,
1979-04-30,9.35,,,,,,-0.56,,
1979-05-01,9.36,,,,,,-0.55,,
1979-05-02,9.34,,,,,,-0.57,,
1979-05-03,9.38,,,,,,-0.55,,
1979-05-04,9.39,,,,,,-0.54,,
1979-05-07,9.39,,,,,,-0.52,,
1979-05-08,9.38,,,,,,-0.53,,
1979-05-09,9.36,,,,,,-0.54,,
1979-05-10,9.36,,,,,,-0.56,,
1979-05-11,9.34,,,,,,-0.56,,
1979-05-14,9.3,,,,,,-0.57,,
1979-05-15,9.32,,,,,,-0.55,,
1979-05-16,9.31,,,,,,-0.53,,
1979-05-17,9.24,,,,,,-0.48,,
1979-05-18,9.23,,,,,,-0.48,,
1979-05-21,9.24,,,,,,-0.51,,
1979-05-22,9.15,,,,,,-0.54,,
1979-05-23,9.07,,,,,,-0.58,,
1979-05-24,9.06,,,,,,-0.52,,
1979-05-25,9.01,,,,,,-0.49,,
1979-05-28,,,,,,,,,
1979-05-29,9.01,,,,,,-0.49,,
1979-05-30,,,,,,,,,
1979-05-31,9.06,,,,,,-0.5,,
1979-06-01,9.05,,,,,,-0.51,,
1979-06-04,9.06,,,,,,-0.5,,
1979-06-05,9.02,,,,,,-0.48,,
1979-06-06,8.97,,,,,,-0.46,,
1979-06-07,8.89,,,,,,-0.4,,
1979-06-08,8.9,,,,,,-0.35,,
1979-06-11,8.94,,,,,,-0.33,,
1979-06-12,8.79,,,,,,-0.26,,
1979-06-13,8.83,,,,,,-0.25,,
1979-06-14,8.87,,,,,,-0.25,,
1979-06-15,8.96,,,,,,-0.28,,
1979-06-18,8.95,,,,,,-0.31,,
1979-06-19,8.95,,,,,,-0.29,,
1979-06-20,8.94,,,,,,-0.31,,
1979-06-21,8.93,,,,,,-0.32,,
1979-06-22,8.98,,,,,,-0.29,,
1979-06-25,8.93,,,,,,-0.27,,
1979-06-26,8.82,,,,,,-0.15,,
1979-06-27,8.8,,,,,,-0.12,,
1979-06-28,8.8,,,,,,-0.15,,
1979-06-29,8.81,,,,,,-0.16,,
1979-07-02,8.76,,,,,,-0.17,,
1979-07-03,8.77,,,,,,-0.18,,
1979-07-04,,,,,,,,,
1979-07-05,8.8,,,,,,-0.18,,
1979-07-06,8.82,,,,,,-0.18,,
1979-07-09,8.86,,,,,,-0.18,,
1979-07-10,8.92,,,,,,-0.12,,
1979-07-11,8.97,,,,,,-0.07,,
1979-07-12,8.95,,,,,,-0.06,,
1979-07-13,8.94,,,,,,-0.07,,
1979-07-16,8.99,,,,,,-0.09,,
1979-07-17,9.01,,,,,,-0.09,,
1979-07-18,9.03,,,,,,-0.07,,
1979-07-19,9.04,,,,,,-0.1,,
1979-07-20,8.98,,,,,,-0.26,,
1979-07-23,9.03,,,,,,-0.25,,
1979-07-24,9.06,,,,,,-0.27,,
1979-07-25,8.99,,,,,,-0.37,,
1979-07-26,8.97,,,,,,-0.28,,
1979-07-27,9.02,,,,,,-0.36,,
1979-07-30,9.03,,,,,,-0.29,,
1979-07-31,9.01,,,,,,-0.3,,
1979-08-01,8.99,,,,,,-0.24,,
1979-08-02,8.91,,,,,,-0.29,,
1979-08-03,8.92,,,,,,-0.35,,
1979-08-06,8.91,,,,,,-0.36,,
1979-08-07,8.91,,,,,,-0.31,,
1979-08-08,8.93,,,,,,-0.32,,
1979-08-09,8.97,,,,,,-0.3,,
1979-08-10,9.0,,,,,,-0.33,,
1979-08-13,9.0,,,,,,-0.34,,
1979-08-14,8.98,,,,,,-0.34,,
1979-08-15,9.0,,,,,,-0.41,,
1979-08-16,9.0,,,,,,-0.39,,
1979-08-17,9.01,,,,,,-0.43,,
1979-08-20,9.02,,,,,,-0.43,,
1979-08-21,9.04,,,,,,-0.47,,
1979-08-22,9.04,,,,,,-0.51,,
1979-08-23,9.05,,,,,,-0.58,,
1979-08-24,9.14,,,,,,-0.58,,
1979-08-27,9.12,,,,,,-0.56,,
1979-08-28,9.15,,,,,,-0.58,,
1979-08-29,9.14,,,,,,-0.59,,
1979-08-30,9.21,,,,,,-0.56,,
1979-08-31,9.24,,,,,,-0.6,,
1979-09-03,,,,,,,,,
1979-09-04,9.32,,,,,,-0.68,,
1979-09-05,9.32,,,,,,-0.7,,
1979-09-06,9.35,,,,,,-0.68,,
1979-09-07,9.34,,,,,,-0.76,,
1979-09-10,9.36,,,,,,-0.77,,
1979-09-11,9.25,,,,,,-0.75,,
1979-09-12,9.3,,,,,,-0.74,,
1979-09-13,9.34,,,,,,-0.76,,
1979-09-14,9.29,,,,,,-0.73,,
1979-09-17,9.37,,,,,,-0.76,,
1979-09-18,9.36,,,,,,-0.78,,
1979-09-19,9.31,,,,,,-0.77,,
1979-09-20,9.29,,,,,,-0.74,,
1979-09-21,9.26,,,,,,-0.74,,
1979-09-24,9.34,,,,,,-0.67,,
1979-09-25,9.32,,,,,,-0.69,,
1979-09-26,9.36,,,,,,-0.66,,
1979-09-27,9.44,,,,,,-0.67,,
1979-09-28,9.44,,,,,,-0.66,,
1979-10-01,9.51,,,,,,-0.63,,
1979-10-02,9.47,,,,,,-0.67,,
1979-10-03,9.5,,,,,,-0.64,,
1979-10-04,9.58,,,,,,-0.76,,
1979-10-05,9.6,,,,,,-0.79,,
1979-10-08,,,,,,,,,
1979-10-09,9.93,,,,,,-1.19,,
1979-10-10,10.09,,,,,,-1.31,,
1979-10-11,10.17,,,,,,-1.09,,
1979-10-12,10.15,,,,,,-1.02,,
1979-10-15,10.31,,,,,,-1.08,,
1979-10-16,10.27,,,,,,-1.12,,
1979-10-17,10.2,,,,,,-1.2,,
1979-10-18,10.41,,,,,,-1.34,,
1979-10-19,10.68,,,,,,-1.47,,
1979-10-22,10.96,,,,,,-1.47,,
1979-10-23,11.02,,,,,,-1.61,,
1979-10-24,10.83,,,,,,-1.69,,
1979-10-25,10.98,,,,,,-1.61,,
1979-10-26,10.67,,,,,,-1.38,,
1979-10-29,10.78,,,,,,-1.41,,
1979-10-30,10.75,,,,,,-1.37,,
1979-10-31,10.72,,,,,,-1.34,,
1979-11-01,10.79,,,,,,-1.29,,
1979-11-02,10.84,,,,,,-1.35,,
1979-11-05,10.85,,,,,,-1.3,,
1979-11-06,,,,,,,,,
1979-11-07,11.0,,,,,,-1.36,,
1979-11-08,10.96,,,,,,-1.33,,
1979-11-09,10.68,,,,,,-1.1,,
1979-11-12,,,,,,,,,
1979-11-13,10.63,,,,,,-1.01,,
1979-11-14,10.75,,,,,,-1.07,,
1979-11-15,10.62,,,,,,-1.06,,
1979-11-16,10.77,,,,,,-1.2,,
1979-11-19,10.8,,,,,,-1.28,,
1979-11-20,10.78,,,,,,-1.34,,
1979-11-21,10.73,,,,,,-1.44,,
1979-11-22,,,,,,,,,
1979-11-23,10.51,,,,,,-1.18,,
1979-11-26,10.37,,,,,,-1.07,,
1979-11-27,10.24,,,,,,-0.87,,
1979-11-28,10.37,,,,,,-0.86,,
1979-11-29,10.34,,,,,,-0.89,,
1979-11-30,10.38,,,,,,-0.95,,
1979-12-03,10.44,,,,,,-0.98,,
1979-12-04,10.32,,,,,,-0.98,,
1979-12-05,10.27,,,,,,-0.94,,
1979-12-06,10.13,,,,,,-0.95,,
1979-12-07,10.3,,,,,,-0.91,,
1979-12-10,10.27,,,,,,-0.98,,
1979-12-11,10.46,,,,,,-1.14,,
1979-12-12,10.58,,,,,,-1.27,,
1979-12-13,10.51,,,,,,-1.16,,
1979-12-14,10.45,,,,,,-1.02,,
1979-12-17,10.42,,,,,,-1.03,,
1979-12-18,10.34,,,,,,-0.97,,
1979-12-19,10.33,,,,,,-1.05,,
1979-12-20,10.38,,,,,,-1.02,,
1979-12-21,10.39,,,,,,-1.03,,
1979-12-24,10.45,,,,,,-0.99,,
1979-12-25,,,,,,,,,
1979-12-26,10.48,,,,,,-0.95,,
1979-12-27,10.46,,,,,,-0.93,,
1979-12-28,10.41,,,,,,-0.89,,
1979-12-31,10.33,,,,,,-0.9,,
1980-01-01,,,,,,,,,
1980-01-02,10.5,,,,,,-0.89,,
1980-01-03,10.6,,,,,,-0.85,,
1980-01-04,10.66,,,,,,-0.81,,
1980-01-07,10.63,,,,,,-0.72,,
1980-01-08,10.57,,,,,,-0.69,,
1980-01-09,10.58,,,,,,-0.66,,
1980-01-10,10.51,,,,,,-0.67,,
1980-01-11,10.68,,,,,,-0.65,,
1980-01-14,10.7,,,,,,-0.65,,
1980-01-15,10.65,,,,,,-0.67,,
1980-01-16,10.65,,,,,,-0.65,,
1980-01-17,10.71,,,,,,-0.66,,
1980-01-18,10.82,,,,,,-0.7,,
1980-01-21,10.96,,,,,,-0.62,,
1980-01-22,10.85,,,,,,-0.71,,
1980-01-23,10.82,,,,,,-0.71,,
1980-01-24,11.01,,,,,,-0.67,,
1980-01-25,11.1,,,,,,-0.72,,
1980-01-28,11.15,,,,,,-0.64,,
1980-01-29,11.21,,,,,,-0.67,,
1980-01-30,11.16,,,,,,-0.68,,
1980-01-31,11.13,,,,,,-0.62,,
1980-02-01,11.29,,,,,,-0.75,,
1980-02-04,11.4,,,,,,-0.72,,
1980-02-05,11.73,,,,,,-0.76,,
1980-02-06,11.92,,,,,,-0.5,,
1980-02-07,11.71,,,,,,-0.5,,
1980-02-08,11.8,,,,,,-0.51,,
1980-02-11,12.01,,,,,,-0.59,,
1980-02-12,,,,,,,,,
1980-02-13,11.86,,,,,,-0.66,,
1980-02-14,11.97,,,,,,-0.63,,
1980-02-15,12.2,,,,,,-0.93,,
1980-02-18,,,,,,,,,
1980-02-19,12.85,,,,,,-1.11,,
1980-02-20,12.84,,,,,,-1.19,,
1980-02-21,13.22,,,,,,-1.29,,
1980-02-22,13.06,,,,,,-1.46,,
1980-02-25,13.27,,,,,,-1.35,,
1980-02-26,13.65,,,,,,-1.26,,
1980-02-27,13.46,,,,,,-1.36,,
1980-02-28,12.92,,,,,,-1.49,,
1980-02-29,12.72,,,,,,-2.01,,
1980-03-03,12.79,,,,,,-2.04,,
1980-03-04,12.91,,,,,,-1.95,,
1980-03-05,13.03,,,,,,-1.96,,
1980-03-06,13.13,,,,,,-2.14,,
1980-03-07,12.86,,,,,,-2.34,,
1980-03-10,12.63,,,,,,-2.08,,
1980-03-11,12.41,,,,,,-2.02,,
1980-03-12,12.62,,,,,,-2.12,,
1980-03-13,12.5,,,,,,-2.19,,
1980-03-14,12.52,,,,,,-2.28,,
1980-03-17,12.58,,,,,,-2.24,,
1980-03-18,12.4,,,,,,-2.02,,
1980-03-19,12.35,,,,,,-1.98,,
1980-03-20,12.62,,,,,,-2.41,,
1980-03-21,12.75,,,,,,-2.27,,
1980-03-24,13.17,,,,,,-2.19,,
1980-03-25,13.1,,,,,,-2.09,,
1980-03-26,13.03,,,,,,-2.23,,
1980-03-27,12.97,,,,,,-2.14,,
1980-03-28,12.72,,,,,,-2.17,,
1980-03-31,12.64,,,,,,-1.99,,
1980-04-01,12.69,,,,,,-1.9,,
1980-04-02,12.63,,,,,,-1.89,,
1980-04-03,12.52,,,,,,-1.99,,
1980-04-04,,,,,,,,,
1980-04-07,12.13,,,,,,-1.72,,
1980-04-08,12.21,,,,,,-1.68,,
1980-04-09,12.06,,,,,,-1.48,,
1980-04-10,12.06,,,,,,-1.51,,
1980-04-11,11.79,,,,,,-1.43,,
1980-04-14,11.62,,,,,,-1.34,,
1980-04-15,11.57,,,,,,-1.15,,
1980-04-16,10.9,,,,,,-1.07,,
1980-04-17,11.13,,,,,,-0.84,,
1980-04-18,11.05,,,,,,-0.71,,
1980-04-21,10.9,,,,,,-0.66,,
1980-04-22,10.82,,,,,,-0.61,,
1980-04-23,10.89,,,,,,-0.49,,
1980-04-24,10.96,,,,,,-0.46,,
1980-04-25,10.95,,,,,,-0.44,,
1980-04-28,10.63,,,,,,-0.11,,
1980-04-29,10.67,,,,,,-0.07,,
1980-04-30,10.76,,,,,,-0.05,,
1980-05-01,10.57,,,,,,-0.13,,
1980-05-02,10.24,,,,,,0.2,,
1980-05-05,10.18,,,,,,0.33,,
1980-05-06,9.8,,,,,,0.4,,
1980-05-07,9.96,,,,,,0.55,,
1980-05-08,10.18,,,,,,0.7,,
1980-05-09,10.3,,,,,,0.45,,
1980-05-12,10.3,,,,,,0.78,,
1980-05-13,10.13,,,,,,0.75,,
1980-05-14,10.14,,,,,,0.87,,
1980-05-15,10.31,,,,,,0.83,,
1980-05-16,10.37,,,,,,0.61,,
1980-05-19,10.53,,,,,,0.75,,
1980-05-20,10.22,,,,,,0.96,,
1980-05-21,10.08,,,,,,0.94,,
1980-05-22,10.1,,,,,,0.97,,
1980-05-23,9.85,,,,,,1.12,,
1980-05-26,,,,,,,,,
1980-05-27,9.96,,,,,,1.14,,
1980-05-28,10.1,,,,,,1.06,,
1980-05-29,10.24,,,,,,1.08,,
1980-05-30,10.25,,,,,,1.0,,
1980-06-02,10.31,,,,,,0.97,,
1980-06-03,10.16,,,,,,0.96,,
1980-06-04,10.07,,,,,,1.01,,
1980-06-05,10.02,,,,,,1.05,,
1980-06-06,9.81,,,,,,1.09,,
1980-06-09,9.73,,,,,,1.12,,
1980-06-10,9.83,,,,,,1.04,,
1980-06-11,9.7,,,,,,1.05,,
1980-06-12,9.53,,,,,,1.07,,
1980-06-13,9.51,,,,,,1.12,,
1980-06-16,9.47,,,,,,1.09,,
1980-06-17,9.49,,,,,,1.13,,
1980-06-18,9.56,,,,,,0.98,,
1980-06-19,9.56,,,,,,0.88,,
1980-06-20,9.49,,,,,,1.06,,
1980-06-23,9.63,,,,,,1.04,,
1980-06-24,9.68,,,,,,1.04,,
1980-06-25,9.79,,,,,,1.06,,
1980-06-26,9.87,,,,,,1.07,,
1980-06-27,10.04,,,,,,1.1,,
1980-06-30,10.09,,,,,,1.12,,
1980-07-01,10.13,,,,,,1.12,,
1980-07-02,10.19,,,,,,1.18,,
1980-07-03,10.01,,,,,,1.24,,
1980-07-04,,,,,,,,,
1980-07-07,10.2,,,,,,1.26,,
1980-07-08,10.09,,,,,,1.29,,
1980-07-09,10.14,,,,,,1.31,,
1980-07-10,10.21,,,,,,1.31,,
1980-07-11,10.28,,,,,,1.31,,
1980-07-14,10.33,,,,,,1.17,,
1980-07-15,10.17,,,,,,1.19,,
1980-07-16,10.07,,,,,,1.28,,
1980-07-17,10.21,,,,,,1.32,,
1980-07-18,10.2,,,,,,1.27,,
1980-07-21,10.13,,,,,,1.2,,
1980-07-22,10.18,,,,,,1.16,,
1980-07-23,10.12,,,,,,1.17,,
1980-07-24,10.24,,,,,,1.19,,
1980-07-25,10.35,,,,,,1.2,,
1980-07-28,10.46,,,,,,1.22,,
1980-07-29,10.45,,,,,,1.17,,
1980-07-30,10.53,,,,,,1.2,,
1980-07-31,10.76,,,,,,1.04,,
1980-08-01,10.76,,,,,,0.98,,
1980-08-04,10.69,,,,,,1.03,,
1980-08-05,10.7,,,,,,1.03,,
1980-08-06,10.8,,,,,,1.11,,
1980-08-07,10.71,,,,,,1.04,,
1980-08-08,10.87,,,,,,1.06,,
1980-08-11,11.03,,,,,,0.96,,
1980-08-12,10.98,,,,,,0.95,,
1980-08-13,10.89,,,,,,0.86,,
1980-08-14,10.9,,,,,,0.83,,
1980-08-15,10.86,,,,,,0.74,,
1980-08-18,11.13,,,,,,0.36,,
1980-08-19,11.24,,,,,,0.33,,
1980-08-20,11.22,,,,,,0.11,,
1980-08-21,11.3,,,,,,0.03,,
1980-08-22,11.13,,,,,,0.04,,
1980-08-25,11.4,,,,,,0.06,,
1980-08-26,11.42,,,,,,0.08,,
1980-08-27,11.67,,,,,,0.15,,
1980-08-28,11.89,,,,,,0.12,,
1980-08-29,11.55,,,,,,0.19,,
1980-09-01,,,,,,,,,
1980-09-02,11.32,,,,,,0.27,,
1980-09-03,11.08,,,,,,0.35,,
1980-09-04,11.16,,,,,,0.39,,
1980-09-05,11.21,,,,,,0.32,,
1980-09-08,11.29,,,,,,0.18,,
1980-09-09,11.19,,,,,,0.06,,
1980-09-10,11.14,,,,,,0.11,,
1980-09-11,11.32,,,,,,0.05,,
1980-09-12,11.37,,,,,,-0.03,,
1980-09-15,11.62,,,,,,-0.17,,
1980-09-16,11.52,,,,,,-0.16,,
1980-09-17,11.57,,,,,,-0.22,,
1980-09-18,11.53,,,,,,-0.31,,
1980-09-19,11.33,,,,,,-0.26,,
1980-09-22,11.69,,,,,,-0.31,,
1980-09-23,11.76,,,,,,-0.24,,
1980-09-24,11.75,,,,,,-0.23,,
1980-09-25,11.91,,,,,,-0.2,,
1980-09-26,11.99,,,,,,-0.41,,
1980-09-29,12.07,,,,,,-0.31,,
1980-09-30,11.86,,,,,,-0.27,,
1980-10-01,11.78,,,,,,-0.24,,
1980-10-02,11.83,,,,,,-0.23,,
1980-10-03,11.4,,,,,,-0.11,,
1980-10-06,11.35,,,,,,-0.06,,
1980-10-07,11.43,,,,,,-0.01,,
1980-10-08,11.51,,,,,,-0.18,,
1980-10-09,11.39,,,,,,-0.21,,
1980-10-10,11.44,,,,,,-0.2,,
1980-10-13,,,,,,,,,
1980-10-14,11.37,,,,,,-0.3,,
1980-10-15,11.29,,,,,,-0.29,,
1980-10-16,11.47,,,,,,-0.22,,
1980-10-17,11.62,,,,,,-0.29,,
1980-10-20,11.64,,,,,,-0.36,,
1980-10-21,11.7,,,,,,-0.41,,
1980-10-22,11.88,,,,,,-0.43,,
1980-10-23,11.82,,,,,,-0.49,,
1980-10-24,11.74,,,,,,-0.51,,
1980-10-27,12.13,,,,,,-0.6,,
1980-10-28,12.32,,,,,,-0.59,,
1980-10-29,12.48,,,,,,-0.5,,
1980-10-30,12.48,,,,,,-0.56,,
1980-10-31,12.46,,,,,,-0.62,,
1980-11-03,12.46,,,,,,-0.77,,
1980-11-04,,,,,,,,,
1980-11-05,12.61,,,,,,-0.77,,
1980-11-06,13.04,,,,,,-0.53,,
1980-11-07,12.66,,,,,,-0.7,,
1980-11-10,12.78,,,,,,-0.51,,
1980-11-11,,,,,,,,,
1980-11-12,12.47,,,,,,-0.39,,
1980-11-13,12.49,,,,,,-0.4,,
1980-11-14,12.79,,,,,,-0.46,,
1980-11-17,12.95,,,,,,-0.76,,
1980-11-18,12.62,,,,,,-0.85,,
1980-11-19,12.51,,,,,,-0.86,,
1980-11-20,12.59,,,,,,-0.94,,
1980-11-21,12.8,,,,,,-1.03,,
1980-11-24,12.76,,,,,,-1.12,,
1980-11-25,12.74,,,,,,-1.25,,
1980-11-26,12.65,,,,,,-1.35,,
1980-11-27,,,,,,,,,
1980-11-28,12.72,,,,,,-1.41,,
1980-12-01,12.92,,,,,,-1.33,,
1980-12-02,12.95,,,,,,-1.3,,
1980-12-03,12.92,,,,,,-1.12,,
1980-12-04,12.91,,,,,,-1.24,,
1980-12-05,12.85,,,,,,-1.49,,
1980-12-08,12.91,,,,,,-1.54,,
1980-12-09,13.1,,,,,,-1.44,,
1980-12-10,13.15,,,,,,-1.44,,
1980-12-11,13.57,,,,,,-1.4,,
1980-12-12,13.21,,,,,,-1.53,,
1980-12-15,13.25,,,,,,-1.58,,
1980-12-16,13.51,,,,,,-1.61,,
1980-12-17,13.28,,,,,,-1.7,,
1980-12-18,13.22,,,,,,-1.67,,
1980-12-19,12.64,,,,,,-1.41,,
1980-12-22,12.14,,,,,,-1.1,,
1980-12-23,12.35,,,,,,-0.69,,
1980-12-24,12.42,,,,,,-0.95,,
1980-12-25,,,,,,,,,
1980-12-26,12.25,,,,,,-0.7,,
1980-12-29,12.2,,,,,,-0.67,,
1980-12-30,12.39,,,,,,-0.58,,
1980-12-31,12.43,,,,,,-0.63,,
1981-01-01,,,,,,,,,
1981-01-02,12.42,,,,,,-0.68,,
1981-01-05,12.15,,,,,,-0.13,,
1981-01-06,12.11,,,,,,-0.31,,
1981-01-07,12.38,,,,,,-0.54,,
1981-01-08,12.35,,,,,,-0.74,,
1981-01-09,12.57,,,,,,-0.96,,
1981-01-12,12.45,,,,,,-0.72,,
1981-01-13,12.53,,,,,,-0.77,,
1981-01-14,12.53,,,,,,-0.42,,
1981-01-15,12.62,,,,,,-0.63,,
1981-01-16,12.53,,,,,,-0.55,,
1981-01-19,12.64,,,,,,-0.98,,
1981-01-20,12.5,,,,,,-0.98,,
1981-01-21,12.77,,,,,,-1.02,,
1981-01-22,12.87,,,,,,-0.96,,
1981-01-23,12.84,,,,,,-0.9,,
1981-01-26,12.7,,,,,,-0.7,,
1981-01-27,12.73,,,,,,-0.67,,
1981-01-28,12.77,,,,,,-0.71,,
1981-01-29,12.8,,,,,,-0.62,,
1981-01-30,12.68,,,,,,-0.58,,
1981-02-02,12.86,,,,,,-0.65,,
1981-02-03,12.98,,,,,,-0.72,,
1981-02-04,12.86,,,,,,-0.77,,
1981-02-05,12.95,,,,,,-0.68,,
1981-02-06,13.09,,,,,,-0.8,,
1981-02-09,13.21,,,,,,-0.76,,
1981-02-10,13.27,,,,,,-0.83,,
1981-02-11,13.42,,,,,,-0.92,,
1981-02-12,,,,,,,,,
1981-02-13,13.65,,,,,,-0.8,,
1981-02-16,,,,,,,,,
1981-02-17,13.33,,,,,,-0.64,,
1981-02-18,13.3,,,,,,-0.68,,
1981-02-19,13.09,,,,,,-0.63,,
1981-02-20,12.9,,,,,,-0.65,,
1981-02-23,13.19,,,,,,-0.73,,
1981-02-24,13.21,,,,,,-0.79,,
1981-02-25,13.29,,,,,,-0.71,,
1981-02-26,13.47,,,,,,-0.63,,
1981-02-27,13.43,,,,,,-0.65,,
1981-03-02,13.62,,,,,,-0.78,,
1981-03-03,13.43,,,,,,-0.7,,
1981-03-04,13.45,,,,,,-0.76,,
1981-03-05,13.43,,,,,,-0.74,,
1981-03-06,13.2,,,,,,-0.71,,
1981-03-09,13.09,,,,,,-0.75,,
1981-03-10,13.08,,,,,,-0.66,,
1981-03-11,13.12,,,,,,-0.67,,
1981-03-12,13.03,,,,,,-0.67,,
1981-03-13,12.86,,,,,,-0.59,,
1981-03-16,12.85,,,,,,-0.45,,
1981-03-17,12.68,,,,,,-0.52,,
1981-03-18,12.58,,,,,,-0.17,,
1981-03-19,12.67,,,,,,-0.17,,
1981-03-20,12.77,,,,,,-0.11,,
1981-03-23,13.13,,,,,,-0.23,,
1981-03-24,13.3,,,,,,-0.25,,
1981-03-25,13.21,,,,,,-0.3,,
1981-03-26,13.34,,,,,,-0.28,,
1981-03-27,13.36,,,,,,-0.31,,
1981-03-30,13.22,,,,,,-0.1,,
1981-03-31,13.13,,,,,,-0.04,,
1981-04-01,13.14,,,,,,-0.05,,
1981-04-02,13.25,,,,,,-0.15,,
1981-04-03,13.4,,,,,,-0.17,,
1981-04-06,13.74,,,,,,-0.39,,
1981-04-07,13.41,,,,,,-0.29,,
1981-04-08,13.61,,,,,,-0.28,,
1981-04-09,13.45,,,,,,-0.42,,
1981-04-10,13.59,,,,,,-0.31,,
1981-04-13,13.68,,,,,,-0.37,,
1981-04-14,13.58,,,,,,-0.34,,
1981-04-15,13.74,,,,,,-0.45,,
1981-04-16,13.79,,,,,,-0.44,,
1981-04-17,,,,,,,,,
1981-04-20,13.69,,,,,,-0.64,,
1981-04-21,13.73,,,,,,-0.61,,
1981-04-22,13.78,,,,,,-0.63,,
1981-04-23,13.8,,,,,,-0.71,,
1981-04-24,13.88,,,,,,-0.78,,
1981-04-27,13.92,,,,,,-0.81,,
1981-04-28,13.93,,,,,,-0.72,,
1981-04-29,14.05,,,,,,-0.62,,
1981-04-30,14.11,,,,,,-0.73,,
1981-05-01,14.05,,,,,,-0.67,,
1981-05-04,14.47,,,,,,-0.9,,
1981-05-05,14.69,,,,,,-1.25,,
1981-05-06,14.56,,,,,,-1.27,,
1981-05-07,14.33,,,,,,-1.36,,
1981-05-08,14.23,,,,,,-1.46,,
1981-05-11,14.34,,,,,,-1.4,,
1981-05-12,14.46,,,,,,-1.47,,
1981-05-13,14.49,,,,,,-1.45,,
1981-05-14,14.24,,,,,,-1.56,,
1981-05-15,14.07,,,,,,-1.48,,
1981-05-18,13.8,,,,,,-1.39,,
1981-05-19,13.95,,,,,,-1.52,,
1981-05-20,14.0,,,,,,-1.63,,
1981-05-21,14.05,,,,,,-1.7,,
1981-05-22,13.82,,,,,,-1.66,,
1981-05-25,,,,,,,,,
1981-05-26,13.67,,,,,,-1.42,,
1981-05-27,13.71,,,,,,-1.43,,
1981-05-28,13.56,,,,,,-1.23,,
1981-05-29,13.5,,,,,,-0.9,,
1981-06-01,13.46,,,,,,-1.01,,
1981-06-02,13.58,,,,,,-1.08,,
1981-06-03,13.55,,,,,,-1.1,,
1981-06-04,13.51,,,,,,-1.25,,
1981-06-05,13.56,,,,,,-1.17,,
1981-06-08,13.36,,,,,,-0.95,,
1981-06-09,13.37,,,,,,-1.04,,
1981-06-10,13.31,,,,,,-1.0,,
1981-06-11,13.32,,,,,,-1.08,,
1981-06-12,13.35,,,,,,-1.09,,
1981-06-15,13.09,,,,,,-0.94,,
1981-06-16,13.08,,,,,,-1.03,,
1981-06-17,13.23,,,,,,-1.14,,
1981-06-18,13.57,,,,,,-1.09,,
1981-06-19,13.46,,,,,,-1.19,,
1981-06-22,13.44,,,,,,-1.05,,
1981-06-23,13.56,,,,,,-1.03,,
1981-06-24,13.66,,,,,,-1.05,,
1981-06-25,13.7,,,,,,-0.95,,
1981-06-26,13.69,,,,,,-0.9,,
1981-06-29,13.68,,,,,,-0.8,,
1981-06-30,13.86,,,,,,-0.8,,
1981-07-01,14.04,,,,,,-0.9,,
1981-07-02,13.95,,,,,,-0.92,,
1981-07-03,,,,,,,,,
1981-07-06,13.81,,,,,,-0.87,,
1981-07-07,14.04,,,,,,-0.88,,
1981-07-08,14.11,,,,,,-0.91,,
1981-07-09,14.12,,,,,,-1.02,,
1981-07-10,13.94,,,,,,-0.94,,
1981-07-13,13.99,,,,,,-0.84,,
1981-07-14,14.15,,,,,,-0.92,,
1981-07-15,14.07,,,,,,-0.96,,
1981-07-16,14.11,,,,,,-1.0,,
1981-07-17,14.09,,,,,,-0.98,,
1981-07-20,14.59,,,,,,-1.37,,
1981-07-21,14.61,,,,,,-1.39,,
1981-07-22,14.63,,,,,,-1.32,,
1981-07-23,14.57,,,,,,-1.28,,
1981-07-24,14.41,,,,,,-1.23,,
1981-07-27,14.43,,,,,,-1.14,,
1981-07-28,14.53,,,,,,-1.25,,
1981-07-29,14.61,,,,,,-1.15,,
1981-07-30,14.71,,,,,,-1.17,,
1981-07-31,14.67,,,,,,-1.17,,
1981-08-03,14.95,,,,,,-1.21,,
1981-08-04,14.95,,,,,,-1.21,,
1981-08-05,14.91,,,,,,-1.16,,
1981-08-06,14.86,,,,,,-1.17,,
1981-08-07,14.83,,,,,,-1.22,,
1981-08-10,14.65,,,,,,-1.18,,
1981-08-11,14.4,,,,,,-1.27,,
1981-08-12,14.61,,,,,,-1.41,,
1981-08-13,14.65,,,,,,-1.48,,
1981-08-14,14.74,,,,,,-1.45,,
1981-08-17,14.71,,,,,,-1.51,,
1981-08-18,14.79,,,,,,-1.51,,
1981-08-19,14.77,,,,,,-1.55,,
1981-08-20,14.89,,,,,,-1.36,,
1981-08-21,14.97,,,,,,-1.34,,
1981-08-24,15.32,,,,,,-1.54,,
1981-08-25,15.35,,,,,,-1.32,,
1981-08-26,15.31,,,,,,-1.38,,
1981-08-27,15.36,,,,,,-1.39,,
1981-08-28,15.25,,,,,,-1.32,,
1981-08-31,15.41,,,,,,-1.32,,
1981-09-01,15.41,,,,,,-1.37,,
1981-09-02,15.4,,,,,,-1.38,,
1981-09-03,15.48,,,,,,-1.42,,
1981-09-04,15.51,,,,,,-1.38,,
1981-09-07,,,,,,,,,
1981-09-08,15.59,,,,,,-1.36,,
1981-09-09,15.53,,,,,,-1.42,,
1981-09-10,15.3,,,,,,-1.42,,
1981-09-11,15.05,,,,,,-1.42,,
1981-09-14,15.2,,,,,,-1.23,,
1981-09-15,15.08,,,,,,-1.05,,
1981-09-16,15.11,,,,,,-0.98,,
1981-09-17,14.95,,,,,,-1.06,,
1981-09-18,14.91,,,,,,-1.11,,
1981-09-21,14.78,,,,,,-1.01,,
1981-09-22,15.03,,,,,,-1.01,,
1981-09-23,15.23,,,,,,-0.88,,
1981-09-24,15.31,,,,,,-0.86,,
1981-09-25,15.68,,,,,,-0.85,,
1981-09-28,15.65,,,,,,-0.92,,
1981-09-29,15.76,,,,,,-0.83,,
1981-09-30,15.84,,,,,,-0.85,,
1981-10-01,15.75,,,,,,-0.82,,
1981-10-02,15.41,,,,,,-0.93,,
1981-10-05,15.19,,,,,,-0.68,,
1981-10-06,15.14,,,,,,-0.71,,
1981-10-07,15.04,,,,,,-0.69,,
1981-10-08,15.0,,,,,,-0.79,,
1981-10-09,14.73,,,,,,-0.47,,
1981-10-12,,,,,,,,,
1981-10-13,14.83,,,,,,-0.42,,
1981-10-14,14.87,,,,,,-0.48,,
1981-10-15,14.88,,,,,,-0.43,,
1981-10-16,14.94,,,,,,-0.52,,
1981-10-19,14.95,,,,,,-0.53,,
1981-10-20,15.09,,,,,,-0.39,,
1981-10-21,15.34,,,,,,-0.21,,
1981-10-22,15.38,,,,,,-0.18,,
1981-10-23,15.3,,,,,,-0.11,,
1981-10-26,15.6,,,,,,0.04,,
1981-10-27,15.54,,,,,,-0.02,,
1981-10-28,15.44,,,,,,0.02,,
1981-10-29,15.06,,,,,,-0.01,,
1981-10-30,14.63,,,,,,0.04,,
1981-11-02,14.57,,,,,,0.13,,
1981-11-03,,,,,,,,,
1981-11-04,14.18,,,,,,0.07,,
1981-11-05,14.19,,,,,,-0.01,,
1981-11-06,13.94,,,,,,0.08,,
1981-11-09,13.39,,,,,,0.22,,
1981-11-10,13.4,,,,,,0.18,,
1981-11-11,,,,,,,,,
1981-11-12,13.19,,,,,,0.42,,
1981-11-13,13.18,,,,,,0.35,,
1981-11-16,13.07,,,,,,0.38,,
1981-11-17,13.18,,,,,,0.47,,
1981-11-18,13.0,,,,,,0.81,,
1981-11-19,13.04,,,,,,0.82,,
1981-11-20,13.14,,,,,,0.93,,
1981-11-23,13.44,,,,,,0.94,,
1981-11-24,13.13,,,,,,0.98,,
1981-11-25,12.98,,,,,,0.85,,
1981-11-26,,,,,,,,,
1981-11-27,12.92,,,,,,0.81,,
1981-11-30,13.13,,,,,,0.77,,
1981-12-01,13.37,,,,,,0.66,,
1981-12-02,13.49,,,,,,0.6,,
1981-12-03,13.45,,,,,,0.57,,
1981-12-04,13.15,,,,,,0.92,,
1981-12-07,13.5,,,,,,0.92,,
1981-12-08,13.5,,,,,,0.85,,
1981-12-09,13.64,,,,,,0.77,,
1981-12-10,13.8,,,,,,0.64,,
1981-12-11,13.84,,,,,,0.49,,
1981-12-14,13.62,,,,,,0.23,,
1981-12-15,13.55,,,,,,0.45,,
1981-12-16,13.53,,,,,,0.49,,
1981-12-17,13.71,,,,,,0.34,,
1981-12-18,13.51,,,,,,0.32,,
1981-12-21,13.83,,,,,,0.22,,
1981-12-22,14.02,,,,,,0.25,,
1981-12-23,14.14,,,,,,0.02,,
1981-12-24,14.01,,,,,,0.06,,
1981-12-25,,,,,,,,,
1981-12-28,14.01,,,,,,-0.01,,
1981-12-29,14.12,,,,,,0.14,,
1981-12-30,14.17,,,,,,0.27,,
1981-12-31,13.98,,,,,,0.35,,
1982-01-01,,,,,,,,,
1982-01-04,14.19,,,,,,0.32,2.32,
1982-01-05,14.44,,,,,,0.35,2.24,
1982-01-06,14.59,,,,,,0.4,2.43,
1982-01-07,14.63,,,,,,0.3,2.46,
1982-01-08,14.48,,,,,,0.37,2.5,
1982-01-11,14.81,,,,,,0.26,2.32,
1982-01-12,14.62,,,,,,0.13,2.1,
1982-01-13,14.83,,,,,,0.05,2.13,
1982-01-14,14.7,,,,,,-0.01,1.53,
1982-01-15,14.82,,,,,,0.01,2.08,
1982-01-18,14.75,,,,,,-0.08,1.34,
1982-01-19,14.8,,,,,,0.01,1.67,
1982-01-20,14.81,,,,,,-0.21,1.3,
1982-01-21,14.62,,,,,,-0.34,0.97,
1982-01-22,14.69,,,,,,-0.37,1.06,
1982-01-25,14.62,,,,,,-0.31,0.56,
1982-01-26,14.54,,,,,,-0.16,0.89,
1982-01-27,14.51,,,,,,-0.06,1.11,
1982-01-28,14.29,,,,,,-0.04,1.45,
1982-01-29,14.14,,,,,,-0.1,1.06,
1982-02-01,14.58,,,,,,-0.46,-0.19,
1982-02-02,14.47,,,,,,-0.38,-0.02,
1982-02-03,14.69,,,,,,-0.24,0.05,
1982-02-04,14.76,,,,,,-0.2,0.38,
1982-02-05,14.65,,,,,,-0.24,0.02,
1982-02-08,14.88,,,,,,-0.21,-0.16,
1982-02-09,14.95,,,,,,-0.2,0.04,
1982-02-10,14.81,,,,,,-0.27,-0.07,
1982-02-11,14.71,,,,,,-0.36,-0.35,
1982-02-12,,,,,,,,,
1982-02-15,,,,,,,,,
1982-02-16,14.53,,,,,,-0.51,-0.96,
1982-02-17,14.5,,,,,,-0.68,-0.81,
1982-02-18,14.28,,,,,,-0.71,-0.3,
1982-02-19,14.24,,,,,,-0.7,0.07,
1982-02-22,13.87,,,,,,-0.48,0.74,
1982-02-23,13.93,,,,,,-0.4,1.0,
1982-02-24,13.87,,,,,,-0.37,1.04,
1982-02-25,13.91,,,,,,-0.34,1.12,
1982-02-26,14.03,,,,,,-0.41,1.03,
1982-03-01,13.85,,,,,,-0.4,1.04,
1982-03-02,13.74,,,,,,-0.4,0.52,
1982-03-03,13.69,,,,,,-0.4,0.84,
1982-03-04,13.61,,,,,,-0.29,0.76,
1982-03-05,13.59,,,,,,-0.2,0.73,
1982-03-08,13.67,,,,,,-0.04,0.99,
1982-03-09,13.69,,,,,,-0.24,0.76,
1982-03-10,13.73,,,,,,-0.24,0.73,
1982-03-11,13.95,,,,,,-0.3,0.71,
1982-03-12,13.97,,,,,,-0.38,0.57,
1982-03-15,13.96,,,,,,-0.47,0.49,
1982-03-16,13.91,,,,,,-0.44,0.58,
1982-03-17,13.88,,,,,,-0.27,0.52,
1982-03-18,13.87,,,,,,-0.37,0.42,
1982-03-19,13.89,,,,,,-0.46,0.2,
1982-03-22,13.74,,,,,,-0.35,0.48,
1982-03-23,13.72,,,,,,-0.35,0.61,
1982-03-24,13.91,,,,,,-0.23,0.52,
1982-03-25,13.9,,,,,,-0.34,0.55,
1982-03-26,14.01,,,,,,-0.34,0.32,
1982-03-29,14.16,,,,,,-0.37,0.0,
1982-03-30,14.19,,,,,,-0.44,0.04,
1982-03-31,14.18,,,,,,-0.34,0.19,
1982-04-01,14.1,,,,,,-0.32,0.23,
1982-04-02,14.1,,,,,,-0.34,0.15,
1982-04-05,14.16,,,,,,-0.21,0.4,
1982-04-06,14.18,,,,,,-0.24,0.41,
1982-04-07,14.18,,,,,,-0.36,0.38,
1982-04-08,13.98,,,,,,-0.3,0.24,
1982-04-09,,,,,,,,,
1982-04-12,13.83,,,,,,-0.39,0.4,
1982-04-13,13.83,,,,,,-0.34,0.5,
1982-04-14,13.95,,,,,,-0.4,0.51,
1982-04-15,13.91,,,,,,-0.48,0.44,
1982-04-16,13.71,,,,,,-0.53,0.5,
1982-04-19,13.66,,,,,,-0.52,0.62,
1982-04-20,13.72,,,,,,-0.42,0.65,
1982-04-21,13.69,,,,,,-0.35,0.96,
1982-04-22,13.71,,,,,,-0.35,0.72,
1982-04-23,13.69,,,,,,-0.33,0.7,
1982-04-26,13.7,,,,,,-0.32,0.53,
1982-04-27,13.7,,,,,,-0.25,0.66,
1982-04-28,13.77,,,,,,-0.22,0.68,
1982-04-29,13.87,,,,,,-0.15,0.67,
1982-04-30,13.87,,,,,,-0.12,0.72,
1982-05-03,13.95,,,,,,-0.18,0.49,
1982-05-04,13.87,,,,,,-0.3,0.27,
1982-05-05,13.8,,,,,,-0.24,0.41,
1982-05-06,13.54,,,,,,-0.24,0.46,
1982-05-07,13.48,,,,,,-0.19,0.46,
1982-05-10,13.49,,,,,,-0.22,0.28,
1982-05-11,13.46,,,,,,-0.27,0.49,
1982-05-12,13.59,,,,,,-0.21,0.54,
1982-05-13,13.62,,,,,,-0.33,0.53,
1982-05-14,13.48,,,,,,-0.38,0.56,
1982-05-17,13.57,,,,,,-0.28,0.55,
1982-05-18,13.6,,,,,,-0.25,0.72,
1982-05-19,13.64,,,,,,-0.14,1.17,
1982-05-20,13.53,,,,,,0.05,1.53,
1982-05-21,13.52,,,,,,-0.05,1.53,
1982-05-24,13.58,,,,,,-0.04,1.59,
1982-05-25,13.62,,,,,,-0.06,1.55,
1982-05-26,13.68,,,,,,0.06,1.64,
1982-05-27,13.72,,,,,,0.09,1.66,
1982-05-28,13.71,,,,,,0.09,1.74,
1982-05-31,,,,,,,,,
1982-06-01,13.93,,,,,,0.01,1.38,
1982-06-02,13.86,,,,,,-0.09,1.17,
1982-06-03,13.9,,,,,,0.0,1.27,
1982-06-04,13.98,,,,,,-0.05,1.2,
1982-06-07,13.94,,,,,,-0.03,1.23,
1982-06-08,13.98,,,,,,-0.06,1.19,
1982-06-09,13.99,,,,,,-0.12,1.37,
1982-06-10,14.02,,,,,,-0.1,1.5,
1982-06-11,13.93,,,,,,-0.15,1.38,
1982-06-14,14.21,,,,,,-0.16,1.33,
1982-06-15,14.21,,,,,,-0.2,1.28,
1982-06-16,14.26,,,,,,-0.19,1.23,
1982-06-17,14.48,,,,,,-0.31,1.33,
1982-06-18,14.62,,,,,,-0.34,1.31,
1982-06-21,14.63,,,,,,-0.29,1.52,
1982-06-22,14.66,,,,,,-0.24,1.29,
1982-06-23,14.74,,,,,,-0.23,1.07,
1982-06-24,14.71,,,,,,-0.24,1.11,
1982-06-25,14.76,,,,,,-0.22,0.89,
1982-06-28,14.73,,,,,,-0.2,0.92,
1982-06-29,14.61,,,,,,-0.22,0.81,
1982-06-30,14.44,,,,,,-0.22,1.08,
1982-07-01,14.4,,,,,,-0.2,1.26,
1982-07-02,14.5,,,,,,-0.21,1.14,
1982-07-05,,,,,,,,,
1982-07-06,14.48,,,,,,-0.24,1.3,
1982-07-07,14.49,,,,,,-0.19,1.18,
1982-07-08,14.19,,,,,,-0.07,1.71,
1982-07-09,14.03,,,,,,-0.02,1.74,
1982-07-12,13.87,,,,,,0.01,1.65,
1982-07-13,14.02,,,,,,-0.11,1.54,
1982-07-14,14.1,,,,,,-0.13,1.57,
1982-07-15,13.96,,,,,,-0.11,1.82,
1982-07-16,13.7,,,,,,-0.01,2.02,
1982-07-19,13.68,,,,,,0.16,2.16,
1982-07-20,13.53,,,,,,0.26,2.42,
1982-07-21,13.6,,,,,,0.47,2.41,
1982-07-22,13.51,,,,,,0.47,2.68,
1982-07-23,13.56,,,,,,0.52,2.83,
1982-07-26,13.91,,,,,,0.58,3.04,
1982-07-27,13.86,,,,,,0.51,2.74,
1982-07-28,13.97,,,,,,0.52,2.56,
1982-07-29,13.83,,,,,,0.41,2.86,
1982-07-30,13.68,,,,,,0.51,3.11,
1982-08-02,13.41,,,,,,0.59,3.69,
1982-08-03,13.51,,,,,,0.61,3.33,
1982-08-04,13.68,,,,,,0.75,3.56,
1982-08-05,13.7,,,,,,0.62,3.51,
1982-08-06,13.85,,,,,,0.61,3.14,
1982-08-09,13.7,,,,,,0.62,3.45,
1982-08-10,13.69,,,,,,0.54,3.27,
1982-08-11,13.71,,,,,,0.56,3.34,
1982-08-12,13.55,,,,,,0.62,3.81,
1982-08-13,13.2,,,,,,0.45,3.6,
1982-08-16,13.09,,,,,,0.73,4.11,
1982-08-17,12.65,,,,,,0.82,4.32,
1982-08-18,12.57,,,,,,0.81,4.22,
1982-08-19,12.47,,,,,,0.86,4.71,
1982-08-20,12.24,,,,,,1.04,4.93,
1982-08-23,12.47,,,,,,0.9,4.72,
1982-08-24,12.35,,,,,,0.85,4.49,
1982-08-25,12.43,,,,,,0.77,4.76,
1982-08-26,12.55,,,,,,0.88,5.18,
1982-08-27,12.77,,,,,,0.84,4.67,
1982-08-30,12.81,,,,,,0.8,4.37,
1982-08-31,12.81,,,,,,0.82,4.09,
1982-09-01,12.76,,,,,,0.76,4.03,
1982-09-02,12.6,,,,,,0.65,3.94,
1982-09-03,12.47,,,,,,0.78,4.01,
1982-09-06,,,,,,,,,
1982-09-07,12.53,,,,,,0.73,3.85,
1982-09-08,12.51,,,,,,0.64,3.91,
1982-09-09,12.53,,,,,,0.66,3.96,
1982-09-10,12.73,,,,,,0.67,4.07,
1982-09-13,12.63,,,,,,0.7,4.22,
1982-09-14,12.56,,,,,,0.68,4.4,
1982-09-15,12.6,,,,,,0.44,4.16,
1982-09-16,12.6,,,,,,0.46,4.29,
1982-09-17,12.51,,,,,,0.55,4.28,
1982-09-20,12.47,,,,,,0.49,4.43,
1982-09-21,12.18,,,,,,0.5,4.3,
1982-09-22,12.04,,,,,,0.43,4.46,
1982-09-23,11.94,,,,,,0.44,4.42,
1982-09-24,12.09,,,,,,0.44,4.24,
1982-09-27,11.99,,,,,,0.3,4.16,
1982-09-28,11.85,,,,,,0.43,4.13,
1982-09-29,11.8,,,,,,0.42,3.96,
1982-09-30,11.73,,,,,,0.5,3.85,
1982-10-01,11.51,,,,,,0.38,3.91,
1982-10-04,11.72,,,,,,0.21,3.51,
1982-10-05,11.69,,,,,,0.27,3.25,
1982-10-06,11.5,,,,,,0.29,3.17,
1982-10-07,10.91,,,,,,0.45,2.87,
1982-10-08,10.83,,,,,,0.68,2.83,
1982-10-11,,,,,,,,,
1982-10-12,10.53,,,,,,0.84,2.92,
1982-10-13,10.39,,,,,,0.71,2.72,
1982-10-14,10.61,,,,,,0.77,2.82,
1982-10-15,10.75,,,,,,0.75,2.95,
1982-10-18,10.58,,,,,,0.78,2.92,
1982-10-19,10.56,,,,,,0.74,2.83,
1982-10-20,10.69,,,,,,0.97,2.89,
1982-10-21,10.69,,,,,,0.9,2.88,
1982-10-22,10.81,,,,,,0.94,2.93,
1982-10-25,11.11,,,,,,1.02,2.99,
1982-10-26,10.87,,,,,,0.98,2.63,
1982-10-27,10.9,,,,,,0.96,2.62,
1982-10-28,10.77,,,,,,0.88,2.6,
1982-10-29,10.71,,,,,,0.86,2.54,
1982-11-01,10.56,,,,,,0.88,2.5,
1982-11-02,,,,,,,,,
1982-11-03,10.46,,,,,,0.81,2.4,
1982-11-04,10.42,,,,,,0.78,2.43,
1982-11-05,10.48,,,,,,0.75,2.44,
1982-11-08,10.55,,,,,,0.74,2.37,
1982-11-09,10.51,,,,,,0.77,2.23,
1982-11-10,10.48,,,,,,0.71,2.12,
1982-11-11,,,,,,,,,
1982-11-12,10.58,,,,,,0.71,2.02,
1982-11-15,10.65,,,,,,0.74,1.85,
1982-11-16,10.67,,,,,,0.77,1.97,
1982-11-17,10.59,,,,,,0.69,1.94,
1982-11-18,10.46,,,,,,0.65,1.91,
1982-11-19,10.42,,,,,,0.63,2.04,
1982-11-22,10.43,,,,,,0.7,2.17,
1982-11-23,10.53,,,,,,0.8,2.31,
1982-11-24,10.59,,,,,,0.79,2.39,
1982-11-25,,,,,,,,,
1982-11-26,10.51,,,,,,0.75,2.32,
1982-11-29,10.78,,,,,,0.84,2.24,
1982-11-30,10.79,,,,,,0.83,2.23,
1982-12-01,10.74,,,,,,0.78,2.19,
1982-12-02,10.68,,,,,,0.79,2.36,
1982-12-03,10.47,,,,,,0.75,2.37,
1982-12-06,10.46,,,,,,0.73,2.33,
1982-12-07,10.48,,,,,,0.76,2.29,
1982-12-08,10.62,,,,,,0.77,2.38,
1982-12-09,10.58,,,,,,0.75,2.35,
1982-12-10,10.66,,,,,,0.79,2.35,
1982-12-13,10.61,,,,,,0.77,2.34,
1982-12-14,10.46,,,,,,0.92,2.53,
1982-12-15,10.5,,,,,,1.01,2.62,
1982-12-16,10.59,,,,,,1.0,2.49,
1982-12-17,10.64,,,,,,0.98,2.51,
1982-12-20,10.7,,,,,,1.03,2.56,
1982-12-21,10.54,,,,,,1.0,2.37,
1982-12-22,10.53,,,,,,0.98,2.35,
1982-12-23,10.47,,,,,,0.95,2.29,
1982-12-24,,,,,,,,,
1982-12-27,10.44,,,,,,0.9,2.28,
1982-12-28,10.44,,,,,,0.92,2.11,
1982-12-29,10.47,,,,,,0.93,2.04,
1982-12-30,10.44,,,,,,0.92,2.15,
1982-12-31,10.36,,,,,,0.88,2.16,
1983-01-03,10.32,,,,,,1.03,2.15,
1983-01-04,10.37,,,,,,0.94,2.09,
1983-01-05,10.35,,,,,,0.96,2.1,
1983-01-06,10.39,,,,,,1.0,2.19,
1983-01-07,10.36,,,,,,1.1,2.34,
1983-01-10,10.38,,,,,,1.14,2.42,
1983-01-11,10.34,,,,,,1.15,2.4,
1983-01-12,10.32,,,,,,1.1,2.38,
1983-01-13,10.27,,,,,,1.16,2.35,
1983-01-14,10.28,,,,,,1.19,2.49,
1983-01-17,10.28,,,,,,1.11,2.43,
1983-01-18,10.3,,,,,,1.16,2.4,
1983-01-19,10.41,,,,,,1.21,2.47,
1983-01-20,10.43,,,,,,1.17,2.39,
1983-01-21,10.61,,,,,,1.15,2.32,
1983-01-24,10.7,,,,,,1.16,2.33,
1983-01-25,10.62,,,,,,1.18,2.3,
1983-01-26,10.69,,,,,,1.17,2.33,
1983-01-27,10.67,,,,,,1.18,2.37,
1983-01-28,10.71,,,,,,1.24,2.45,
1983-01-31,10.8,,,,,,1.22,2.44,
1983-02-01,10.78,,,,,,1.18,2.33,
1983-02-02,10.88,,,,,,1.17,2.43,
1983-02-03,10.93,,,,,,1.22,2.5,
1983-02-04,10.99,,,,,,1.17,2.47,
1983-02-07,10.96,,,,,,1.16,2.46,
1983-02-08,10.99,,,,,,1.16,2.42,
1983-02-09,11.0,,,,,,1.11,2.45,
1983-02-10,10.83,,,,,,1.09,2.38,
1983-02-11,10.8,,,,,,1.1,2.38,
1983-02-14,10.8,,,,,,1.02,2.27,
1983-02-15,10.84,,,,,,1.07,2.24,
1983-02-16,10.81,,,,,,1.12,2.33,
1983-02-17,10.71,,,,,,1.06,2.33,
1983-02-18,10.6,,,,,,1.04,2.34,
1983-02-21,,,,,,,,,
1983-02-22,10.46,,,,,,1.05,2.29,
1983-02-23,10.44,,,,,,1.0,2.2,
1983-02-24,10.42,,,,,,1.02,2.22,
1983-02-25,10.26,,,,,,0.98,2.18,
1983-02-28,10.27,,,,,,0.96,2.06,
1983-03-01,10.22,,,,,,0.96,1.96,
1983-03-02,10.26,,,,,,0.96,1.96,
1983-03-03,10.23,,,,,,0.99,1.98,
1983-03-04,10.27,,,,,,1.02,1.98,
1983-03-07,10.43,,,,,,0.97,1.95,
1983-03-08,10.52,,,,,,0.9,1.91,
1983-03-09,10.48,,,,,,0.86,1.91,
1983-03-10,10.55,,,,,,0.88,2.0,
1983-03-11,10.59,,,,,,0.93,2.03,
1983-03-14,10.48,,,,,,0.9,1.97,
1983-03-15,10.46,,,,,,0.89,1.91,
1983-03-16,10.53,,,,,,0.88,1.92,
1983-03-17,10.56,,,,,,0.85,1.93,
1983-03-18,10.58,,,,,,0.8,1.84,
1983-03-21,10.6,,,,,,0.81,1.8,
1983-03-22,10.62,,,,,,0.78,1.69,
1983-03-23,10.58,,,,,,0.77,1.8,
1983-03-24,10.58,,,,,,0.76,1.75,
1983-03-25,10.64,,,,,,0.73,1.64,
1983-03-28,10.66,,,,,,0.74,1.65,
1983-03-29,10.6,,,,,,0.72,1.63,
1983-03-30,10.59,,,,,,0.71,1.61,
1983-03-31,10.62,,,,,,0.75,1.66,
1983-04-01,,,,,,,,,
1983-04-04,10.6,,,,,,0.73,1.63,
1983-04-05,10.49,,,,,,0.77,1.69,
1983-04-06,10.49,,,,,,0.8,1.77,
1983-04-07,10.51,,,,,,0.84,1.83,
1983-04-08,10.51,,,,,,0.84,1.88,
1983-04-11,10.41,,,,,,0.88,1.96,
1983-04-12,10.42,,,,,,0.84,1.93,
1983-04-13,10.39,,,,,,0.82,1.91,
1983-04-14,10.29,,,,,,0.8,1.87,
1983-04-15,10.33,,,,,,0.8,1.9,
1983-04-18,10.29,,,,,,0.8,1.93,
1983-04-19,10.39,,,,,,0.81,1.92,
1983-04-20,10.39,,,,,,0.81,1.99,
1983-04-21,10.43,,,,,,0.82,1.99,
1983-04-22,10.42,,,,,,0.84,1.98,
1983-04-25,10.4,,,,,,0.88,1.96,
1983-04-26,10.37,,,,,,0.88,1.92,
1983-04-27,10.29,,,,,,0.87,1.88,
1983-04-28,10.31,,,,,,0.89,1.9,
1983-04-29,10.27,,,,,,0.92,1.89,
1983-05-02,10.26,,,,,,0.97,1.93,
1983-05-03,10.26,,,,,,0.99,1.93,
1983-05-04,10.12,,,,,,0.93,1.82,
1983-05-05,10.16,,,,,,0.91,1.82,
1983-05-06,10.13,,,,,,0.96,1.87,
1983-05-09,10.25,,,,,,0.92,1.82,
1983-05-10,10.16,,,,,,0.92,1.86,
1983-05-11,10.18,,,,,,0.96,1.93,
1983-05-12,10.23,,,,,,0.94,1.88,
1983-05-13,10.22,,,,,,0.95,1.92,
1983-05-16,10.37,,,,,,0.9,1.92,
1983-05-17,10.41,,,,,,0.93,1.97,
1983-05-18,10.43,,,,,,0.94,2.01,
1983-05-19,10.49,,,,,,0.88,2.03,
1983-05-20,10.54,,,,,,0.9,2.06,
1983-05-23,10.57,,,,,,0.83,1.84,
1983-05-24,10.56,,,,,,0.81,1.76,
1983-05-25,10.58,,,,,,0.82,1.76,
1983-05-26,10.63,,,,,,0.74,1.78,
1983-05-27,10.62,,,,,,0.72,1.82,
1983-05-30,,,,,,,,,
1983-05-31,10.81,,,,,,0.79,1.84,
1983-06-01,10.77,,,,,,0.8,1.85,
1983-06-02,10.78,,,,,,0.82,1.94,
1983-06-03,10.79,,,,,,0.78,1.92,
1983-06-06,10.79,,,,,,0.7,1.83,
1983-06-07,10.85,,,,,,0.67,1.68,
1983-06-08,10.92,,,,,,0.72,1.74,
1983-06-09,10.88,,,,,,0.76,1.8,
1983-06-10,10.89,,,,,,0.69,1.78,
1983-06-13,10.75,,,,,,0.64,1.72,
1983-06-14,10.77,,,,,,0.68,1.71,
1983-06-15,10.72,,,,,,0.66,1.66,
1983-06-16,10.64,,,,,,0.59,1.65,
1983-06-17,10.68,,,,,,0.61,1.67,
1983-06-20,10.8,,,,,,0.54,1.48,
1983-06-21,10.79,,,,,,0.52,1.47,
1983-06-22,10.83,,,,,,0.52,1.48,
1983-06-23,10.9,,,,,,0.57,1.59,
1983-06-24,11.02,,,,,,0.59,1.6,
1983-06-27,11.11,,,,,,0.67,1.73,
1983-06-28,11.04,,,,,,0.69,1.7,
1983-06-29,10.99,,,,,,0.72,1.79,
1983-06-30,10.96,,,,,,0.73,1.81,
1983-07-01,10.93,,,,,,0.76,1.88,
1983-07-04,,,,,,,,,
1983-07-05,11.21,,,,,,0.69,1.85,
1983-07-06,11.16,,,,,,0.67,1.78,
1983-07-07,11.29,,,,,,0.7,1.8,
1983-07-08,11.33,,,,,,0.64,1.85,
1983-07-11,11.28,,,,,,0.72,1.86,
1983-07-12,11.42,,,,,,0.68,1.9,
1983-07-13,11.4,,,,,,0.69,1.93,
1983-07-14,11.38,,,,,,0.66,1.92,
1983-07-15,11.51,,,,,,0.69,1.92,
1983-07-18,11.41,,,,,,0.65,1.94,
1983-07-19,11.36,,,,,,0.67,1.85,
1983-07-20,11.28,,,,,,0.64,1.84,
1983-07-21,11.32,,,,,,0.66,1.88,
1983-07-22,11.43,,,,,,0.66,1.98,
1983-07-25,11.41,,,,,,0.67,1.98,
1983-07-26,11.49,,,,,,0.72,2.02,
1983-07-27,11.51,,,,,,0.74,2.08,
1983-07-28,11.66,,,,,,0.8,2.12,
1983-07-29,11.76,,,,,,0.73,2.17,
1983-08-01,11.8,,,,,,0.71,2.17,
1983-08-02,11.82,,,,,,0.68,1.93,
1983-08-03,11.92,,,,,,0.79,2.14,
1983-08-04,12.12,,,,,,0.85,2.26,
1983-08-05,12.1,,,,,,0.83,2.27,
1983-08-08,12.2,,,,,,0.83,2.31,
1983-08-09,12.13,,,,,,0.8,2.19,
1983-08-10,12.17,,,,,,0.76,2.2,
1983-08-11,12.04,,,,,,0.72,2.06,
1983-08-12,11.96,,,,,,0.69,2.06,
1983-08-15,11.76,,,,,,0.68,1.93,
1983-08-16,11.71,,,,,,0.74,1.88,
1983-08-17,11.65,,,,,,0.79,1.92,
1983-08-18,11.7,,,,,,0.85,2.02,
1983-08-19,11.72,,,,,,0.82,2.02,
1983-08-22,11.54,,,,,,0.79,2.0,
1983-08-23,11.57,,,,,,0.78,2.01,
1983-08-24,11.54,,,,,,0.78,2.05,
1983-08-25,11.62,,,,,,0.79,2.14,
1983-08-26,11.65,,,,,,0.77,2.11,
1983-08-29,11.86,,,,,,0.77,2.24,
1983-08-30,11.9,,,,,,0.82,2.21,
1983-08-31,11.98,,,,,,0.8,2.34,
1983-09-01,11.97,,,,,,0.81,2.39,
1983-09-02,12.01,,,,,,0.83,2.38,
1983-09-05,,,,,,,,,
1983-09-06,11.85,,,,,,0.82,2.26,
1983-09-07,11.7,,,,,,0.82,2.21,
1983-09-08,11.77,,,,,,0.82,2.29,
1983-09-09,11.73,,,,,,0.8,2.19,
1983-09-12,11.56,,,,,,0.85,2.17,
1983-09-13,11.63,,,,,,0.86,2.17,
1983-09-14,11.76,,,,,,0.88,2.29,
1983-09-15,11.82,,,,,,0.87,2.36,
1983-09-16,11.68,,,,,,0.85,2.25,
1983-09-19,11.66,,,,,,0.94,2.32,
1983-09-20,11.57,,,,,,0.87,2.25,
1983-09-21,11.64,,,,,,0.91,2.31,
1983-09-22,11.6,,,,,,0.86,2.27,
1983-09-23,11.49,,,,,,0.88,2.27,
1983-09-26,11.41,,,,,,0.92,2.36,
1983-09-27,11.45,,,,,,0.88,2.37,
1983-09-28,11.49,,,,,,0.9,2.37,
1983-09-29,11.5,,,,,,0.86,2.26,
1983-09-30,11.44,,,,,,0.91,2.4,
1983-10-03,11.47,,,,,,0.92,2.34,
1983-10-04,11.46,,,,,,0.9,2.46,
1983-10-05,11.35,,,,,,0.9,2.34,
1983-10-06,11.31,,,,,,0.89,2.34,
1983-10-07,11.33,,,,,,0.88,2.39,
1983-10-10,,,,,,,,,
1983-10-11,11.57,,,,,,0.89,2.41,
1983-10-12,11.59,,,,,,0.94,2.45,
1983-10-13,11.65,,,,,,0.94,2.49,
1983-10-14,11.58,,,,,,0.93,2.46,
1983-10-17,11.47,,,,,,0.98,2.59,
1983-10-18,11.49,,,,,,1.01,2.64,
1983-10-19,11.49,,,,,,0.94,2.65,
1983-10-20,11.47,,,,,,0.93,2.59,
1983-10-21,11.43,,,,,,0.95,2.56,
1983-10-24,11.66,,,,,,0.98,2.63,
1983-10-25,11.7,,,,,,1.07,2.7,
1983-10-26,11.72,,,,,,1.09,2.72,
1983-10-27,11.66,,,,,,1.06,2.67,
1983-10-28,11.68,,,,,,1.07,2.72,
1983-10-31,11.74,,,,,,1.13,2.91,
1983-11-01,11.69,,,,,,1.05,2.89,
1983-11-02,11.7,,,,,,1.08,2.88,
1983-11-03,11.75,,,,,,1.12,2.78,
1983-11-04,11.85,,,,,,1.09,2.71,
1983-11-07,11.85,,,,,,1.06,2.71,
1983-11-08,,,,,,,,,
1983-11-09,11.84,,,,,,1.1,2.71,
1983-11-10,11.71,,,,,,1.08,2.62,
1983-11-11,,,,,,,,,
1983-11-14,11.68,,,,,,1.08,2.56,
1983-11-15,11.7,,,,,,1.04,2.57,
1983-11-16,11.7,,,,,,1.04,2.56,
1983-11-17,11.72,,,,,,1.04,2.52,
1983-11-18,11.72,,,,,,1.04,2.52,
1983-11-21,11.65,,,,,,1.0,2.53,
1983-11-22,11.57,,,,,,0.97,2.45,
1983-11-23,11.59,,,,,,0.95,2.43,
1983-11-24,,,,,,,,,
1983-11-25,11.55,,,,,,0.92,2.43,
1983-11-28,11.63,,,,,,0.94,2.38,
1983-11-29,11.58,,,,,,0.93,2.36,
1983-11-30,11.63,,,,,,0.96,2.39,
1983-12-01,11.63,,,,,,0.97,2.36,
1983-12-02,11.75,,,,,,0.98,2.47,
1983-12-05,11.78,,,,,,0.98,2.49,
1983-12-06,11.76,,,,,,1.02,2.46,
1983-12-07,11.79,,,,,,1.04,2.48,
1983-12-08,11.89,,,,,,1.06,2.51,
1983-12-09,11.9,,,,,,1.05,2.56,
1983-12-12,11.87,,,,,,1.05,2.56,
1983-12-13,11.95,,,,,,1.02,2.49,
1983-12-14,11.97,,,,,,1.05,2.49,
1983-12-15,11.96,,,,,,1.03,2.43,
1983-12-16,11.88,,,,,,1.01,2.41,
1983-12-19,11.87,,,,,,1.0,2.42,
1983-12-20,11.86,,,,,,0.99,2.45,
1983-12-21,11.83,,,,,,0.95,2.47,
1983-12-22,11.77,,,,,,0.94,2.52,
1983-12-23,11.79,,,,,,0.93,2.47,
1983-12-26,,,,,,,,,
1983-12-27,11.75,,,,,,0.9,2.46,
1983-12-28,11.81,,,,,,0.96,2.47,
1983-12-29,11.79,,,,,,0.95,2.45,
1983-12-30,11.82,,,,,,0.97,2.49,
1984-01-02,,,,,,,,,
1984-01-03,11.86,,,,,,0.99,2.51,
1984-01-04,11.78,,,,,,1.01,2.44,
1984-01-05,11.77,,,,,,1.02,2.48,
1984-01-06,11.73,,,,,,1.05,2.51,
1984-01-09,11.75,,,,,,1.02,2.5,
1984-01-10,11.71,,,,,,1.05,2.44,
1984-01-11,11.76,,,,,,1.04,2.46,
1984-01-12,11.76,,,,,,1.05,2.47,
1984-01-13,11.59,,,,,,1.09,2.51,
1984-01-16,11.54,,,,,,1.02,2.43,
1984-01-17,11.57,,,,,,1.02,2.33,
1984-01-18,11.61,,,,,,1.03,2.34,
1984-01-19,11.6,,,,,,1.03,2.35,
1984-01-20,11.64,,,,,,1.04,2.32,
1984-01-23,11.63,,,,,,1.02,2.33,
1984-01-24,11.63,,,,,,1.0,2.34,
1984-01-25,11.64,,,,,,0.99,2.34,
1984-01-26,11.63,,,,,,1.01,2.34,
1984-01-27,11.63,,,,,,1.01,2.35,
1984-01-30,11.66,,,,,,1.09,2.42,
1984-01-31,11.67,,,,,,1.09,2.41,
1984-02-01,11.64,,,,,,1.08,2.39,
1984-02-02,11.6,,,,,,1.06,2.33,
1984-02-03,11.6,,,,,,1.07,2.28,
1984-02-06,11.7,,,,,,1.03,2.2,
1984-02-07,11.71,,,,,,1.05,2.28,
1984-02-08,11.72,,,,,,1.07,2.25,
1984-02-09,11.73,,,,,,1.07,2.33,
1984-02-10,11.83,,,,,,1.1,2.4,
1984-02-13,,,,,,,,,
1984-02-14,11.85,,,,,,1.07,2.42,
1984-02-15,11.81,,,,,,1.08,2.37,
1984-02-16,11.83,,,,,,1.08,2.39,
1984-02-17,11.92,,,,,,1.05,2.39,
1984-02-20,,,,,,,,,
1984-02-21,11.91,,,,,,1.06,2.41,
1984-02-22,11.93,,,,,,1.01,2.42,
1984-02-23,12.05,,,,,,1.02,2.41,
1984-02-24,11.99,,,,,,1.05,2.45,
1984-02-27,12.05,,,,,,1.03,2.5,
1984-02-28,12.09,,,,,,1.05,2.5,
1984-02-29,12.04,,,,,,1.05,2.55,
1984-03-01,12.07,,,,,,1.02,2.53,
1984-03-02,11.99,,,,,,1.07,2.49,
1984-03-05,12.07,,,,,,1.06,2.53,
1984-03-06,12.09,,,,,,1.08,2.5,
1984-03-07,12.22,,,,,,1.14,2.55,
1984-03-08,12.24,,,,,,1.09,2.54,
1984-03-09,12.28,,,,,,1.09,2.51,
1984-03-12,12.24,,,,,,1.06,2.55,
1984-03-13,12.27,,,,,,1.05,2.53,
1984-03-14,12.31,,,,,,1.05,2.48,
1984-03-15,12.31,,,,,,1.03,2.45,
1984-03-16,12.34,,,,,,1.07,2.47,
1984-03-19,12.45,,,,,,1.06,2.45,
1984-03-20,12.44,,,,,,0.99,2.24,
1984-03-21,12.45,,,,,,0.88,2.25,
1984-03-22,12.49,,,,,,0.9,2.31,
1984-03-23,12.48,,,,,,0.89,2.33,
1984-03-26,12.46,,,,,,0.9,2.35,
1984-03-27,12.46,,,,,,0.88,2.29,
1984-03-28,12.42,,,,,,0.94,2.32,
1984-03-29,12.41,,,,,,0.92,2.34,
1984-03-30,12.53,,,,,,0.93,2.44,
1984-04-02,12.56,,,,,,0.95,2.51,
1984-04-03,12.65,,,,,,0.92,2.47,
1984-04-04,12.67,,,,,,0.91,2.49,
1984-04-05,12.65,,,,,,0.95,2.47,
1984-04-06,12.51,,,,,,0.96,2.46,
1984-04-09,12.47,,,,,,0.92,2.52,
1984-04-10,12.52,,,,,,0.98,2.51,
1984-04-11,12.5,,,,,,0.97,2.49,
1984-04-12,12.4,,,,,,0.91,2.38,
1984-04-13,12.57,,,,,,0.91,2.46,
1984-04-16,12.61,,,,,,0.91,2.44,
1984-04-17,12.57,,,,,,0.98,2.42,
1984-04-18,12.7,,,,,,1.01,2.56,
1984-04-19,12.77,,,,,,1.0,2.67,
1984-04-20,,,,,,,,,
1984-04-23,12.8,,,,,,1.02,2.79,
1984-04-24,12.75,,,,,,1.02,2.71,
1984-04-25,12.69,,,,,,0.9,2.67,
1984-04-26,12.67,,,,,,0.9,2.76,
1984-04-27,12.79,,,,,,0.9,2.71,
1984-04-30,12.82,,,,,,0.93,2.72,
1984-05-01,12.82,,,,,,0.94,2.74,
1984-05-02,12.86,,,,,,0.94,2.8,
1984-05-03,12.89,,,,,,0.93,2.84,
1984-05-04,13.07,,,,,,0.92,2.82,
1984-05-07,13.13,,,,,,0.89,2.78,
1984-05-08,13.09,,,,,,0.86,2.65,
1984-05-09,13.21,,,,,,0.89,2.81,
1984-05-10,13.25,,,,,,0.93,3.0,
1984-05-11,13.46,,,,,,0.91,3.06,
1984-05-14,13.58,,,,,,1.01,3.21,
1984-05-15,13.48,,,,,,0.97,2.96,
1984-05-16,13.41,,,,,,0.99,3.27,
1984-05-17,13.54,,,,,,1.03,3.38,
1984-05-18,13.45,,,,,,0.98,3.26,
1984-05-21,13.43,,,,,,0.95,3.36,
1984-05-22,13.52,,,,,,0.94,3.07,
1984-05-23,13.54,,,,,,0.87,3.21,
1984-05-24,13.72,,,,,,0.95,3.63,
1984-05-25,13.75,,,,,,0.98,3.81,
1984-05-28,,,,,,,,,
1984-05-29,13.89,,,,,,0.91,3.8,
1984-05-30,13.99,,,,,,0.95,3.84,
1984-05-31,13.91,,,,,,0.91,3.78,
1984-06-01,13.63,,,,,,0.91,3.45,
1984-06-04,13.42,,,,,,0.79,3.19,
1984-06-05,13.37,,,,,,0.77,3.23,
1984-06-06,13.54,,,,,,0.79,3.39,
1984-06-07,13.54,,,,,,0.73,3.31,
1984-06-08,13.46,,,,,,0.72,3.21,
1984-06-11,13.58,,,,,,0.58,3.15,
1984-06-12,13.54,,,,,,0.62,3.06,
1984-06-13,13.44,,,,,,0.61,3.16,
1984-06-14,13.39,,,,,,0.64,3.11,
1984-06-15,13.21,,,,,,0.58,2.94,
1984-06-18,13.27,,,,,,0.52,2.92,
1984-06-19,13.38,,,,,,0.59,3.07,
1984-06-20,13.65,,,,,,0.57,3.34,
1984-06-21,13.72,,,,,,0.58,3.39,
1984-06-22,13.74,,,,,,0.59,3.51,
1984-06-25,13.75,,,,,,0.63,3.61,
1984-06-26,13.79,,,,,,0.62,3.6,
1984-06-27,13.76,,,,,,0.64,3.62,
1984-06-28,13.8,,,,,,0.63,3.56,
1984-06-29,13.84,,,,,,0.67,3.53,
1984-07-02,13.87,,,,,,0.7,3.75,
1984-07-03,13.8,,,,,,0.68,3.42,
1984-07-04,,,,,,,,,
1984-07-05,13.77,,,,,,0.7,3.4,
1984-07-06,13.75,,,,,,0.62,3.35,
1984-07-09,13.48,,,,,,0.52,3.07,
1984-07-10,13.53,,,,,,0.53,2.99,
1984-07-11,13.55,,,,,,0.49,3.04,
1984-07-12,13.42,,,,,,0.46,2.98,
1984-07-13,13.3,,,,,,0.45,2.94,
1984-07-16,13.32,,,,,,0.43,2.92,
1984-07-17,13.37,,,,,,0.44,2.76,
1984-07-18,13.32,,,,,,0.43,2.8,
1984-07-19,13.25,,,,,,0.43,2.71,
1984-07-20,13.36,,,,,,0.51,2.77,
1984-07-23,13.35,,,,,,0.48,2.72,
1984-07-24,13.31,,,,,,0.46,2.62,
1984-07-25,13.06,,,,,,0.42,2.38,
1984-07-26,12.89,,,,,,0.34,2.22,
1984-07-27,12.95,,,,,,0.36,2.25,
1984-07-30,13.05,,,,,,0.39,2.29,
1984-07-31,12.91,,,,,,0.34,2.08,
1984-08-01,12.81,,,,,,0.33,1.95,
1984-08-02,12.74,,,,,,0.26,1.84,
1984-08-03,12.61,,,,,,0.31,1.71,
1984-08-06,12.73,,,,,,0.31,1.75,
1984-08-07,12.69,,,,,,0.28,1.72,
1984-08-08,12.66,,,,,,0.29,1.76,
1984-08-09,12.61,,,,,,0.28,1.76,
1984-08-10,12.68,,,,,,0.33,1.82,
1984-08-13,12.74,,,,,,0.29,1.86,
1984-08-14,12.67,,,,,,0.33,1.95,
1984-08-15,12.74,,,,,,0.35,2.12,
1984-08-16,12.7,,,,,,0.3,2.02,
1984-08-17,12.7,,,,,,0.3,1.95,
1984-08-20,12.69,,,,,,0.27,1.81,
1984-08-21,12.62,,,,,,0.21,1.77,
1984-08-22,12.65,,,,,,0.2,1.81,
1984-08-23,12.69,,,,,,0.25,1.81,
1984-08-24,12.66,,,,,,0.25,1.75,
1984-08-27,12.81,,,,,,0.27,1.69,
1984-08-28,12.81,,,,,,0.27,1.71,
1984-08-29,12.83,,,,,,0.27,1.72,
1984-08-30,12.84,,,,,,0.28,1.75,
1984-08-31,12.79,,,,,,0.25,1.73,
1984-09-03,,,,,,,,,
1984-09-04,12.88,,,,,,0.29,1.74,
1984-09-05,12.92,,,,,,0.29,1.84,
1984-09-06,12.81,,,,,,0.27,1.77,
1984-09-07,12.7,,,,,,0.25,1.71,
1984-09-10,12.62,,,,,,0.35,1.78,
1984-09-11,12.54,,,,,,0.28,1.72,
1984-09-12,12.55,,,,,,0.25,1.72,
1984-09-13,12.44,,,,,,0.23,1.69,
1984-09-14,12.42,,,,,,0.27,1.63,
1984-09-17,12.4,,,,,,0.24,1.59,
1984-09-18,12.35,,,,,,0.25,1.61,
1984-09-19,12.25,,,,,,0.31,1.56,
1984-09-20,12.28,,,,,,0.34,1.62,
1984-09-21,12.45,,,,,,0.39,1.78,
1984-09-24,12.52,,,,,,0.42,1.8,
1984-09-25,12.56,,,,,,0.44,1.85,
1984-09-26,12.46,,,,,,0.41,1.82,
1984-09-27,12.31,,,,,,0.36,1.74,
1984-09-28,12.47,,,,,,0.4,1.84,
1984-10-01,12.54,,,,,,0.45,1.89,
1984-10-02,12.54,,,,,,0.47,1.87,
1984-10-03,12.54,,,,,,0.48,1.95,
1984-10-04,12.52,,,,,,0.5,1.95,
1984-10-05,12.39,,,,,,0.46,1.84,
1984-10-08,,,,,,,,,
1984-10-09,12.36,,,,,,0.49,1.85,
1984-10-10,12.36,,,,,,0.47,1.88,
1984-10-11,12.31,,,,,,0.53,1.95,
1984-10-12,12.28,,,,,,0.56,1.98,
1984-10-15,12.34,,,,,,0.56,1.95,
1984-10-16,12.32,,,,,,0.55,1.97,
1984-10-17,12.28,,,,,,0.58,2.02,
1984-10-18,12.09,,,,,,0.56,1.99,
1984-10-19,11.93,,,,,,0.54,2.0,
1984-10-22,11.9,,,,,,0.55,1.98,
1984-10-23,11.78,,,,,,0.61,1.96,
1984-10-24,11.74,,,,,,0.64,2.23,
1984-10-25,11.83,,,,,,0.7,2.3,
1984-10-26,11.99,,,,,,0.66,2.28,
1984-10-29,11.95,,,,,,0.65,2.3,
1984-10-30,11.75,,,,,,0.62,2.21,
1984-10-31,11.79,,,,,,0.7,2.44,
1984-11-01,11.66,,,,,,0.73,2.3,
1984-11-02,11.66,,,,,,0.7,2.32,
1984-11-05,11.6,,,,,,0.81,2.61,
1984-11-06,,,,,,,,,
1984-11-07,11.72,,,,,,0.92,2.86,
1984-11-08,11.81,,,,,,0.86,2.73,
1984-11-09,11.71,,,,,,0.9,2.77,
1984-11-12,,,,,,,,,
1984-11-13,11.78,,,,,,0.89,2.74,
1984-11-14,11.81,,,,,,0.9,2.73,
1984-11-15,11.73,,,,,,0.95,2.75,
1984-11-16,11.69,,,,,,0.98,2.79,
1984-11-19,11.61,,,,,,0.94,2.68,
1984-11-20,11.53,,,,,,0.94,2.6,
1984-11-21,11.39,,,,,,1.0,2.54,
1984-11-22,,,,,,,,,
1984-11-23,11.24,,,,,,0.95,2.49,
1984-11-26,11.28,,,,,,0.95,2.49,
1984-11-27,11.28,,,,,,0.97,2.6,
1984-11-28,11.38,,,,,,1.03,2.7,
1984-11-29,11.42,,,,,,1.05,2.77,
1984-11-30,11.58,,,,,,1.08,2.84,
1984-12-03,11.56,,,,,,1.06,2.85,
1984-12-04,11.52,,,,,,1.08,2.72,
1984-12-05,11.52,,,,,,1.12,2.74,
1984-12-06,11.61,,,,,,1.12,2.83,
1984-12-07,11.7,,,,,,1.19,3.06,
1984-12-10,11.66,,,,,,1.19,3.01,
1984-12-11,11.57,,,,,,1.17,2.94,
1984-12-12,11.54,,,,,,1.19,2.98,
1984-12-13,11.7,,,,,,1.3,3.12,
1984-12-14,11.56,,,,,,1.36,3.17,
1984-12-17,11.49,,,,,,1.42,3.25,
1984-12-18,11.29,,,,,,1.44,3.21,
1984-12-19,11.34,,,,,,1.45,3.37,
1984-12-20,11.37,,,,,,1.43,3.3,
1984-12-21,11.34,,,,,,1.4,3.31,
1984-12-24,11.31,,,,,,1.48,3.41,
1984-12-25,,,,,,,,,
1984-12-26,11.45,,,,,,1.5,3.56,
1984-12-27,11.45,,,,,,1.49,3.52,
1984-12-28,11.46,,,,,,1.44,3.46,
1984-12-31,11.55,,,,,,1.53,3.43,
1985-01-01,,,,,,,,,
1985-01-02,11.7,,,,,,1.67,3.6,
1985-01-03,11.62,,,,,,1.56,3.55,
1985-01-04,11.67,,,,,,1.59,3.59,
1985-01-07,11.5,,,,,,1.49,3.44,
1985-01-08,11.45,,,,,,1.46,3.39,
1985-01-09,11.47,,,,,,1.52,3.52,
1985-01-10,11.48,,,,,,1.48,3.48,
1985-01-11,11.59,,,,,,1.51,3.57,
1985-01-14,11.6,,,,,,1.53,3.64,
1985-01-15,11.49,,,,,,1.49,3.5,
1985-01-16,11.51,,,,,,1.52,3.51,
1985-01-17,11.48,,,,,,1.5,3.48,
1985-01-18,11.39,,,,,,1.48,3.39,
1985-01-21,,,,,,,,,
1985-01-22,11.27,,,,,,1.44,3.31,
1985-01-23,11.21,,,,,,1.38,3.31,
1985-01-24,11.06,,,,,,1.32,3.18,
1985-01-25,11.11,,,,,,1.35,3.22,
1985-01-28,11.11,,,,,,1.32,3.13,
1985-01-29,11.11,,,,,,1.32,3.02,
1985-01-30,11.08,,,,,,1.32,2.98,
1985-01-31,11.17,,,,,,1.27,2.84,
1985-02-01,11.29,,,,,,1.25,2.82,
1985-02-04,11.35,,,,,,1.32,2.88,
1985-02-05,11.3,,,,,,1.31,2.87,
1985-02-06,11.4,,,,,,1.37,2.99,
1985-02-07,11.41,,,,,,1.35,2.95,
1985-02-08,11.37,,,,,,1.34,2.86,
1985-02-11,11.42,,,,,,1.36,2.92,
1985-02-12,,,,,,,,,
1985-02-13,11.39,,,,,,1.36,2.86,
1985-02-14,11.29,,,,,,1.31,2.81,
1985-02-15,11.38,,,,,,1.36,2.91,
1985-02-18,,,,,,,,,
1985-02-19,11.37,,,,,,1.36,2.91,
1985-02-20,11.52,,,,,,1.39,2.99,
1985-02-21,11.64,,,,,,1.35,2.91,
1985-02-22,11.76,,,,,,1.42,3.08,
1985-02-25,11.75,,,,,,1.39,3.06,
1985-02-26,11.72,,,,,,1.36,3.07,
1985-02-27,11.89,,,,,,1.33,3.14,
1985-02-28,11.91,,,,,,1.25,3.1,
1985-03-01,11.86,,,,,,1.13,2.88,
1985-03-04,11.93,,,,,,1.15,2.88,
1985-03-05,11.86,,,,,,1.15,2.86,
1985-03-06,11.92,,,,,,1.17,2.91,
1985-03-07,11.94,,,,,,1.11,2.82,
1985-03-08,11.71,,,,,,1.15,2.82,
1985-03-11,11.72,,,,,,1.16,2.93,
1985-03-12,11.78,,,,,,1.16,2.93,
1985-03-13,11.9,,,,,,1.11,2.99,
1985-03-14,11.92,,,,,,1.06,2.87,
1985-03-15,11.93,,,,,,1.11,3.22,
1985-03-18,12.02,,,,,,1.13,3.19,
1985-03-19,11.99,,,,,,1.14,3.13,
1985-03-20,11.91,,,,,,1.06,3.07,
1985-03-21,11.82,,,,,,1.13,3.07,
1985-03-22,11.88,,,,,,1.13,3.06,
1985-03-25,11.86,,,,,,1.15,3.12,
1985-03-26,11.77,,,,,,1.14,3.13,
1985-03-27,11.84,,,,,,1.21,3.21,
1985-03-28,11.75,,,,,,1.22,3.26,
1985-03-29,11.65,,,,,,1.22,3.18,
1985-04-01,11.66,,,,,,1.21,3.22,
1985-04-02,11.7,,,,,,1.22,3.19,
1985-04-03,11.73,,,,,,1.24,3.28,
1985-04-04,11.75,,,,,,1.22,3.34,
1985-04-05,,,,,,,,,
1985-04-08,11.77,,,,,,1.28,3.36,
1985-04-09,11.66,,,,,,1.28,3.29,
1985-04-10,11.58,,,,,,1.27,3.2,
1985-04-11,11.42,,,,,,1.3,3.1,
1985-04-12,11.43,,,,,,1.3,3.1,
1985-04-15,11.37,,,,,,1.28,3.02,
1985-04-16,11.25,,,,,,1.39,3.05,
1985-04-17,11.29,,,,,,1.36,3.23,
1985-04-18,11.13,,,,,,1.4,3.16,
1985-04-19,11.16,,,,,,1.35,3.1,
1985-04-22,11.13,,,,,,1.41,3.2,
1985-04-23,11.25,,,,,,1.37,3.2,
1985-04-24,11.25,,,,,,1.44,3.24,
1985-04-25,11.37,,,,,,1.47,3.27,
1985-04-26,11.35,,,,,,1.47,3.27,
1985-04-29,11.47,,,,,,1.5,3.36,
1985-04-30,11.41,,,,,,1.5,3.29,
1985-05-01,11.27,,,,,,1.45,3.26,
1985-05-02,11.29,,,,,,1.43,3.26,
1985-05-03,11.21,,,,,,1.5,3.22,
1985-05-06,11.19,,,,,,1.49,3.19,
1985-05-07,11.17,,,,,,1.51,3.14,
1985-05-08,11.26,,,,,,1.53,3.17,
1985-05-09,11.2,,,,,,1.53,3.19,
1985-05-10,11.04,,,,,,1.42,3.04,
1985-05-13,11.04,,,,,,1.4,3.07,
1985-05-14,10.87,,,,,,1.4,3.01,
1985-05-15,10.89,,,,,,1.49,3.21,
1985-05-16,10.81,,,,,,1.5,3.2,
1985-05-17,10.84,,,,,,1.47,3.2,
1985-05-20,10.56,,,,,,1.46,3.06,
1985-05-21,10.6,,,,,,1.49,3.06,
1985-05-22,10.62,,,,,,1.51,3.09,
1985-05-23,10.64,,,,,,1.43,3.15,
1985-05-24,10.57,,,,,,1.44,3.15,
1985-05-27,,,,,,,,,
1985-05-28,10.43,,,,,,1.38,2.98,
1985-05-29,10.46,,,,,,1.41,2.98,
1985-05-30,10.39,,,,,,1.36,2.97,
1985-05-31,10.28,,,,,,1.36,2.9,
1985-06-03,10.05,,,,,,1.33,2.81,
1985-06-04,10.05,,,,,,1.37,2.87,
1985-06-05,9.83,,,,,,1.41,2.69,
1985-06-06,9.89,,,,,,1.38,2.68,
1985-06-07,10.19,,,,,,1.37,2.8,
1985-06-10,10.16,,,,,,1.29,2.67,
1985-06-11,10.08,,,,,,1.3,2.7,
1985-06-12,10.16,,,,,,1.4,2.84,
1985-06-13,10.21,,,,,,1.45,3.01,
1985-06-14,9.98,,,,,,1.53,3.07,
1985-06-17,9.97,,,,,,1.49,2.98,
1985-06-18,9.9,,,,,,1.53,3.03,
1985-06-19,10.04,,,,,,1.54,3.09,
1985-06-20,10.14,,,,,,1.55,3.08,
1985-06-21,10.34,,,,,,1.54,3.07,
1985-06-24,10.45,,,,,,1.58,3.16,
1985-06-25,10.5,,,,,,1.54,3.18,
1985-06-26,10.54,,,,,,1.6,3.33,
1985-06-27,10.39,,,,,,1.58,3.26,
1985-06-28,10.25,,,,,,1.58,3.2,
1985-07-01,10.19,,,,,,1.53,3.1,
1985-07-02,10.2,,,,,,1.54,3.03,
1985-07-03,10.23,,,,,,1.57,2.99,
1985-07-04,,,,,,,,,
1985-07-05,9.93,,,,,,1.57,2.94,
1985-07-08,10.05,,,,,,1.53,2.91,
1985-07-09,10.05,,,,,,1.53,2.87,
1985-07-10,10.07,,,,,,1.52,2.91,
1985-07-11,10.22,,,,,,1.49,2.93,
1985-07-12,10.23,,,,,,1.45,2.91,
1985-07-15,10.22,,,,,,1.46,2.94,
1985-07-16,10.15,,,,,,1.48,2.92,
1985-07-17,10.12,,,,,,1.49,2.91,
1985-07-18,10.3,,,,,,1.54,2.91,
1985-07-19,10.34,,,,,,1.52,2.92,
1985-07-22,10.46,,,,,,1.51,2.97,
1985-07-23,10.47,,,,,,1.5,2.97,
1985-07-24,10.51,,,,,,1.52,3.03,
1985-07-25,10.52,,,,,,1.56,3.11,
1985-07-26,10.59,,,,,,1.61,3.16,
1985-07-29,10.67,,,,,,1.64,3.17,
1985-07-30,10.66,,,,,,1.62,3.14,
1985-07-31,10.57,,,,,,1.56,3.05,
1985-08-01,10.51,,,,,,1.47,2.99,
1985-08-02,10.66,,,,,,1.51,3.11,
1985-08-05,10.64,,,,,,1.51,3.12,
1985-08-06,10.65,,,,,,1.52,3.15,
1985-08-07,10.55,,,,,,1.47,3.14,
1985-08-08,10.43,,,,,,1.44,3.02,
1985-08-09,10.37,,,,,,1.42,2.97,
1985-08-12,10.38,,,,,,1.43,3.05,
1985-08-13,10.46,,,,,,1.5,3.09,
1985-08-14,10.38,,,,,,1.42,3.06,
1985-08-15,10.36,,,,,,1.4,2.93,
1985-08-16,10.26,,,,,,1.36,2.92,
1985-08-19,10.23,,,,,,1.34,2.87,
1985-08-20,10.2,,,,,,1.34,2.85,
1985-08-21,10.12,,,,,,1.3,2.85,
1985-08-22,10.1,,,,,,1.29,2.83,
1985-08-23,10.14,,,,,,1.27,2.87,
1985-08-26,10.18,,,,,,1.3,2.88,
1985-08-27,10.12,,,,,,1.31,2.84,
1985-08-28,10.16,,,,,,1.31,2.87,
1985-08-29,10.12,,,,,,1.31,2.84,
1985-08-30,10.28,,,,,,1.32,2.9,
1985-09-02,,,,,,,,,
1985-09-03,10.24,,,,,,1.29,2.89,
1985-09-04,10.16,,,,,,1.31,2.88,
1985-09-05,10.27,,,,,,1.35,2.91,
1985-09-06,10.5,,,,,,1.35,3.0,
1985-09-09,10.49,,,,,,1.36,2.99,
1985-09-10,10.48,,,,,,1.38,3.01,
1985-09-11,10.51,,,,,,1.38,3.03,
1985-09-12,10.52,,,,,,1.37,3.04,
1985-09-13,10.4,,,,,,1.37,2.95,
1985-09-16,10.37,,,,,,1.38,2.95,
1985-09-17,10.41,,,,,,1.36,2.97,
1985-09-18,10.43,,,,,,1.36,3.09,
1985-09-19,10.43,,,,,,1.3,3.11,
1985-09-20,10.36,,,,,,1.35,3.12,
1985-09-23,10.39,,,,,,1.5,3.27,
1985-09-24,10.33,,,,,,1.51,3.27,
1985-09-25,10.27,,,,,,1.56,3.18,
1985-09-26,10.22,,,,,,1.5,3.06,
1985-09-27,,,,,,,,,
1985-09-30,10.31,,,,,,1.43,3.04,
1985-10-01,10.29,,,,,,1.46,3.03,
1985-10-02,10.3,,,,,,1.46,3.05,
1985-10-03,10.32,,,,,,1.48,3.1,
1985-10-04,10.36,,,,,,1.52,3.14,
1985-10-07,10.42,,,,,,1.45,3.1,
1985-10-08,10.36,,,,,,1.4,2.97,
1985-10-09,10.37,,,,,,1.4,2.95,
1985-10-10,10.35,,,,,,1.39,2.89,
1985-10-11,10.34,,,,,,1.38,2.91,
1985-10-14,,,,,,,,,
1985-10-15,10.3,,,,,,1.36,2.82,
1985-10-16,10.25,,,,,,1.36,2.8,
1985-10-17,10.21,,,,,,1.36,2.78,
1985-10-18,10.17,,,,,,1.36,2.73,
1985-10-21,10.18,,,,,,1.35,2.72,
1985-10-22,10.12,,,,,,1.32,2.73,
1985-10-23,10.14,,,,,,1.3,2.68,
1985-10-24,10.15,,,,,,1.25,2.65,
1985-10-25,10.21,,,,,,1.33,2.73,
1985-10-28,10.28,,,,,,1.37,2.81,
1985-10-29,10.11,,,,,,1.29,2.66,
1985-10-30,9.97,,,,,,1.29,2.55,
1985-10-31,10.01,,,,,,1.31,2.59,
1985-11-01,9.98,,,,,,1.28,2.54,
1985-11-04,9.98,,,,,,1.27,2.5,
1985-11-05,9.93,,,,,,1.24,2.45,
1985-11-06,9.93,,,,,,1.26,2.44,
1985-11-07,9.91,,,,,,1.24,2.37,
1985-11-08,9.84,,,,,,1.27,2.38,
1985-11-11,,,,,,,,,
1985-11-12,9.74,,,,,,1.21,2.28,
1985-11-13,9.78,,,,,,1.2,2.26,
1985-11-14,9.84,,,,,,1.21,2.28,
1985-11-15,9.92,,,,,,1.26,2.33,
1985-11-18,9.72,,,,,,1.21,2.24,
1985-11-19,9.73,,,,,,1.21,2.28,
1985-11-20,9.72,,,,,,1.18,2.23,
1985-11-21,9.58,,,,,,1.07,2.11,
1985-11-22,9.66,,,,,,1.14,2.19,
1985-11-25,9.68,,,,,,1.16,2.24,
1985-11-26,9.68,,,,,,1.15,2.25,
1985-11-27,9.64,,,,,,1.12,2.23,
1985-11-28,,,,,,,,,
1985-11-29,9.59,,,,,,1.13,2.2,
1985-12-02,9.69,,,,,,1.15,2.19,
1985-12-03,9.68,,,,,,1.16,2.21,
1985-12-04,9.63,,,,,,1.14,2.17,
1985-12-05,9.62,,,,,,1.15,2.12,
1985-12-06,9.65,,,,,,1.18,2.17,
1985-12-09,9.49,,,,,,1.14,2.05,
1985-12-10,9.36,,,,,,1.13,1.95,
1985-12-11,9.2,,,,,,1.2,1.92,
1985-12-12,9.27,,,,,,1.2,1.96,
1985-12-13,9.21,,,,,,1.24,2.01,
1985-12-16,9.16,,,,,,1.16,1.91,
1985-12-17,9.04,,,,,,1.1,1.81,
1985-12-18,9.11,,,,,,1.07,1.75,
1985-12-19,9.1,,,,,,1.1,1.77,
1985-12-20,9.04,,,,,,1.03,1.77,
1985-12-23,9.08,,,,,,1.07,1.78,
1985-12-24,9.07,,,,,,1.05,1.79,
1985-12-25,,,,,,,,,
1985-12-26,9.04,,,,,,1.05,1.81,
1985-12-27,8.99,,,,,,1.0,1.81,
1985-12-30,9.01,,,,,,1.02,1.84,
1985-12-31,9.0,,,,,,1.02,1.72,
1986-01-01,,,,,,,,,
1986-01-02,9.04,,,2.34,,,1.02,1.71,
1986-01-03,9.05,,,2.3,,,1.02,1.76,
1986-01-06,9.07,,,2.29,,,1.03,1.78,
1986-01-07,8.94,,,2.35,,,0.97,1.68,
1986-01-08,9.13,,,2.21,,,1.04,1.73,
1986-01-09,9.27,,,2.16,,,1.0,1.86,
1986-01-10,9.39,,,2.06,,,1.03,1.95,
1986-01-13,9.49,,,2.03,,,1.11,2.01,
1986-01-14,9.43,,,2.03,,,1.1,1.95,
1986-01-15,9.31,,,2.2,,,1.07,1.89,
1986-01-16,9.3,,,2.17,,,1.09,1.99,
1986-01-17,9.24,,,2.2,,,1.05,1.91,
1986-01-20,,,,,,,,,
1986-01-21,9.22,,,2.24,,,1.02,1.97,
1986-01-22,9.28,,,2.23,,,1.09,2.05,
1986-01-23,9.23,,,2.29,,,1.06,2.04,
1986-01-24,9.23,,,2.26,,,1.1,2.04,
1986-01-27,9.13,,,2.35,,,1.06,1.95,
1986-01-28,9.05,,,2.41,,,1.03,1.91,
1986-01-29,9.09,,,2.34,,,1.04,1.83,
1986-01-30,9.1,,,2.32,,,1.06,1.83,
1986-01-31,9.08,,,2.29,,,1.09,1.89,
1986-02-03,9.02,,,2.3,,,1.05,1.8,
1986-02-04,8.96,,,2.29,,,1.02,1.76,
1986-02-05,8.97,,,2.28,,,0.98,1.73,
1986-02-06,9.03,,,2.25,,,1.01,1.7,
1986-02-07,9.11,,,2.22,,,0.96,1.67,
1986-02-10,9.0,,,2.3,,,0.92,1.57,
1986-02-11,8.93,,,2.35,,,0.89,1.59,
1986-02-12,8.91,,,2.36,,,0.83,1.57,
1986-02-13,8.85,,,2.38,,,0.79,1.52,
1986-02-14,8.68,,,2.47,,,0.69,1.44,
1986-02-17,,,,,,,,,
1986-02-18,8.64,,,2.49,,,0.68,1.4,
1986-02-19,8.7,,,2.43,,,0.64,1.39,
1986-02-20,8.67,,,2.44,,,0.62,1.33,
1986-02-21,8.48,,,2.54,,,0.55,1.28,
1986-02-24,8.39,,,2.56,,,0.53,1.15,
1986-02-25,8.4,,,2.54,,,0.51,1.12,
1986-02-26,8.36,,,2.51,,,0.48,1.06,
1986-02-27,8.15,,,2.56,,,0.43,0.89,
1986-02-28,8.13,,,2.49,,,0.42,0.89,
1986-03-03,7.99,,,2.57,,,0.44,0.8,
1986-03-04,7.93,,,2.6,,,0.55,0.87,
1986-03-05,8.12,,,2.48,,,0.58,1.05,
1986-03-06,8.04,,,2.58,,,0.66,1.14,
1986-03-07,7.96,,,2.68,,,0.67,1.15,
1986-03-10,7.76,,,2.79,,,0.6,0.95,
1986-03-11,7.7,,,2.82,,,0.55,0.93,
1986-03-12,7.68,,,2.79,,,0.51,0.85,
1986-03-13,7.75,,,2.75,,,0.54,0.95,
1986-03-14,7.72,,,2.72,,,0.54,0.98,
1986-03-17,7.77,,,2.68,,,0.55,1.0,
1986-03-18,7.83,,,2.68,,,0.6,1.09,
1986-03-19,7.82,,,2.71,,,0.65,1.13,
1986-03-20,7.78,,,2.73,,,0.61,1.14,
1986-03-21,7.8,,,2.69,,,0.61,1.19,
1986-03-24,7.7,,,2.73,,,0.59,1.09,
1986-03-25,7.7,,,2.74,,,0.58,1.13,
1986-03-26,7.64,,,2.79,,,0.53,1.03,
1986-03-27,7.49,,,2.88,,,0.45,0.96,
1986-03-28,,,,,,,,,
1986-03-31,7.39,,,2.92,,,0.47,0.86,
1986-04-01,7.37,,,2.91,,,0.48,0.85,
1986-04-02,7.33,,,2.92,,,0.43,0.8,
1986-04-03,7.41,,,2.85,,,0.47,0.89,
1986-04-04,7.45,,,2.84,,,0.6,1.04,
1986-04-07,7.43,,,2.87,,,0.61,1.0,
1986-04-08,7.31,,,2.93,,,0.61,1.0,
1986-04-09,7.27,,,2.94,,,0.69,1.08,
1986-04-10,7.23,,,2.97,,,0.65,1.03,
1986-04-11,7.29,,,2.96,,,0.64,1.16,
1986-04-14,7.19,,,2.98,,,0.66,1.1,
1986-04-15,7.22,,,2.98,,,0.69,1.24,
1986-04-16,6.98,,,3.16,,,0.59,1.04,
1986-04-17,7.03,,,3.15,,,0.59,1.02,
1986-04-18,7.09,,,2.88,,,0.65,1.05,
1986-04-21,7.04,,,2.97,,,0.58,1.0,
1986-04-22,7.25,,,2.81,,,0.67,1.13,
1986-04-23,7.36,,,2.76,,,0.69,1.09,
1986-04-24,7.51,,,2.7,,,0.62,1.22,
1986-04-25,7.58,,,2.68,,,0.67,1.26,
1986-04-28,7.48,,,2.75,,,0.62,1.19,
1986-04-29,7.38,,,2.82,,,0.53,1.11,
1986-04-30,7.38,,,2.78,,,0.55,1.1,
1986-05-01,7.45,,,2.73,,,0.6,1.16,
1986-05-02,7.51,,,2.73,,,0.63,1.18,
1986-05-05,7.45,,,2.71,,,0.63,1.21,
1986-05-06,7.46,,,2.7,,,0.64,1.23,
1986-05-07,7.43,,,2.73,,,0.6,1.21,
1986-05-08,7.4,,,2.75,,,0.62,1.18,
1986-05-09,7.48,,,2.71,,,0.63,1.25,
1986-05-12,7.67,,,2.58,,,0.69,1.35,
1986-05-13,7.63,,,2.6,,,0.63,1.36,
1986-05-14,7.66,,,2.6,,,0.66,1.39,
1986-05-15,7.79,,,2.56,,,0.63,1.44,
1986-05-16,7.99,,,2.39,,,0.67,1.59,
1986-05-19,7.98,,,2.41,,,0.7,1.59,
1986-05-20,7.88,,,2.46,,,0.65,1.46,
1986-05-21,7.9,,,2.47,,,0.7,1.51,
1986-05-22,7.88,,,2.48,,,0.68,1.49,
1986-05-23,7.84,,,2.53,,,0.65,1.48,
1986-05-26,,,,,,,,,
1986-05-27,7.73,,,2.59,,,0.59,1.38,
1986-05-28,7.73,,,2.61,,,0.56,1.35,
1986-05-29,7.99,,,2.4,,,0.64,1.5,
1986-05-30,8.05,,,2.36,,,0.69,1.56,
1986-06-02,8.32,,,2.19,,,0.82,1.76,
1986-06-03,8.19,,,2.31,,,0.7,1.58,
1986-06-04,8.39,,,2.06,,,0.76,1.67,
1986-06-05,8.31,,,2.15,,,0.77,1.6,
1986-06-06,7.95,,,2.46,,,0.68,1.44,
1986-06-09,8.13,,,2.35,,,0.74,1.57,
1986-06-10,8.07,,,2.4,,,0.69,1.6,
1986-06-11,8.01,,,2.43,,,0.62,1.48,
1986-06-12,7.98,,,2.45,,,0.67,1.51,
1986-06-13,7.73,,,2.62,,,0.58,1.37,
1986-06-16,7.63,,,2.66,,,0.53,1.32,
1986-06-17,7.63,,,2.66,,,0.55,1.36,
1986-06-18,7.57,,,2.71,,,0.56,1.3,
1986-06-19,7.69,,,2.64,,,0.59,1.4,
1986-06-20,7.6,,,2.68,,,0.54,1.32,
1986-06-23,7.55,,,2.68,,,0.52,1.25,
1986-06-24,7.47,,,2.73,,,0.49,1.21,
1986-06-25,7.42,,,2.79,,,0.51,1.16,
1986-06-26,7.42,,,2.76,,,0.51,1.16,
1986-06-27,7.38,,,2.8,,,0.54,1.18,
1986-06-30,7.35,,,2.81,,,0.54,1.22,
1986-07-01,7.37,,,2.78,,,0.57,1.2,
1986-07-02,7.37,,,2.79,,,0.56,1.19,
1986-07-03,7.31,,,2.82,,,0.6,1.23,
1986-07-04,,,,,,,,,
1986-07-07,7.31,,,2.84,,,0.61,1.27,
1986-07-08,7.44,,,2.72,,,0.6,1.33,
1986-07-09,7.31,,,2.83,,,0.58,1.26,
1986-07-10,7.31,,,2.8,,,0.58,1.29,
1986-07-11,7.3,,,2.84,,,0.7,1.38,
1986-07-14,7.25,,,2.84,,,0.67,1.31,
1986-07-15,7.16,,,2.9,,,0.6,1.22,
1986-07-16,7.2,,,2.88,,,0.61,1.26,
1986-07-17,7.18,,,2.94,,,0.57,1.26,
1986-07-18,7.16,,,2.97,,,0.6,1.28,
1986-07-21,7.14,,,2.97,,,0.58,1.25,
1986-07-22,7.2,,,2.94,,,0.6,1.31,
1986-07-23,7.29,,,2.83,,,0.66,1.31,
1986-07-24,7.35,,,2.88,,,0.68,1.37,
1986-07-25,7.33,,,2.93,,,0.66,1.35,
1986-07-28,7.53,,,2.79,,,0.77,1.46,
1986-07-29,7.41,,,2.88,,,0.7,1.38,
1986-07-30,7.41,,,2.87,,,0.74,1.39,
1986-07-31,7.34,,,2.91,,,0.77,1.38,
1986-08-01,7.34,,,2.91,,,0.78,1.4,
1986-08-04,7.33,,,2.91,,,0.77,1.45,
1986-08-05,7.39,,,2.88,,,0.81,1.52,
1986-08-06,7.47,,,2.87,,,0.86,1.59,
1986-08-07,7.45,,,2.88,,,0.84,1.56,
1986-08-08,7.3,,,2.99,,,0.76,1.44,
1986-08-11,7.25,,,3.05,,,0.74,1.41,
1986-08-12,7.23,,,3.06,,,0.77,1.46,
1986-08-13,7.15,,,3.09,,,0.78,1.42,
1986-08-14,7.16,,,3.06,,,0.77,1.41,
1986-08-15,7.14,,,3.12,,,0.78,1.43,
1986-08-18,7.14,,,3.0,,,0.77,1.37,
1986-08-19,7.02,,,3.11,,,0.73,1.3,
1986-08-20,7.0,,,3.11,,,0.83,1.34,
1986-08-21,6.96,,,3.13,,,0.88,1.44,
1986-08-22,7.07,,,3.04,,,0.93,1.56,
1986-08-25,7.06,,,3.0,,,0.96,1.63,
1986-08-26,6.97,,,3.06,,,0.95,1.53,
1986-08-27,7.06,,,3.01,,,0.94,1.59,
1986-08-28,7.04,,,2.99,,,0.97,1.6,
1986-08-29,6.95,,,3.07,,,1.01,1.64,
1986-09-01,,,,,,,,,
1986-09-02,7.03,,,3.03,,,1.04,1.7,
1986-09-03,7.2,,,2.88,,,1.06,1.82,
1986-09-04,7.15,,,2.92,,,1.04,1.82,
1986-09-05,7.32,,,2.8,,,1.07,1.95,
1986-09-08,7.38,,,2.83,,,1.08,1.99,
1986-09-09,7.35,,,2.83,,,1.05,2.01,
1986-09-10,7.35,,,2.81,,,1.08,2.05,
1986-09-11,7.57,,,2.68,,,1.14,2.22,
1986-09-12,7.63,,,2.64,,,1.2,2.32,
1986-09-15,7.53,,,2.71,,,1.14,2.21,
1986-09-16,7.53,,,2.7,,,1.15,2.26,
1986-09-17,7.46,,,2.74,,,1.09,2.2,
1986-09-18,7.62,,,2.63,,,1.15,2.25,
1986-09-19,7.67,,,2.61,,,1.15,2.27,
1986-09-22,7.62,,,2.67,,,1.13,2.22,
1986-09-23,7.58,,,2.68,,,1.12,2.18,
1986-09-24,7.48,,,2.74,,,1.11,2.1,
1986-09-25,7.47,,,2.74,,,1.1,2.1,
1986-09-26,7.47,,,2.74,,,1.08,2.09,
1986-09-29,7.54,,,2.71,,,1.08,2.13,
1986-09-30,7.45,,,2.75,,,1.07,2.11,
1986-10-01,7.41,,,2.81,,,1.05,2.08,
1986-10-02,7.45,,,2.81,,,1.07,2.12,
1986-10-03,7.31,,,2.92,,,1.15,2.08,
1986-10-06,7.28,,,2.95,,,1.14,2.09,
1986-10-07,7.28,,,2.95,,,1.15,2.08,
1986-10-08,7.31,,,2.94,,,1.2,2.13,
1986-10-09,7.33,,,2.92,,,1.18,2.13,
1986-10-10,7.36,,,2.87,,,1.2,2.16,
1986-10-13,,,,,,,,,
1986-10-14,7.49,,,2.74,,,1.23,2.21,
1986-10-15,7.51,,,2.73,,,1.24,2.19,
1986-10-16,7.53,,,2.74,,,1.24,2.19,
1986-10-17,7.57,,,2.71,,,1.19,2.15,
1986-10-20,7.66,,,2.64,,,1.19,2.19,
1986-10-21,7.57,,,2.72,,,1.17,2.11,
1986-10-22,7.49,,,2.76,,,1.15,2.04,
1986-10-23,7.43,,,2.8,,,1.12,2.02,
1986-10-24,7.47,,,2.77,,,1.12,2.05,
1986-10-27,7.42,,,2.78,,,1.1,2.08,
1986-10-28,7.45,,,2.77,,,1.11,2.11,
1986-10-29,7.41,,,2.8,,,1.09,2.07,
1986-10-30,7.31,,,2.86,,,1.07,1.99,
1986-10-31,7.34,,,2.82,,,1.08,2.0,
1986-11-03,7.29,,,2.81,,,1.08,1.93,
1986-11-04,7.31,,,2.78,,,1.08,1.91,
1986-11-05,7.24,,,2.82,,,0.98,1.84,
1986-11-06,7.32,,,2.77,,,1.03,1.91,
1986-11-07,7.4,,,2.73,,,1.05,1.93,
1986-11-10,7.38,,,2.76,,,0.96,1.8,
1986-11-11,,,,,,,,,
1986-11-12,7.35,,,2.76,,,0.97,1.8,
1986-11-13,7.33,,,2.78,,,0.98,1.78,
1986-11-14,7.29,,,2.82,,,0.96,1.74,
1986-11-17,7.22,,,2.85,,,0.9,1.66,
1986-11-18,7.27,,,2.8,,,0.95,1.77,
1986-11-19,7.19,,,2.86,,,0.98,1.71,
1986-11-20,7.19,,,2.83,,,0.93,1.66,
1986-11-21,7.17,,,2.84,,,0.96,1.66,
1986-11-24,7.11,,,2.88,,,0.92,1.58,
1986-11-25,7.15,,,2.84,,,0.92,1.61,
1986-11-26,7.15,,,2.84,,,0.94,1.61,
1986-11-27,,,,,,,,,
1986-11-28,7.15,,,2.85,,,0.94,1.61,
1986-12-01,7.18,,,2.82,,,0.93,1.61,
1986-12-02,7.08,,,2.92,,,0.86,1.52,
1986-12-03,7.06,,,2.92,,,0.89,1.5,
1986-12-04,7.01,,,2.96,,,0.86,1.46,
1986-12-05,7.12,,,2.82,,,0.88,1.53,
1986-12-08,7.1,,,2.88,,,0.86,1.44,
1986-12-09,7.07,,,2.9,,,0.86,1.44,
1986-12-10,7.05,,,2.9,,,0.86,1.41,
1986-12-11,7.12,,,2.83,,,0.88,1.48,
1986-12-12,7.13,,,2.85,,,0.89,1.49,
1986-12-15,7.15,,,2.83,,,0.86,1.49,
1986-12-16,7.12,,,2.85,,,0.83,1.38,
1986-12-17,7.12,,,2.86,,,0.81,1.32,
1986-12-18,7.11,,,2.87,,,0.8,1.35,
1986-12-19,7.1,,,2.85,,,0.81,1.44,
1986-12-22,7.1,,,2.89,,,0.8,1.41,
1986-12-23,7.08,,,2.91,,,0.78,1.37,
1986-12-24,7.07,,,2.91,,,0.77,1.34,
1986-12-25,,,,,,,,,
1986-12-26,7.08,,,2.88,,,0.78,1.36,
1986-12-29,7.17,,,2.75,,,0.8,1.34,
1986-12-30,7.23,,,2.75,,,0.81,1.38,
1986-12-31,7.23,,,2.76,,,0.88,1.4,
1987-01-01,,,,,,,,,
1987-01-02,7.18,,,2.79,,,0.88,1.48,
1987-01-05,7.08,,,2.82,,,0.84,1.37,
1987-01-06,7.08,,,2.78,,,0.83,1.41,
1987-01-07,7.05,,,2.77,,,0.83,1.47,
1987-01-08,7.04,,,2.72,,,0.84,1.46,
1987-01-09,7.01,,,2.73,,,0.82,1.48,
1987-01-12,7.05,,,2.67,,,0.85,1.53,
1987-01-13,7.1,,,2.62,,,0.88,1.59,
1987-01-14,7.11,,,2.61,,,0.87,1.61,
1987-01-15,7.08,,,2.61,,,0.86,1.57,
1987-01-16,7.03,,,2.64,,,0.81,1.56,
1987-01-19,,,,,,,,,
1987-01-20,7.01,,,2.63,,,0.84,1.56,
1987-01-21,7.01,,,2.63,,,0.84,1.55,
1987-01-22,7.03,,,2.61,,,0.86,1.5,
1987-01-23,7.06,,,2.58,,,0.86,1.51,
1987-01-26,7.17,,,2.5,,,0.91,1.53,
1987-01-27,7.16,,,2.52,,,0.92,1.52,
1987-01-28,7.13,,,2.57,,,0.89,1.51,
1987-01-29,7.13,,,2.55,,,0.89,1.5,
1987-01-30,7.18,,,2.5,,,0.85,1.42,
1987-02-02,7.23,,,2.45,,,0.87,1.46,
1987-02-03,7.25,,,2.4,,,0.87,1.5,
1987-02-04,7.23,,,2.44,,,0.85,1.44,
1987-02-05,7.2,,,2.43,,,0.87,1.45,
1987-02-06,7.19,,,2.42,,,0.81,1.37,
1987-02-09,7.25,,,2.36,,,0.8,1.37,
1987-02-10,7.33,,,2.32,,,0.84,1.34,
1987-02-11,7.37,,,2.32,,,0.79,1.34,
1987-02-12,7.31,,,2.37,,,0.84,1.43,
1987-02-13,7.28,,,2.39,,,0.85,1.47,
1987-02-16,,,,,,,,,
1987-02-17,7.33,,,2.35,,,0.85,1.45,
1987-02-18,7.3,,,2.38,,,0.87,1.54,
1987-02-19,7.23,,,2.43,,,0.9,1.63,
1987-02-20,7.24,,,2.43,,,0.91,1.66,
1987-02-23,7.23,,,2.43,,,0.88,1.64,
1987-02-24,7.18,,,2.46,,,0.86,1.59,
1987-02-25,7.21,,,2.41,,,0.84,1.61,
1987-02-26,7.21,,,2.43,,,0.86,1.61,
1987-02-27,7.19,,,2.43,,,0.84,1.59,
1987-03-02,7.17,,,2.46,,,0.83,1.54,
1987-03-03,7.21,,,2.41,,,0.84,1.5,
1987-03-04,7.14,,,2.46,,,0.82,1.46,
1987-03-05,7.16,,,2.43,,,0.81,1.47,
1987-03-06,7.23,,,2.35,,,0.81,1.41,
1987-03-09,7.23,,,2.38,,,0.8,1.41,
1987-03-10,7.23,,,2.39,,,0.79,1.37,
1987-03-11,7.23,,,2.39,,,0.79,1.37,
1987-03-12,7.22,,,2.4,,,0.79,1.37,
1987-03-13,7.19,,,2.4,,,0.8,1.4,
1987-03-16,7.22,,,2.36,,,0.81,1.39,
1987-03-17,7.2,,,2.38,,,0.78,1.46,
1987-03-18,7.21,,,2.36,,,0.81,1.52,
1987-03-19,7.21,,,2.36,,,0.83,1.54,
1987-03-20,7.22,,,2.36,,,0.82,1.53,
1987-03-23,7.25,,,2.34,,,0.83,1.45,
1987-03-24,7.27,,,2.34,,,0.83,1.48,
1987-03-25,7.26,,,2.36,,,0.8,1.52,
1987-03-26,7.24,,,2.38,,,0.82,1.5,
1987-03-27,7.33,,,2.31,,,0.84,1.52,
1987-03-30,7.54,,,2.14,,,0.91,1.69,
1987-03-31,7.51,,,2.19,,,0.97,1.72,
1987-04-01,7.59,,,2.16,,,0.94,1.88,
1987-04-02,7.59,,,2.15,,,0.96,1.91,
1987-04-03,7.59,,,2.16,,,0.97,1.92,
1987-04-06,7.54,,,2.18,,,0.97,1.89,
1987-04-07,7.62,,,2.12,,,1.03,1.94,
1987-04-08,7.61,,,2.13,,,1.02,1.94,
1987-04-09,7.78,,,2.01,,,1.04,1.85,
1987-04-10,7.98,,,1.87,,,1.01,1.94,
1987-04-13,8.07,,,1.85,,,0.99,1.85,
1987-04-14,8.28,,,1.76,,,1.09,2.17,
1987-04-15,8.1,,,2.02,,,1.08,2.24,
1987-04-16,8.03,,,2.09,,,1.13,2.3,
1987-04-17,,,,,,,,,
1987-04-20,8.2,,,1.91,,,1.14,2.46,
1987-04-21,8.19,,,2.0,,,1.1,2.52,
1987-04-22,8.24,,,1.98,,,1.01,2.65,
1987-04-23,8.39,,,1.9,,,1.03,2.73,
1987-04-24,8.47,,,1.86,,,0.99,2.53,
1987-04-27,8.37,,,2.01,,,0.87,2.39,
1987-04-28,8.28,,,2.09,,,0.85,2.27,
1987-04-29,8.35,,,2.02,,,0.92,2.46,
1987-04-30,8.21,,,2.16,,,0.83,2.51,
1987-05-01,8.39,,,1.96,,,0.92,2.61,
1987-05-04,8.52,,,1.9,,,0.91,2.65,
1987-05-05,8.45,,,1.96,,,0.85,2.46,
1987-05-06,8.54,,,1.9,,,0.92,2.87,
1987-05-07,8.5,,,1.98,,,0.9,2.8,
1987-05-08,8.43,,,2.05,,,0.86,2.72,
1987-05-11,8.57,,,1.84,,,0.91,2.73,
1987-05-12,8.55,,,1.91,,,0.87,2.77,
1987-05-13,8.55,,,1.9,,,0.87,2.85,
1987-05-14,8.57,,,1.89,,,0.91,2.66,
1987-05-15,8.8,,,1.66,,,0.85,2.65,
1987-05-18,8.73,,,1.79,,,0.8,2.64,
1987-05-19,8.89,,,1.66,,,0.9,2.93,
1987-05-20,8.92,,,1.72,,,0.87,3.05,
1987-05-21,8.87,,,1.84,,,0.81,3.16,
1987-05-22,8.78,,,1.91,,,0.81,3.04,
1987-05-25,,,,,,,,,
1987-05-26,8.55,,,2.06,,,0.76,2.72,
1987-05-27,8.6,,,1.96,,,0.76,2.66,
1987-05-28,8.56,,,2.03,,,0.75,2.74,
1987-05-29,8.49,,,2.08,,,0.8,2.62,
1987-06-01,8.45,,,2.09,,,0.78,2.53,
1987-06-02,8.72,,,1.89,,,0.87,2.78,
1987-06-03,8.64,,,1.99,,,0.86,2.77,
1987-06-04,8.58,,,2.04,,,0.82,2.74,
1987-06-05,8.5,,,2.13,,,0.84,2.63,
1987-06-08,8.53,,,2.08,,,0.85,2.68,
1987-06-09,8.56,,,2.05,,,0.85,2.88,
1987-06-10,8.56,,,2.02,,,0.88,2.91,
1987-06-11,8.52,,,2.06,,,0.86,2.8,
1987-06-12,8.32,,,2.2,,,0.81,2.59,
1987-06-15,8.28,,,2.24,,,0.81,2.43,
1987-06-16,8.28,,,2.21,,,0.81,2.47,
1987-06-17,8.23,,,2.24,,,0.81,2.4,
1987-06-18,8.27,,,2.21,,,0.83,2.44,
1987-06-19,8.3,,,2.15,,,0.85,2.46,
1987-06-22,8.23,,,2.2,,,0.81,2.37,
1987-06-23,8.23,,,2.19,,,0.78,2.33,
1987-06-24,8.31,,,2.13,,,0.77,2.29,
1987-06-25,8.25,,,2.18,,,0.78,2.22,
1987-06-26,8.37,,,2.08,,,0.81,2.4,
1987-06-29,8.34,,,2.14,,,0.86,2.46,
1987-06-30,8.38,,,2.12,,,0.9,2.47,
1987-07-01,8.36,,,2.18,,,0.92,2.54,
1987-07-02,8.3,,,2.25,,,0.92,2.46,
1987-07-03,,,,,,,,,
1987-07-06,8.29,,,2.24,,,0.91,2.44,
1987-07-07,8.28,,,2.24,,,0.92,2.5,
1987-07-08,8.32,,,2.2,,,0.97,2.58,
1987-07-09,8.37,,,2.14,,,0.99,2.59,
1987-07-10,8.32,,,2.2,,,1.0,2.56,
1987-07-13,8.38,,,2.15,,,1.02,2.6,
1987-07-14,8.33,,,2.24,,,1.01,2.61,
1987-07-15,8.43,,,2.17,,,1.06,2.68,
1987-07-16,8.41,,,2.15,,,1.07,2.66,
1987-07-17,8.36,,,2.21,,,1.02,2.63,
1987-07-20,8.41,,,2.16,,,1.03,2.69,
1987-07-21,8.49,,,2.11,,,1.04,2.62,
1987-07-22,8.54,,,2.1,,,1.07,2.69,
1987-07-23,8.56,,,2.1,,,1.1,2.69,
1987-07-24,8.58,,,2.06,,,1.05,2.62,
1987-07-27,8.6,,,2.11,,,1.01,2.57,
1987-07-28,8.62,,,2.11,,,1.01,2.53,
1987-07-29,8.61,,,2.13,,,0.97,2.5,
1987-07-30,8.61,,,2.15,,,0.98,2.34,
1987-07-31,8.66,,,2.11,,,1.03,2.39,
1987-08-03,8.81,,,2.03,,,1.09,2.56,
1987-08-04,8.81,,,2.05,,,1.09,2.77,
1987-08-05,8.71,,,2.14,,,1.06,2.67,
1987-08-06,8.73,,,2.12,,,1.08,2.8,
1987-08-07,8.7,,,2.09,,,1.01,2.66,
1987-08-10,8.74,,,2.03,,,1.03,2.63,
1987-08-11,8.73,,,2.04,,,1.04,2.6,
1987-08-12,8.72,,,2.04,,,1.05,2.58,
1987-08-13,8.63,,,2.13,,,0.99,2.48,
1987-08-14,8.58,,,2.17,,,0.96,2.43,
1987-08-17,8.56,,,2.15,,,0.94,2.39,
1987-08-18,8.73,,,2.04,,,1.02,2.52,
1987-08-19,8.77,,,2.02,,,1.01,2.53,
1987-08-20,8.74,,,2.03,,,0.97,2.43,
1987-08-21,8.77,,,2.02,,,0.98,2.47,
1987-08-24,8.78,,,2.01,,,0.97,2.4,
1987-08-25,8.73,,,2.06,,,0.94,2.35,
1987-08-26,8.79,,,2.01,,,0.92,2.33,
1987-08-27,8.92,,,1.93,,,0.97,2.42,
1987-08-28,9.02,,,1.86,,,1.01,2.5,
1987-08-31,9.0,,,1.92,,,1.03,2.55,
1987-09-01,9.05,,,1.86,,,1.07,2.73,
1987-09-02,9.28,,,1.72,,,1.13,2.99,
1987-09-03,9.29,,,1.81,,,1.1,2.9,
1987-09-04,9.3,,,1.78,,,1.04,2.71,
1987-09-07,,,,,,,,,
1987-09-08,9.5,,,1.68,,,1.04,2.84,
1987-09-09,9.48,,,1.78,,,1.05,2.83,
1987-09-10,9.42,,,1.73,,,1.06,2.88,
1987-09-11,9.33,,,1.91,,,1.02,2.77,
1987-09-14,9.34,,,1.92,,,1.08,2.78,
1987-09-15,9.44,,,1.94,,,1.14,2.89,
1987-09-16,9.52,,,1.92,,,1.17,2.97,
1987-09-17,9.48,,,1.97,,,1.14,2.89,
1987-09-18,9.38,,,2.07,,,1.08,2.75,
1987-09-21,9.45,,,1.96,,,1.12,2.71,
1987-09-22,9.37,,,2.06,,,1.06,2.64,
1987-09-23,9.4,,,2.02,,,1.09,2.69,
1987-09-24,9.51,,,1.9,,,1.09,2.84,
1987-09-25,9.53,,,1.91,,,1.05,2.77,
1987-09-28,9.52,,,1.87,,,1.04,2.71,
1987-09-29,9.64,,,1.86,,,1.04,2.72,
1987-09-30,9.63,,,1.91,,,1.03,2.8,
1987-10-01,9.66,,,1.82,,,1.04,2.8,
1987-10-02,9.6,,,1.96,,,0.99,2.71,
1987-10-05,9.69,,,1.88,,,1.03,2.77,
1987-10-06,9.72,,,1.87,,,0.99,2.95,
1987-10-07,9.71,,,1.84,,,0.98,2.93,
1987-10-08,9.86,,,1.8,,,0.83,2.93,
1987-10-09,9.94,,,1.74,,,0.93,2.94,
1987-10-12,,,,,,,,,
1987-10-13,9.9,,,1.82,,,0.96,2.87,
1987-10-14,10.13,,,1.65,,,0.99,2.68,
1987-10-15,10.18,,,1.64,,,0.95,2.85,
1987-10-16,10.23,,,1.59,,,1.01,3.04,
1987-10-19,10.15,,,1.89,,,1.22,3.48,
1987-10-20,9.4,,,2.47,,,1.31,3.35,
1987-10-21,9.3,,,2.5,,,1.4,3.52,
1987-10-22,8.97,,,2.68,,,1.21,3.44,
1987-10-23,8.98,,,2.53,,,1.22,3.51,
1987-10-26,8.8,,,2.58,,,1.23,3.36,
1987-10-27,8.92,,,2.42,,,1.26,3.53,
1987-10-28,9.01,,,2.36,,,1.36,3.76,
1987-10-29,8.89,,,2.46,,,1.36,3.7,
1987-10-30,8.88,,,2.45,,,1.3,3.43,
1987-11-02,8.98,,,2.37,,,1.26,3.13,
1987-11-03,8.91,,,2.47,,,1.24,3.1,
1987-11-04,8.85,,,2.45,,,1.25,3.14,
1987-11-05,8.72,,,2.49,,,1.22,2.96,
1987-11-06,8.76,,,2.41,,,1.14,2.84,
1987-11-09,8.78,,,2.39,,,1.14,2.86,
1987-11-10,8.79,,,2.39,,,1.18,2.94,
1987-11-11,,,,,,,,,
1987-11-12,8.8,,,2.39,,,1.13,2.78,
1987-11-13,8.84,,,2.35,,,1.09,2.73,
1987-11-16,8.82,,,2.39,,,1.04,2.72,
1987-11-17,8.86,,,2.36,,,1.13,2.79,
1987-11-18,8.85,,,2.37,,,1.11,2.9,
1987-11-19,8.83,,,2.4,,,1.14,2.98,
1987-11-20,8.79,,,2.43,,,1.13,2.87,
1987-11-23,8.8,,,2.42,,,1.13,2.8,
1987-11-24,8.89,,,2.32,,,1.16,2.94,
1987-11-25,8.98,,,2.24,,,1.2,3.1,
1987-11-26,,,,,,,,,
1987-11-27,9.11,,,2.11,,,1.24,3.29,
1987-11-30,8.99,,,2.24,,,1.26,3.57,
1987-12-01,9.01,,,2.22,,,1.24,3.29,
1987-12-02,9.01,,,2.22,,,1.22,3.35,
1987-12-03,8.94,,,2.31,,,1.22,3.42,
1987-12-04,8.94,,,2.27,,,1.22,3.33,
1987-12-07,9.07,,,2.18,,,1.21,3.02,
1987-12-08,9.09,,,2.16,,,1.21,3.04,
1987-12-09,9.05,,,2.19,,,1.17,3.03,
1987-12-10,9.23,,,2.11,,,1.23,3.12,
1987-12-11,9.28,,,2.15,,,1.26,3.23,
1987-12-14,9.23,,,2.19,,,1.22,3.15,
1987-12-15,9.09,,,2.31,,,1.17,2.97,
1987-12-16,9.0,,,2.37,,,1.11,2.87,
1987-12-17,9.03,,,2.31,,,1.14,2.91,
1987-12-18,8.89,,,2.4,,,1.07,2.83,
1987-12-21,8.88,,,2.42,,,1.04,2.78,
1987-12-22,8.95,,,2.36,,,1.04,2.83,
1987-12-23,8.83,,,2.44,,,1.0,2.87,
1987-12-24,8.82,,,2.41,,,0.99,2.9,
1987-12-25,,,,,,,,,
1987-12-28,8.93,,,2.34,,,1.02,3.0,
1987-12-29,8.85,,,2.38,,,0.99,2.82,
1987-12-30,8.78,,,2.45,,,1.03,2.89,
1987-12-31,8.83,,,2.39,,,1.06,2.97,
1988-01-01,,,,,,,,,
1988-01-04,8.83,,,2.38,,,1.06,2.74,
1988-01-05,8.76,,,2.45,,,1.0,2.64,
1988-01-06,8.82,,,2.38,,,1.03,2.79,
1988-01-07,8.83,,,2.38,,,1.04,2.87,
1988-01-08,8.97,,,2.3,,,1.05,2.91,
1988-01-11,8.94,,,2.29,,,1.14,3.03,
1988-01-12,8.93,,,2.29,,,1.13,2.94,
1988-01-13,8.87,,,2.34,,,1.11,2.9,
1988-01-14,8.86,,,2.32,,,1.1,2.79,
1988-01-15,8.6,,,2.51,,,0.99,2.53,
1988-01-18,,,,,,,,,
1988-01-19,8.65,,,2.39,,,0.99,2.47,
1988-01-20,8.61,,,2.39,,,1.02,2.62,
1988-01-21,8.53,,,2.47,,,1.01,2.53,
1988-01-22,8.49,,,2.48,,,0.98,2.49,
1988-01-25,8.45,,,2.44,,,0.96,2.41,
1988-01-26,8.54,,,2.37,,,0.98,2.53,
1988-01-27,8.38,,,2.49,,,1.01,2.46,
1988-01-28,8.33,,,2.49,,,1.04,2.47,
1988-01-29,8.26,,,2.51,,,1.04,2.44,
1988-02-01,8.26,,,2.52,,,1.04,2.4,
1988-02-02,8.18,,,2.55,,,0.97,2.29,
1988-02-03,8.21,,,2.48,,,0.97,2.32,
1988-02-04,8.24,,,2.45,,,1.0,2.41,
1988-02-05,8.12,,,2.54,,,1.02,2.31,
1988-02-08,8.19,,,2.46,,,1.03,2.36,
1988-02-09,8.16,,,2.47,,,1.04,2.38,
1988-02-10,8.11,,,2.49,,,1.04,2.32,
1988-02-11,8.16,,,2.44,,,1.04,2.35,
1988-02-12,8.28,,,2.35,,,1.06,2.35,
1988-02-15,,,,,,,,,
1988-02-16,8.31,,,2.32,,,1.05,2.36,
1988-02-17,8.32,,,2.28,,,1.08,2.4,
1988-02-18,8.28,,,2.31,,,1.05,2.41,
1988-02-19,8.26,,,2.32,,,1.05,2.4,
1988-02-22,8.24,,,2.35,,,1.04,2.39,
1988-02-23,8.17,,,2.39,,,1.01,2.36,
1988-02-24,8.18,,,2.36,,,1.03,2.38,
1988-02-25,8.23,,,2.31,,,1.06,2.42,
1988-02-26,8.18,,,2.38,,,1.02,2.42,
1988-02-29,8.16,,,2.37,,,1.03,2.36,
1988-03-01,8.15,,,2.35,,,1.04,2.37,
1988-03-02,8.13,,,2.35,,,1.06,2.36,
1988-03-03,8.12,,,2.3,,,1.04,2.36,
1988-03-04,8.28,,,2.17,,,1.08,2.4,
1988-03-07,8.3,,,2.16,,,1.08,2.4,
1988-03-08,8.33,,,2.15,,,1.08,2.42,
1988-03-09,8.32,,,2.18,,,1.1,2.43,
1988-03-10,8.35,,,2.18,,,1.1,2.43,
1988-03-11,8.29,,,2.24,,,1.09,2.39,
1988-03-14,8.29,,,2.26,,,1.09,2.42,
1988-03-15,8.3,,,2.24,,,1.11,2.53,
1988-03-16,8.36,,,2.2,,,1.12,2.59,
1988-03-17,8.3,,,2.24,,,1.13,2.54,
1988-03-18,8.41,,,2.13,,,1.18,2.59,
1988-03-21,8.47,,,2.15,,,1.15,2.56,
1988-03-22,8.46,,,2.17,,,1.13,2.51,
1988-03-23,8.47,,,2.16,,,1.08,2.47,
1988-03-24,8.51,,,2.14,,,1.05,2.55,
1988-03-25,8.47,,,2.2,,,1.06,2.6,
1988-03-28,8.58,,,2.1,,,1.16,2.66,
1988-03-29,8.56,,,2.13,,,1.14,2.65,
1988-03-30,8.57,,,2.2,,,1.14,2.65,
1988-03-31,8.57,,,2.19,,,1.16,2.7,
1988-04-01,,,,,,,,,
1988-04-04,8.68,,,2.15,,,1.1,2.64,
1988-04-05,8.67,,,2.17,,,1.07,2.49,
1988-04-06,8.61,,,2.23,,,1.04,2.38,
1988-04-07,8.6,,,2.23,,,1.06,2.37,
1988-04-08,8.52,,,2.27,,,1.05,2.32,
1988-04-11,8.59,,,2.25,,,1.09,2.36,
1988-04-12,8.57,,,2.26,,,1.08,2.47,
1988-04-13,8.56,,,2.25,,,1.11,2.53,
1988-04-14,8.67,,,2.22,,,1.11,2.77,
1988-04-15,8.74,,,2.18,,,1.14,2.69,
1988-04-18,8.81,,,2.15,,,1.21,2.77,
1988-04-19,8.81,,,2.17,,,1.24,2.83,
1988-04-20,8.83,,,2.16,,,1.18,2.82,
1988-04-21,8.82,,,2.15,,,1.18,2.82,
1988-04-22,8.78,,,2.2,,,1.14,2.78,
1988-04-25,8.78,,,2.17,,,1.14,2.74,
1988-04-26,8.8,,,2.14,,,1.16,2.73,
1988-04-27,8.8,,,2.05,,,1.17,2.76,
1988-04-28,8.86,,,2.08,,,1.17,2.73,
1988-04-29,8.87,,,2.07,,,1.14,2.71,
1988-05-02,8.94,,,2.01,,,1.16,2.65,
1988-05-03,8.89,,,2.07,,,1.12,2.58,
1988-05-04,8.9,,,2.06,,,1.13,2.58,
1988-05-05,8.92,,,2.03,,,1.13,2.55,
1988-05-06,9.01,,,1.97,,,1.14,2.53,
1988-05-09,9.03,,,1.96,,,1.08,2.51,
1988-05-10,9.07,,,1.9,,,1.07,2.54,
1988-05-11,9.05,,,1.97,,,1.1,2.6,
1988-05-12,9.04,,,2.0,,,1.09,2.64,
1988-05-13,9.0,,,2.03,,,1.1,2.63,
1988-05-16,9.01,,,2.02,,,1.08,2.61,
1988-05-17,9.12,,,1.94,,,1.13,2.63,
1988-05-18,9.19,,,1.9,,,1.15,2.79,
1988-05-19,9.18,,,1.92,,,1.14,2.84,
1988-05-20,9.22,,,1.87,,,1.14,2.78,
1988-05-23,9.23,,,1.89,,,1.11,2.76,
1988-05-24,9.22,,,1.9,,,1.08,2.72,
1988-05-25,9.2,,,1.89,,,1.03,2.68,
1988-05-26,9.21,,,1.89,,,0.98,2.59,
1988-05-27,9.24,,,1.9,,,1.01,2.59,
1988-05-30,,,,,,,,,
1988-05-31,9.2,,,1.93,,,0.99,2.53,
1988-06-01,9.03,,,2.03,,,0.94,2.36,
1988-06-02,9.07,,,1.98,,,0.94,2.43,
1988-06-03,8.97,,,2.14,,,0.91,2.31,
1988-06-06,8.97,,,2.13,,,0.93,2.29,
1988-06-07,9.02,,,2.08,,,0.98,2.39,
1988-06-08,8.92,,,2.16,,,0.96,2.33,
1988-06-09,8.96,,,2.11,,,0.99,2.32,
1988-06-10,8.92,,,2.15,,,0.93,2.27,
1988-06-13,8.91,,,2.16,,,0.93,2.26,
1988-06-14,8.69,,,2.27,,,0.89,2.15,
1988-06-15,8.71,,,2.23,,,0.87,2.18,
1988-06-16,8.89,,,2.05,,,0.93,2.4,
1988-06-17,9.02,,,1.91,,,0.92,2.45,
1988-06-20,9.02,,,1.94,,,0.88,2.42,
1988-06-21,9.03,,,1.91,,,0.88,2.27,
1988-06-22,8.9,,,2.03,,,0.86,2.18,
1988-06-23,8.88,,,2.03,,,0.83,2.15,
1988-06-24,8.85,,,2.12,,,0.82,2.13,
1988-06-27,8.94,,,2.03,,,0.84,2.16,
1988-06-28,8.87,,,2.12,,,0.82,2.06,
1988-06-29,8.88,,,2.07,,,0.85,2.1,
1988-06-30,8.82,,,2.16,,,0.8,2.05,
1988-07-01,8.77,,,2.2,,,0.79,2.01,
1988-07-04,,,,,,,,,
1988-07-05,8.82,,,2.15,,,0.78,2.05,
1988-07-06,8.91,,,2.09,,,0.84,2.18,
1988-07-07,8.95,,,2.08,,,0.82,2.19,
1988-07-08,9.04,,,2.02,,,0.79,2.16,
1988-07-11,9.02,,,2.05,,,0.77,2.18,
1988-07-12,9.08,,,2.01,,,0.81,2.14,
1988-07-13,9.12,,,1.98,,,0.85,2.19,
1988-07-14,9.12,,,2.02,,,0.79,2.17,
1988-07-15,9.08,,,2.07,,,0.77,2.14,
1988-07-18,9.15,,,2.02,,,0.8,2.25,
1988-07-19,9.1,,,2.04,,,0.78,2.2,
1988-07-20,9.11,,,2.0,,,0.8,2.19,
1988-07-21,9.16,,,1.98,,,0.77,2.16,
1988-07-22,9.11,,,2.05,,,0.76,2.15,
1988-07-25,9.07,,,2.12,,,0.73,2.03,
1988-07-26,9.09,,,2.11,,,0.74,1.98,
1988-07-27,9.14,,,2.06,,,0.7,1.91,
1988-07-28,9.16,,,2.04,,,0.72,1.94,
1988-07-29,9.12,,,2.07,,,0.73,1.94,
1988-08-01,9.07,,,2.11,,,0.71,1.92,
1988-08-02,9.0,,,2.17,,,0.68,1.88,
1988-08-03,9.04,,,2.13,,,0.7,1.92,
1988-08-04,8.99,,,2.16,,,0.68,1.93,
1988-08-05,9.12,,,2.03,,,0.65,1.97,
1988-08-08,9.12,,,2.04,,,0.64,2.03,
1988-08-09,9.2,,,1.98,,,0.61,1.91,
1988-08-10,9.3,,,1.91,,,0.66,2.09,
1988-08-11,9.35,,,1.88,,,0.67,2.11,
1988-08-12,9.36,,,1.86,,,0.68,2.11,
1988-08-15,9.37,,,1.87,,,0.67,2.12,
1988-08-16,9.35,,,1.88,,,0.63,2.06,
1988-08-17,9.38,,,1.87,,,0.64,2.12,
1988-08-18,9.35,,,1.88,,,0.61,2.09,
1988-08-19,9.35,,,1.87,,,0.61,2.05,
1988-08-22,9.37,,,1.86,,,0.61,2.04,
1988-08-23,9.32,,,1.93,,,0.61,1.93,
1988-08-24,9.34,,,1.9,,,0.61,1.92,
1988-08-25,9.41,,,1.86,,,0.63,1.92,
1988-08-26,9.38,,,1.89,,,0.6,1.81,
1988-08-29,9.3,,,1.94,,,0.55,1.73,
1988-08-30,9.27,,,1.95,,,0.54,1.73,
1988-08-31,9.25,,,1.97,,,0.54,1.71,
1988-09-01,9.25,,,1.94,,,0.57,1.73,
1988-09-02,9.0,,,2.17,,,0.55,1.55,
1988-09-05,,,,,,,,,
1988-09-06,8.99,,,2.15,,,0.52,1.48,
1988-09-07,8.99,,,2.16,,,0.54,1.42,
1988-09-08,8.99,,,2.13,,,0.54,1.43,
1988-09-09,8.93,,,2.17,,,0.51,1.41,
1988-09-12,8.97,,,2.13,,,0.53,1.49,
1988-09-13,8.94,,,2.11,,,0.54,1.54,
1988-09-14,8.88,,,2.12,,,0.52,1.49,
1988-09-15,8.91,,,2.06,,,0.52,1.51,
1988-09-16,8.93,,,2.05,,,0.53,1.55,
1988-09-19,8.97,,,1.96,,,0.53,1.59,
1988-09-20,8.97,,,1.88,,,0.52,1.53,
1988-09-21,8.93,,,1.81,,,0.53,1.51,
1988-09-22,8.95,,,1.74,,,0.51,1.52,
1988-09-23,8.97,,,1.71,,,0.5,1.5,
1988-09-26,9.0,,,1.67,,,0.48,1.45,
1988-09-27,9.04,,,1.6,,,0.49,1.47,
1988-09-28,9.06,,,1.55,,,0.47,1.48,
1988-09-29,8.98,,,1.58,,,0.45,1.45,
1988-09-30,8.87,,,1.62,,,0.44,1.38,
1988-10-03,8.84,,,1.62,,,0.43,1.34,
1988-10-04,8.87,,,1.57,,,0.44,1.4,
1988-10-05,8.87,,,1.58,,,0.44,1.41,
1988-10-06,8.87,,,1.61,,,0.44,1.32,
1988-10-07,8.7,,,1.73,,,0.44,1.19,
1988-10-10,,,,,,,,,
1988-10-11,8.75,,,1.67,,,0.46,1.2,
1988-10-12,8.84,,,1.58,,,0.49,1.32,
1988-10-13,8.84,,,1.6,,,0.48,1.26,
1988-10-14,8.81,,,1.61,,,0.48,1.25,
1988-10-17,8.79,,,1.62,,,0.46,1.21,
1988-10-18,8.78,,,1.61,,,0.45,1.18,
1988-10-19,8.82,,,1.59,,,0.44,1.14,
1988-10-20,8.79,,,1.61,,,0.41,1.09,
1988-10-21,8.83,,,1.59,,,0.43,1.14,
1988-10-24,8.83,,,1.58,,,0.41,1.06,
1988-10-25,8.83,,,1.57,,,0.41,1.14,
1988-10-26,8.79,,,1.59,,,0.45,1.13,
1988-10-27,8.72,,,1.68,,,0.45,1.09,
1988-10-28,8.69,,,1.69,,,0.42,1.07,
1988-10-31,8.65,,,1.58,,,0.4,1.03,
1988-11-01,8.68,,,1.65,,,0.43,1.1,
1988-11-02,8.73,,,1.61,,,0.44,1.12,
1988-11-03,8.69,,,1.63,,,0.42,1.04,
1988-11-04,8.85,,,1.55,,,0.46,1.15,
1988-11-07,8.91,,,1.47,,,0.41,1.16,
1988-11-08,8.91,,,1.49,,,0.38,1.06,
1988-11-09,8.91,,,1.48,,,0.34,1.09,
1988-11-10,8.9,,,1.53,,,0.3,1.0,
1988-11-11,,,,,,,,,
1988-11-14,8.91,,,1.54,,,0.29,0.85,
1988-11-15,8.92,,,1.54,,,0.23,0.69,
1988-11-16,9.0,,,1.49,,,0.25,0.78,
1988-11-17,9.06,,,1.46,,,0.31,0.86,
1988-11-18,9.05,,,1.5,,,0.28,0.84,
1988-11-21,9.04,,,1.5,,,0.23,0.77,
1988-11-22,9.09,,,1.48,,,0.21,0.81,
1988-11-23,9.08,,,1.5,,,0.21,0.79,
1988-11-24,,,,,,,,,
1988-11-25,9.17,,,1.45,,,0.19,0.86,
1988-11-28,9.16,,,1.46,,,0.16,0.89,
1988-11-29,9.13,,,1.49,,,0.17,0.86,
1988-11-30,9.06,,,1.55,,,0.22,0.96,
1988-12-01,9.01,,,1.58,,,0.15,0.89,
1988-12-02,9.18,,,1.43,,,0.06,0.84,
1988-12-05,9.13,,,1.48,,,0.04,0.83,
1988-12-06,8.95,,,1.63,,,0.07,0.72,
1988-12-07,9.0,,,1.59,,,0.07,0.73,
1988-12-08,9.02,,,1.61,,,0.02,0.76,
1988-12-09,9.07,,,1.56,,,0.04,0.93,
1988-12-12,9.08,,,1.52,,,0.03,0.89,
1988-12-13,9.15,,,1.49,,,-0.01,0.77,
1988-12-14,9.19,,,1.46,,,-0.01,0.78,
1988-12-15,9.19,,,1.47,,,-0.01,0.71,
1988-12-16,9.17,,,1.52,,,-0.01,0.73,
1988-12-19,9.15,,,1.55,,,-0.03,0.67,
1988-12-20,9.08,,,1.6,,,-0.03,0.61,
1988-12-21,9.07,,,1.61,,,-0.02,0.69,
1988-12-22,9.07,,,1.61,,,0.03,0.74,
1988-12-23,9.05,,,1.61,,,0.01,0.73,
1988-12-26,,,,,,,,,
1988-12-27,9.13,,,1.52,,,-0.02,0.68,
1988-12-28,9.21,,,1.46,,,-0.02,0.66,
1988-12-29,9.18,,,1.48,,,0.0,0.77,
1988-12-30,9.14,,,1.55,,,0.0,0.77,
1989-01-02,,,,,,,,,
1989-01-03,9.23,,,1.48,,,0.02,0.8,
1989-01-04,9.22,,,1.49,,,-0.03,0.68,
1989-01-05,9.27,,,1.48,,,-0.05,0.71,
1989-01-06,9.25,,,1.48,,,-0.07,0.67,
1989-01-09,9.23,,,1.47,,,-0.06,0.65,
1989-01-10,9.24,,,1.48,,,-0.01,0.64,
1989-01-11,9.24,,,1.49,,,-0.05,0.71,
1989-01-12,9.14,,,1.57,,,-0.06,0.59,
1989-01-13,9.06,,,1.6,,,-0.08,0.57,
1989-01-16,,,,,,,,,
1989-01-17,9.06,,,1.58,,,-0.1,0.52,
1989-01-18,8.99,,,1.62,,,-0.14,0.44,
1989-01-19,9.0,,,1.62,,,-0.09,0.48,
1989-01-20,9.03,,,1.59,,,-0.1,0.51,
1989-01-23,9.0,,,1.63,,,-0.13,0.44,
1989-01-24,8.93,,,1.67,,,-0.14,0.43,
1989-01-25,8.99,,,1.62,,,-0.11,0.4,
1989-01-26,8.99,,,1.62,,,-0.15,0.35,
1989-01-27,8.95,,,1.65,,,-0.12,0.33,
1989-01-30,9.0,,,1.58,,,-0.1,0.42,
1989-01-31,9.01,,,1.56,,,-0.11,0.32,
1989-02-01,8.99,,,1.57,,,-0.13,0.32,
1989-02-02,8.98,,,1.56,,,-0.14,0.3,
1989-02-03,9.01,,,1.52,,,-0.22,0.23,
1989-02-06,9.01,,,1.54,,,-0.24,0.18,
1989-02-07,8.96,,,1.57,,,-0.23,0.12,
1989-02-08,8.95,,,1.57,,,-0.26,0.11,
1989-02-09,9.13,,,1.39,,,-0.15,0.35,
1989-02-10,9.19,,,1.36,,,-0.18,0.34,
1989-02-13,9.2,,,1.4,,,-0.19,0.34,
1989-02-14,9.23,,,1.41,,,-0.2,0.36,
1989-02-15,9.22,,,1.42,,,-0.19,0.42,
1989-02-16,9.21,,,1.44,,,-0.16,0.4,
1989-02-17,9.2,,,1.46,,,-0.17,0.42,
1989-02-20,,,,,,,,,
1989-02-21,9.22,,,1.43,,,-0.19,0.45,
1989-02-22,9.29,,,1.37,,,-0.19,0.45,
1989-02-23,9.36,,,1.33,,,-0.24,0.44,
1989-02-24,9.38,,,1.32,,,-0.28,0.42,
1989-02-27,9.36,,,1.35,,,-0.26,0.37,
1989-02-28,9.32,,,1.35,,,-0.23,0.29,
1989-03-01,9.36,,,1.32,,,-0.19,0.38,
1989-03-02,9.31,,,1.38,,,-0.21,0.33,
1989-03-03,9.31,,,1.38,,,-0.19,0.37,
1989-03-06,9.26,,,1.41,,,-0.2,0.37,
1989-03-07,9.26,,,1.38,,,-0.22,0.33,
1989-03-08,9.23,,,1.41,,,-0.25,0.31,
1989-03-09,9.24,,,1.39,,,-0.24,0.26,
1989-03-10,9.34,,,1.3,,,-0.32,0.28,
1989-03-13,9.35,,,1.3,,,-0.29,0.26,
1989-03-14,9.32,,,1.31,,,-0.32,0.3,
1989-03-15,9.31,,,1.31,,,-0.31,0.32,
1989-03-16,9.3,,,1.31,,,-0.31,0.28,
1989-03-17,9.49,,,1.18,,,-0.35,0.31,
1989-03-20,9.53,,,1.16,,,-0.37,0.2,
1989-03-21,9.53,,,1.18,,,-0.39,0.1,
1989-03-22,9.45,,,1.26,,,-0.36,0.1,
1989-03-23,9.43,,,1.26,,,-0.38,0.06,
1989-03-24,,,,,,,,,
1989-03-27,9.44,,,1.28,,,-0.41,-0.01,
1989-03-28,9.41,,,1.31,,,-0.45,0.0,
1989-03-29,9.36,,,1.33,,,-0.44,0.07,
1989-03-30,9.34,,,1.35,,,-0.45,0.05,
1989-03-31,9.3,,,1.31,,,-0.43,0.07,
1989-04-03,9.21,,,1.36,,,-0.35,0.06,
1989-04-04,9.17,,,1.4,,,-0.3,0.03,
1989-04-05,9.17,,,1.39,,,-0.28,0.02,
1989-04-06,9.2,,,1.43,,,-0.34,0.03,
1989-04-07,9.27,,,1.39,,,-0.3,0.15,
1989-04-10,9.27,,,1.39,,,-0.3,0.22,
1989-04-11,9.27,,,1.4,,,-0.3,0.27,
1989-04-12,9.29,,,1.36,,,-0.3,0.31,
1989-04-13,9.34,,,1.33,,,-0.32,0.25,
1989-04-14,9.18,,,1.45,,,-0.25,0.26,
1989-04-17,9.2,,,1.42,,,-0.28,0.27,
1989-04-18,9.06,,,1.55,,,-0.22,0.33,
1989-04-19,9.08,,,1.53,,,-0.22,0.35,
1989-04-20,9.2,,,1.41,,,-0.26,0.25,
1989-04-21,9.15,,,1.46,,,-0.29,0.2,
1989-04-24,9.15,,,1.47,,,-0.31,0.16,
1989-04-25,9.12,,,1.47,,,-0.29,0.18,
1989-04-26,9.11,,,1.49,,,-0.23,0.27,
1989-04-27,9.05,,,1.52,,,-0.18,0.34,
1989-04-28,9.02,,,1.55,,,-0.2,0.31,
1989-05-01,9.14,,,1.45,,,-0.22,0.2,
1989-05-02,9.08,,,1.5,,,-0.19,0.19,
1989-05-03,9.06,,,1.52,,,-0.15,0.22,
1989-05-04,9.06,,,1.51,,,-0.15,0.22,
1989-05-05,8.99,,,1.55,,,-0.05,0.26,
1989-05-08,9.04,,,1.52,,,-0.05,0.24,
1989-05-09,9.15,,,1.43,,,-0.08,0.34,
1989-05-10,9.16,,,1.45,,,-0.11,0.33,
1989-05-11,9.1,,,1.5,,,-0.04,0.38,
1989-05-12,8.81,,,1.68,,,-0.01,0.31,
1989-05-15,8.82,,,1.65,,,-0.09,0.28,
1989-05-16,8.82,,,1.67,,,-0.13,0.3,
1989-05-17,8.8,,,1.66,,,-0.16,0.23,
1989-05-18,8.78,,,1.68,,,-0.22,0.1,
1989-05-19,8.71,,,1.69,,,-0.23,0.06,
1989-05-22,8.58,,,1.78,,,-0.26,-0.04,
1989-05-23,8.6,,,1.71,,,-0.23,0.03,
1989-05-24,8.63,,,1.68,,,-0.19,-0.04,
1989-05-25,8.67,,,1.65,,,-0.25,-0.18,
1989-05-26,8.66,,,1.64,,,-0.23,-0.16,
1989-05-29,,,,,,,,,
1989-05-30,8.64,,,1.66,,,-0.23,-0.24,
1989-05-31,8.6,,,1.7,,,-0.22,-0.32,
1989-06-01,8.61,,,1.66,,,-0.21,-0.31,
1989-06-02,8.43,,,1.77,,,-0.09,-0.22,
1989-06-05,8.36,,,1.77,,,-0.08,-0.18,
1989-06-06,8.36,,,1.73,,,-0.09,-0.09,
1989-06-07,8.27,,,1.78,,,-0.11,-0.16,
1989-06-08,8.27,,,1.77,,,-0.06,-0.13,
1989-06-09,8.15,,,1.82,,,-0.13,-0.35,
1989-06-12,8.16,,,1.81,,,-0.13,-0.3,
1989-06-13,8.25,,,1.72,,,-0.16,-0.2,
1989-06-14,8.2,,,1.77,,,-0.16,-0.21,
1989-06-15,8.33,,,1.65,,,-0.15,-0.04,
1989-06-16,8.35,,,1.67,,,-0.18,-0.07,
1989-06-19,8.37,,,1.66,,,-0.18,-0.05,
1989-06-20,8.31,,,1.74,,,-0.19,-0.13,
1989-06-21,8.37,,,1.68,,,-0.16,-0.05,
1989-06-22,8.38,,,1.69,,,-0.17,-0.06,
1989-06-23,8.25,,,1.79,,,-0.14,-0.08,
1989-06-26,8.18,,,1.83,,,-0.17,-0.2,
1989-06-27,8.11,,,1.85,,,-0.16,-0.22,
1989-06-28,8.17,,,1.82,,,-0.1,-0.15,
1989-06-29,8.12,,,1.82,,,-0.04,-0.1,
1989-06-30,8.1,,,1.83,,,0.02,-0.16,
1989-07-03,8.09,,,1.82,,,0.07,-0.14,
1989-07-04,,,,,,,,,
1989-07-05,8.11,,,1.81,,,0.12,0.06,
1989-07-06,8.08,,,1.82,,,0.14,0.05,
1989-07-07,8.02,,,1.87,,,0.19,0.04,
1989-07-10,7.99,,,1.87,,,0.18,-0.01,
1989-07-11,8.0,,,1.84,,,0.19,-0.03,
1989-07-12,8.0,,,1.83,,,0.26,0.01,
1989-07-13,8.0,,,1.81,,,0.26,-0.03,
1989-07-14,8.04,,,1.85,,,0.21,-0.06,
1989-07-17,8.05,,,1.85,,,0.2,-0.13,
1989-07-18,8.13,,,1.8,,,0.18,-0.05,
1989-07-19,8.09,,,1.81,,,0.19,-0.11,
1989-07-20,8.01,,,1.89,,,0.2,-0.23,
1989-07-21,8.07,,,1.83,,,0.16,-0.32,
1989-07-24,8.05,,,1.85,,,0.12,-0.32,
1989-07-25,8.01,,,1.86,,,0.17,-0.3,
1989-07-26,8.02,,,1.84,,,0.27,-0.28,
1989-07-27,7.92,,,1.91,,,0.27,-0.25,
1989-07-28,7.87,,,1.96,,,0.31,-0.25,
1989-07-31,7.82,,,1.99,,,0.29,-0.22,
1989-08-01,7.74,,,1.99,,,0.28,-0.15,
1989-08-02,7.76,,,1.99,,,0.23,-0.13,
1989-08-03,7.8,,,1.96,,,0.2,-0.1,
1989-08-04,8.0,,,1.82,,,0.08,-0.13,
1989-08-07,8.03,,,1.79,,,0.02,-0.18,
1989-08-08,8.0,,,1.81,,,0.04,-0.22,
1989-08-09,8.05,,,1.77,,,0.06,-0.13,
1989-08-10,8.02,,,1.82,,,0.03,-0.11,
1989-08-11,8.09,,,1.74,,,-0.03,-0.13,
1989-08-14,8.24,,,1.65,,,-0.07,-0.08,
1989-08-15,8.21,,,1.69,,,-0.08,-0.1,
1989-08-16,8.12,,,1.76,,,-0.05,-0.1,
1989-08-17,8.18,,,1.74,,,-0.08,0.03,
1989-08-18,8.15,,,1.77,,,-0.11,0.02,
1989-08-21,8.2,,,1.71,,,-0.12,0.0,
1989-08-22,8.29,,,1.63,,,-0.14,-0.04,
1989-08-23,8.25,,,1.69,,,-0.12,-0.03,
1989-08-24,8.2,,,1.72,,,-0.12,-0.04,
1989-08-25,8.21,,,1.71,,,-0.13,-0.02,
1989-08-28,8.27,,,1.68,,,-0.14,0.01,
1989-08-29,8.27,,,1.7,,,-0.17,0.1,
1989-08-30,8.25,,,1.72,,,-0.16,0.11,
1989-08-31,8.26,,,1.7,,,-0.16,0.1,
1989-09-01,8.19,,,1.78,,,-0.18,0.07,
1989-09-04,,,,,,,,,
1989-09-05,8.19,,,1.76,,,-0.18,0.04,
1989-09-06,8.17,,,1.77,,,-0.18,0.08,
1989-09-07,8.17,,,1.77,,,-0.18,0.1,
1989-09-08,8.14,,,1.8,,,-0.13,0.1,
1989-09-11,8.13,,,1.76,,,-0.07,0.18,
1989-09-12,8.13,,,1.75,,,-0.05,0.25,
1989-09-13,8.18,,,1.71,,,-0.02,0.33,
1989-09-14,8.13,,,1.75,,,0.04,0.3,
1989-09-15,8.09,,,1.79,,,0.03,0.31,
1989-09-18,8.1,,,1.78,,,-0.03,0.23,
1989-09-19,8.09,,,1.77,,,-0.05,0.17,
1989-09-20,8.15,,,1.72,,,-0.12,0.07,
1989-09-21,8.2,,,1.69,,,-0.12,0.1,
1989-09-22,8.22,,,1.67,,,-0.12,0.2,
1989-09-25,8.32,,,1.62,,,-0.11,0.23,
1989-09-26,8.3,,,1.64,,,-0.06,0.27,
1989-09-27,8.3,,,1.64,,,-0.09,0.2,
1989-09-28,8.3,,,1.63,,,-0.11,0.16,
1989-09-29,8.31,,,1.62,,,-0.15,0.13,
1989-10-02,8.28,,,1.65,,,-0.2,0.11,
1989-10-03,8.23,,,1.7,,,-0.16,0.18,
1989-10-04,8.22,,,1.7,,,-0.15,0.17,
1989-10-05,8.15,,,1.76,,,-0.16,0.12,
1989-10-06,8.03,,,1.86,,,-0.07,0.2,
1989-10-09,,,,,,,,,
1989-10-10,8.03,,,1.8,,,-0.03,0.14,
1989-10-11,8.07,,,1.74,,,-0.01,0.11,
1989-10-12,8.04,,,1.78,,,0.03,0.08,
1989-10-13,7.87,,,1.9,,,0.18,0.0,
1989-10-16,7.98,,,1.78,,,0.13,0.28,
1989-10-17,8.0,,,1.77,,,0.17,0.32,
1989-10-18,8.01,,,1.76,,,0.18,0.26,
1989-10-19,7.96,,,1.8,,,0.09,0.13,
1989-10-20,7.98,,,1.79,,,0.06,0.18,
1989-10-23,7.92,,,1.85,,,0.04,0.09,
1989-10-24,7.87,,,1.87,,,0.09,0.12,
1989-10-25,7.86,,,1.89,,,0.1,0.05,
1989-10-26,7.88,,,1.86,,,0.1,0.02,
1989-10-27,7.94,,,1.83,,,0.07,-0.08,
1989-10-30,7.92,,,1.86,,,0.07,-0.09,
1989-10-31,7.92,,,1.84,,,0.07,-0.12,
1989-11-01,7.91,,,1.84,,,0.04,-0.14,
1989-11-02,7.87,,,1.89,,,0.06,-0.12,
1989-11-03,7.96,,,1.82,,,-0.05,-0.14,
1989-11-06,8.0,,,1.81,,,-0.04,-0.13,
1989-11-07,7.9,,,1.9,,,0.03,-0.1,
1989-11-08,7.87,,,1.9,,,0.09,-0.07,
1989-11-09,7.9,,,1.91,,,0.1,-0.06,
1989-11-10,7.92,,,1.91,,,0.09,-0.05,
1989-11-13,7.89,,,1.93,,,0.07,-0.06,
1989-11-14,7.87,,,1.95,,,0.12,-0.05,
1989-11-15,7.82,,,2.0,,,0.13,-0.08,
1989-11-16,7.82,,,2.0,,,0.11,-0.1,
1989-11-17,7.88,,,1.95,,,0.11,-0.05,
1989-11-20,7.86,,,1.98,,,0.09,-0.07,
1989-11-21,7.85,,,1.96,,,0.08,-0.04,
1989-11-22,7.81,,,2.02,,,0.15,-0.03,
1989-11-23,,,,,,,,,
1989-11-24,7.8,,,2.04,,,0.16,0.04,
1989-11-27,7.85,,,1.98,,,0.06,-0.06,
1989-11-28,7.86,,,1.97,,,0.08,-0.11,
1989-11-29,7.88,,,1.95,,,0.08,-0.04,
1989-11-30,7.84,,,1.99,,,0.09,0.0,
1989-12-01,7.81,,,2.01,,,0.11,0.03,
1989-12-04,7.82,,,1.98,,,0.1,0.03,
1989-12-05,7.82,,,1.99,,,0.1,0.01,
1989-12-06,7.85,,,1.97,,,0.05,-0.05,
1989-12-07,7.88,,,1.94,,,0.03,-0.07,
1989-12-08,7.82,,,1.99,,,0.04,-0.04,
1989-12-11,7.83,,,1.97,,,0.05,-0.05,
1989-12-12,7.84,,,1.96,,,0.04,-0.08,
1989-12-13,7.82,,,1.98,,,0.0,-0.13,
1989-12-14,7.79,,,2.03,,,0.04,-0.09,
1989-12-15,7.8,,,2.01,,,0.05,-0.07,
1989-12-18,7.77,,,2.04,,,0.02,-0.08,
1989-12-19,7.78,,,2.04,,,0.06,-0.15,
1989-12-20,7.77,,,2.05,,,0.13,-0.05,
1989-12-21,7.77,,,2.04,,,0.09,-0.04,
1989-12-22,7.82,,,2.0,,,0.08,-0.02,
1989-12-25,,,,,,,,,
1989-12-26,7.95,,,1.89,,,0.05,-0.07,
1989-12-27,7.94,,,1.91,,,0.04,-0.05,
1989-12-28,7.91,,,1.94,,,0.04,-0.03,
1989-12-29,7.93,,,1.91,,,0.06,0.13,
1990-01-01,,,,,,,,,
1990-01-02,7.94,,,1.91,17.24,,0.07,0.11,
1990-01-03,7.99,,,1.87,18.19,,0.05,0.1,
1990-01-04,7.98,,,1.86,19.22,,0.06,0.14,
1990-01-05,7.99,,,1.89,20.11,,0.09,0.2,
1990-01-08,8.02,,,1.86,20.26,,0.12,0.23,
1990-01-09,8.02,,,1.84,22.2,,0.11,0.22,
1990-01-10,8.03,,,1.85,22.44,,0.12,0.28,
1990-01-11,8.04,,,1.82,20.05,,0.13,0.24,
1990-01-12,8.1,,,1.77,24.64,,0.17,0.36,
1990-01-15,,,,,26.34,,,,
1990-01-16,8.2,,,1.72,24.18,,0.1,0.31,
1990-01-17,8.19,,,1.73,24.16,,0.1,0.22,
1990-01-18,8.32,,,1.65,24.34,,0.07,0.28,
1990-01-19,8.26,,,1.69,22.5,,0.06,0.26,
1990-01-22,8.27,,,1.69,26.7,,0.09,0.28,
1990-01-23,8.26,,,1.71,24.72,,0.08,0.33,
1990-01-24,8.38,,,1.62,25.39,,0.18,0.45,
1990-01-25,8.42,,,1.58,25.63,,0.18,0.47,
1990-01-26,8.49,,,1.57,26.28,,0.21,0.56,
1990-01-29,8.5,,,1.59,26.44,,0.2,0.5,
1990-01-30,8.51,,,1.61,27.25,,0.21,0.51,
1990-01-31,8.43,,,1.68,25.36,,0.15,0.43,
1990-02-01,8.42,,,1.68,24.87,,0.14,0.4,
1990-02-02,8.5,,,1.59,24.32,,0.13,0.43,
1990-02-05,8.53,,,1.59,24.54,,0.16,0.45,
1990-02-06,8.57,,,1.56,24.69,,0.15,0.48,
1990-02-07,8.52,,,1.62,24.29,,0.1,0.44,
1990-02-08,8.49,,,1.65,23.77,,0.12,0.41,
1990-02-09,8.31,,,1.8,23.69,,0.06,0.29,
1990-02-12,8.4,,,1.71,24.38,,0.08,0.41,
1990-02-13,8.35,,,1.75,23.76,,0.14,0.51,
1990-02-14,8.36,,,1.76,22.05,,0.09,0.49,
1990-02-15,8.43,,,1.7,19.71,,0.08,0.46,
1990-02-16,8.42,,,1.68,20.78,,0.06,0.48,
1990-02-19,,,,,,,,,
1990-02-20,8.62,,,1.52,22.78,,0.1,0.56,
1990-02-21,8.62,,,1.58,23.89,,0.12,0.61,
1990-02-22,8.54,,,1.66,22.54,,0.09,0.55,
1990-02-23,8.53,,,1.68,23.69,,0.1,0.6,
1990-02-26,8.46,,,1.76,23.56,,0.08,0.49,
1990-02-27,8.41,,,1.78,22.69,,0.07,0.42,
1990-02-28,8.51,,,1.68,21.99,,0.08,0.47,
1990-03-01,8.59,,,1.61,21.9,,0.06,0.51,
1990-03-02,8.54,,,1.66,21.34,,0.06,0.52,
1990-03-05,8.65,,,1.63,22.03,,0.1,0.56,
1990-03-06,8.59,,,1.65,20.55,,0.05,0.42,
1990-03-07,8.58,,,1.61,19.1,,0.04,0.4,
1990-03-08,8.57,,,1.66,19.74,,-0.02,0.39,
1990-03-09,8.65,,,1.59,20.3,,-0.08,0.39,
1990-03-12,8.63,,,1.61,20.07,,-0.08,0.37,
1990-03-13,8.73,,,1.5,21.05,,-0.04,0.47,
1990-03-14,8.65,,,1.58,19.65,,-0.04,0.42,
1990-03-15,8.66,,,1.57,18.81,,-0.05,0.45,
1990-03-16,8.59,,,1.6,17.62,,-0.05,0.4,
1990-03-19,8.59,,,1.61,18.29,,-0.09,0.37,
1990-03-20,8.54,,,1.62,19.06,,-0.14,0.29,
1990-03-21,8.55,,,1.61,20.1,,-0.14,0.32,
1990-03-22,8.53,,,1.64,22.74,,-0.09,0.36,
1990-03-23,8.52,,,1.65,20.46,,-0.09,0.37,
1990-03-26,8.51,,,1.67,19.59,,-0.1,0.38,
1990-03-27,8.52,,,1.65,21.01,,-0.07,0.35,
1990-03-28,8.51,,,1.69,19.77,,-0.06,0.39,
1990-03-29,8.6,,,1.61,18.46,,-0.02,0.5,
1990-03-30,8.65,,,1.58,19.73,,0.01,0.58,
1990-04-02,8.65,,,1.59,22.84,,0.03,0.6,
1990-04-03,8.63,,,1.59,20.44,,0.02,0.54,
1990-04-04,8.55,,,1.66,22.03,,0.01,0.54,
1990-04-05,8.57,,,1.64,21.21,,0.03,0.55,
1990-04-06,8.56,,,1.64,21.76,,0.04,0.54,
1990-04-09,8.59,,,1.6,22.3,,0.05,0.5,
1990-04-10,8.6,,,1.58,21.69,,0.06,0.55,
1990-04-11,8.63,,,1.55,17.73,,0.07,0.6,
1990-04-12,8.64,,,1.53,19.8,,0.07,0.62,
1990-04-13,,,,,,,,,
1990-04-16,8.68,,,1.51,20.75,,0.07,0.67,
1990-04-17,8.77,,,1.47,20.38,,0.07,0.74,
1990-04-18,8.86,,,1.45,22.67,,0.07,0.78,
1990-04-19,8.87,,,1.45,22.46,,0.06,0.81,
1990-04-20,8.95,,,1.42,23.33,,0.13,1.0,
1990-04-23,8.98,,,1.44,24.16,,0.11,0.98,
1990-04-24,9.0,,,1.42,21.7,,0.08,0.97,
1990-04-25,9.01,,,1.41,20.86,,0.06,0.95,
1990-04-26,9.07,,,1.42,20.25,,0.04,0.98,
1990-04-27,9.06,,,1.45,22.19,,0.08,1.01,
1990-04-30,9.04,,,1.5,19.52,,0.08,0.97,
1990-05-01,9.08,,,1.47,18.43,,0.06,0.89,
1990-05-02,9.09,,,1.47,19.32,,0.04,0.92,
1990-05-03,9.04,,,1.51,17.81,,0.06,0.89,
1990-05-04,8.84,,,1.67,17.28,,0.14,0.82,
1990-05-07,8.87,,,1.65,17.65,,0.13,0.78,
1990-05-08,8.84,,,1.67,18.49,,0.16,0.78,
1990-05-09,8.88,,,1.61,18.64,,0.13,0.87,
1990-05-10,8.82,,,1.68,18.59,,0.13,0.85,
1990-05-11,8.64,,,1.77,19.81,,0.09,0.76,
1990-05-14,8.61,,,1.76,20.14,,0.1,0.72,
1990-05-15,8.65,,,1.72,19.49,,0.11,0.74,
1990-05-16,8.68,,,1.69,17.71,,0.14,0.75,
1990-05-17,8.69,,,1.65,17.27,,0.13,0.76,
1990-05-18,8.75,,,1.62,17.2,,0.12,0.74,
1990-05-21,8.74,,,1.64,16.72,,0.13,0.72,
1990-05-22,8.65,,,1.7,17.84,,0.11,0.66,
1990-05-23,8.61,,,1.73,17.18,,0.1,0.7,
1990-05-24,8.63,,,1.69,17.7,,0.13,0.68,
1990-05-25,8.69,,,1.62,17.32,,0.16,0.68,
1990-05-28,,,,,,,,,
1990-05-29,8.66,,,1.66,18.75,,0.14,0.64,
1990-05-30,8.62,,,1.68,17.44,,0.14,0.59,
1990-05-31,8.6,,,1.71,17.37,,0.1,0.59,
1990-06-01,8.44,,,1.79,17.09,,0.11,0.5,
1990-06-04,8.44,,,1.77,18.39,,0.13,0.48,
1990-06-05,8.47,,,1.74,18.97,,0.13,0.51,
1990-06-06,8.46,,,1.76,17.42,,0.12,0.5,
1990-06-07,8.46,,,1.75,16.88,,0.12,0.5,
1990-06-08,8.46,,,1.75,17.58,,0.13,0.5,
1990-06-11,8.48,,,1.74,16.34,,0.12,0.49,
1990-06-12,8.48,,,1.71,16.6,,0.12,0.49,
1990-06-13,8.4,,,1.76,17.38,,0.13,0.47,
1990-06-14,8.38,,,1.79,17.4,,0.14,0.46,
1990-06-15,8.46,,,1.73,15.9,,0.13,0.51,
1990-06-18,8.5,,,1.7,17.71,,0.11,0.57,
1990-06-19,8.51,,,1.71,15.23,,0.1,0.51,
1990-06-20,8.55,,,1.72,15.27,,0.12,0.52,
1990-06-21,8.52,,,1.73,14.72,,0.11,0.49,
1990-06-22,8.51,,,1.73,19.36,,0.11,0.47,
1990-06-25,8.58,,,1.68,17.06,,0.13,0.53,
1990-06-26,8.56,,,1.7,16.29,,0.15,0.49,
1990-06-27,8.52,,,1.73,16.0,,0.15,0.47,
1990-06-28,8.47,,,1.77,16.18,,0.16,0.47,
1990-06-29,8.43,,,1.79,15.5,,0.19,0.43,
1990-07-02,8.43,,,1.78,16.26,,0.18,0.43,
1990-07-03,8.4,,,1.8,16.11,,0.2,0.44,
1990-07-04,,,,,,,,,
1990-07-05,8.42,,,1.76,17.25,,0.2,0.5,
1990-07-06,8.51,,,1.7,16.41,,0.19,0.5,
1990-07-09,8.57,,,1.67,16.66,,0.18,0.51,
1990-07-10,8.57,,,1.67,16.92,,0.17,0.5,
1990-07-11,8.57,,,1.67,16.68,,0.17,0.52,
1990-07-12,8.5,,,1.72,17.06,,0.3,0.56,
1990-07-13,8.45,,,1.75,17.09,,0.32,0.6,
1990-07-16,8.44,,,1.74,16.75,,0.29,0.58,
1990-07-17,8.44,,,1.73,16.66,,0.31,0.57,
1990-07-18,8.5,,,1.71,18.9,,0.37,0.7,
1990-07-19,8.51,,,1.68,18.56,,0.38,0.72,
1990-07-20,8.48,,,1.71,15.63,,0.4,0.69,
1990-07-23,8.48,,,1.72,23.68,,0.43,0.75,
1990-07-24,8.53,,,1.68,21.79,,0.41,0.75,
1990-07-25,8.49,,,1.72,20.19,,0.41,0.68,
1990-07-26,8.49,,,1.69,20.26,,0.41,0.66,
1990-07-27,8.42,,,1.75,21.12,,0.42,0.65,
1990-07-30,8.34,,,1.79,21.16,,0.41,0.6,
1990-07-31,8.36,,,1.77,21.11,,0.45,0.62,
1990-08-01,8.29,,,1.82,21.64,,0.44,0.62,
1990-08-02,8.41,,,1.74,20.43,,0.51,0.73,
1990-08-03,8.43,,,1.76,28.74,,0.64,0.91,
1990-08-06,8.71,,,1.61,35.91,,0.81,1.17,
1990-08-07,8.78,,,1.55,32.75,,0.74,1.17,
1990-08-08,8.77,,,1.6,28.27,,0.75,1.15,
1990-08-09,8.66,,,1.68,24.39,,0.67,1.0,
1990-08-10,8.68,,,1.66,25.75,,0.73,1.04,
1990-08-13,8.71,,,1.62,25.74,,0.77,1.05,
1990-08-14,8.66,,,1.67,24.18,,0.72,0.98,
1990-08-15,8.64,,,1.7,23.31,,0.7,0.94,
1990-08-16,8.76,,,1.63,27.16,,0.67,1.03,
1990-08-17,8.8,,,1.61,27.53,,0.69,1.08,
1990-08-20,8.81,,,1.67,26.46,,0.68,1.04,
1990-08-21,8.84,,,1.68,28.9,,0.65,1.01,
1990-08-22,8.91,,,1.63,30.55,,0.65,1.06,
1990-08-23,9.0,,,1.53,36.47,,0.74,1.21,
1990-08-24,9.05,,,1.59,33.93,,0.73,1.31,
1990-08-27,8.9,,,1.68,29.63,,0.69,1.12,
1990-08-28,8.94,,,1.61,29.12,,0.71,1.21,
1990-08-29,8.84,,,1.72,27.38,,0.68,1.12,
1990-08-30,8.86,,,1.72,29.89,,0.74,1.16,
1990-08-31,8.86,,,1.69,29.9,,0.79,1.23,
1990-09-03,,,,,,,,,
1990-09-04,8.9,,,1.67,29.58,,0.81,1.26,
1990-09-05,8.86,,,1.68,28.52,,0.82,1.25,
1990-09-06,8.84,,,1.69,30.19,,0.78,1.22,
1990-09-07,8.81,,,1.71,28.73,,0.77,1.18,
1990-09-10,8.85,,,1.65,29.34,,0.76,1.17,
1990-09-11,8.83,,,1.78,28.38,,0.73,1.16,
1990-09-12,8.82,,,1.77,28.12,,0.77,1.21,
1990-09-13,8.82,,,1.74,29.33,,0.81,1.23,
1990-09-14,8.87,,,1.72,30.56,,0.84,1.28,
1990-09-17,8.9,,,1.74,29.55,,0.85,1.29,
1990-09-18,8.9,,,1.75,28.82,,0.87,1.29,
1990-09-19,8.88,,,1.78,27.88,,0.8,1.24,
1990-09-20,8.91,,,1.73,28.66,,0.81,1.28,
1990-09-21,8.99,,,1.7,30.04,,0.87,1.39,
1990-09-24,9.04,,,1.69,30.56,,0.83,1.41,
1990-09-25,9.02,,,1.75,28.81,,0.84,1.43,
1990-09-26,9.0,,,1.77,28.19,,0.84,1.43,
1990-09-27,8.91,,,1.85,28.67,,0.86,1.44,
1990-09-28,8.82,,,1.94,29.11,,0.8,1.45,
1990-10-01,8.71,,,1.96,28.06,,0.77,1.34,
1990-10-02,8.69,,,1.96,27.28,,0.77,1.28,
1990-10-03,8.71,,,1.94,27.9,,0.83,1.33,
1990-10-04,8.67,,,1.97,27.51,,0.8,1.31,
1990-10-05,8.65,,,2.0,27.85,,0.84,1.38,
1990-10-08,,,,,28.04,,,,
1990-10-09,8.83,,,1.86,30.71,,0.89,1.42,
1990-10-10,8.89,,,1.87,31.19,,0.9,1.45,
1990-10-11,8.92,,,1.88,33.98,,0.93,1.57,
1990-10-12,8.84,,,1.97,31.94,,0.9,1.47,
1990-10-15,8.8,,,2.0,31.64,,0.88,1.4,
1990-10-16,8.79,,,2.02,31.45,,0.87,1.4,
1990-10-17,8.76,,,2.05,31.37,,0.84,1.32,
1990-10-18,8.71,,,2.07,29.6,,0.8,1.22,
1990-10-19,8.62,,,2.12,27.86,,0.77,1.14,
1990-10-22,8.63,,,2.12,27.27,,0.78,1.16,
1990-10-23,8.65,,,2.1,27.57,,0.81,1.2,
1990-10-24,8.66,,,2.11,28.28,,0.82,1.2,
1990-10-25,8.62,,,2.13,29.04,,0.82,1.21,
1990-10-26,8.63,,,2.11,30.75,,0.83,1.27,
1990-10-29,8.7,,,2.04,31.54,,0.88,1.32,
1990-10-30,8.7,,,2.1,30.52,,0.91,1.33,
1990-10-31,8.65,,,2.13,30.04,,0.88,1.31,
1990-11-01,8.57,,,2.16,30.25,,0.89,1.29,
1990-11-02,8.57,,,2.16,30.03,,0.89,1.26,
1990-11-05,8.5,,,2.27,29.85,,0.87,1.19,
1990-11-06,8.52,,,2.25,29.11,,0.87,1.21,
1990-11-07,8.57,,,2.15,30.87,,0.9,1.25,
1990-11-08,8.58,,,2.17,30.79,,0.91,1.26,
1990-11-09,8.49,,,2.24,26.96,,0.88,1.22,
1990-11-12,,,,,25.6,,,,
1990-11-13,8.37,,,2.28,24.58,,0.77,1.1,
1990-11-14,8.36,,,2.3,22.89,,0.78,1.06,
1990-11-15,8.37,,,2.26,22.57,,0.77,1.05,
1990-11-16,8.3,,,2.23,21.34,,0.72,0.99,
1990-11-19,8.35,,,2.18,20.95,,0.73,1.02,
1990-11-20,8.31,,,2.23,20.09,,0.69,0.99,
1990-11-21,8.27,,,2.24,21.09,,0.74,1.0,
1990-11-22,,,,,,,,,
1990-11-23,8.28,,,2.22,20.98,,0.75,1.03,
1990-11-26,8.27,,,2.25,22.76,,0.72,1.01,
1990-11-27,8.28,,,2.23,22.86,,0.78,1.01,
1990-11-28,8.3,,,2.22,22.96,,0.74,1.01,
1990-11-29,8.32,,,2.23,23.91,,0.74,1.06,
1990-11-30,8.26,,,2.27,22.16,,0.73,1.02,
1990-12-03,8.22,,,2.25,22.29,,0.71,0.94,
1990-12-04,8.2,,,2.28,22.03,,0.74,0.96,
1990-12-05,8.16,,,2.31,20.94,,0.7,0.93,
1990-12-06,8.18,,,2.29,22.62,,0.7,0.96,
1990-12-07,8.03,,,2.4,22.59,,0.7,0.93,
1990-12-10,7.98,,,2.38,23.58,,0.7,0.91,
1990-12-11,7.94,,,2.42,23.75,,0.68,0.88,
1990-12-12,7.91,,,2.45,21.28,,0.69,0.91,
1990-12-13,7.98,,,2.38,23.05,,0.67,0.93,
1990-12-14,8.05,,,2.37,23.85,,0.7,0.99,
1990-12-17,8.02,,,2.42,24.85,,0.71,1.0,
1990-12-18,7.99,,,2.4,23.11,,0.71,1.05,
1990-12-19,8.0,,,2.41,23.08,,0.79,1.17,
1990-12-20,8.05,,,2.41,23.13,,0.8,1.3,
1990-12-21,8.11,,,2.39,22.66,,0.81,1.32,
1990-12-24,8.2,,,2.29,24.03,,0.85,1.47,
1990-12-25,,,,,,,,,
1990-12-26,8.15,,,2.33,24.18,,0.88,1.47,
1990-12-27,8.11,,,2.34,24.81,,0.86,1.44,
1990-12-28,8.14,,,2.32,25.05,,0.89,1.5,
1990-12-31,8.08,,,2.35,26.38,,0.93,1.45,
1991-01-01,,,,,,,,,
1991-01-02,7.97,,,2.42,26.62,,0.89,1.31,
1991-01-03,7.93,,,2.43,27.93,,0.85,1.29,
1991-01-04,8.02,,,2.38,27.19,,0.85,1.29,
1991-01-07,8.13,,,2.34,28.95,,0.93,1.42,
1991-01-08,8.16,,,2.34,30.38,,1.01,1.52,
1991-01-09,8.25,,,2.29,33.3,,1.15,1.81,
1991-01-10,8.16,,,2.37,31.33,,1.02,1.76,
1991-01-11,8.2,,,2.29,32.63,,1.06,1.86,
1991-01-14,8.23,,,2.29,36.2,,1.05,1.99,
1991-01-15,8.22,,,2.33,36.16,,1.06,1.99,
1991-01-16,8.24,,,2.36,33.2,,1.03,2.02,
1991-01-17,8.05,,,2.4,27.45,,0.86,1.75,
1991-01-18,8.03,,,2.4,25.39,,0.89,1.79,
1991-01-21,,,,,24.33,,,,
1991-01-22,8.07,,,2.38,24.9,,0.94,1.83,
1991-01-23,8.04,,,2.41,23.92,,0.96,1.72,
1991-01-24,8.0,,,2.41,22.86,,0.96,1.69,
1991-01-25,8.06,,,2.4,22.2,,0.96,1.71,
1991-01-28,8.06,,,2.37,23.05,,0.94,1.62,
1991-01-29,8.03,,,2.32,23.17,,0.95,1.64,
1991-01-30,8.05,,,2.3,21.37,,0.98,1.66,
1991-01-31,8.03,,,2.3,20.91,,0.98,1.66,
1991-02-01,7.91,,,2.33,21.04,,1.08,1.74,
1991-02-04,7.88,,,2.31,21.86,,1.06,1.73,
1991-02-05,7.85,,,2.3,21.46,,1.05,1.7,
1991-02-06,7.79,,,2.34,22.68,,0.97,1.71,
1991-02-07,7.82,,,2.28,23.6,,1.02,1.71,
1991-02-08,7.77,,,2.29,23.38,,0.97,1.68,
1991-02-11,7.78,,,2.24,22.56,,1.0,1.73,
1991-02-12,7.78,,,2.22,22.26,,1.0,1.76,
1991-02-13,7.78,,,2.2,20.86,,1.0,1.75,
1991-02-14,7.8,,,2.2,21.48,,1.03,1.78,
1991-02-15,7.78,,,2.23,19.57,,0.96,1.7,
1991-02-18,,,,,,,,,
1991-02-19,7.8,,,2.22,19.84,,0.93,1.67,
1991-02-20,7.84,,,2.2,22.26,,0.97,1.73,
1991-02-21,7.88,,,2.15,20.78,,0.98,1.79,
1991-02-22,7.91,,,2.14,21.01,,0.93,1.79,
1991-02-25,7.91,,,2.12,22.86,,0.92,1.75,
1991-02-26,7.96,,,2.1,20.38,,0.96,1.74,
1991-02-27,7.98,,,2.1,21.26,,0.96,1.77,
1991-02-28,8.02,,,2.09,21.23,,0.98,1.8,
1991-03-01,8.12,,,2.04,,,0.94,1.85,
1991-03-04,8.12,,,2.05,20.86,,0.96,1.88,
1991-03-05,8.08,,,2.02,20.45,,0.95,1.83,
1991-03-06,8.11,,,1.99,20.55,,0.96,1.83,
1991-03-07,8.07,,,1.99,21.05,,0.95,1.8,
1991-03-08,8.13,,,1.97,20.81,,1.05,1.97,
1991-03-11,8.06,,,1.98,20.88,,1.01,1.98,
1991-03-12,8.09,,,1.97,18.82,,1.02,2.04,
1991-03-13,8.02,,,2.01,16.09,,1.02,2.0,
1991-03-14,8.02,,,2.0,14.94,,1.07,2.08,
1991-03-15,8.1,,,1.98,14.9,,1.09,2.12,
1991-03-18,8.15,,,1.97,15.79,,1.06,2.12,
1991-03-19,8.25,,,1.93,16.11,,1.03,2.17,
1991-03-20,8.2,,,1.93,16.04,,1.0,2.13,
1991-03-21,8.16,,,1.94,16.86,,1.03,2.1,
1991-03-22,8.13,,,1.99,16.49,,1.0,2.07,
1991-03-25,8.13,,,1.96,16.76,,0.99,2.06,
1991-03-26,8.13,,,1.96,16.31,,0.97,2.08,
1991-03-27,8.08,,,1.96,16.55,,1.01,2.09,
1991-03-28,8.05,,,1.96,16.88,,1.03,2.13,
1991-03-29,,,,,,,,,
1991-04-01,8.07,,,1.95,17.42,,1.06,2.13,
1991-04-02,8.03,,,1.97,17.4,,1.06,2.08,
1991-04-03,8.05,,,1.94,17.61,,1.06,2.1,
1991-04-04,8.0,,,1.95,18.01,,1.06,2.08,
1991-04-05,7.99,,,1.97,17.63,,1.07,2.1,
1991-04-08,7.98,,,1.95,17.41,,1.07,2.15,
1991-04-09,8.03,,,1.91,20.12,,1.09,2.24,
1991-04-10,8.1,,,1.86,19.73,,1.08,2.31,
1991-04-11,8.09,,,1.9,17.24,,1.14,2.35,
1991-04-12,7.98,,,1.99,18.45,,1.1,2.3,
1991-04-15,7.95,,,1.98,16.5,,1.05,2.18,
1991-04-16,7.97,,,1.97,15.82,,1.05,2.18,
1991-04-17,7.95,,,1.96,15.47,,1.05,2.22,
1991-04-18,8.02,,,1.91,16.26,,1.03,2.18,
1991-04-19,8.1,,,1.86,15.68,,1.07,2.17,
1991-04-22,8.15,,,1.83,16.78,,1.08,2.28,
1991-04-23,8.12,,,1.85,17.02,,1.07,2.23,
1991-04-24,8.06,,,1.83,16.72,,1.11,2.22,
1991-04-25,8.07,,,1.82,17.15,,1.14,2.29,
1991-04-26,8.06,,,1.84,17.27,,1.17,2.27,
1991-04-29,8.07,,,1.8,18.27,,1.17,2.3,
1991-04-30,8.02,,,1.83,18.24,,1.22,2.34,
1991-05-01,8.01,,,1.8,17.77,,1.21,2.3,
1991-05-02,7.97,,,1.8,17.52,,1.21,2.34,
1991-05-03,8.04,,,1.79,17.24,,1.24,2.4,
1991-05-06,8.05,,,1.77,17.92,,1.23,2.41,
1991-05-07,8.06,,,1.77,17.46,,1.24,2.39,
1991-05-08,8.04,,,1.78,17.78,,1.2,2.37,
1991-05-09,8.02,,,1.8,17.17,,1.18,2.37,
1991-05-10,8.12,,,1.76,17.54,,1.25,2.47,
1991-05-13,8.07,,,1.81,17.66,,1.23,2.42,
1991-05-14,8.14,,,1.79,18.0,,1.28,2.48,
1991-05-15,8.13,,,1.79,18.38,,1.29,2.51,
1991-05-16,8.12,,,1.8,17.24,,1.28,2.55,
1991-05-17,8.08,,,1.83,16.64,,1.22,2.51,
1991-05-20,8.1,,,1.8,17.1,,1.24,2.47,
1991-05-21,8.06,,,1.83,16.07,,1.22,2.39,
1991-05-22,8.06,,,1.81,16.16,,1.29,2.43,
1991-05-23,8.1,,,1.79,16.11,,1.36,2.53,
1991-05-24,8.1,,,1.8,15.23,,1.41,2.53,
1991-05-27,,,,,,,,,
1991-05-28,8.07,,,1.83,15.67,,1.41,2.48,
1991-05-29,8.07,,,1.79,15.9,,1.46,2.45,
1991-05-30,8.02,,,1.8,16.02,,1.42,2.4,
1991-05-31,8.06,,,1.77,15.93,,1.38,2.35,
1991-06-03,8.14,,,1.73,16.87,,1.35,2.35,
1991-06-04,8.14,,,1.74,16.17,,1.35,2.4,
1991-06-05,8.19,,,1.72,16.4,,1.36,2.43,
1991-06-06,8.23,,,1.7,16.93,,1.37,2.49,
1991-06-07,8.29,,,1.71,16.98,,1.31,2.55,
1991-06-10,8.29,,,1.71,17.47,,1.28,2.52,
1991-06-11,8.29,,,1.7,17.32,,1.3,2.55,
1991-06-12,8.36,,,1.67,17.72,,1.28,2.63,
1991-06-13,8.34,,,1.67,16.99,,1.26,2.58,
1991-06-14,8.29,,,1.69,15.98,,1.27,2.52,
1991-06-17,8.3,,,1.68,15.5,,1.28,2.52,
1991-06-18,8.32,,,1.66,16.14,,1.32,2.52,
1991-06-19,8.33,,,1.66,17.44,,1.38,2.59,
1991-06-20,8.3,,,1.67,16.75,,1.43,2.56,
1991-06-21,8.32,,,1.66,16.51,,1.38,2.57,
1991-06-24,8.33,,,1.65,18.28,,1.37,2.58,
1991-06-25,8.33,,,1.64,17.85,,1.29,2.58,
1991-06-26,8.33,,,1.62,17.98,,1.32,2.6,
1991-06-27,8.32,,,1.62,17.87,,1.32,2.59,
1991-06-28,8.24,,,1.66,19.55,,1.34,2.53,
1991-07-01,8.26,,,1.66,18.64,,1.29,2.5,
1991-07-02,8.27,,,1.62,17.63,,1.27,2.52,
1991-07-03,8.26,,,1.64,19.47,,1.29,2.53,
1991-07-04,,,,,,,,,
1991-07-05,8.34,,,1.59,18.35,,1.3,2.58,
1991-07-08,8.34,,,1.63,20.29,,1.34,2.59,
1991-07-09,8.36,,,1.62,19.76,,1.36,2.6,
1991-07-10,8.35,,,1.65,19.19,,1.38,2.6,
1991-07-11,8.3,,,1.64,17.39,,1.38,2.56,
1991-07-12,8.26,,,1.64,18.29,,1.38,2.54,
1991-07-15,8.26,,,1.66,17.78,,1.38,2.51,
1991-07-16,8.27,,,1.66,17.49,,1.37,2.51,
1991-07-17,8.3,,,1.62,17.52,,1.36,2.51,
1991-07-18,8.31,,,1.62,15.77,,1.4,2.54,
1991-07-19,8.28,,,1.62,15.5,,1.39,2.52,
1991-07-22,8.28,,,1.61,16.9,,1.37,2.52,
1991-07-23,8.31,,,1.57,16.58,,1.37,2.55,
1991-07-24,8.24,,,1.59,16.41,,1.36,2.49,
1991-07-25,8.2,,,1.6,15.74,,1.33,2.44,
1991-07-26,8.2,,,1.61,15.45,,1.35,2.44,
1991-07-29,8.2,,,1.62,15.67,,1.38,2.45,
1991-07-30,8.21,,,1.61,15.47,,1.37,2.48,
1991-07-31,8.2,,,1.6,15.18,,1.39,2.5,
1991-08-01,8.2,,,1.61,15.47,,1.36,2.48,
1991-08-02,8.06,,,1.67,15.26,,1.37,2.43,
1991-08-05,8.04,,,1.68,15.92,,1.35,2.36,
1991-08-06,7.97,,,1.7,15.54,,1.4,2.39,
1991-08-07,7.93,,,1.73,15.56,,1.39,2.38,
1991-08-08,7.98,,,1.7,15.98,,1.46,2.44,
1991-08-09,7.98,,,1.72,15.45,,1.49,2.5,
1991-08-12,7.95,,,1.74,15.26,,1.46,2.47,
1991-08-13,7.91,,,1.75,14.73,,1.43,2.46,
1991-08-14,7.82,,,1.76,15.09,,1.45,2.37,
1991-08-15,7.84,,,1.76,15.19,,1.51,2.38,
1991-08-16,7.84,,,1.75,16.01,,1.53,2.42,
1991-08-19,7.83,,,1.79,21.19,,1.59,2.56,
1991-08-20,7.81,,,1.82,18.86,,1.64,2.55,
1991-08-21,7.8,,,1.81,15.62,,1.53,2.36,
1991-08-22,7.78,,,1.8,14.59,,1.51,2.31,
1991-08-23,7.88,,,1.79,14.41,,1.42,2.32,
1991-08-26,7.91,,,1.76,14.81,,1.43,2.33,
1991-08-27,7.89,,,1.75,15.46,,1.48,2.34,
1991-08-28,7.82,,,1.76,15.31,,1.52,2.36,
1991-08-29,7.74,,,1.8,14.82,,1.49,2.31,
1991-08-30,7.82,,,1.75,14.46,,1.46,2.33,
1991-09-02,,,,,,,,,
1991-09-03,7.81,,,1.76,16.57,,1.48,2.3,
1991-09-04,7.81,,,1.79,17.18,,1.5,2.32,
1991-09-05,7.83,,,1.78,17.31,,1.52,2.35,
1991-09-06,7.76,,,1.79,16.76,,1.5,2.31,
1991-09-09,7.73,,,1.81,17.73,,1.5,2.29,
1991-09-10,7.73,,,1.82,18.22,,1.52,2.33,
1991-09-11,7.74,,,1.84,17.96,,1.51,2.32,
1991-09-12,7.67,,,1.84,16.21,,1.47,2.29,
1991-09-13,7.66,,,1.85,17.88,,1.48,2.35,
1991-09-16,7.63,,,1.87,17.82,,1.46,2.29,
1991-09-17,7.62,,,1.88,17.68,,1.44,2.27,
1991-09-18,7.62,,,1.88,17.56,,1.44,2.28,
1991-09-19,7.61,,,1.9,17.56,,1.41,2.25,
1991-09-20,7.57,,,1.94,17.08,,1.39,2.22,
1991-09-23,7.55,,,1.92,16.38,,1.38,2.18,
1991-09-24,7.56,,,1.91,16.04,,1.45,2.23,
1991-09-25,7.58,,,1.9,15.68,,1.46,2.25,
1991-09-26,7.56,,,1.91,15.35,,1.51,2.28,
1991-09-27,7.49,,,1.96,16.31,,1.47,2.21,
1991-09-30,7.47,,,1.94,15.85,,1.48,2.21,
1991-10-01,7.45,,,1.97,14.81,,1.46,2.2,
1991-10-02,7.47,,,1.96,15.81,,1.48,2.23,
1991-10-03,7.47,,,1.96,17.04,,1.49,2.28,
1991-10-04,7.39,,,2.01,15.63,,1.48,2.22,
1991-10-07,7.4,,,1.99,18.58,,1.47,2.22,
1991-10-08,7.43,,,1.96,17.81,,1.54,2.26,
1991-10-09,7.51,,,1.96,18.54,,1.58,2.35,
1991-10-10,7.58,,,1.9,17.8,,1.6,2.4,
1991-10-11,7.49,,,1.94,17.6,,1.58,2.35,
1991-10-14,,,,,16.71,,,,
1991-10-15,7.46,,,1.95,16.22,,1.61,2.33,
1991-10-16,7.45,,,1.97,14.85,,1.59,2.33,
1991-10-17,7.55,,,1.96,16.32,,1.62,2.37,
1991-10-18,7.53,,,1.96,15.87,,1.58,2.35,
1991-10-21,7.62,,,1.96,16.66,,1.63,2.43,
1991-10-22,7.67,,,1.93,16.55,,1.65,2.46,
1991-10-23,7.69,,,1.95,16.26,,1.68,2.5,
1991-10-24,7.65,,,1.96,15.62,,1.72,2.53,
1991-10-25,7.68,,,1.93,15.75,,1.75,2.57,
1991-10-28,7.65,,,1.95,15.45,,1.77,2.56,
1991-10-29,7.51,,,1.99,15.55,,1.73,2.48,
1991-10-30,7.48,,,2.03,15.46,,1.75,2.5,
1991-10-31,7.47,,,2.02,15.48,,1.77,2.51,
1991-11-01,7.48,,,2.01,15.6,,1.83,2.59,
1991-11-04,7.5,,,2.0,16.35,,1.87,2.62,
1991-11-05,7.56,,,1.98,16.48,,1.86,2.66,
1991-11-06,7.51,,,2.0,16.47,,1.88,2.75,
1991-11-07,7.43,,,2.06,15.97,,1.81,2.67,
1991-11-08,7.41,,,2.04,15.43,,1.78,2.66,
1991-11-11,,,,,14.89,,,,
1991-11-12,7.37,,,2.03,14.04,,1.72,2.6,
1991-11-13,7.41,,,2.03,13.95,,1.76,2.65,
1991-11-14,7.35,,,2.05,13.96,,1.75,2.59,
1991-11-15,7.33,,,2.08,21.18,,1.79,2.61,
1991-11-18,7.33,,,2.07,18.28,,1.78,2.62,
1991-11-19,7.37,,,2.08,20.34,,1.87,2.71,
1991-11-20,7.38,,,2.05,20.4,,1.86,2.76,
1991-11-21,7.39,,,2.06,19.11,,1.89,2.83,
1991-11-22,7.44,,,2.01,21.2,,1.95,2.89,
1991-11-25,7.45,,,2.02,21.92,,1.95,2.9,
1991-11-26,7.42,,,2.04,19.8,,1.97,2.9,
1991-11-27,7.42,,,2.03,19.84,,1.99,2.91,
1991-11-28,,,,,,,,,
1991-11-29,7.38,,,2.06,20.26,,2.0,2.91,
1991-12-02,7.32,,,2.1,20.18,,1.99,2.81,
1991-12-03,7.28,,,2.12,19.7,,1.99,2.8,
1991-12-04,7.17,,,2.19,19.54,,1.95,2.74,
1991-12-05,7.21,,,2.14,20.19,,1.99,2.78,
1991-12-06,7.26,,,2.06,19.04,,2.07,2.9,
1991-12-09,7.22,,,2.1,19.74,,2.13,2.94,
1991-12-10,7.21,,,2.09,19.89,,2.14,2.89,
1991-12-11,7.22,,,2.1,20.57,,2.18,2.96,
1991-12-12,7.19,,,2.1,19.08,,2.13,2.93,
1991-12-13,7.22,,,2.07,17.88,,2.13,2.96,
1991-12-16,7.21,,,2.09,17.62,,2.15,2.96,
1991-12-17,7.18,,,2.11,18.12,,2.16,2.96,
1991-12-18,7.19,,,2.09,17.78,,2.08,2.96,
1991-12-19,7.11,,,2.13,17.96,,2.06,2.96,
1991-12-20,6.97,,,2.21,17.65,,2.17,3.13,
1991-12-23,6.88,,,2.27,16.61,,2.09,3.01,
1991-12-24,6.88,,,2.26,15.67,,2.04,2.97,
1991-12-25,,,,,,,,,
1991-12-26,6.85,,,2.27,15.44,,2.0,2.93,
1991-12-27,6.82,,,2.34,15.7,,1.97,2.86,
1991-12-30,6.76,,,2.35,17.63,,1.96,2.79,
1991-12-31,6.71,,,2.39,19.31,,1.94,2.75,
1992-01-01,,,,,,,,,
1992-01-02,6.78,,,2.33,18.95,,2.01,2.82,
1992-01-03,6.85,,,2.26,18.75,,2.05,2.9,
1992-01-06,6.82,,,2.27,18.96,,2.06,2.9,
1992-01-07,6.76,,,2.31,19.23,,2.09,2.91,
1992-01-08,6.77,,,2.28,18.72,,2.11,2.95,
1992-01-09,6.79,,,2.22,18.96,,2.02,2.92,
1992-01-10,6.85,,,2.19,18.45,,2.0,2.93,
1992-01-13,6.92,,,2.14,18.01,,1.99,3.0,
1992-01-14,7.03,,,2.05,17.01,,2.03,3.11,
1992-01-15,7.05,,,2.06,17.39,,1.98,3.11,
1992-01-16,7.13,,,2.03,17.64,,2.06,3.24,
1992-01-17,7.09,,,2.04,16.32,,2.07,3.2,
1992-01-20,,,,,16.42,,,,
1992-01-21,7.03,,,2.1,17.92,,2.06,3.17,
1992-01-22,7.09,,,2.06,16.75,,2.14,3.24,
1992-01-23,7.2,,,2.01,16.46,,2.18,3.33,
1992-01-24,7.25,,,1.97,16.24,,2.12,3.34,
1992-01-27,7.24,,,1.95,16.67,,2.09,3.31,
1992-01-28,7.16,,,2.01,17.67,,2.06,3.23,
1992-01-29,7.25,,,1.95,17.62,,2.1,3.29,
1992-01-30,7.31,,,1.92,17.49,,2.14,3.38,
1992-01-31,7.31,,,1.9,17.4,,2.2,3.37,
1992-02-03,7.36,,,1.88,18.2,,2.21,3.4,
1992-02-04,7.29,,,1.89,17.96,,2.17,3.35,
1992-02-05,7.21,,,1.95,18.22,,2.14,3.27,
1992-02-06,7.2,,,1.96,18.79,,2.15,3.29,
1992-02-07,7.2,,,1.96,18.51,,2.23,3.36,
1992-02-10,7.21,,,1.98,18.56,,2.27,3.38,
1992-02-11,7.23,,,1.96,17.7,,2.22,3.38,
1992-02-12,7.3,,,1.88,17.37,,2.22,3.45,
1992-02-13,7.4,,,1.83,17.45,,2.18,3.51,
1992-02-14,7.41,,,1.86,17.03,,2.14,3.52,
1992-02-17,,,,,,,,,
1992-02-18,7.47,,,1.84,18.22,,2.23,3.54,
1992-02-19,7.42,,,1.87,17.16,,2.14,3.47,
1992-02-20,7.41,,,1.87,16.72,,2.11,3.43,
1992-02-21,7.45,,,1.84,16.87,,1.99,3.42,
1992-02-24,7.47,,,1.83,17.13,,2.01,3.4,
1992-02-25,7.44,,,1.83,16.35,,2.01,3.37,
1992-02-26,7.33,,,1.9,16.64,,1.96,3.28,
1992-02-27,7.35,,,1.85,16.51,,2.01,3.31,
1992-02-28,7.27,,,1.9,16.68,,2.0,3.24,
1992-03-02,7.38,,,1.83,16.88,,1.93,3.24,
1992-03-03,7.43,,,1.78,17.26,,1.95,3.29,
1992-03-04,7.43,,,1.77,17.89,,1.93,3.3,
1992-03-05,7.51,,,1.71,18.47,,1.89,3.37,
1992-03-06,7.48,,,1.72,19.75,,1.88,3.34,
1992-03-09,7.42,,,1.76,19.68,,1.88,3.32,
1992-03-10,7.43,,,1.73,18.68,,1.87,3.32,
1992-03-11,7.51,,,1.71,19.79,,1.93,3.4,
1992-03-12,7.62,,,1.66,19.72,,1.88,3.5,
1992-03-13,7.71,,,1.61,18.35,,1.85,3.55,
1992-03-16,7.69,,,1.65,18.46,,1.82,3.51,
1992-03-17,7.62,,,1.69,16.79,,1.79,3.46,
1992-03-18,7.62,,,1.69,16.69,,1.78,3.47,
1992-03-19,7.57,,,1.71,16.52,,1.78,3.42,
1992-03-20,7.64,,,1.67,16.82,,1.78,3.48,
1992-03-23,7.62,,,1.68,16.73,,1.75,3.45,
1992-03-24,7.53,,,1.71,16.32,,1.75,3.38,
1992-03-25,7.53,,,1.71,16.19,,1.81,3.42,
1992-03-26,7.57,,,1.7,16.29,,1.88,3.46,
1992-03-27,7.54,,,1.67,16.02,,1.86,3.43,
1992-03-30,7.54,,,1.68,15.97,,1.93,3.38,
1992-03-31,7.54,,,1.7,16.18,,1.94,3.39,
1992-04-01,7.46,,,1.75,16.48,,1.93,3.35,
1992-04-02,7.47,,,1.74,17.06,,1.92,3.35,
1992-04-03,7.42,,,1.77,16.72,,2.05,3.36,
1992-04-06,7.41,,,1.79,16.72,,2.05,3.38,
1992-04-07,7.41,,,1.78,18.81,,2.07,3.45,
1992-04-08,7.44,,,1.77,20.15,,2.11,3.48,
1992-04-09,7.35,,,1.83,17.89,,2.26,3.6,
1992-04-10,7.37,,,1.8,16.85,,2.21,3.63,
1992-04-13,7.33,,,1.82,16.99,,2.22,3.63,
1992-04-14,7.35,,,1.81,15.98,,2.2,3.65,
1992-04-15,7.37,,,1.78,15.15,,2.15,3.67,
1992-04-16,7.45,,,1.73,14.85,,2.11,3.72,
1992-04-17,,,,,,,,,
1992-04-20,7.59,,,1.64,15.93,,2.14,3.8,
1992-04-21,7.58,,,1.67,16.53,,2.17,3.81,
1992-04-22,7.57,,,1.67,15.96,,2.16,3.8,
1992-04-23,7.59,,,1.67,15.83,,2.18,3.83,
1992-04-24,7.55,,,1.69,15.71,,2.22,3.79,
1992-04-27,7.6,,,1.64,16.49,,2.18,3.78,
1992-04-28,7.57,,,1.67,16.24,,2.17,3.77,
1992-04-29,7.6,,,1.65,15.95,,2.21,3.8,
1992-04-30,7.61,,,1.63,15.53,,2.15,3.82,
1992-05-01,7.56,,,1.64,16.61,,2.23,3.84,
1992-05-04,7.58,,,1.64,16.92,,2.26,3.87,
1992-05-05,7.56,,,1.66,16.66,,2.26,3.84,
1992-05-06,7.46,,,1.74,16.81,,2.21,3.76,
1992-05-07,7.49,,,1.71,16.54,,2.15,3.78,
1992-05-08,7.41,,,1.74,15.65,,2.12,3.69,
1992-05-11,7.4,,,1.74,15.17,,2.16,3.66,
1992-05-12,7.36,,,1.77,15.68,,2.17,3.66,
1992-05-13,7.34,,,1.78,15.19,,2.2,3.67,
1992-05-14,7.34,,,1.78,15.49,,2.21,3.69,
1992-05-15,7.28,,,1.8,14.82,,2.17,3.62,
1992-05-18,7.28,,,1.8,14.62,,2.16,3.59,
1992-05-19,7.2,,,1.85,13.57,,2.2,3.58,
1992-05-20,7.25,,,1.82,13.62,,2.12,3.6,
1992-05-21,7.39,,,1.71,13.92,,2.05,3.63,
1992-05-22,7.35,,,1.72,13.73,,2.11,3.58,
1992-05-25,,,,,,,,,
1992-05-26,7.46,,,1.66,14.92,,2.11,3.62,
1992-05-27,7.44,,,1.68,13.99,,2.16,3.65,
1992-05-28,7.36,,,1.74,13.77,,2.14,3.59,
1992-05-29,7.33,,,1.77,13.86,,2.14,3.54,
1992-06-01,7.39,,,1.71,14.43,,2.1,3.57,
1992-06-02,7.35,,,1.74,14.57,,2.12,3.52,
1992-06-03,7.34,,,1.76,14.35,,2.14,3.54,
1992-06-04,7.34,,,1.75,13.66,,2.12,3.56,
1992-06-05,7.31,,,1.77,14.65,,2.18,3.54,
1992-06-08,7.31,,,1.77,15.19,,2.2,3.53,
1992-06-09,7.33,,,1.76,15.97,,2.22,3.56,
1992-06-10,7.35,,,1.75,16.62,,2.22,3.58,
1992-06-11,7.33,,,1.73,16.29,,2.24,3.58,
1992-06-12,7.29,,,1.76,14.95,,2.23,3.54,
1992-06-15,7.28,,,1.77,14.76,,2.23,3.53,
1992-06-16,7.24,,,1.78,15.22,,2.22,3.52,
1992-06-17,7.23,,,1.78,18.08,,2.23,3.53,
1992-06-18,7.19,,,1.81,18.2,,2.25,3.5,
1992-06-19,7.24,,,1.8,16.31,,2.24,3.5,
1992-06-22,7.24,,,1.8,16.66,,2.25,3.49,
1992-06-23,7.25,,,1.79,14.53,,2.15,3.48,
1992-06-24,7.2,,,1.82,14.4,,2.24,3.48,
1992-06-25,7.14,,,1.86,14.4,,2.25,3.43,
1992-06-26,7.15,,,1.85,14.67,,2.27,3.44,
1992-06-29,7.12,,,1.88,13.21,,2.29,3.46,
1992-06-30,7.14,,,1.86,13.35,,2.31,3.49,
1992-07-01,7.1,,,1.9,13.34,,2.28,3.47,
1992-07-02,6.93,,,1.99,13.88,,2.38,3.62,
1992-07-03,,,,,,,,,
1992-07-06,6.9,,,2.0,14.87,,2.44,3.61,
1992-07-07,6.87,,,2.02,15.83,,2.47,3.59,
1992-07-08,6.91,,,1.98,15.53,,2.51,3.62,
1992-07-09,6.91,,,1.98,14.6,,2.51,3.63,
1992-07-10,6.93,,,1.95,13.7,,2.55,3.64,
1992-07-13,6.97,,,1.92,14.01,,2.57,3.68,
1992-07-14,6.97,,,1.93,13.5,,2.65,3.69,
1992-07-15,6.9,,,1.96,12.52,,2.65,3.65,
1992-07-16,6.87,,,1.98,12.27,,2.62,3.63,
1992-07-17,6.9,,,1.97,12.6,,2.63,3.67,
1992-07-20,6.9,,,1.96,12.66,,2.6,3.64,
1992-07-21,6.89,,,1.96,12.6,,2.55,3.63,
1992-07-22,6.85,,,1.99,13.57,,2.56,3.61,
1992-07-23,6.72,,,2.06,13.33,,2.52,3.49,
1992-07-24,6.73,,,2.06,13.37,,2.48,3.5,
1992-07-27,6.69,,,2.07,13.9,,2.42,3.43,
1992-07-28,6.63,,,2.07,13.05,,2.36,3.37,
1992-07-29,6.6,,,2.09,13.44,,2.35,3.35,
1992-07-30,6.69,,,2.02,13.5,,2.36,3.44,
1992-07-31,6.72,,,1.97,13.17,,2.3,3.47,
1992-08-03,6.72,,,1.98,13.83,,2.32,3.47,
1992-08-04,6.66,,,2.02,13.58,,2.35,3.42,
1992-08-05,6.64,,,2.03,13.82,,2.35,3.4,
1992-08-06,6.65,,,2.05,14.23,,2.36,3.42,
1992-08-07,6.57,,,2.07,13.94,,2.39,3.36,
1992-08-10,6.52,,,2.11,14.51,,2.4,3.32,
1992-08-11,6.5,,,2.11,15.09,,2.35,3.3,
1992-08-12,6.48,,,2.13,14.88,,2.29,3.29,
1992-08-13,6.55,,,2.1,15.34,,2.36,3.39,
1992-08-14,6.53,,,2.07,14.66,,2.39,3.4,
1992-08-17,6.56,,,2.06,14.61,,2.43,3.4,
1992-08-18,6.48,,,2.13,13.84,,2.44,3.34,
1992-08-19,6.47,,,2.14,14.35,,2.41,3.32,
1992-08-20,6.46,,,2.14,14.48,,2.42,3.31,
1992-08-21,6.53,,,2.11,15.01,,2.4,3.39,
1992-08-24,6.68,,,2.01,16.19,,2.41,3.45,
1992-08-25,6.73,,,1.99,15.62,,2.41,3.49,
1992-08-26,6.68,,,2.01,14.5,,2.42,3.45,
1992-08-27,6.64,,,2.03,13.66,,2.41,3.41,
1992-08-28,6.63,,,2.06,13.14,,2.47,3.4,
1992-08-31,6.62,,,2.06,13.58,,2.47,3.39,
1992-09-01,6.56,,,2.11,13.4,,2.44,3.34,
1992-09-02,6.54,,,2.12,12.73,,2.44,3.33,
1992-09-03,6.54,,,2.09,12.88,,2.45,3.33,
1992-09-04,6.4,,,2.16,12.98,,2.51,3.42,
1992-09-07,,,,,,,,,
1992-09-08,6.29,,,2.25,13.65,,2.46,3.33,
1992-09-09,6.31,,,2.22,13.36,,2.46,3.34,
1992-09-10,6.31,,,2.23,12.92,,2.48,3.34,
1992-09-11,6.37,,,2.17,12.47,,2.5,3.39,
1992-09-14,6.32,,,2.21,13.0,,2.52,3.37,
1992-09-15,6.4,,,2.17,13.63,,2.51,3.42,
1992-09-16,6.41,,,2.17,14.72,,2.54,3.45,
1992-09-17,6.4,,,2.19,14.31,,2.54,3.46,
1992-09-18,6.41,,,2.2,13.74,,2.55,3.47,
1992-09-21,6.42,,,2.21,13.45,,2.51,3.45,
1992-09-22,6.5,,,2.2,13.88,,2.52,3.52,
1992-09-23,6.54,,,2.18,13.83,,2.57,3.56,
1992-09-24,6.48,,,2.23,13.44,,2.57,3.53,
1992-09-25,6.41,,,2.27,14.8,,2.63,3.55,
1992-09-28,6.37,,,2.28,15.19,,2.6,3.58,
1992-09-29,6.37,,,2.28,14.97,,2.57,3.58,
1992-09-30,6.37,,,2.29,14.28,,2.57,3.62,
1992-10-01,6.23,,,2.39,16.31,,2.56,3.56,
1992-10-02,6.26,,,2.38,17.79,,2.55,3.57,
1992-10-05,6.24,,,2.4,20.01,,2.56,3.49,
1992-10-06,6.3,,,2.38,19.95,,2.56,3.51,
1992-10-07,6.46,,,2.28,21.02,,2.58,3.57,
1992-10-08,6.41,,,2.32,19.26,,2.58,3.56,
1992-10-09,6.52,,,2.27,20.51,,2.52,3.63,
1992-10-12,,,,,19.49,,,,
1992-10-13,6.51,,,2.33,17.9,,2.52,3.56,
1992-10-14,6.51,,,2.31,18.42,,2.49,3.52,
1992-10-15,6.53,,,2.3,17.11,,2.51,3.55,
1992-10-16,6.6,,,2.26,17.01,,2.56,3.63,
1992-10-19,6.69,,,2.21,17.31,,2.54,3.65,
1992-10-20,6.86,,,2.12,16.87,,2.52,3.77,
1992-10-21,6.8,,,2.14,16.62,,2.51,3.81,
1992-10-22,6.74,,,2.19,15.84,,2.5,3.76,
1992-10-23,6.83,,,2.09,16.46,,2.46,3.83,
1992-10-26,6.83,,,2.14,16.32,,2.44,3.81,
1992-10-27,6.78,,,2.16,16.24,,2.46,3.78,
1992-10-28,6.76,,,2.19,15.95,,2.43,3.76,
1992-10-29,6.71,,,2.22,15.47,,2.38,3.69,
1992-10-30,6.8,,,2.19,16.15,,2.4,3.77,
1992-11-02,6.88,,,2.14,16.67,,2.41,3.8,
1992-11-03,6.87,,,2.14,17.33,,2.43,3.77,
1992-11-04,6.89,,,2.11,16.28,,2.45,3.8,
1992-11-05,6.87,,,2.15,15.38,,2.48,3.79,
1992-11-06,6.97,,,2.1,14.69,,2.49,3.84,
1992-11-09,7.0,,,2.06,14.23,,2.43,3.83,
1992-11-10,6.91,,,2.11,14.37,,2.41,3.76,
1992-11-11,,,,,13.99,,,,
1992-11-12,6.79,,,2.16,14.37,,2.35,3.66,
1992-11-13,6.82,,,2.12,14.61,,2.28,3.67,
1992-11-16,6.9,,,2.04,14.86,,2.22,3.68,
1992-11-17,6.86,,,2.04,15.01,,2.19,3.62,
1992-11-18,6.78,,,2.11,14.55,,2.2,3.56,
1992-11-19,6.81,,,2.1,14.33,,2.22,3.59,
1992-11-20,6.84,,,2.05,13.67,,2.18,3.56,
1992-11-23,6.86,,,2.04,13.4,,2.17,3.52,
1992-11-24,6.82,,,2.07,12.66,,2.21,3.53,
1992-11-25,6.84,,,2.07,12.5,,2.14,3.53,
1992-11-26,,,,,,,,,
1992-11-27,6.93,,,2.0,12.58,,2.16,3.6,
1992-11-30,6.95,,,2.0,13.01,,2.16,3.57,
1992-12-01,6.94,,,1.99,12.8,,2.13,3.54,
1992-12-02,6.93,,,2.0,12.56,,2.12,3.51,
1992-12-03,6.91,,,2.01,12.03,,2.13,3.54,
1992-12-04,6.84,,,2.03,11.81,,2.14,3.52,
1992-12-07,6.78,,,2.05,12.0,,2.16,3.43,
1992-12-08,6.73,,,2.09,11.73,,2.14,3.4,
1992-12-09,6.76,,,2.06,12.58,,2.15,3.46,
1992-12-10,6.77,,,2.04,12.75,,2.1,3.48,
1992-12-11,6.8,,,2.01,12.34,,2.02,3.48,
1992-12-14,6.83,,,2.0,12.66,,2.03,3.5,
1992-12-15,6.83,,,2.0,12.41,,2.06,3.54,
1992-12-16,6.77,,,2.04,12.58,,2.1,3.49,
1992-12-17,6.77,,,2.03,12.14,,2.08,3.5,
1992-12-18,6.76,,,2.05,11.66,,2.1,3.53,
1992-12-21,6.71,,,2.06,11.65,,2.07,3.46,
1992-12-22,6.65,,,2.1,11.75,,2.01,3.38,
1992-12-23,6.68,,,2.07,11.51,,2.05,3.43,
1992-12-24,6.69,,,2.05,11.57,,2.09,3.46,
1992-12-25,,,,,,,,,
1992-12-28,6.72,,,2.04,12.22,,2.08,3.42,
1992-12-29,6.69,,,2.05,12.29,,2.08,3.42,
1992-12-30,6.68,,,2.06,12.6,,2.14,3.49,
1992-12-31,6.7,,,2.06,12.57,,2.14,3.55,
1993-01-01,,,,,,,,,
1993-01-04,6.6,,,2.09,13.36,,2.12,3.41,
1993-01-05,6.61,,,2.1,13.35,,2.13,3.43,
1993-01-06,6.63,,,2.09,13.37,,2.11,3.46,
1993-01-07,6.76,,,2.02,14.72,,2.12,3.57,
1993-01-08,6.75,,,2.04,13.77,,2.25,3.62,
1993-01-11,6.71,,,2.05,12.86,,2.23,3.59,
1993-01-12,6.72,,,2.06,12.78,,2.24,3.63,
1993-01-13,6.71,,,2.04,12.42,,2.25,3.65,
1993-01-14,6.65,,,2.06,11.99,,2.25,3.61,
1993-01-15,6.6,,,2.06,11.57,,2.29,3.6,
1993-01-18,,,,,11.49,,,,
1993-01-19,6.59,,,2.04,12.06,,2.2,3.49,
1993-01-20,6.61,,,2.05,12.15,,2.2,3.53,
1993-01-21,6.6,,,2.04,11.69,,2.24,3.55,
1993-01-22,6.57,,,2.06,11.3,,2.27,3.54,
1993-01-25,6.48,,,2.08,11.38,,2.22,3.46,
1993-01-26,6.5,,,2.08,11.45,,2.2,3.49,
1993-01-27,6.48,,,2.09,12.01,,2.24,3.51,
1993-01-28,6.44,,,2.1,12.04,,2.24,3.48,
1993-01-29,6.39,,,2.11,12.42,,2.19,3.43,
1993-02-01,6.38,,,2.13,12.33,,2.19,3.37,
1993-02-02,6.46,,,2.07,12.25,,2.21,3.44,
1993-02-03,6.45,,,2.05,12.12,,2.18,3.46,
1993-02-04,6.39,,,2.09,12.29,,2.2,3.43,
1993-02-05,6.32,,,2.14,12.9,,2.25,3.36,
1993-02-08,6.37,,,2.12,13.22,,2.21,3.37,
1993-02-09,6.41,,,2.08,13.48,,2.21,3.42,
1993-02-10,6.4,,,2.12,13.43,,2.13,3.4,
1993-02-11,6.37,,,2.13,12.69,,2.17,3.39,
1993-02-12,6.35,,,2.09,12.38,,2.15,3.36,
1993-02-15,,,,,,,,,
1993-02-16,6.34,,,2.1,15.76,,2.2,3.34,
1993-02-17,6.28,,,2.13,15.9,,2.22,3.31,
1993-02-18,6.17,,,2.15,15.56,,2.22,3.22,
1993-02-19,6.15,,,2.16,15.02,,2.16,3.16,
1993-02-22,6.09,,,2.17,14.7,,2.1,3.08,
1993-02-23,5.92,,,2.25,15.04,,2.02,2.92,
1993-02-24,6.01,,,2.19,14.72,,2.04,2.99,
1993-02-25,6.03,,,2.19,13.76,,2.08,3.02,
1993-02-26,6.03,,,2.2,13.16,,2.11,3.02,
1993-03-01,5.94,,,2.23,13.6,,2.06,2.91,
1993-03-02,5.95,,,2.21,12.49,,2.07,2.92,
1993-03-03,5.88,,,2.23,13.13,,2.07,2.88,
1993-03-04,5.83,,,2.24,13.44,,2.08,2.86,
1993-03-05,5.9,,,2.2,14.08,,1.99,2.83,
1993-03-08,5.85,,,2.21,16.22,,1.88,2.8,
1993-03-09,5.91,,,2.19,14.17,,1.89,2.86,
1993-03-10,5.97,,,2.12,13.91,,1.92,2.93,
1993-03-11,5.96,,,2.16,14.26,,1.95,2.93,
1993-03-12,6.11,,,2.09,15.66,,2.0,3.07,
1993-03-15,6.17,,,2.06,14.74,,2.07,3.11,
1993-03-16,6.06,,,2.15,14.51,,2.04,3.02,
1993-03-17,6.02,,,2.13,14.53,,2.04,2.98,
1993-03-18,5.93,,,2.17,14.17,,2.02,2.92,
1993-03-19,5.95,,,2.18,13.23,,2.0,2.92,
1993-03-22,5.96,,,2.15,13.66,,2.04,2.97,
1993-03-23,5.91,,,2.19,13.02,,2.03,2.93,
1993-03-24,5.95,,,2.18,12.44,,2.02,2.97,
1993-03-25,5.98,,,2.18,12.08,,2.06,3.01,
1993-03-26,6.09,,,2.14,12.21,,2.07,3.09,
1993-03-29,6.06,,,2.15,12.63,,2.11,3.06,
1993-03-30,6.02,,,2.18,12.23,,2.11,3.05,
1993-03-31,6.03,,,2.18,12.53,,2.07,3.08,
1993-04-01,6.06,,,2.18,13.02,,2.12,3.1,
1993-04-02,6.16,,,2.15,14.5,,2.17,3.19,
1993-04-05,6.13,,,2.17,14.12,,2.17,3.16,
1993-04-06,6.08,,,2.19,14.24,,2.15,3.1,
1993-04-07,6.07,,,2.17,13.64,,2.14,3.09,
1993-04-08,5.97,,,2.21,12.83,,2.12,3.01,
1993-04-09,,,,,,,,,
1993-04-12,5.92,,,2.2,11.93,,2.1,2.98,
1993-04-13,5.93,,,2.16,11.7,,2.11,3.02,
1993-04-14,5.9,,,2.16,11.76,,2.12,3.02,
1993-04-15,5.88,,,2.17,10.96,,2.09,2.98,
1993-04-16,5.89,,,2.16,11.29,,2.09,2.99,
1993-04-19,5.87,,,2.17,12.06,,2.09,3.0,
1993-04-20,5.87,,,2.18,11.94,,2.09,3.02,
1993-04-21,5.86,,,2.19,12.11,,2.09,3.0,
1993-04-22,5.85,,,2.2,12.68,,2.1,2.97,
1993-04-23,5.89,,,2.19,13.36,,2.14,2.99,
1993-04-26,5.94,,,2.17,15.25,,2.15,2.99,
1993-04-27,6.02,,,2.14,13.93,,2.14,3.05,
1993-04-28,6.03,,,2.15,13.12,,2.17,3.05,
1993-04-29,5.99,,,2.16,12.8,,2.2,3.03,
1993-04-30,6.05,,,2.12,12.42,,2.22,3.08,
1993-05-03,5.96,,,2.2,12.9,,2.21,3.03,
1993-05-04,5.92,,,2.2,12.14,,2.17,2.99,
1993-05-05,5.93,,,2.18,12.38,,2.13,2.98,
1993-05-06,5.89,,,2.22,13.22,,2.09,2.97,
1993-05-07,5.92,,,2.22,13.01,,2.13,2.99,
1993-05-10,5.89,,,2.24,13.72,,2.1,2.94,
1993-05-11,5.89,,,2.24,13.35,,2.1,2.94,
1993-05-12,5.96,,,2.21,13.56,,2.14,3.0,
1993-05-13,6.02,,,2.22,14.76,,2.11,3.03,
1993-05-14,6.03,,,2.2,14.39,,2.06,3.0,
1993-05-17,6.07,,,2.18,14.13,,2.02,2.99,
1993-05-18,6.15,,,2.15,14.19,,2.07,3.07,
1993-05-19,6.11,,,2.17,14.29,,2.08,3.08,
1993-05-20,6.09,,,2.18,13.98,,2.06,3.06,
1993-05-21,6.16,,,2.15,14.51,,2.02,3.09,
1993-05-24,6.16,,,2.14,14.1,,1.97,3.01,
1993-05-25,6.17,,,2.13,14.04,,1.98,3.03,
1993-05-26,6.12,,,2.12,12.88,,1.92,3.0,
1993-05-27,6.11,,,2.12,13.1,,1.89,2.98,
1993-05-28,6.16,,,2.1,13.47,,1.92,3.03,
1993-05-31,,,,,,,,,
1993-06-01,6.07,,,2.1,13.67,,1.91,2.93,
1993-06-02,6.06,,,2.1,13.48,,1.88,2.92,
1993-06-03,6.02,,,2.12,13.54,,1.88,2.92,
1993-06-04,6.11,,,2.07,12.86,,1.8,2.93,
1993-06-07,6.08,,,2.06,14.07,,1.78,2.88,
1993-06-08,6.09,,,2.07,14.74,,1.76,2.89,
1993-06-09,6.07,,,2.07,13.96,,1.78,2.89,
1993-06-10,6.07,,,2.06,13.31,,1.78,2.89,
1993-06-11,5.97,,,2.1,12.71,,1.82,2.85,
1993-06-14,5.97,,,2.1,12.33,,1.84,2.84,
1993-06-15,5.96,,,2.1,11.99,,1.85,2.84,
1993-06-16,5.96,,,2.1,11.87,,1.87,2.85,
1993-06-17,5.93,,,2.13,11.66,,1.85,2.83,
1993-06-18,5.97,,,2.08,12.24,,1.81,2.84,
1993-06-21,5.92,,,2.11,12.25,,1.76,2.75,
1993-06-22,5.91,,,2.12,11.65,,1.76,2.75,
1993-06-23,5.91,,,2.11,12.04,,1.71,2.72,
1993-06-24,5.88,,,2.13,12.25,,1.73,2.71,
1993-06-25,5.84,,,2.14,11.25,,1.74,2.69,
1993-06-28,5.8,,,2.16,11.11,,1.74,2.69,
1993-06-29,5.79,,,2.16,11.29,,1.76,2.69,
1993-06-30,5.8,,,2.16,11.26,,1.77,2.7,
1993-07-01,5.8,,,2.16,11.51,,1.81,2.74,
1993-07-02,5.76,,,2.19,11.33,,1.83,2.74,
1993-07-05,,,,,,,,,
1993-07-06,5.8,,,2.17,13.87,,1.8,2.68,
1993-07-07,5.8,,,2.17,13.05,,1.8,2.69,
1993-07-08,5.78,,,2.17,12.24,,1.78,2.69,
1993-07-09,5.76,,,2.17,10.8,,1.78,2.67,
1993-07-12,5.75,,,2.17,10.85,,1.76,2.65,
1993-07-13,5.78,,,2.14,11.02,,1.74,2.67,
1993-07-14,5.72,,,2.17,10.78,,1.75,2.64,
1993-07-15,5.72,,,2.16,10.6,,1.73,2.64,
1993-07-16,5.71,,,2.16,10.96,,1.72,2.63,
1993-07-19,5.71,,,2.17,11.46,,1.72,2.59,
1993-07-20,5.75,,,2.14,11.05,,1.66,2.62,
1993-07-21,5.83,,,2.11,11.97,,1.68,2.69,
1993-07-22,5.9,,,2.06,11.69,,1.68,2.74,
1993-07-23,5.95,,,2.05,11.32,,1.7,2.79,
1993-07-26,5.93,,,2.06,11.32,,1.71,2.76,
1993-07-27,5.92,,,2.06,11.34,,1.67,2.75,
1993-07-28,5.9,,,2.06,11.37,,1.69,2.75,
1993-07-29,5.81,,,2.1,11.25,,1.69,2.72,
1993-07-30,5.83,,,2.05,11.73,,1.7,2.73,
1993-08-02,5.85,,,2.03,11.47,,1.66,2.68,
1993-08-03,5.83,,,2.0,11.49,,1.66,2.68,
1993-08-04,5.87,,,1.96,11.71,,1.71,2.72,
1993-08-05,5.86,,,1.93,12.03,,1.74,2.74,
1993-08-06,5.86,,,1.93,12.33,,1.77,2.75,
1993-08-09,5.82,,,1.92,12.39,,1.76,2.71,
1993-08-10,5.82,,,1.9,12.31,,1.72,2.72,
1993-08-11,5.75,,,1.94,12.07,,1.65,2.66,
1993-08-12,5.77,,,1.89,12.38,,1.71,2.69,
1993-08-13,5.72,,,1.9,12.19,,1.72,2.63,
1993-08-16,5.68,,,1.9,12.01,,1.7,2.58,
1993-08-17,5.7,,,1.88,11.59,,1.68,2.62,
1993-08-18,5.69,,,1.84,11.52,,1.71,2.64,
1993-08-19,5.64,,,1.85,11.63,,1.71,2.59,
1993-08-20,5.61,,,1.87,11.62,,1.68,2.55,
1993-08-23,5.6,,,1.89,12.15,,1.63,2.52,
1993-08-24,5.54,,,1.92,11.8,,1.65,2.49,
1993-08-25,5.51,,,1.91,12.1,,1.66,2.47,
1993-08-26,5.42,,,1.95,12.14,,1.6,2.36,
1993-08-27,5.48,,,1.92,11.91,,1.61,2.39,
1993-08-30,5.44,,,1.94,11.74,,1.58,2.36,
1993-08-31,5.45,,,1.91,11.85,,1.57,2.37,
1993-09-01,5.46,,,1.89,11.48,,1.58,2.38,
1993-09-02,5.41,,,1.92,11.87,,1.58,2.36,
1993-09-03,5.31,,,1.95,11.16,,1.6,2.31,
1993-09-06,,,,,,,,,
1993-09-07,5.23,,,2.0,12.9,,1.53,2.22,
1993-09-08,5.23,,,1.97,13.24,,1.45,2.21,
1993-09-09,5.35,,,1.97,12.67,,1.47,2.31,
1993-09-10,5.29,,,1.99,11.7,,1.49,2.27,
1993-09-13,5.26,,,2.01,12.16,,1.44,2.22,
1993-09-14,5.37,,,1.94,13.15,,1.46,2.32,
1993-09-15,5.39,,,1.92,12.7,,1.5,2.37,
1993-09-16,5.37,,,2.0,13.36,,1.49,2.36,
1993-09-17,5.38,,,2.0,13.39,,1.49,2.37,
1993-09-20,5.42,,,2.01,14.6,,1.5,2.42,
1993-09-21,5.47,,,1.98,17.3,,1.57,2.49,
1993-09-22,5.45,,,1.99,13.75,,1.55,2.47,
1993-09-23,5.42,,,2.0,13.36,,1.55,2.43,
1993-09-24,5.42,,,2.0,12.47,,1.52,2.43,
1993-09-27,5.3,,,2.03,12.49,,1.49,2.34,
1993-09-28,5.28,,,2.04,12.19,,1.49,2.32,
1993-09-29,5.35,,,2.01,12.63,,1.51,2.36,
1993-09-30,5.4,,,2.0,12.99,,1.51,2.42,
1993-10-01,5.34,,,2.02,11.83,,1.5,2.36,
1993-10-04,5.34,,,2.03,12.85,,1.49,2.32,
1993-10-05,5.35,,,2.01,12.97,,1.49,2.29,
1993-10-06,5.35,,,2.02,12.68,,1.5,2.31,
1993-10-07,5.33,,,2.04,13.14,,1.5,2.28,
1993-10-08,5.26,,,2.03,12.04,,1.48,2.21,
1993-10-11,,,,,12.26,,,,
1993-10-12,5.27,,,2.0,12.41,,1.45,2.15,
1993-10-13,5.27,,,2.02,11.38,,1.43,2.17,
1993-10-14,5.23,,,2.01,11.0,,1.41,2.15,
1993-10-15,5.19,,,1.99,10.87,,1.38,2.11,
1993-10-18,5.27,,,1.96,11.33,,1.43,2.14,
1993-10-19,5.27,,,1.96,11.61,,1.41,2.14,
1993-10-20,5.26,,,1.95,11.32,,1.4,2.15,
1993-10-21,5.35,,,1.93,11.2,,1.46,2.23,
1993-10-22,5.42,,,1.91,11.48,,1.51,2.31,
1993-10-25,5.47,,,1.9,11.83,,1.52,2.33,
1993-10-26,5.43,,,1.93,11.83,,1.5,2.27,
1993-10-27,5.44,,,1.95,12.01,,1.45,2.29,
1993-10-28,5.41,,,1.98,11.88,,1.44,2.3,
1993-10-29,5.43,,,1.96,11.46,,1.44,2.33,
1993-11-01,5.56,,,1.88,11.78,,1.45,2.38,
1993-11-02,5.63,,,1.88,11.74,,1.47,2.44,
1993-11-03,5.67,,,1.9,13.26,,1.54,2.51,
1993-11-04,5.67,,,1.97,14.68,,1.54,2.52,
1993-11-05,5.75,,,1.93,14.97,,1.55,2.62,
1993-11-08,5.7,,,1.96,14.31,,1.57,2.53,
1993-11-09,5.64,,,1.97,13.94,,1.52,2.46,
1993-11-10,5.72,,,1.94,13.72,,1.55,2.53,
1993-11-11,,,,,13.88,,,,
1993-11-12,5.66,,,1.98,13.33,,1.55,2.48,
1993-11-15,5.69,,,1.97,14.46,,1.58,2.51,
1993-11-16,5.66,,,2.02,15.11,,1.56,2.5,
1993-11-17,5.65,,,2.0,15.57,,1.56,2.49,
1993-11-18,5.72,,,1.99,14.65,,1.57,2.54,
1993-11-19,5.84,,,1.92,15.03,,1.62,2.64,
1993-11-22,5.89,,,1.89,15.9,,1.63,2.68,
1993-11-23,5.82,,,1.9,14.27,,1.63,2.63,
1993-11-24,5.84,,,1.9,13.51,,1.66,2.65,
1993-11-25,,,,,,,,,
1993-11-26,5.78,,,1.93,13.77,,1.62,2.6,
1993-11-29,5.76,,,1.89,14.12,,1.59,2.56,
1993-11-30,5.83,,,1.91,13.76,,1.61,2.62,
1993-12-01,5.82,,,1.89,13.83,,1.62,2.63,
1993-12-02,5.81,,,1.88,13.51,,1.59,2.63,
1993-12-03,5.8,,,1.89,12.69,,1.56,2.62,
1993-12-06,5.72,,,1.9,12.84,,1.53,2.54,
1993-12-07,5.71,,,1.9,12.41,,1.54,2.55,
1993-12-08,5.71,,,1.9,12.46,,1.53,2.56,
1993-12-09,5.68,,,1.92,12.43,,1.5,2.55,
1993-12-10,5.73,,,1.89,12.6,,1.52,2.61,
1993-12-13,5.78,,,1.89,10.98,,1.55,2.66,
1993-12-14,5.82,,,1.89,11.13,,1.57,2.71,
1993-12-15,5.83,,,1.9,11.03,,1.61,2.73,
1993-12-16,5.84,,,1.9,10.9,,1.61,2.74,
1993-12-17,5.81,,,1.92,11.08,,1.61,2.72,
1993-12-20,5.83,,,1.9,10.75,,1.61,2.68,
1993-12-21,5.85,,,1.89,10.08,,1.59,2.71,
1993-12-22,5.74,,,1.94,9.31,,1.55,2.61,
1993-12-23,5.72,,,1.93,9.48,,1.54,2.59,
1993-12-24,,,,,,,,,
1993-12-27,5.72,,,1.94,9.7,,1.52,2.59,
1993-12-28,5.72,,,1.96,9.82,,1.52,2.59,
1993-12-29,5.74,,,1.94,10.46,,1.54,2.66,
1993-12-30,5.82,,,1.93,10.69,,1.57,2.78,
1993-12-31,5.83,,,1.94,11.66,,1.58,2.76,
1994-01-03,5.92,,,1.9,12.57,,1.62,2.76,
1994-01-04,5.88,,,1.89,11.91,,1.59,2.73,
1994-01-05,5.9,,,1.88,10.94,,1.59,2.76,
1994-01-06,5.84,,,1.89,11.27,,1.6,2.72,
1994-01-07,5.7,,,1.93,10.96,,1.61,2.63,
1994-01-10,5.67,,,1.94,10.74,,1.59,2.61,
1994-01-11,5.67,,,1.94,11.29,,1.59,2.63,
1994-01-12,5.6,,,1.95,11.65,,1.55,2.58,
1994-01-13,5.71,,,1.9,12.08,,1.58,2.7,
1994-01-14,5.78,,,1.89,11.15,,1.61,2.75,
1994-01-17,,,,,11.88,,,,
1994-01-18,5.74,,,1.9,11.63,,1.6,2.7,
1994-01-19,5.76,,,1.89,11.76,,1.64,2.73,
1994-01-20,5.71,,,1.91,11.16,,1.64,2.7,
1994-01-21,5.73,,,1.9,11.09,,1.64,2.72,
1994-01-24,5.74,,,1.89,11.6,,1.65,2.73,
1994-01-25,5.78,,,1.88,11.38,,1.67,2.79,
1994-01-26,5.77,,,1.89,11.17,,1.64,2.79,
1994-01-27,5.73,,,1.88,10.3,,1.62,2.75,
1994-01-28,5.68,,,1.86,9.94,,1.6,2.69,
1994-01-31,5.7,,,1.85,10.63,,1.58,2.65,
1994-02-01,5.77,,,1.84,10.65,,1.57,2.67,
1994-02-02,5.77,,,1.83,10.61,,1.57,2.64,
1994-02-03,5.81,,,1.82,10.75,,1.53,2.61,
1994-02-04,5.94,,,1.74,15.25,,1.52,2.64,
1994-02-07,5.96,,,1.74,13.96,,1.55,2.65,
1994-02-08,6.01,,,1.73,13.66,,1.57,2.69,
1994-02-09,5.92,,,1.81,13.3,,1.49,2.6,
1994-02-10,5.91,,,1.82,14.24,,1.46,2.58,
1994-02-11,5.88,,,1.82,14.46,,1.44,2.55,
1994-02-14,5.9,,,1.81,14.28,,1.46,2.56,
1994-02-15,5.88,,,1.84,13.4,,1.44,2.54,
1994-02-16,5.89,,,1.83,13.13,,1.45,2.55,
1994-02-17,6.0,,,1.79,13.79,,1.5,2.65,
1994-02-18,6.09,,,1.78,14.7,,1.52,2.73,
1994-02-21,,,,,,,,,
1994-02-22,6.05,,,1.8,13.52,,1.48,2.65,
1994-02-23,6.13,,,1.77,13.91,,1.46,2.67,
1994-02-24,6.22,,,1.74,15.96,,1.5,2.78,
1994-02-25,6.21,,,1.74,14.8,,1.49,2.77,
1994-02-28,6.15,,,1.77,14.87,,1.48,2.68,
1994-03-01,6.28,,,1.72,15.83,,1.47,2.7,
1994-03-02,6.3,,,1.71,16.08,,1.51,2.75,
1994-03-03,6.35,,,1.71,16.36,,1.52,2.79,
1994-03-04,6.38,,,1.7,16.0,,1.5,2.76,
1994-03-07,6.32,,,1.7,14.26,,1.45,2.71,
1994-03-08,6.38,,,1.67,16.23,,1.46,2.75,
1994-03-09,6.38,,,1.68,14.41,,1.42,2.77,
1994-03-10,6.48,,,1.67,16.55,,1.52,2.91,
1994-03-11,6.46,,,1.68,14.87,,1.51,2.88,
1994-03-14,6.5,,,1.65,16.61,,1.51,2.84,
1994-03-15,6.47,,,1.64,14.78,,1.48,2.81,
1994-03-16,6.4,,,1.66,14.51,,1.44,2.79,
1994-03-17,6.4,,,1.65,12.76,,1.46,2.85,
1994-03-18,6.49,,,1.63,13.32,,1.46,2.92,
1994-03-21,6.55,,,1.64,14.34,,1.46,2.85,
1994-03-22,6.44,,,1.64,13.39,,1.41,2.84,
1994-03-23,6.44,,,1.64,12.31,,1.44,2.9,
1994-03-24,6.58,,,1.6,13.43,,1.5,3.05,
1994-03-25,6.61,,,1.59,13.67,,1.51,3.04,
1994-03-28,6.63,,,1.59,14.9,,1.51,3.06,
1994-03-29,6.71,,,1.57,16.49,,1.52,3.12,
1994-03-30,6.78,,,1.54,18.59,,1.59,3.21,
1994-03-31,6.77,,,1.59,20.45,,1.56,3.21,
1994-04-01,,,,,,,,,
1994-04-04,7.16,,,1.52,23.87,,1.59,3.34,
1994-04-05,6.97,,,1.58,18.13,,1.52,3.22,
1994-04-06,6.93,,,1.6,17.38,,1.53,3.26,
1994-04-07,6.86,,,1.63,16.98,,1.49,3.25,
1994-04-08,6.94,,,1.59,16.92,,1.51,3.29,
1994-04-11,6.92,,,1.59,16.61,,1.49,3.24,
1994-04-12,6.87,,,1.59,16.42,,1.47,3.23,
1994-04-13,6.93,,,1.58,17.02,,1.5,3.29,
1994-04-14,6.97,,,1.56,16.27,,1.48,3.31,
1994-04-15,6.97,,,1.57,15.98,,1.46,3.29,
1994-04-18,7.14,,,1.51,17.22,,1.44,3.3,
1994-04-19,7.1,,,1.51,16.93,,1.4,3.27,
1994-04-20,7.05,,,1.53,17.01,,1.38,3.22,
1994-04-21,6.91,,,1.55,14.93,,1.32,3.08,
1994-04-22,6.93,,,1.53,14.94,,1.31,3.09,
1994-04-25,6.86,,,1.53,14.26,,1.25,2.92,
1994-04-26,6.86,,,1.51,13.8,,1.27,2.89,
1994-04-27,,,,,,,,,
1994-04-28,7.04,,,1.5,14.51,,1.29,3.06,
1994-04-29,7.06,,,1.48,13.77,,1.33,3.09,
1994-05-02,7.09,,,1.46,14.11,,1.28,2.99,
1994-05-03,7.13,,,1.44,13.81,,1.27,3.01,
1994-05-04,7.14,,,1.44,14.29,,1.25,2.99,
1994-05-05,7.11,,,1.44,14.56,,1.23,2.98,
1994-05-06,7.35,,,1.36,15.08,,1.23,3.05,
1994-05-09,7.49,,,1.3,16.16,,1.23,3.05,
1994-05-10,7.33,,,1.35,15.19,,1.2,2.98,
1994-05-11,7.4,,,1.41,15.55,,1.2,3.08,
1994-05-12,7.36,,,1.38,15.46,,1.23,3.12,
1994-05-13,7.29,,,1.41,14.54,,1.24,3.05,
1994-05-16,7.24,,,1.43,14.67,,1.21,2.93,
1994-05-17,7.03,,,1.44,14.08,,1.15,2.73,
1994-05-18,7.03,,,1.46,12.55,,1.2,2.74,
1994-05-19,6.96,,,1.5,12.33,,1.23,2.72,
1994-05-20,7.02,,,1.52,12.79,,1.22,2.76,
1994-05-23,7.19,,,1.46,13.49,,1.25,2.84,
1994-05-24,7.17,,,1.44,12.73,,1.23,2.85,
1994-05-25,7.14,,,1.47,12.43,,1.19,2.86,
1994-05-26,7.09,,,1.52,12.5,,1.17,2.82,
1994-05-27,7.12,,,1.51,12.49,,1.15,2.82,
1994-05-30,,,,,,,,,
1994-05-31,7.17,,,1.51,13.03,,1.16,2.86,
1994-06-01,7.12,,,1.53,12.72,,1.14,2.84,
1994-06-02,7.07,,,1.54,12.73,,1.14,2.83,
1994-06-03,6.98,,,1.52,12.19,,1.14,2.75,
1994-06-06,6.91,,,1.55,13.03,,1.13,2.66,
1994-06-07,6.95,,,1.54,13.05,,1.15,2.73,
1994-06-08,6.96,,,1.56,13.32,,1.18,2.75,
1994-06-09,6.98,,,1.53,13.21,,1.18,2.75,
1994-06-10,7.03,,,1.53,12.69,,1.18,2.81,
1994-06-13,7.07,,,1.56,11.92,,1.16,2.83,
1994-06-14,7.0,,,1.56,11.6,,1.19,2.79,
1994-06-15,7.1,,,1.52,11.52,,1.22,2.87,
1994-06-16,7.07,,,1.56,11.22,,1.24,2.85,
1994-06-17,7.14,,,1.58,12.31,,1.26,2.91,
1994-06-20,7.16,,,1.58,13.96,,1.24,2.88,
1994-06-21,7.22,,,1.55,14.7,,1.18,2.92,
1994-06-22,7.13,,,1.55,14.02,,1.16,2.85,
1994-06-23,7.1,,,1.57,14.12,,1.16,2.84,
1994-06-24,7.22,,,1.55,16.72,,1.16,2.94,
1994-06-27,7.18,,,1.55,15.53,,1.13,2.9,
1994-06-28,7.26,,,1.53,15.04,,1.13,2.98,
1994-06-29,7.24,,,1.54,14.42,,1.12,2.99,
1994-06-30,7.34,,,1.52,14.97,,1.15,3.08,
1994-07-01,7.34,,,1.51,14.36,,1.15,3.02,
1994-07-04,,,,,,,,,
1994-07-05,7.31,,,1.53,14.92,,1.17,2.89,
1994-07-06,7.32,,,1.54,14.7,,1.21,2.93,
1994-07-07,7.3,,,1.53,14.01,,1.19,2.94,
1994-07-08,7.42,,,1.51,13.26,,1.17,2.93,
1994-07-11,7.47,,,1.49,13.83,,1.18,2.86,
1994-07-12,7.43,,,1.5,13.4,,1.19,2.87,
1994-07-13,7.41,,,1.5,12.42,,1.19,2.89,
1994-07-14,7.25,,,1.51,11.64,,1.2,2.84,
1994-07-15,7.25,,,1.51,11.28,,1.21,2.87,
1994-07-18,7.2,,,1.52,11.44,,1.21,2.8,
1994-07-19,7.15,,,1.55,11.65,,1.21,2.78,
1994-07-20,7.25,,,1.52,11.7,,1.19,2.84,
1994-07-21,7.27,,,1.5,11.65,,1.16,2.83,
1994-07-22,7.29,,,1.49,11.22,,1.14,2.79,
1994-07-25,7.27,,,1.49,11.46,,1.14,2.74,
1994-07-26,7.28,,,1.49,11.66,,1.12,2.76,
1994-07-27,7.34,,,1.47,11.93,,1.12,2.77,
1994-07-28,7.29,,,1.46,12.03,,1.08,2.75,
1994-07-29,7.12,,,1.49,11.13,,1.13,2.73,
1994-08-01,7.13,,,1.5,11.17,,1.1,2.68,
1994-08-02,7.11,,,1.49,11.27,,1.13,2.67,
1994-08-03,7.09,,,1.51,11.35,,1.13,2.65,
1994-08-04,7.12,,,1.49,12.18,,1.14,2.69,
1994-08-05,7.28,,,1.47,12.34,,1.1,2.69,
1994-08-08,7.28,,,1.45,12.41,,1.06,2.69,
1994-08-09,7.33,,,1.46,12.54,,1.07,2.77,
1994-08-10,7.3,,,1.49,11.91,,1.09,2.81,
1994-08-11,7.36,,,1.49,12.13,,1.1,2.9,
1994-08-12,7.27,,,1.51,11.09,,1.05,2.76,
1994-08-15,7.3,,,1.48,12.06,,1.04,2.58,
1994-08-16,7.19,,,1.5,11.39,,0.98,2.45,
1994-08-17,7.15,,,1.51,11.54,,1.01,2.46,
1994-08-18,7.28,,,1.47,12.07,,1.05,2.57,
1994-08-19,7.27,,,1.51,12.83,,1.04,2.58,
1994-08-22,7.31,,,1.51,12.62,,1.04,2.58,
1994-08-23,7.28,,,1.52,11.75,,1.02,2.59,
1994-08-24,7.22,,,1.53,11.57,,1.04,2.56,
1994-08-25,7.29,,,1.52,12.02,,1.05,2.61,
1994-08-26,7.24,,,1.53,12.19,,1.03,2.56,
1994-08-29,7.24,,,1.54,11.82,,1.04,2.51,
1994-08-30,7.2,,,1.55,11.23,,1.02,2.49,
1994-08-31,7.19,,,1.55,11.97,,1.02,2.51,
1994-09-01,7.19,,,1.55,11.86,,1.04,2.52,
1994-09-02,7.21,,,1.56,11.4,,1.04,2.54,
1994-09-05,,,,,,,,,
1994-09-06,7.27,,,1.56,11.69,,1.05,2.58,
1994-09-07,7.29,,,1.56,11.81,,1.07,2.63,
1994-09-08,7.3,,,1.55,11.86,,1.08,2.63,
1994-09-09,7.44,,,1.54,13.12,,1.09,2.74,
1994-09-12,7.46,,,1.51,14.01,,1.09,2.71,
1994-09-13,7.44,,,1.54,13.77,,1.09,2.72,
1994-09-14,7.41,,,1.52,13.09,,1.08,2.71,
1994-09-15,7.35,,,1.56,11.88,,1.07,2.65,
1994-09-16,7.52,,,1.52,12.8,,1.1,2.79,
1994-09-19,7.49,,,1.52,13.06,,1.1,2.77,
1994-09-20,7.53,,,1.51,14.45,,1.09,2.79,
1994-09-21,7.56,,,1.49,14.49,,1.04,2.64,
1994-09-22,7.56,,,1.47,13.89,,1.06,2.64,
1994-09-23,7.57,,,1.48,14.53,,1.05,2.66,
1994-09-26,7.57,,,1.48,14.56,,1.03,2.65,
1994-09-27,7.61,,,1.49,14.13,,1.09,2.78,
1994-09-28,7.57,,,1.51,13.25,,1.06,2.91,
1994-09-29,7.64,,,1.52,13.97,,1.04,2.94,
1994-09-30,7.62,,,1.5,14.28,,1.0,2.82,
1994-10-03,7.66,,,1.5,15.44,,0.97,2.61,
1994-10-04,7.7,,,1.47,16.66,,1.02,2.61,
1994-10-05,7.77,,,1.47,15.92,,1.04,2.68,
1994-10-06,7.78,,,1.46,16.24,,1.07,2.67,
1994-10-07,7.7,,,1.51,14.92,,1.05,2.68,
1994-10-10,,,,,14.72,,,,
1994-10-11,7.65,,,1.48,13.55,,1.02,2.59,
1994-10-12,7.69,,,1.47,14.51,,1.02,2.57,
1994-10-13,7.64,,,1.46,14.9,,1.01,2.59,
1994-10-14,7.61,,,1.49,13.32,,1.04,2.61,
1994-10-17,7.62,,,1.51,14.76,,1.01,2.58,
1994-10-18,7.64,,,1.48,14.59,,1.03,2.6,
1994-10-19,7.68,,,1.48,15.13,,1.02,2.63,
1994-10-20,7.8,,,1.45,15.99,,1.03,2.66,
1994-10-21,7.81,,,1.44,15.91,,1.01,2.66,
1994-10-24,7.86,,,1.44,16.97,,1.02,2.64,
1994-10-25,7.88,,,1.44,16.13,,1.01,2.68,
1994-10-26,7.88,,,1.44,15.7,,0.98,2.75,
1994-10-27,7.88,,,1.42,15.67,,0.99,2.76,
1994-10-28,7.82,,,1.4,14.56,,1.0,2.66,
1994-10-31,7.81,,,1.4,14.56,,0.97,2.61,
1994-11-01,7.91,,,1.4,14.84,,0.98,2.69,
1994-11-02,7.96,,,1.36,15.34,,1.0,2.73,
1994-11-03,7.96,,,1.4,15.58,,0.98,2.71,
1994-11-04,8.04,,,1.35,16.75,,0.99,2.71,
1994-11-07,8.05,,,1.37,17.37,,0.99,2.63,
1994-11-08,8.01,,,1.36,16.3,,0.99,2.64,
1994-11-09,7.94,,,1.38,16.42,,0.93,2.6,
1994-11-10,7.98,,,1.39,16.0,,0.92,2.6,
1994-11-11,,,,,16.5,,,,
1994-11-14,7.94,,,1.39,16.68,,0.88,2.48,
1994-11-15,7.92,,,1.34,16.66,,0.82,2.39,
1994-11-16,7.97,,,1.35,15.56,,0.82,2.45,
1994-11-17,8.03,,,1.37,15.91,,0.82,2.52,
1994-11-18,8.01,,,1.35,16.0,,0.78,2.51,
1994-11-21,8.03,,,1.34,16.13,,0.73,2.5,
1994-11-22,8.0,,,1.32,17.24,,0.71,2.51,
1994-11-23,7.81,,,1.36,18.41,,0.63,2.37,
1994-11-24,,,,,,,,,
1994-11-25,7.8,,,1.38,17.44,,0.61,2.35,
1994-11-28,7.88,,,1.33,16.83,,0.53,2.28,
1994-11-29,7.95,,,1.31,16.15,,0.51,2.26,
1994-11-30,7.91,,,1.3,15.95,,0.51,2.19,
1994-12-01,7.92,,,1.31,16.69,,0.5,2.21,
1994-12-02,7.81,,,1.33,16.55,,0.37,2.02,
1994-12-05,7.83,,,1.33,16.1,,0.25,1.8,
1994-12-06,7.73,,,1.35,16.05,,0.29,1.79,
1994-12-07,7.81,,,1.32,16.28,,0.33,1.99,
1994-12-08,7.79,,,1.32,18.15,,0.28,1.96,
1994-12-09,7.79,,,1.29,16.04,,0.26,1.97,
1994-12-12,7.85,,,1.29,15.46,,0.23,1.92,
1994-12-13,7.83,,,1.28,14.48,,0.12,1.88,
1994-12-14,7.8,,,1.27,13.03,,0.21,1.96,
1994-12-15,7.79,,,1.31,12.87,,0.25,2.09,
1994-12-16,7.81,,,1.28,12.79,,0.22,2.1,
1994-12-19,7.81,,,1.27,13.02,,0.22,2.06,
1994-12-20,7.81,,,1.27,12.98,,0.25,2.18,
1994-12-21,7.8,,,1.27,12.05,,0.22,2.24,
1994-12-22,7.84,,,1.27,12.42,,0.14,2.23,
1994-12-23,7.85,,,1.23,11.82,,0.11,2.17,
1994-12-26,,,,,,,,,
1994-12-27,7.76,,,1.25,12.07,,0.09,2.02,
1994-12-28,7.8,,,1.26,12.81,,0.09,2.12,
1994-12-29,7.82,,,1.28,12.86,,0.13,2.16,
1994-12-30,7.84,,,1.3,13.2,,0.15,2.16,
1995-01-02,,,,,,,,,
1995-01-03,7.88,,,1.29,14.25,,0.15,1.93,
1995-01-04,7.82,,,1.28,13.53,,0.2,1.97,
1995-01-05,7.88,,,1.27,13.5,,0.22,2.0,
1995-01-06,7.87,,,1.22,13.13,,0.23,1.97,
1995-01-09,7.89,,,1.25,13.33,,0.21,1.89,
1995-01-10,7.84,,,1.26,12.52,,0.21,1.93,
1995-01-11,7.79,,,1.31,12.15,,0.21,2.0,
1995-01-12,7.8,,,1.32,12.83,,0.24,2.02,
1995-01-13,7.69,,,1.35,11.1,,0.3,1.97,
1995-01-16,,,,,11.14,,,,
1995-01-17,7.7,,,1.34,11.79,,0.26,1.81,
1995-01-18,7.71,,,1.32,11.57,,0.23,1.84,
1995-01-19,7.74,,,1.32,11.86,,0.25,1.87,
1995-01-20,7.82,,,1.31,12.15,,0.32,1.91,
1995-01-23,7.83,,,1.33,12.79,,0.33,1.86,
1995-01-24,7.86,,,1.3,11.94,,0.29,1.88,
1995-01-25,7.8,,,1.32,11.46,,0.3,1.86,
1995-01-26,7.76,,,1.31,11.25,,0.37,1.82,
1995-01-27,7.66,,,1.31,11.25,,0.37,1.74,
1995-01-30,7.65,,,1.31,12.26,,0.42,1.69,
1995-01-31,7.6,,,1.33,11.96,,0.34,1.6,
1995-02-01,7.66,,,1.28,11.73,,0.33,1.59,
1995-02-02,7.68,,,1.29,11.13,,0.28,1.66,
1995-02-03,7.49,,,1.32,10.98,,0.35,1.53,
1995-02-06,7.53,,,1.32,11.22,,0.35,1.55,
1995-02-07,7.52,,,1.32,11.17,,0.33,1.54,
1995-02-08,7.53,,,1.33,11.42,,0.35,1.59,
1995-02-09,7.58,,,1.3,11.63,,0.35,1.63,
1995-02-10,7.62,,,1.32,11.28,,0.29,1.65,
1995-02-13,7.61,,,1.32,11.41,,0.29,1.63,
1995-02-14,7.51,,,1.36,11.43,,0.3,1.55,
1995-02-15,7.45,,,1.37,11.52,,0.33,1.51,
1995-02-16,7.4,,,1.42,11.61,,0.38,1.55,
1995-02-17,7.43,,,1.4,11.71,,0.36,1.57,
1995-02-20,,,,,,,,,
1995-02-21,7.44,,,1.41,12.05,,0.35,1.52,
1995-02-22,7.34,,,1.46,11.39,,0.42,1.49,
1995-02-23,7.34,,,1.47,11.15,,0.42,1.46,
1995-02-24,7.33,,,1.49,10.84,,0.44,1.45,
1995-02-27,7.24,,,1.52,12.51,,0.45,1.32,
1995-02-28,7.22,,,1.53,11.75,,0.43,1.28,
1995-03-01,7.23,,,1.49,11.65,,0.42,1.29,
1995-03-02,7.3,,,1.47,12.02,,0.42,1.37,
1995-03-03,7.36,,,1.46,11.45,,0.47,1.45,
1995-03-06,7.41,,,1.46,12.17,,0.45,1.47,
1995-03-07,7.44,,,1.46,14.22,,0.44,1.48,
1995-03-08,7.36,,,1.44,13.72,,0.43,1.41,
1995-03-09,7.3,,,1.48,13.36,,0.47,1.39,
1995-03-10,7.23,,,1.47,12.38,,0.4,1.27,
1995-03-13,7.19,,,1.49,12.15,,0.43,1.25,
1995-03-14,7.09,,,1.5,12.1,,0.4,1.16,
1995-03-15,7.09,,,1.53,12.42,,0.38,1.17,
1995-03-16,7.05,,,1.53,11.95,,0.37,1.13,
1995-03-17,7.12,,,1.52,11.8,,0.43,1.2,
1995-03-20,7.12,,,1.53,11.34,,0.43,1.19,
1995-03-21,7.16,,,1.52,11.53,,0.45,1.24,
1995-03-22,7.21,,,1.53,11.29,,0.46,1.3,
1995-03-23,7.21,,,1.51,11.43,,0.46,1.32,
1995-03-24,7.09,,,1.55,11.19,,0.45,1.24,
1995-03-27,7.05,,,1.54,11.83,,0.43,1.23,
1995-03-28,7.16,,,1.49,11.33,,0.43,1.27,
1995-03-29,7.16,,,1.48,12.51,,0.43,1.32,
1995-03-30,7.18,,,1.48,12.62,,0.42,1.3,
1995-03-31,7.2,,,1.49,13.37,,0.4,1.32,
1995-04-03,7.14,,,1.5,13.5,,0.39,1.2,
1995-04-04,7.12,,,1.49,12.62,,0.41,1.21,
1995-04-05,7.12,,,1.5,12.96,,0.42,1.24,
1995-04-06,7.09,,,1.52,12.81,,0.43,1.24,
1995-04-07,7.11,,,1.52,12.85,,0.46,1.25,
1995-04-10,7.12,,,1.52,12.79,,0.46,1.27,
1995-04-11,7.09,,,1.54,12.73,,0.44,1.25,
1995-04-12,7.06,,,1.55,12.04,,0.45,1.24,
1995-04-13,7.03,,,1.55,11.48,,0.52,1.28,
1995-04-14,,,,,,,,,
1995-04-17,7.04,,,1.56,12.33,,0.56,1.24,
1995-04-18,7.04,,,1.58,12.96,,0.6,1.25,
1995-04-19,7.06,,,1.54,13.09,,0.55,1.26,
1995-04-20,7.02,,,1.55,12.1,,0.59,1.25,
1995-04-21,7.01,,,1.58,11.86,,0.57,1.22,
1995-04-24,7.01,,,1.55,11.92,,0.55,1.18,
1995-04-25,7.01,,,1.55,12.41,,0.53,1.16,
1995-04-26,7.01,,,1.55,12.28,,0.51,1.16,
1995-04-27,7.04,,,1.53,11.93,,0.49,1.17,
1995-04-28,7.07,,,1.51,11.75,,0.47,1.2,
1995-05-01,7.09,,,1.48,12.14,,0.47,1.18,
1995-05-02,7.04,,,1.49,11.88,,0.49,1.15,
1995-05-03,6.96,,,1.52,11.69,,0.49,1.12,
1995-05-04,6.85,,,1.53,12.64,,0.5,1.07,
1995-05-05,6.69,,,1.58,12.06,,0.53,0.95,
1995-05-08,6.7,,,1.57,12.22,,0.52,0.89,
1995-05-09,6.61,,,1.61,12.75,,0.53,0.8,
1995-05-10,6.66,,,1.58,13.08,,0.55,0.84,
1995-05-11,6.68,,,1.58,12.98,,0.48,0.84,
1995-05-12,6.67,,,1.58,11.84,,0.47,0.8,
1995-05-15,6.62,,,1.58,12.38,,0.46,0.74,
1995-05-16,6.57,,,1.56,12.2,,0.46,0.7,
1995-05-17,6.53,,,1.57,12.36,,0.42,0.67,
1995-05-18,6.61,,,1.55,13.13,,0.43,0.74,
1995-05-19,6.61,,,1.54,12.81,,0.42,0.74,
1995-05-22,6.63,,,1.53,11.68,,0.44,0.72,
1995-05-23,6.57,,,1.56,11.55,,0.42,0.66,
1995-05-24,6.44,,,1.59,11.26,,0.43,0.57,
1995-05-25,6.39,,,1.61,11.63,,0.4,0.55,
1995-05-26,6.4,,,1.63,12.2,,0.43,0.56,
1995-05-29,,,,,,,,,
1995-05-30,6.3,,,1.65,12.52,,0.41,0.49,
1995-05-31,6.3,,,1.66,12.85,,0.41,0.49,
1995-06-01,6.2,,,1.71,12.21,,0.49,0.53,
1995-06-02,6.1,,,1.71,12.98,,0.56,0.52,
1995-06-05,6.08,,,1.73,13.45,,0.54,0.4,
1995-06-06,6.08,,,1.72,13.0,,0.51,0.39,
1995-06-07,6.2,,,1.65,12.84,,0.46,0.46,
1995-06-08,6.22,,,1.65,12.89,,0.4,0.46,
1995-06-09,6.4,,,1.62,12.76,,0.39,0.63,
1995-06-12,6.37,,,1.66,11.91,,0.41,0.64,
1995-06-13,6.14,,,1.8,11.29,,0.51,0.53,
1995-06-14,6.15,,,1.78,11.29,,0.48,0.54,
1995-06-15,6.18,,,1.78,11.23,,0.45,0.53,
1995-06-16,6.21,,,1.76,10.75,,0.44,0.55,
1995-06-19,6.13,,,1.77,11.21,,0.48,0.5,
1995-06-20,6.16,,,1.75,11.16,,0.44,0.51,
1995-06-21,6.13,,,1.77,11.32,,0.45,0.53,
1995-06-22,6.04,,,1.76,11.44,,0.43,0.5,
1995-06-23,6.06,,,1.78,11.12,,0.42,0.52,
1995-06-26,6.11,,,1.76,11.8,,0.4,0.59,
1995-06-27,6.15,,,1.74,12.37,,0.45,0.56,
1995-06-28,6.1,,,1.76,11.74,,0.43,0.53,
1995-06-29,6.28,,,1.71,11.59,,0.39,0.61,
1995-06-30,6.21,,,1.74,11.38,,0.42,0.61,
1995-07-03,6.21,,,1.74,11.57,,0.42,0.53,
1995-07-04,,,,,,,,,
1995-07-05,6.19,,,1.76,12.1,,0.41,0.51,
1995-07-06,6.05,,,1.82,11.52,,0.49,0.52,
1995-07-07,6.04,,,1.8,11.77,,0.5,0.5,
1995-07-10,6.04,,,1.8,12.19,,0.48,0.51,
1995-07-11,6.09,,,1.79,12.25,,0.5,0.53,
1995-07-12,6.1,,,1.79,12.31,,0.51,0.55,
1995-07-13,6.09,,,1.78,12.56,,0.48,0.54,
1995-07-14,6.15,,,1.77,12.08,,0.45,0.56,
1995-07-17,6.22,,,1.76,12.26,,0.45,0.59,
1995-07-18,6.25,,,1.77,12.68,,0.48,0.64,
1995-07-19,6.43,,,1.75,13.49,,0.54,0.85,
1995-07-20,6.43,,,1.76,12.78,,0.52,0.83,
1995-07-21,6.53,,,1.74,12.37,,0.58,0.92,
1995-07-24,6.46,,,1.78,12.55,,0.49,0.85,
1995-07-25,6.43,,,1.74,12.77,,0.49,0.81,
1995-07-26,6.48,,,1.71,13.18,,0.51,0.85,
1995-07-27,6.43,,,1.72,13.18,,0.52,0.85,
1995-07-28,6.49,,,1.71,13.18,,0.57,0.91,
1995-07-31,6.45,,,1.72,13.49,,0.57,0.85,
1995-08-01,6.5,,,1.73,13.56,,0.56,0.89,
1995-08-02,6.44,,,1.72,13.66,,0.58,0.85,
1995-08-03,6.53,,,1.68,13.78,,0.59,0.94,
1995-08-04,6.5,,,1.7,13.21,,0.59,0.92,
1995-08-07,6.48,,,1.7,13.1,,0.58,0.91,
1995-08-08,6.47,,,1.7,13.06,,0.57,0.92,
1995-08-09,6.47,,,1.74,12.75,,0.54,0.91,
1995-08-10,6.51,,,1.73,13.0,,0.56,0.94,
1995-08-11,6.59,,,1.71,12.9,,0.54,1.0,
1995-08-14,6.59,,,1.71,13.24,,0.54,0.99,
1995-08-15,6.57,,,1.7,12.35,,0.46,0.95,
1995-08-16,6.54,,,1.69,12.45,,0.47,0.94,
1995-08-17,6.57,,,1.68,12.13,,0.45,0.96,
1995-08-18,6.57,,,1.68,12.03,,0.44,0.96,
1995-08-21,6.54,,,1.67,13.42,,0.46,0.92,
1995-08-22,6.57,,,1.66,12.6,,0.47,0.94,
1995-08-23,6.6,,,1.66,13.17,,0.49,1.0,
1995-08-24,6.5,,,1.69,12.94,,0.5,0.98,
1995-08-25,6.38,,,1.75,12.33,,0.48,0.88,
1995-08-28,6.34,,,1.73,12.48,,0.49,0.86,
1995-08-29,6.36,,,1.72,12.65,,0.43,0.86,
1995-08-30,6.33,,,1.73,12.03,,0.45,0.87,
1995-08-31,6.28,,,1.73,11.52,,0.43,0.83,
1995-09-01,6.22,,,1.76,11.29,,0.44,0.77,
1995-09-04,,,,,,,,,
1995-09-05,6.18,,,1.75,11.65,,0.41,0.69,
1995-09-06,6.17,,,1.77,11.65,,0.41,0.69,
1995-09-07,6.21,,,1.74,11.85,,0.41,0.71,
1995-09-08,6.24,,,1.74,11.16,,0.39,0.72,
1995-09-11,6.24,,,1.72,11.51,,0.41,0.74,
1995-09-12,6.16,,,1.76,11.46,,0.39,0.69,
1995-09-13,6.18,,,1.74,11.35,,0.38,0.71,
1995-09-14,6.08,,,1.79,11.1,,0.4,0.64,
1995-09-15,6.11,,,1.77,11.58,,0.4,0.65,
1995-09-18,6.17,,,1.76,12.34,,0.4,0.76,
1995-09-19,6.14,,,1.76,12.67,,0.39,0.78,
1995-09-20,6.1,,,1.77,12.35,,0.37,0.76,
1995-09-21,6.21,,,1.75,12.5,,0.38,0.81,
1995-09-22,6.25,,,1.72,12.46,,0.4,0.9,
1995-09-25,6.26,,,1.69,13.22,,0.37,0.93,
1995-09-26,6.28,,,1.69,12.9,,0.4,0.83,
1995-09-27,6.3,,,1.68,12.9,,0.38,0.88,
1995-09-28,6.28,,,1.67,12.46,,0.36,0.84,
1995-09-29,6.17,,,1.71,12.74,,0.34,0.77,
1995-10-02,6.15,,,1.7,13.95,,0.33,0.62,
1995-10-03,6.13,,,1.71,14.5,,0.33,0.62,
1995-10-04,6.12,,,1.7,14.86,,0.37,0.65,
1995-10-05,6.06,,,1.73,15.74,,0.34,0.62,
1995-10-06,6.06,,,1.72,13.98,,0.33,0.59,
1995-10-09,,,,,14.85,,,,
1995-10-10,6.07,,,1.7,14.97,,0.33,0.6,
1995-10-11,6.09,,,1.71,14.57,,0.34,0.62,
1995-10-12,6.07,,,1.7,14.24,,0.35,0.61,
1995-10-13,5.97,,,1.7,13.67,,0.3,0.52,
1995-10-16,5.97,,,1.72,14.62,,0.3,0.48,
1995-10-17,5.97,,,1.73,14.03,,0.32,0.54,
1995-10-18,5.99,,,1.72,14.05,,0.32,0.58,
1995-10-19,5.98,,,1.71,13.55,,0.31,0.57,
1995-10-20,6.04,,,1.69,13.46,,0.32,0.61,
1995-10-23,6.07,,,1.69,14.17,,0.31,0.69,
1995-10-24,6.02,,,1.7,13.85,,0.34,0.64,
1995-10-25,6.0,,,1.68,14.49,,0.36,0.61,
1995-10-26,6.06,,,1.69,15.59,,0.45,0.68,
1995-10-27,6.05,,,1.7,14.63,,0.41,0.64,
1995-10-30,6.04,,,1.71,14.26,,0.42,0.57,
1995-10-31,6.03,,,1.7,13.83,,0.42,0.55,
1995-11-01,5.98,,,1.73,13.41,,0.46,0.5,
1995-11-02,5.92,,,1.74,13.19,,0.46,0.45,
1995-11-03,5.94,,,1.73,12.26,,0.45,0.47,
1995-11-06,5.96,,,1.73,12.74,,0.45,0.44,
1995-11-07,5.99,,,1.74,13.05,,0.45,0.46,
1995-11-08,5.92,,,1.75,12.16,,0.45,0.4,
1995-11-09,5.97,,,1.74,12.46,,0.48,0.42,
1995-11-10,6.0,,,1.74,12.97,,0.48,0.42,
1995-11-13,5.98,,,1.71,13.2,,0.49,0.39,
1995-11-14,5.97,,,1.72,13.38,,0.5,0.42,
1995-11-15,6.0,,,1.73,12.95,,0.47,0.44,
1995-11-16,5.93,,,1.74,12.57,,0.47,0.41,
1995-11-17,5.92,,,1.75,12.49,,0.46,0.41,
1995-11-20,5.93,,,1.76,12.37,,0.47,0.43,
1995-11-21,5.92,,,1.8,11.74,,0.43,0.4,
1995-11-22,5.93,,,1.79,11.81,,0.42,0.41,
1995-11-23,,,,,,,,,
1995-11-24,5.91,,,1.78,11.87,,0.42,0.43,
1995-11-27,5.88,,,1.77,12.43,,0.42,0.38,
1995-11-28,5.88,,,1.78,11.57,,0.43,0.35,
1995-11-29,5.85,,,1.8,11.65,,0.42,0.35,
1995-11-30,5.76,,,1.81,11.58,,0.4,0.28,
1995-12-01,5.71,,,1.83,11.11,,0.39,0.26,
1995-12-04,5.63,,,1.83,10.66,,0.36,0.17,
1995-12-05,5.65,,,1.82,11.65,,0.36,0.18,
1995-12-06,5.67,,,1.81,12.7,,0.35,0.19,
1995-12-07,5.72,,,1.79,12.74,,0.33,0.22,
1995-12-08,5.73,,,1.76,11.12,,0.34,0.23,
1995-12-11,5.71,,,1.75,11.06,,0.33,0.26,
1995-12-12,5.72,,,1.77,10.63,,0.33,0.31,
1995-12-13,5.74,,,1.77,10.36,,0.35,0.32,
1995-12-14,5.74,,,1.76,11.07,,0.36,0.32,
1995-12-15,5.75,,,1.77,11.44,,0.39,0.4,
1995-12-18,5.85,,,1.74,14.55,,0.42,0.53,
1995-12-19,5.81,,,1.72,13.16,,0.45,0.57,
1995-12-20,5.76,,,1.77,12.2,,0.43,0.61,
1995-12-21,5.77,,,1.77,10.77,,0.44,0.72,
1995-12-22,5.71,,,1.78,11.51,,0.43,0.67,
1995-12-25,,,,,,,,,
1995-12-26,5.69,,,1.78,11.49,,0.42,0.64,
1995-12-27,5.66,,,1.78,11.98,,0.43,0.62,
1995-12-28,5.63,,,1.78,12.25,,0.43,0.65,
1995-12-29,5.58,,,1.8,12.52,,0.4,0.48,
1996-01-01,,,,,,,,,
1996-01-02,5.6,,,1.78,12.19,,0.42,0.4,
1996-01-03,5.58,,,1.79,12.1,,0.41,0.38,
1996-01-04,5.65,,,1.79,13.78,,0.48,0.46,
1996-01-05,5.69,,,1.81,13.58,,0.49,0.5,
1996-01-08,5.68,,,1.81,13.11,,0.48,0.5,
1996-01-09,5.7,,,1.76,15.21,,0.52,0.52,
1996-01-10,5.8,,,1.77,16.4,,0.58,0.61,
1996-01-11,5.78,,,1.78,14.69,,0.56,0.59,
1996-01-12,5.75,,,1.79,14.23,,0.58,0.57,
1996-01-15,,,,,14.99,,,,
1996-01-16,5.66,,,1.84,14.09,,0.58,0.52,
1996-01-17,5.58,,,1.85,14.25,,0.53,0.44,
1996-01-18,5.53,,,1.86,13.58,,0.52,0.42,
1996-01-19,5.54,,,1.84,12.7,,0.51,0.44,
1996-01-22,5.61,,,1.84,13.34,,0.53,0.47,
1996-01-23,5.66,,,1.82,13.56,,0.57,0.54,
1996-01-24,5.62,,,1.83,12.54,,0.55,0.5,
1996-01-25,5.7,,,1.79,12.94,,0.59,0.58,
1996-01-26,5.65,,,1.82,12.0,,0.57,0.54,
1996-01-29,5.69,,,1.8,12.19,,0.59,0.52,
1996-01-30,5.63,,,1.81,12.42,,0.61,0.49,
1996-01-31,5.6,,,1.82,12.53,,0.67,0.55,
1996-02-01,5.63,,,1.83,12.65,,0.7,0.6,
1996-02-02,5.66,,,1.84,13.23,,0.76,0.67,
1996-02-05,5.7,,,1.82,13.46,,0.75,0.7,
1996-02-06,5.68,,,1.81,14.59,,0.75,0.7,
1996-02-07,5.66,,,1.83,14.11,,0.74,0.72,
1996-02-08,5.66,,,1.85,13.89,,0.76,0.74,
1996-02-09,5.66,,,1.84,14.63,,0.81,0.73,
1996-02-12,5.61,,,1.83,14.69,,0.78,0.68,
1996-02-13,5.58,,,1.84,14.94,,0.78,0.65,
1996-02-14,5.62,,,1.84,15.59,,0.8,0.68,
1996-02-15,5.7,,,1.85,16.13,,0.83,0.78,
1996-02-16,5.76,,,1.87,15.37,,0.86,0.87,
1996-02-19,,,,,,,,,
1996-02-20,6.01,,,1.75,16.8,,0.83,1.02,
1996-02-21,5.98,,,1.78,14.47,,0.82,1.02,
1996-02-22,5.92,,,1.83,14.56,,0.81,0.97,
1996-02-23,5.97,,,1.84,14.78,,0.84,1.0,
1996-02-26,6.01,,,1.81,16.38,,0.83,1.03,
1996-02-27,6.06,,,1.81,16.63,,0.78,1.05,
1996-02-28,6.11,,,1.77,16.72,,0.68,1.1,
1996-02-29,6.13,,,1.78,17.04,,0.69,1.11,
1996-03-01,5.99,,,1.82,16.72,,0.73,1.01,
1996-03-04,5.92,,,1.86,16.67,,0.71,0.9,
1996-03-05,5.96,,,1.85,16.1,,0.68,0.94,
1996-03-06,6.05,,,1.83,16.56,,0.69,1.02,
1996-03-07,6.07,,,1.83,16.49,,0.67,1.04,
1996-03-08,6.41,,,1.71,20.7,,0.68,1.4,
1996-03-11,6.33,,,1.73,19.4,,0.62,1.24,
1996-03-12,6.36,,,1.74,19.09,,0.58,1.27,
1996-03-13,6.35,,,1.73,18.13,,0.62,1.26,
1996-03-14,6.36,,,1.72,16.93,,0.66,1.25,
1996-03-15,6.46,,,1.7,16.54,,0.59,1.32,
1996-03-18,6.43,,,1.72,17.31,,0.54,1.26,
1996-03-19,6.41,,,1.71,18.35,,0.56,1.22,
1996-03-20,6.34,,,1.76,18.66,,0.58,1.18,
1996-03-21,6.28,,,1.78,17.74,,0.56,1.21,
1996-03-22,6.32,,,1.77,17.05,,0.58,1.22,
1996-03-25,6.26,,,1.76,17.84,,0.57,1.13,
1996-03-26,6.25,,,1.78,17.8,,0.53,1.12,
1996-03-27,6.34,,,1.78,17.89,,0.53,1.17,
1996-03-28,6.41,,,1.76,18.16,,0.53,1.22,
1996-03-29,6.34,,,1.78,18.88,,0.55,1.21,
1996-04-01,6.31,,,1.79,17.9,,0.52,1.11,
1996-04-02,6.25,,,1.81,16.45,,0.51,1.09,
1996-04-03,6.27,,,1.81,16.33,,0.5,1.12,
1996-04-04,6.33,,,1.77,16.18,,0.5,1.22,
1996-04-05,6.57,,,1.68,,,0.48,1.42,
1996-04-08,6.63,,,1.71,18.72,,0.52,1.47,
1996-04-09,6.56,,,1.7,17.32,,0.5,1.46,
1996-04-10,6.63,,,1.7,20.22,,0.53,1.55,
1996-04-11,6.68,,,1.66,19.65,,0.56,1.6,
1996-04-12,6.52,,,1.7,17.38,,0.56,1.45,
1996-04-15,6.47,,,1.72,16.83,,0.54,1.5,
1996-04-16,6.48,,,1.68,16.45,,0.57,1.53,
1996-04-17,6.52,,,1.67,17.07,,0.56,1.56,
1996-04-18,6.58,,,1.64,16.41,,0.56,1.6,
1996-04-19,6.53,,,1.65,15.12,,0.58,1.52,
1996-04-22,6.48,,,1.65,15.38,,0.56,1.39,
1996-04-23,6.52,,,1.64,15.01,,0.59,1.42,
1996-04-24,6.57,,,1.61,14.91,,0.62,1.44,
1996-04-25,6.56,,,1.62,14.72,,0.57,1.47,
1996-04-26,6.54,,,1.63,14.75,,0.62,1.43,
1996-04-29,6.59,,,1.61,15.45,,0.61,1.45,
1996-04-30,6.66,,,1.61,15.83,,0.63,1.52,
1996-05-01,6.68,,,1.61,16.07,,0.65,1.57,
1996-05-02,6.85,,,1.58,18.62,,0.69,1.72,
1996-05-03,6.9,,,1.58,16.7,,0.7,1.76,
1996-05-06,6.86,,,1.6,16.92,,0.71,1.72,
1996-05-07,6.87,,,1.58,16.87,,0.67,1.73,
1996-05-08,6.78,,,1.6,15.78,,0.63,1.65,
1996-05-09,6.84,,,1.55,16.99,,0.7,1.71,
1996-05-10,6.75,,,1.57,15.61,,0.71,1.62,
1996-05-13,6.72,,,1.57,15.16,,0.66,1.56,
1996-05-14,6.66,,,1.58,14.9,,0.65,1.52,
1996-05-15,6.65,,,1.58,15.59,,0.64,1.52,
1996-05-16,6.7,,,1.57,15.71,,0.62,1.55,
1996-05-17,6.65,,,1.57,15.13,,0.61,1.5,
1996-05-20,6.62,,,1.57,15.8,,0.6,1.45,
1996-05-21,6.65,,,1.56,16.0,,0.62,1.47,
1996-05-22,6.63,,,1.55,15.5,,0.6,1.45,
1996-05-23,6.68,,,1.55,16.17,,0.63,1.5,
1996-05-24,6.65,,,1.56,15.54,,0.62,1.47,
1996-05-27,,,,,,,,,
1996-05-28,6.67,,,1.54,16.92,,0.62,1.5,
1996-05-29,6.77,,,1.5,17.15,,0.61,1.59,
1996-05-30,6.78,,,1.49,16.02,,0.6,1.6,
1996-05-31,6.85,,,1.48,16.07,,0.58,1.67,
1996-06-03,6.87,,,1.48,16.86,,0.61,1.64,
1996-06-04,6.86,,,1.49,16.18,,0.62,1.66,
1996-06-05,6.82,,,1.51,16.04,,0.58,1.6,
1996-06-06,6.76,,,1.49,16.84,,0.6,1.55,
1996-06-07,6.93,,,1.48,16.1,,0.53,1.67,
1996-06-10,6.97,,,1.46,16.78,,0.57,1.68,
1996-06-11,6.99,,,1.46,16.68,,0.62,1.72,
1996-06-12,7.03,,,1.48,17.0,,0.64,1.77,
1996-06-13,7.01,,,1.5,17.12,,0.65,1.77,
1996-06-14,6.95,,,1.49,18.64,,0.66,1.74,
1996-06-17,6.9,,,1.5,17.46,,0.63,1.71,
1996-06-18,6.93,,,1.5,17.45,,0.65,1.72,
1996-06-19,6.96,,,1.48,17.54,,0.65,1.73,
1996-06-20,6.98,,,1.48,16.97,,0.6,1.72,
1996-06-21,6.96,,,1.5,15.8,,0.61,1.7,
1996-06-24,6.94,,,1.48,15.91,,0.62,1.71,
1996-06-25,6.91,,,1.49,15.43,,0.61,1.67,
1996-06-26,6.91,,,1.47,15.23,,0.61,1.67,
1996-06-27,6.83,,,1.51,14.19,,0.62,1.63,
1996-06-28,6.73,,,1.51,13.68,,0.62,1.55,
1996-07-01,6.74,,,1.5,13.78,,0.59,1.47,
1996-07-02,6.8,,,1.46,14.19,,0.58,1.48,
1996-07-03,6.78,,,1.49,14.21,,0.58,1.54,
1996-07-04,,,,,,,,,
1996-07-05,7.06,,,1.43,16.09,,0.62,1.75,
1996-07-08,7.05,,,1.44,16.42,,0.62,1.7,
1996-07-09,7.0,,,1.46,15.49,,0.59,1.66,
1996-07-10,6.95,,,1.49,15.51,,0.61,1.66,
1996-07-11,6.9,,,1.48,17.81,,0.62,1.64,
1996-07-12,6.85,,,1.49,17.09,,0.59,1.57,
1996-07-15,6.89,,,1.49,20.11,,0.57,1.57,
1996-07-16,6.84,,,1.5,20.1,,0.61,1.57,
1996-07-17,6.83,,,1.51,19.22,,0.6,1.57,
1996-07-18,6.72,,,1.54,17.93,,0.56,1.47,
1996-07-19,6.78,,,1.51,17.26,,0.6,1.5,
1996-07-22,6.84,,,1.5,20.41,,0.61,1.54,
1996-07-23,6.8,,,1.5,21.55,,0.57,1.5,
1996-07-24,6.87,,,1.5,21.44,,0.61,1.56,
1996-07-25,6.87,,,1.49,19.39,,0.59,1.58,
1996-07-26,6.85,,,1.49,17.45,,0.6,1.56,
1996-07-29,6.93,,,1.47,20.09,,0.61,1.56,
1996-07-30,6.89,,,1.49,20.53,,0.59,1.55,
1996-07-31,6.8,,,1.5,19.46,,0.58,1.48,
1996-08-01,6.65,,,1.54,18.76,,0.57,1.4,
1996-08-02,6.51,,,1.57,16.19,,0.6,1.3,
1996-08-05,6.53,,,1.55,17.36,,0.6,1.33,
1996-08-06,6.54,,,1.54,16.93,,0.61,1.35,
1996-08-07,6.55,,,1.54,16.24,,0.58,1.37,
1996-08-08,6.56,,,1.55,16.04,,0.59,1.41,
1996-08-09,6.5,,,1.54,15.77,,0.57,1.35,
1996-08-12,6.49,,,1.56,15.57,,0.57,1.31,
1996-08-13,6.57,,,1.52,16.41,,0.6,1.4,
1996-08-14,6.58,,,1.56,15.96,,0.61,1.42,
1996-08-15,6.62,,,1.53,15.46,,0.62,1.43,
1996-08-16,6.56,,,1.55,14.81,,0.61,1.38,
1996-08-19,6.59,,,1.54,15.27,,0.62,1.39,
1996-08-20,6.59,,,1.55,14.73,,0.62,1.41,
1996-08-21,6.61,,,1.57,14.52,,0.62,1.47,
1996-08-22,6.62,,,1.57,13.71,,0.62,1.48,
1996-08-23,6.72,,,1.54,14.18,,0.63,1.57,
1996-08-26,6.8,,,1.52,15.38,,0.62,1.59,
1996-08-27,6.78,,,1.53,15.11,,0.61,1.58,
1996-08-28,6.79,,,1.53,15.1,,0.62,1.59,
1996-08-29,6.86,,,1.5,16.22,,0.63,1.62,
1996-08-30,6.96,,,1.48,17.01,,0.62,1.67,
1996-09-02,,,,,,,,,
1996-09-03,6.92,,,1.48,18.47,,0.57,1.6,
1996-09-04,6.94,,,1.5,18.64,,0.56,1.62,
1996-09-05,6.98,,,1.48,20.51,,0.6,1.64,
1996-09-06,6.94,,,1.48,17.1,,0.61,1.61,
1996-09-09,6.9,,,1.51,16.36,,0.58,1.61,
1996-09-10,6.94,,,1.51,16.25,,0.6,1.65,
1996-09-11,6.94,,,1.51,16.06,,0.6,1.63,
1996-09-12,6.88,,,1.52,15.97,,0.61,1.6,
1996-09-13,6.74,,,1.54,15.2,,0.64,1.53,
1996-09-16,6.73,,,1.54,15.43,,0.59,1.53,
1996-09-17,6.81,,,1.51,15.74,,0.59,1.5,
1996-09-18,6.83,,,1.51,15.86,,0.57,1.55,
1996-09-19,6.87,,,1.49,16.03,,0.58,1.62,
1996-09-20,6.85,,,1.49,15.65,,0.59,1.56,
1996-09-23,6.83,,,1.51,16.46,,0.59,1.52,
1996-09-24,6.77,,,1.55,16.45,,0.61,1.6,
1996-09-25,6.71,,,1.56,16.22,,0.63,1.64,
1996-09-26,6.66,,,1.54,16.11,,0.61,1.66,
1996-09-27,6.68,,,1.53,16.1,,0.61,1.64,
1996-09-30,6.72,,,1.5,16.95,,0.62,1.58,
1996-10-01,6.65,,,1.52,17.05,,0.62,1.55,
1996-10-02,6.61,,,1.53,16.78,,0.63,1.58,
1996-10-03,6.61,,,1.53,16.77,,0.61,1.57,
1996-10-04,6.48,,,1.55,14.8,,0.63,1.47,
1996-10-07,6.53,,,1.54,15.11,,0.64,1.42,
1996-10-08,6.53,,,1.54,15.58,,0.63,1.41,
1996-10-09,6.55,,,1.57,16.09,,0.59,1.43,
1996-10-10,6.61,,,1.55,16.26,,0.6,1.46,
1996-10-11,6.55,,,1.55,15.07,,0.63,1.42,
1996-10-14,,,,,15.13,,,,
1996-10-15,6.56,,,1.55,15.83,,0.63,1.39,
1996-10-16,6.57,,,1.55,15.6,,0.63,1.43,
1996-10-17,6.51,,,1.56,15.41,,0.62,1.39,
1996-10-18,6.5,,,1.52,15.08,,0.61,1.38,
1996-10-21,6.52,,,1.52,15.98,,0.61,1.38,
1996-10-22,6.56,,,1.5,16.4,,0.61,1.4,
1996-10-23,6.56,,,1.52,16.45,,0.62,1.43,
1996-10-24,6.57,,,1.53,16.89,,0.63,1.43,
1996-10-25,6.54,,,1.52,17.29,,0.64,1.4,
1996-10-28,6.56,,,1.51,18.34,,0.64,1.37,
1996-10-29,6.4,,,1.55,18.28,,0.63,1.26,
1996-10-30,6.4,,,1.53,18.48,,0.61,1.26,
1996-10-31,6.37,,,1.54,18.11,,0.6,1.2,
1996-11-01,6.38,,,1.56,17.89,,0.59,1.21,
1996-11-04,6.36,,,1.56,18.04,,0.58,1.17,
1996-11-05,6.28,,,1.59,17.65,,0.54,1.11,
1996-11-06,6.3,,,1.56,16.97,,0.54,1.13,
1996-11-07,6.26,,,1.55,17.21,,0.51,1.1,
1996-11-08,6.29,,,1.53,15.78,,0.53,1.11,
1996-11-11,,,,,14.04,,,,
1996-11-12,6.19,,,1.56,15.36,,0.46,1.01,
1996-11-13,6.2,,,1.57,14.89,,0.49,1.03,
1996-11-14,6.15,,,1.58,13.79,,0.49,0.98,
1996-11-15,6.19,,,1.57,14.36,,0.51,1.03,
1996-11-18,6.2,,,1.58,15.12,,0.5,1.02,
1996-11-19,6.17,,,1.58,15.23,,0.49,1.0,
1996-11-20,6.14,,,1.58,15.94,,0.49,0.97,
1996-11-21,6.15,,,1.56,15.77,,0.48,0.97,
1996-11-22,6.15,,,1.62,14.92,,0.46,0.97,
1996-11-25,6.13,,,1.62,15.91,,0.46,0.95,
1996-11-26,6.13,,,1.64,16.97,,0.47,0.97,
1996-11-27,6.14,,,1.63,16.96,,0.48,0.99,
1996-11-28,,,,,,,,,
1996-11-29,6.06,,,1.65,17.14,,0.47,0.93,
1996-12-02,6.08,,,1.65,17.93,,0.47,1.0,
1996-12-03,6.06,,,1.67,18.68,,0.45,1.01,
1996-12-04,6.11,,,1.66,17.93,,0.47,1.08,
1996-12-05,6.22,,,1.63,18.14,,0.51,1.18,
1996-12-06,6.26,,,1.62,18.82,,0.53,1.23,
1996-12-09,6.21,,,1.62,17.75,,0.51,1.25,
1996-12-10,6.23,,,1.61,17.88,,0.52,1.27,
1996-12-11,6.38,,,1.56,19.68,,0.56,1.42,
1996-12-12,6.4,,,1.56,20.45,,0.56,1.43,
1996-12-13,6.33,,,1.58,21.09,,0.56,1.41,
1996-12-16,6.39,,,1.58,21.99,,0.57,1.42,
1996-12-17,6.42,,,1.58,20.77,,0.55,1.42,
1996-12-18,6.46,,,1.56,19.42,,0.57,1.43,
1996-12-19,6.36,,,1.59,18.77,,0.53,1.35,
1996-12-20,6.35,,,1.57,18.85,,0.52,1.33,
1996-12-23,6.34,,,1.58,19.5,,0.49,1.24,
1996-12-24,6.36,,,1.55,18.68,,0.51,1.27,
1996-12-25,,,,,,,,,
1996-12-26,6.35,,,1.57,18.59,,0.5,1.25,
1996-12-27,6.3,,,1.57,19.13,,0.49,1.19,
1996-12-30,6.31,,,1.55,19.51,,0.51,1.1,
1996-12-31,6.43,,,1.54,20.92,,0.55,1.22,
1997-01-01,,,,,,,,,
1997-01-02,6.54,,,1.52,21.14,,0.57,1.35,
1997-01-03,6.52,,,1.53,19.13,,0.57,1.35,
1997-01-06,6.54,,,1.53,19.89,,0.57,1.37,
1997-01-07,6.57,,,1.55,19.35,,0.59,1.41,
1997-01-08,6.6,,,1.53,20.24,,0.59,1.44,
1997-01-09,6.52,,,1.54,20.91,,0.58,1.39,
1997-01-10,6.63,,,1.52,19.63,,0.57,1.46,
1997-01-13,6.63,,,1.48,19.84,,0.56,1.55,
1997-01-14,6.53,,,1.51,19.27,,0.55,1.34,
1997-01-15,6.53,,,1.51,19.4,,0.55,1.37,
1997-01-16,6.57,,,1.52,19.61,,0.57,1.41,
1997-01-17,6.56,,,1.52,18.63,,0.56,1.42,
1997-01-20,,,,,18.6,,,,
1997-01-21,6.52,,,1.56,17.81,,0.53,1.34,
1997-01-22,6.56,,,1.52,17.09,,0.56,1.38,
1997-01-23,6.6,,,1.49,18.47,,0.54,1.42,
1997-01-24,6.64,,,1.51,19.33,,0.57,1.48,
1997-01-27,6.69,,,1.49,20.16,,0.58,1.48,
1997-01-28,6.64,,,1.51,20.74,,0.6,1.46,
1997-01-29,6.63,,,1.51,20.23,,0.59,1.45,
1997-01-30,6.61,,,1.51,19.47,,0.6,1.43,
1997-01-31,6.53,,,1.5,,,0.59,1.38,
1997-02-03,6.47,,,1.51,19.58,,0.58,1.35,
1997-02-04,6.45,,,1.51,19.43,,0.57,1.35,
1997-02-05,6.47,,,1.51,21.06,,0.56,1.34,
1997-02-06,6.49,,,1.51,20.16,,0.58,1.35,
1997-02-07,6.43,,,1.54,18.9,,0.57,1.29,
1997-02-10,6.43,,,1.54,20.65,,0.56,1.26,
1997-02-11,6.43,,,1.48,19.97,,0.55,1.29,
1997-02-12,6.39,,,1.53,19.48,,0.49,1.23,
1997-02-13,6.32,,,1.54,19.23,,0.49,1.19,
1997-02-14,6.28,,,1.53,19.18,,0.49,1.18,
1997-02-17,,,,,,,,,
1997-02-18,6.28,,,1.54,19.7,,0.48,1.16,
1997-02-19,6.3,,,1.55,20.61,,0.48,1.19,
1997-02-20,6.38,,,1.51,21.41,,0.53,1.28,
1997-02-21,6.36,,,1.55,20.55,,0.51,1.27,
1997-02-24,6.39,,,1.54,19.84,,0.5,1.23,
1997-02-25,6.4,,,1.54,19.98,,0.5,1.27,
1997-02-26,6.56,,,1.5,20.74,,0.5,1.34,
1997-02-27,6.58,,,1.5,21.08,,0.49,1.36,
1997-02-28,6.56,,,1.49,21.1,,0.47,1.34,
1997-03-03,6.58,,,1.51,20.89,,0.47,1.34,
1997-03-04,6.6,,,1.5,20.62,,0.49,1.35,
1997-03-05,6.6,,,1.49,19.49,,0.47,1.39,
1997-03-06,6.62,,,1.51,20.48,,0.47,1.39,
1997-03-07,6.57,,,1.53,19.32,,0.47,1.35,
1997-03-10,6.56,,,1.53,19.0,,0.46,1.36,
1997-03-11,6.57,,,1.54,19.25,,0.48,1.39,
1997-03-12,6.6,,,1.52,19.61,,0.48,1.39,
1997-03-13,6.72,,,1.5,19.79,,0.51,1.46,
1997-03-14,6.71,,,1.48,19.81,,0.53,1.47,
1997-03-17,6.72,,,1.48,20.95,,0.5,1.47,
1997-03-18,6.72,,,1.48,21.26,,0.5,1.47,
1997-03-19,6.74,,,1.51,21.74,,0.5,1.45,
1997-03-20,6.75,,,1.49,21.22,,0.48,1.41,
1997-03-21,6.74,,,1.49,19.69,,0.45,1.33,
1997-03-24,6.72,,,1.48,20.06,,0.43,1.32,
1997-03-25,6.75,,,1.47,19.26,,0.42,1.31,
1997-03-26,6.8,,,1.43,18.32,,0.42,1.45,
1997-03-27,6.9,,,1.42,20.5,,0.45,1.53,
1997-03-28,,,,,,,,,
1997-03-31,6.92,,,1.4,22.14,,0.47,1.57,
1997-04-01,6.9,,,1.41,20.84,,0.48,1.58,
1997-04-02,6.88,,,1.43,21.3,,0.46,1.58,
1997-04-03,6.86,,,1.45,21.19,,0.46,1.59,
1997-04-04,6.92,,,1.46,19.23,,0.48,1.63,
1997-04-07,6.87,,,1.47,18.51,,0.46,1.61,
1997-04-08,6.91,,,1.44,18.44,,0.47,1.66,
1997-04-09,6.91,,,1.44,18.56,,0.47,1.67,
1997-04-10,6.91,,,1.44,19.01,,0.45,1.62,
1997-04-11,6.98,,,1.42,19.76,,0.45,1.67,
1997-04-14,6.98,,,1.42,19.09,,0.44,1.68,
1997-04-15,6.88,,,1.45,18.25,,0.43,1.57,
1997-04-16,6.9,,,1.44,17.64,,0.41,1.61,
1997-04-17,6.86,,,1.45,18.71,,0.42,1.57,
1997-04-18,6.84,,,1.48,18.75,,0.42,1.55,
1997-04-21,6.87,,,1.48,20.1,,0.41,1.51,
1997-04-22,6.84,,,1.47,19.52,,0.41,1.48,
1997-04-23,6.89,,,1.45,20.48,,0.42,1.52,
1997-04-24,6.93,,,1.43,20.83,,0.41,1.61,
1997-04-25,6.94,,,1.45,21.15,,0.4,1.63,
1997-04-28,6.92,,,1.46,21.34,,0.41,1.57,
1997-04-29,6.77,,,1.49,19.81,,0.43,1.43,
1997-04-30,6.72,,,1.5,20.06,,0.43,1.44,
1997-05-01,6.69,,,1.52,19.87,,0.42,1.45,
1997-05-02,6.68,,,1.53,17.51,,0.42,1.44,
1997-05-05,6.67,,,1.51,20.13,,0.39,1.45,
1997-05-06,6.67,,,1.49,20.85,,0.38,1.46,
1997-05-07,6.76,,,1.46,21.34,,0.4,1.54,
1997-05-08,6.72,,,1.46,21.26,,0.39,1.51,
1997-05-09,6.67,,,1.5,20.11,,0.43,1.48,
1997-05-12,6.65,,,1.51,20.25,,0.42,1.41,
1997-05-13,6.71,,,1.48,20.81,,0.41,1.47,
1997-05-14,6.68,,,1.49,21.09,,0.42,1.49,
1997-05-15,6.67,,,1.48,19.91,,0.42,1.54,
1997-05-16,6.7,,,1.47,21.57,,0.42,1.5,
1997-05-19,6.71,,,1.47,21.48,,0.43,1.33,
1997-05-20,6.7,,,1.48,19.26,,0.45,1.31,
1997-05-21,6.74,,,1.49,19.28,,0.49,1.62,
1997-05-22,6.76,,,1.49,18.77,,0.49,1.58,
1997-05-23,6.74,,,1.51,18.08,,0.49,1.56,
1997-05-26,,,,,,,,,
1997-05-27,6.79,,,1.5,19.36,,0.49,1.61,
1997-05-28,6.8,,,1.48,19.28,,0.46,1.62,
1997-05-29,6.75,,,1.5,19.02,,0.45,1.72,
1997-05-30,6.67,,,1.51,19.19,,0.45,1.71,
1997-06-02,6.66,,,1.5,20.85,,0.43,1.59,
1997-06-03,6.63,,,1.51,20.01,,0.43,1.58,
1997-06-04,6.62,,,1.51,20.1,,0.42,1.53,
1997-06-05,6.62,,,1.52,20.36,,0.42,1.51,
1997-06-06,6.51,,,1.55,18.94,,0.39,1.44,
1997-06-09,6.55,,,1.55,19.46,,0.4,1.49,
1997-06-10,6.57,,,1.55,19.04,,0.4,1.52,
1997-06-11,6.56,,,1.54,18.85,,0.37,1.58,
1997-06-12,6.48,,,1.53,18.51,,0.41,1.51,
1997-06-13,6.43,,,1.54,19.27,,0.4,1.43,
1997-06-16,6.4,,,1.55,19.77,,0.38,1.37,
1997-06-17,6.43,,,1.54,20.17,,0.38,1.38,
1997-06-18,6.4,,,1.54,20.45,,0.38,1.37,
1997-06-19,6.4,,,1.54,20.1,,0.36,1.32,
1997-06-20,6.37,,,1.52,20.2,,0.35,1.29,
1997-06-23,6.4,,,1.54,21.19,,0.36,1.34,
1997-06-24,6.42,,,1.51,20.74,,0.39,1.35,
1997-06-25,6.45,,,1.51,21.5,,0.4,1.38,
1997-06-26,6.5,,,1.5,21.82,,0.45,1.33,
1997-06-27,6.46,,,1.51,21.22,,0.43,1.31,
1997-06-30,6.51,,,1.5,21.53,,0.43,1.26,
1997-07-01,6.45,,,1.51,21.0,,0.43,1.27,
1997-07-02,6.42,,,1.52,19.7,,0.4,1.22,
1997-07-03,6.31,,,1.55,17.82,,0.38,1.17,
1997-07-04,,,,,,,,,
1997-07-07,6.27,,,1.55,19.13,,0.35,1.15,
1997-07-08,6.27,,,1.54,18.76,,0.35,1.15,
1997-07-09,6.25,,,1.53,20.4,,0.35,1.14,
1997-07-10,6.26,,,1.53,19.92,,0.35,1.11,
1997-07-11,6.23,,,1.54,19.06,,0.34,1.09,
1997-07-14,6.26,,,1.52,19.58,,0.32,1.04,
1997-07-15,6.26,,,1.52,19.0,,0.34,1.04,
1997-07-16,6.2,,,1.53,19.36,,0.33,1.03,
1997-07-17,6.19,,,1.54,20.54,,0.32,1.01,
1997-07-18,6.24,,,1.52,22.28,,0.33,1.0,
1997-07-21,6.27,,,1.52,23.51,,0.33,1.0,
1997-07-22,6.15,,,1.54,21.77,,0.25,0.97,
1997-07-23,6.14,,,1.52,21.3,,0.29,0.94,
1997-07-24,6.16,,,1.51,20.96,,0.29,0.93,
1997-07-25,6.18,,,1.51,20.82,,0.31,0.94,
1997-07-28,6.16,,,1.5,21.84,,0.3,0.92,
1997-07-29,6.11,,,1.52,22.02,,0.32,0.87,
1997-07-30,6.05,,,1.53,21.39,,0.29,0.81,
1997-07-31,6.02,,,1.54,21.48,,0.28,0.77,
1997-08-01,6.2,,,1.49,22.29,,0.31,0.92,
1997-08-04,6.23,,,1.5,21.94,,0.32,0.94,
1997-08-05,6.23,,,1.5,20.64,,0.3,0.94,
1997-08-06,6.21,,,1.5,20.05,,0.3,0.92,
1997-08-07,6.24,,,1.5,19.77,,0.31,0.94,
1997-08-08,6.38,,,1.51,22.46,,0.36,1.09,
1997-08-11,6.36,,,1.5,22.77,,0.37,1.05,
1997-08-12,6.39,,,1.48,23.75,,0.39,1.08,
1997-08-13,6.36,,,1.52,24.52,,0.41,1.04,
1997-08-14,6.27,,,1.58,23.11,,0.35,0.93,
1997-08-15,6.27,,,1.58,24.45,,0.4,0.98,
1997-08-18,6.21,,,1.63,24.37,,0.39,0.98,
1997-08-19,6.21,,,1.62,22.64,,0.36,0.96,
1997-08-20,6.24,,,1.59,21.09,,0.36,1.0,
1997-08-21,6.3,,,1.55,23.83,,0.35,1.03,
1997-08-22,6.38,,,1.5,24.74,,0.4,1.13,
1997-08-25,6.39,,,1.52,24.1,,0.38,1.11,
1997-08-26,6.38,,,1.45,24.73,,0.39,1.1,
1997-08-27,6.38,,,1.44,24.26,,0.37,1.1,
1997-08-28,6.3,,,1.48,24.51,,0.36,1.06,
1997-08-29,6.34,,,1.44,24.76,,0.37,1.1,
1997-09-01,,,,,,,,,
1997-09-02,6.31,,,1.46,24.53,,0.37,1.1,
1997-09-03,6.33,,,1.45,24.95,,0.37,1.19,
1997-09-04,6.33,,,1.45,25.27,,0.35,1.19,
1997-09-05,6.37,,,1.44,24.31,,0.39,1.2,
1997-09-08,6.33,,,1.47,24.4,,0.35,1.17,
1997-09-09,6.34,,,1.46,23.89,,0.36,1.18,
1997-09-10,6.37,,,1.45,24.64,,0.37,1.26,
1997-09-11,6.39,,,1.46,25.99,,0.39,1.26,
1997-09-12,6.29,,,1.48,25.17,,0.36,1.19,
1997-09-15,6.28,,,1.49,25.74,,0.35,1.2,
1997-09-16,6.11,,,1.56,23.77,,0.3,1.02,
1997-09-17,6.1,,,1.54,24.1,,0.31,1.0,
1997-09-18,6.11,,,1.53,23.48,,0.3,1.01,
1997-09-19,6.09,,,1.55,22.74,,0.28,1.03,
1997-09-22,6.06,,,1.56,22.08,,0.27,1.04,
1997-09-23,6.1,,,1.54,22.0,,0.3,1.08,
1997-09-24,6.04,,,1.55,22.64,,0.26,1.1,
1997-09-25,6.13,,,1.52,22.96,,0.28,1.2,
1997-09-26,6.08,,,1.55,22.26,,0.28,1.09,
1997-09-29,6.1,,,1.54,22.23,,0.3,1.03,
1997-09-30,6.12,,,1.54,22.91,,0.32,1.06,
1997-10-01,6.04,,,1.55,22.32,,0.29,0.94,
1997-10-02,6.01,,,1.57,22.27,,0.28,0.94,
1997-10-03,6.01,,,1.57,21.54,,0.29,0.98,
1997-10-06,5.96,,,1.6,21.61,,0.28,0.88,
1997-10-07,5.94,,,1.59,20.29,,0.27,0.88,
1997-10-08,6.08,,,1.55,20.77,,0.29,0.99,
1997-10-09,6.09,,,1.54,22.31,,0.29,0.95,
1997-10-10,6.15,,,1.51,19.75,,0.29,1.01,
1997-10-13,,,,,20.26,,,,
1997-10-14,6.07,,,1.55,19.99,,0.26,0.99,
1997-10-15,6.1,,,1.54,20.05,,0.26,1.04,
1997-10-16,6.09,,,1.55,20.53,,0.25,1.02,
1997-10-17,6.17,,,1.47,21.69,,0.26,1.11,
1997-10-20,6.15,,,1.52,20.72,,0.25,1.06,
1997-10-21,6.14,,,1.45,19.53,,0.22,1.07,
1997-10-22,6.12,,,1.47,19.86,,0.21,0.96,
1997-10-23,6.04,,,1.45,22.99,,0.25,0.91,
1997-10-24,6.01,,,1.48,23.17,,0.22,0.86,
1997-10-27,5.91,,,1.61,31.12,,0.29,0.83,
1997-10-28,5.98,,,1.56,31.22,,0.24,0.73,
1997-10-29,5.91,,,1.59,33.75,,0.24,0.72,
1997-10-30,5.84,,,1.61,38.2,,0.23,0.67,
1997-10-31,5.84,,,1.6,35.09,,0.21,0.63,
1997-11-03,5.91,,,1.56,32.09,,0.22,0.65,
1997-11-04,5.95,,,1.51,32.24,,0.22,0.7,
1997-11-05,5.95,,,1.55,32.18,,0.22,0.68,
1997-11-06,5.9,,,1.56,32.57,,0.2,0.59,
1997-11-07,5.9,,,1.56,36.27,,0.19,0.59,
1997-11-10,5.91,,,1.55,36.63,,0.18,0.59,
1997-11-11,,,,,36.38,,,,
1997-11-12,5.89,,,1.56,37.84,,0.19,0.59,
1997-11-13,5.87,,,1.55,36.64,,0.17,0.6,
1997-11-14,5.86,,,1.56,33.66,,0.16,0.59,
1997-11-17,5.85,,,1.56,31.58,,0.15,0.54,
1997-11-18,5.85,,,1.54,31.55,,0.14,0.54,
1997-11-19,5.82,,,1.54,29.93,,0.12,0.54,
1997-11-20,5.84,,,1.54,27.32,,0.11,0.56,
1997-11-21,5.82,,,1.55,26.65,,0.14,0.57,
1997-11-24,5.86,,,1.54,29.8,,0.15,0.57,
1997-11-25,5.85,,,1.53,28.95,,0.14,0.55,
1997-11-26,5.86,,,1.51,,,0.12,0.6,
1997-11-27,,,,,,,,,
1997-11-28,5.86,,,1.52,27.43,,0.1,0.64,
1997-12-01,5.86,,,1.49,26.01,,0.08,0.59,
1997-12-02,5.86,,,1.49,25.66,,0.08,0.6,
1997-12-03,5.83,,,1.52,23.92,,0.09,0.57,
1997-12-04,5.84,,,1.52,23.84,,0.13,0.57,
1997-12-05,5.92,,,1.48,22.65,,0.12,0.62,
1997-12-08,5.96,,,1.47,23.22,,0.11,0.67,
1997-12-09,5.95,,,1.5,23.36,,0.14,0.68,
1997-12-10,5.9,,,1.52,24.55,,0.15,0.69,
1997-12-11,5.82,,,1.53,27.63,,0.14,0.62,
1997-12-12,5.74,,,1.56,27.92,,0.11,0.56,
1997-12-15,5.78,,,1.54,27.37,,0.1,0.55,
1997-12-16,5.77,,,1.53,26.11,,0.09,0.54,
1997-12-17,5.81,,,1.52,26.33,,0.11,0.56,
1997-12-18,5.76,,,1.53,27.19,,0.08,0.52,
1997-12-19,5.72,,,1.54,29.18,,0.06,0.39,
1997-12-22,5.72,,,1.53,28.56,,0.03,0.26,
1997-12-23,5.73,,,1.53,29.86,,0.04,0.27,
1997-12-24,5.76,,,1.5,30.27,,0.09,0.38,
1997-12-25,,,,,,,,,
1997-12-26,5.75,,,1.51,29.27,,0.06,0.4,
1997-12-29,5.76,,,1.52,26.79,,0.07,0.31,
1997-12-30,5.8,,,1.52,24.38,,0.09,0.35,
1997-12-31,5.75,,,1.53,24.01,,0.09,0.39,
1998-01-01,,,,,,,,,
1998-01-02,5.67,,,1.54,23.42,,0.08,0.35,
1998-01-05,5.52,,,1.6,24.36,,0.05,0.29,
1998-01-06,5.49,,,1.63,25.66,,0.1,0.27,
1998-01-07,5.55,,,1.62,25.07,,0.13,0.32,
1998-01-08,5.49,,,1.64,26.01,,0.18,0.36,
1998-01-09,5.4,,,1.71,28.69,,0.23,0.35,
1998-01-12,5.39,,,1.71,28.02,,0.19,0.27,
1998-01-13,5.41,,,1.71,25.17,,0.16,0.24,
1998-01-14,5.45,,,1.68,23.75,,0.16,0.27,
1998-01-15,5.48,,,1.66,23.45,,0.19,0.35,
1998-01-16,5.54,,,1.67,21.65,,0.19,0.39,
1998-01-19,,,,,,,,,
1998-01-20,5.57,,,1.64,21.65,,0.2,0.43,
1998-01-21,5.54,,,1.66,22.53,,0.21,0.41,
1998-01-22,5.56,,,1.67,23.16,,0.26,0.43,
1998-01-23,5.7,,,1.63,23.32,,0.28,0.53,
1998-01-26,5.63,,,1.65,23.97,,0.24,0.41,
1998-01-27,5.7,,,1.62,22.27,,0.24,0.46,
1998-01-28,5.69,,,1.65,22.06,,0.23,0.46,
1998-01-29,5.58,,,1.67,21.65,,0.22,0.38,
1998-01-30,5.53,,,1.68,21.47,,0.21,0.34,
1998-02-02,5.57,,,1.68,21.36,,0.21,0.31,
1998-02-03,5.56,,,1.69,20.67,,0.22,0.3,
1998-02-04,5.57,,,1.68,20.55,,0.25,0.46,
1998-02-05,5.62,,,1.68,21.29,,0.26,0.48,
1998-02-06,5.62,,,1.68,20.51,,0.24,0.45,
1998-02-09,5.65,,,1.69,21.55,,0.24,0.43,
1998-02-10,5.64,,,1.67,20.66,,0.23,0.43,
1998-02-11,5.53,,,1.72,20.38,,0.14,0.31,
1998-02-12,5.52,,,1.73,19.73,,0.13,0.3,
1998-02-13,5.49,,,1.72,19.84,,0.13,0.27,
1998-02-16,,,,,,,,,
1998-02-17,5.44,,,1.73,20.76,,0.1,0.24,
1998-02-18,5.49,,,1.7,19.66,,0.12,0.29,
1998-02-19,5.51,,,1.69,19.88,,0.12,0.3,
1998-02-20,5.54,,,1.68,19.0,,0.13,0.33,
1998-02-23,5.58,,,1.66,18.99,,0.12,0.3,
1998-02-24,5.69,,,1.61,19.35,,0.12,0.42,
1998-02-25,5.63,,,1.64,18.62,,0.08,0.32,
1998-02-26,5.65,,,1.63,18.63,,0.07,0.31,
1998-02-27,5.62,,,1.67,18.55,,0.07,0.3,
1998-03-02,5.72,,,1.65,19.19,,0.12,0.46,
1998-03-03,5.77,,,1.64,19.04,,0.13,0.54,
1998-03-04,5.76,,,1.64,19.58,,0.13,0.57,
1998-03-05,5.78,,,1.65,20.93,,0.16,0.6,
1998-03-06,5.73,,,1.64,19.14,,0.15,0.58,
1998-03-09,5.67,,,1.66,20.23,,0.1,0.56,
1998-03-10,5.67,,,1.65,19.43,,0.12,0.58,
1998-03-11,5.63,,,1.69,18.89,,0.1,0.54,
1998-03-12,5.56,,,1.69,18.25,,0.06,0.48,
1998-03-13,5.58,,,1.69,18.71,,0.08,0.49,
1998-03-16,5.54,,,1.7,18.51,,0.07,0.42,
1998-03-17,5.56,,,1.71,18.66,,0.06,0.42,
1998-03-18,5.58,,,1.69,18.29,,0.06,0.41,
1998-03-19,5.58,,,1.71,17.76,,0.06,0.4,
1998-03-20,5.57,,,1.7,18.69,,0.05,0.38,
1998-03-23,5.57,,,1.7,19.98,,0.05,0.4,
1998-03-24,5.58,,,1.69,20.51,,0.08,0.41,
1998-03-25,5.64,,,1.67,22.54,,0.06,0.46,
1998-03-26,5.68,,,1.64,22.81,,0.06,0.46,
1998-03-27,5.68,,,1.66,23.47,,0.05,0.47,
1998-03-30,5.72,,,1.64,24.66,,0.07,0.54,
1998-03-31,5.67,,,1.67,24.22,,0.07,0.51,
1998-04-01,5.62,,,1.7,23.37,,0.07,0.5,
1998-04-02,5.56,,,1.71,21.98,,0.04,0.46,
1998-04-03,5.47,,,1.74,21.82,,0.05,0.39,
1998-04-06,5.51,,,1.73,22.47,,0.06,0.41,
1998-04-07,5.53,,,1.73,23.66,,0.08,0.46,
1998-04-08,5.58,,,1.74,23.17,,0.09,0.52,
1998-04-09,5.59,,,1.71,21.51,,0.09,0.52,
1998-04-10,,,,,,,,,
1998-04-13,5.66,,,1.69,22.77,,0.07,0.47,
1998-04-14,5.63,,,1.7,21.61,,0.06,0.47,
1998-04-15,5.6,,,1.71,20.89,,0.05,0.52,
1998-04-16,5.59,,,1.7,22.06,,0.06,0.55,
1998-04-17,5.59,,,1.7,20.76,,0.05,0.54,
1998-04-20,5.65,,,1.68,20.39,,0.08,0.57,
1998-04-21,5.68,,,1.67,19.91,,0.08,0.61,
1998-04-22,5.68,,,1.69,19.44,,0.08,0.59,
1998-04-23,5.69,,,1.68,20.6,,0.08,0.6,
1998-04-24,5.67,,,1.68,21.97,,0.06,0.59,
1998-04-27,5.8,,,1.65,26.09,,0.09,0.72,
1998-04-28,5.8,,,1.64,24.17,,0.11,0.74,
1998-04-29,5.81,,,1.64,22.78,,0.1,0.74,
1998-04-30,5.68,,,1.66,21.18,,0.09,0.68,
1998-05-01,5.67,,,1.66,19.34,,0.08,0.65,
1998-05-04,5.67,,,1.66,20.32,,0.08,0.57,
1998-05-05,5.7,,,1.66,21.46,,0.09,0.59,
1998-05-06,5.67,,,1.66,22.79,,0.11,0.56,
1998-05-07,5.67,,,1.67,23.39,,0.11,0.55,
1998-05-08,5.71,,,1.63,20.57,,0.1,0.57,
1998-05-11,5.79,,,1.62,21.05,,0.13,0.65,
1998-05-12,5.7,,,1.64,20.98,,0.11,0.58,
1998-05-13,5.64,,,1.69,20.44,,0.05,0.52,
1998-05-14,5.67,,,1.68,19.64,,0.04,0.49,
1998-05-15,5.68,,,1.63,20.44,,0.05,0.5,
1998-05-18,5.64,,,1.63,21.69,,0.05,0.44,
1998-05-19,5.65,,,1.64,20.39,,0.06,0.42,
1998-05-20,5.61,,,1.64,19.89,,0.04,0.4,
1998-05-21,5.65,,,1.63,19.38,,0.02,0.41,
1998-05-22,5.64,,,1.62,18.99,,0.01,0.42,
1998-05-25,,,,,,,,,
1998-05-26,5.59,,,1.63,22.07,,-0.02,0.42,
1998-05-27,5.56,,,1.65,22.59,,0.03,0.47,
1998-05-28,5.58,,,1.63,20.74,,0.01,0.51,
1998-05-29,5.56,,,1.63,21.32,,0.03,0.53,
1998-06-01,5.53,,,1.64,22.83,,0.01,0.45,
1998-06-02,5.56,,,1.63,22.0,,0.03,0.48,
1998-06-03,5.57,,,1.62,22.85,,0.02,0.44,
1998-06-04,5.59,,,1.61,21.22,,0.01,0.47,
1998-06-05,5.58,,,1.6,19.78,,0.0,0.46,
1998-06-08,5.58,,,1.6,20.58,,0.0,0.42,
1998-06-09,5.59,,,1.59,20.52,,-0.01,0.42,
1998-06-10,5.51,,,1.61,21.48,,-0.04,0.37,
1998-06-11,5.44,,,1.64,23.57,,-0.01,0.33,
1998-06-12,5.43,,,1.65,22.78,,0.0,0.3,
1998-06-15,5.38,,,1.66,25.94,,-0.05,0.22,
1998-06-16,5.45,,,1.63,24.8,,-0.05,0.25,
1998-06-17,5.54,,,1.61,22.89,,-0.01,0.31,
1998-06-18,5.5,,,1.62,22.4,,-0.03,0.31,
1998-06-19,5.47,,,1.65,21.92,,-0.05,0.3,
1998-06-22,5.46,,,1.64,21.94,,-0.06,0.35,
1998-06-23,5.45,,,1.67,20.17,,-0.04,0.35,
1998-06-24,5.46,,,1.68,20.02,,-0.03,0.42,
1998-06-25,5.46,,,1.68,20.25,,-0.07,0.44,
1998-06-26,5.46,,,1.67,19.36,,-0.05,0.45,
1998-06-29,5.47,,,1.66,19.57,,-0.04,0.31,
1998-06-30,5.44,,,1.67,19.71,,-0.05,0.34,
1998-07-01,5.44,,,1.67,18.0,,-0.02,0.35,
1998-07-02,5.42,,,1.67,17.67,,-0.02,0.35,
1998-07-03,,,,,,,,,
1998-07-06,5.39,,,1.68,18.63,,-0.04,0.3,
1998-07-07,5.42,,,1.67,18.62,,-0.02,0.34,
1998-07-08,5.43,,,1.68,17.82,,-0.01,0.34,
1998-07-09,5.41,,,1.68,18.16,,-0.02,0.34,
1998-07-10,5.42,,,1.68,17.92,,0.01,0.36,
1998-07-13,5.46,,,1.69,18.26,,0.02,0.33,
1998-07-14,5.49,,,1.69,17.88,,0.03,0.33,
1998-07-15,5.48,,,1.69,17.89,,0.02,0.34,
1998-07-16,5.5,,,1.68,16.97,,0.04,0.33,
1998-07-17,5.51,,,1.68,16.23,,0.05,0.37,
1998-07-20,5.48,,,1.7,17.34,,0.02,0.39,
1998-07-21,5.45,,,1.69,20.1,,-0.01,0.36,
1998-07-22,5.46,,,1.69,20.32,,-0.02,0.39,
1998-07-23,5.45,,,1.69,23.01,,-0.01,0.36,
1998-07-24,5.45,,,1.7,23.01,,-0.03,0.37,
1998-07-27,5.47,,,1.7,23.13,,-0.01,0.41,
1998-07-28,5.5,,,1.67,25.25,,0.04,0.43,
1998-07-29,5.52,,,1.71,24.79,,0.03,0.45,
1998-07-30,5.5,,,1.71,22.66,,0.01,0.43,
1998-07-31,5.5,,,1.71,24.8,,0.01,0.4,
1998-08-03,5.46,,,1.7,25.98,,0.0,0.33,
1998-08-04,5.43,,,1.72,31.06,,0.0,0.33,
1998-08-05,5.43,,,1.72,29.83,,0.04,0.35,
1998-08-06,5.44,,,1.72,28.2,,0.05,0.41,
1998-08-07,5.4,,,1.73,27.02,,0.06,0.41,
1998-08-10,5.41,,,1.72,28.75,,0.07,0.34,
1998-08-11,5.37,,,1.74,31.91,,0.06,0.34,
1998-08-12,5.4,,,1.75,28.55,,0.08,0.38,
1998-08-13,5.44,,,1.73,29.92,,0.07,0.4,
1998-08-14,5.4,,,1.74,34.34,,0.06,0.37,
1998-08-17,5.4,,,1.74,31.86,,0.06,0.33,
1998-08-18,5.41,,,1.73,28.4,,0.05,0.35,
1998-08-19,5.42,,,1.74,28.69,,0.08,0.35,
1998-08-20,5.38,,,1.74,30.0,,0.06,0.34,
1998-08-21,5.32,,,1.8,33.14,,0.07,0.31,
1998-08-24,5.3,,,1.82,31.8,,0.08,0.22,
1998-08-25,5.25,,,1.9,30.33,,0.07,0.16,
1998-08-26,5.26,,,1.91,31.14,,0.14,0.2,
1998-08-27,5.12,,,2.05,38.55,,0.14,0.13,
1998-08-28,5.09,,,2.07,39.6,,0.16,0.18,
1998-08-31,5.05,,,2.06,44.28,,0.14,0.09,
1998-09-01,5.05,,,2.09,36.48,,0.19,0.13,
1998-09-02,5.1,,,2.04,36.76,,0.14,0.19,
1998-09-03,5.03,,,2.08,41.43,,0.12,0.2,
1998-09-04,5.02,,,2.07,43.31,,0.11,0.16,
1998-09-07,,,,,,,,,
1998-09-08,5.04,,,2.09,37.9,,0.13,0.1,
1998-09-09,4.95,,,2.13,39.66,,0.16,0.07,
1998-09-10,4.76,,,2.25,45.29,,0.19,-0.02,
1998-09-11,4.85,,,2.23,43.74,,0.17,-0.02,
1998-09-14,4.87,,,2.24,38.57,,0.15,0.04,
1998-09-15,4.9,,,2.22,36.58,,0.17,0.11,
1998-09-16,4.88,,,2.24,35.94,,0.13,0.14,
1998-09-17,4.8,,,2.29,39.23,,0.1,0.1,
1998-09-18,4.7,,,2.37,38.63,,0.09,0.07,
1998-09-21,4.69,,,2.38,38.58,,0.06,-0.13,
1998-09-22,4.73,,,2.35,36.62,,0.07,-0.08,
1998-09-23,4.69,,,2.38,32.47,,0.17,0.02,
1998-09-24,4.64,,,2.42,34.66,,0.21,0.09,
1998-09-25,4.6,,,2.48,34.55,,0.17,0.08,
1998-09-28,4.61,,,2.49,34.87,,0.16,0.05,
1998-09-29,4.59,,,2.5,36.08,,0.12,0.05,
1998-09-30,4.44,,,2.57,40.95,,0.14,0.07,
1998-10-01,4.33,,,2.62,43.48,,0.16,0.1,
1998-10-02,4.31,,,2.6,40.47,,0.14,0.09,
1998-10-05,4.16,,,2.69,42.81,,0.12,-0.07,
1998-10-06,4.24,,,2.66,41.2,,0.14,0.06,
1998-10-07,4.34,,,2.62,43.51,,0.22,0.19,
1998-10-08,4.56,,,2.65,45.74,,0.46,0.67,
1998-10-09,4.77,,,2.56,42.2,,0.58,0.89,
1998-10-12,,,,,40.07,,,,
1998-10-13,4.73,,,2.58,40.23,,0.6,0.74,
1998-10-14,4.58,,,2.65,38.96,,0.5,0.56,
1998-10-15,4.58,,,2.68,33.34,,0.45,0.43,
1998-10-16,4.44,,,2.77,34.82,,0.58,0.79,
1998-10-19,4.47,,,2.74,33.13,,0.57,0.53,
1998-10-20,4.57,,,2.7,33.11,,0.59,0.62,
1998-10-21,4.59,,,2.67,33.21,,0.47,0.59,
1998-10-22,4.62,,,2.69,31.53,,0.46,0.64,
1998-10-23,4.7,,,2.64,32.27,,0.5,0.73,
1998-10-26,4.73,,,2.57,32.38,,0.5,0.67,
1998-10-27,4.63,,,2.61,32.95,,0.51,0.57,
1998-10-28,4.6,,,2.66,32.42,,0.59,0.32,
1998-10-29,4.54,,,2.69,29.5,,0.54,0.22,
1998-10-30,4.64,,,2.65,28.05,,0.52,0.31,
1998-11-02,4.77,,,2.61,27.26,,0.51,0.23,
1998-11-03,4.78,,,2.6,27.76,,0.53,0.28,
1998-11-04,4.83,,,2.6,27.37,,0.4,0.27,
1998-11-05,4.82,,,2.61,26.01,,0.35,0.24,
1998-11-06,4.93,,,2.54,25.7,,0.34,0.29,
1998-11-09,4.88,,,2.46,28.09,,0.31,0.3,
1998-11-10,4.81,,,2.54,28.17,,0.31,0.27,
1998-11-11,,,,,28.47,,,,
1998-11-12,4.77,,,2.56,29.28,,0.3,0.29,
1998-11-13,4.82,,,2.52,29.03,,0.28,0.35,
1998-11-16,4.85,,,2.52,28.9,,0.29,0.33,
1998-11-17,4.87,,,2.49,27.95,,0.29,0.45,
1998-11-18,4.85,,,2.5,27.13,,0.22,0.41,
1998-11-19,4.85,,,2.46,25.5,,0.19,0.39,
1998-11-20,4.82,,,2.46,22.47,,0.16,0.36,
1998-11-23,4.84,,,2.46,21.84,,0.21,0.25,
1998-11-24,4.85,,,2.44,23.28,,0.21,0.23,
1998-11-25,4.83,,,2.44,22.15,,0.17,0.26,
1998-11-26,,,,,,,,,
1998-11-27,4.81,,,2.44,22.09,,0.19,0.26,
1998-11-30,4.74,,,2.45,26.01,,0.2,0.17,
1998-12-01,4.67,,,2.51,24.97,,0.23,0.18,
1998-12-02,4.59,,,2.57,25.43,,0.23,0.11,
1998-12-03,4.58,,,2.6,28.7,,0.22,0.13,
1998-12-04,4.62,,,2.6,25.31,,0.16,0.14,
1998-12-07,4.69,,,2.53,24.9,,0.15,0.23,
1998-12-08,4.6,,,2.59,25.58,,0.14,0.17,
1998-12-09,4.56,,,2.6,25.66,,0.14,0.13,
1998-12-10,4.53,,,2.63,26.81,,0.14,0.05,
1998-12-11,4.61,,,2.6,27.72,,0.15,0.11,
1998-12-14,4.58,,,2.61,31.31,,0.16,0.09,
1998-12-15,4.62,,,2.6,29.42,,0.15,0.13,
1998-12-16,4.58,,,2.62,29.96,,0.18,0.12,
1998-12-17,4.58,,,2.62,27.96,,0.16,0.12,
1998-12-18,4.58,,,2.65,25.04,,0.13,0.09,
1998-12-21,4.64,,,2.59,23.86,,0.08,0.13,
1998-12-22,4.7,,,2.57,22.78,,0.11,0.2,
1998-12-23,4.81,,,2.51,20.21,,0.08,0.23,
1998-12-24,4.86,,,2.5,21.48,,0.08,0.29,
1998-12-25,,,,,,,,,
1998-12-28,4.78,,,2.53,23.5,,0.05,0.22,
1998-12-29,4.71,,,2.57,22.18,,0.11,0.12,
1998-12-30,4.65,,,2.61,23.34,,0.09,0.1,
1998-12-31,4.65,,,2.58,24.42,,0.11,0.17,
1999-01-01,,,,,,,,,
1999-01-04,4.69,,,2.61,26.17,,0.11,0.2,
1999-01-05,4.74,,,2.61,24.46,,0.1,0.26,
1999-01-06,4.73,,,2.59,23.34,,0.11,0.26,
1999-01-07,4.77,,,2.57,24.37,,0.14,0.33,
1999-01-08,4.86,,,2.51,23.28,,0.15,0.38,
1999-01-11,4.9,,,2.48,25.46,,0.16,0.39,
1999-01-12,4.82,,,2.53,28.1,,0.14,0.34,
1999-01-13,4.74,,,2.55,30.11,,0.13,0.29,
1999-01-14,4.63,,,2.6,32.98,,0.16,0.19,
1999-01-15,4.66,,,2.61,29.24,,0.1,0.22,
1999-01-18,,,,,,,,,
1999-01-19,4.71,,,2.56,29.24,,0.09,0.3,
1999-01-20,4.76,,,2.53,28.6,,0.1,0.39,
1999-01-21,4.7,,,2.57,30.92,,0.07,0.38,
1999-01-22,4.64,,,2.59,31.95,,0.05,0.28,
1999-01-25,4.67,,,2.58,31.13,,0.08,0.23,
1999-01-26,4.69,,,2.57,29.23,,0.06,0.23,
1999-01-27,4.68,,,2.58,29.73,,0.11,0.21,
1999-01-28,4.67,,,2.56,28.11,,0.09,0.18,
1999-01-29,4.66,,,2.55,26.25,,0.08,0.18,
1999-02-01,4.75,,,2.53,27.67,,0.1,0.22,
1999-02-02,4.79,,,2.53,28.16,,0.09,0.26,
1999-02-03,4.83,,,2.49,27.88,,0.11,0.35,
1999-02-04,4.89,,,2.48,29.48,,0.12,0.4,
1999-02-05,4.94,,,2.45,29.67,,0.14,0.44,
1999-02-08,4.94,,,2.45,30.27,,0.14,0.4,
1999-02-09,4.91,,,2.45,31.36,,0.12,0.38,
1999-02-10,4.9,,,2.46,30.45,,0.13,0.42,
1999-02-11,4.93,,,2.44,27.42,,0.13,0.43,
1999-02-12,5.06,,,2.31,29.76,,0.15,0.52,
1999-02-15,,,,,,,,,
1999-02-16,5.03,,,2.34,29.65,,0.1,0.47,
1999-02-17,4.98,,,2.37,30.65,,0.09,0.46,
1999-02-18,5.04,,,2.35,30.45,,0.11,0.51,
1999-02-19,5.07,,,2.34,29.3,,0.12,0.51,
1999-02-22,5.03,,,2.34,25.87,,0.12,0.38,
1999-02-23,5.1,,,2.31,26.49,,0.1,0.44,
1999-02-24,5.18,,,2.29,27.21,,0.13,0.51,
1999-02-25,5.32,,,2.24,28.01,,0.17,0.7,
1999-02-26,5.29,,,2.24,27.88,,0.16,0.63,
1999-03-01,5.4,,,2.21,28.37,,0.2,0.69,
1999-03-02,5.35,,,2.23,29.22,,0.17,0.69,
1999-03-03,5.39,,,2.24,29.04,,0.2,0.77,
1999-03-04,5.41,,,2.23,26.67,,0.21,0.79,
1999-03-05,5.34,,,2.24,24.08,,0.2,0.71,
1999-03-08,5.29,,,2.27,24.54,,0.17,0.65,
1999-03-09,5.18,,,2.32,25.02,,0.16,0.58,
1999-03-10,5.2,,,2.31,24.79,,0.16,0.6,
1999-03-11,5.21,,,2.31,24.37,,0.16,0.59,
1999-03-12,5.16,,,2.33,24.84,,0.16,0.56,
1999-03-15,5.15,,,2.32,25.24,,0.16,0.54,
1999-03-16,5.11,,,2.34,25.15,,0.14,0.56,
1999-03-17,5.14,,,2.34,25.57,,0.13,0.61,
1999-03-18,5.11,,,2.36,24.13,,0.12,0.6,
1999-03-19,5.17,,,2.33,24.32,,0.13,0.66,
1999-03-22,5.21,,,2.32,25.0,,0.13,0.69,
1999-03-23,5.2,,,2.33,27.27,,0.17,0.7,
1999-03-24,5.17,,,2.33,26.6,,0.19,0.67,
1999-03-25,5.21,,,2.32,24.33,,0.19,0.7,
1999-03-26,5.21,,,2.33,24.04,,0.22,0.7,
1999-03-29,5.28,,,2.29,23.54,,0.26,0.77,
1999-03-30,5.21,,,2.32,22.73,,0.24,0.73,
1999-03-31,5.25,,,2.31,23.26,,0.26,0.76,
1999-04-01,5.27,,,2.32,22.06,,0.26,0.83,
1999-04-02,5.2,,,2.33,,,0.24,0.77,
1999-04-05,5.2,,,2.32,22.19,,0.24,0.8,
1999-04-06,5.13,,,2.34,22.65,,0.2,0.71,
1999-04-07,5.14,,,2.33,22.81,,0.21,0.72,
1999-04-08,5.03,,,2.37,22.59,,0.17,0.63,
1999-04-09,5.05,,,2.35,21.77,,0.17,0.63,
1999-04-12,5.06,,,2.34,21.93,,0.13,0.74,
1999-04-13,5.12,,,2.31,22.73,,0.18,0.8,
1999-04-14,5.13,,,2.31,24.94,,0.18,0.83,
1999-04-15,5.18,,,2.27,23.93,,0.21,0.86,
1999-04-16,5.23,,,2.27,23.9,,0.21,0.89,
1999-04-19,5.18,,,2.29,26.42,,0.19,0.82,
1999-04-20,5.16,,,2.29,25.02,,0.21,0.78,
1999-04-21,5.17,,,2.29,23.31,,0.18,0.81,
1999-04-22,5.25,,,2.27,22.62,,0.2,0.85,
1999-04-23,5.26,,,2.26,22.76,,0.22,0.83,
1999-04-26,5.23,,,2.27,23.53,,0.19,0.76,
1999-04-27,5.22,,,2.26,23.36,,0.18,0.72,
1999-04-28,5.27,,,2.23,24.4,,0.25,0.76,
1999-04-29,5.22,,,2.24,25.06,,0.27,0.71,
1999-04-30,5.36,,,2.22,25.07,,0.28,0.81,
1999-05-03,5.38,,,2.2,24.15,,0.3,0.76,
1999-05-04,5.42,,,2.21,25.62,,0.3,0.79,
1999-05-05,5.4,,,2.21,25.19,,0.31,0.79,
1999-05-06,5.52,,,2.17,27.44,,0.33,0.9,
1999-05-07,5.54,,,2.17,25.36,,0.35,0.92,
1999-05-10,5.54,,,2.13,26.62,,0.39,0.94,
1999-05-11,5.59,,,2.12,25.62,,0.4,0.97,
1999-05-12,5.51,,,2.19,26.13,,0.32,0.91,
1999-05-13,5.41,,,2.2,25.02,,0.29,0.82,
1999-05-14,5.62,,,2.12,26.86,,0.32,0.98,
1999-05-17,5.66,,,2.09,27.28,,0.35,0.95,
1999-05-18,5.68,,,2.11,27.26,,0.3,1.02,
1999-05-19,5.6,,,2.14,25.08,,0.23,0.97,
1999-05-20,5.6,,,2.21,24.46,,0.25,0.99,
1999-05-21,5.52,,,2.23,24.4,,0.22,0.91,
1999-05-24,5.5,,,2.27,27.62,,0.22,0.86,
1999-05-25,5.49,,,2.27,28.9,,0.19,0.85,
1999-05-26,5.55,,,2.24,27.57,,0.22,0.89,
1999-05-27,5.62,,,2.19,28.12,,0.19,0.97,
1999-05-28,5.64,,,2.18,25.39,,0.22,0.98,
1999-05-31,,,,,,,,,
1999-06-01,5.78,,,2.12,26.62,,0.24,1.01,
1999-06-02,5.8,,,2.1,26.21,,0.25,1.06,
1999-06-03,5.8,,,2.12,26.2,,0.26,1.15,
1999-06-04,5.82,,,2.12,23.43,,0.26,1.25,
1999-06-07,5.81,,,2.13,23.78,,0.25,1.17,
1999-06-08,5.83,,,2.13,24.02,,0.26,1.21,
1999-06-09,5.87,,,2.1,23.9,,0.26,1.27,
1999-06-10,5.92,,,2.09,25.32,,0.26,1.25,
1999-06-11,6.02,,,2.07,25.9,,0.32,1.28,
1999-06-14,5.98,,,2.08,26.51,,0.32,1.22,
1999-06-15,5.98,,,2.09,25.91,,0.32,1.24,
1999-06-16,5.94,,,2.11,22.4,,0.33,1.27,
1999-06-17,5.79,,,2.15,21.95,,0.3,1.15,
1999-06-18,5.84,,,2.13,21.75,,0.28,1.15,
1999-06-21,5.9,,,2.12,21.81,,0.28,1.16,
1999-06-22,5.94,,,2.12,21.7,,0.29,1.21,
1999-06-23,6.0,,,2.1,21.32,,0.3,1.27,
1999-06-24,6.05,,,2.1,23.06,,0.3,1.31,
1999-06-25,6.02,,,2.13,21.76,,0.29,1.22,
1999-06-28,5.96,,,2.13,22.63,,0.28,1.08,
1999-06-29,5.93,,,2.12,22.51,,0.25,1.09,
1999-06-30,5.81,,,2.18,21.09,,0.28,1.03,
1999-07-01,5.85,,,2.13,19.69,,0.27,1.17,
1999-07-02,5.82,,,2.14,18.66,,0.24,1.13,
1999-07-05,,,,,,,,,
1999-07-06,5.88,,,2.12,20.73,,0.24,1.16,
1999-07-07,5.92,,,2.08,20.35,,0.28,1.25,
1999-07-08,5.85,,,2.11,20.24,,0.26,1.17,
1999-07-09,5.84,,,2.11,17.96,,0.23,1.15,
1999-07-12,5.74,,,2.12,19.73,,0.21,1.0,
1999-07-13,5.71,,,2.14,19.95,,0.21,1.0,
1999-07-14,5.74,,,2.13,19.71,,0.19,1.02,
1999-07-15,5.72,,,2.15,18.68,,0.19,1.02,
1999-07-16,5.68,,,2.17,17.42,,0.18,1.0,
1999-07-19,5.66,,,2.19,19.07,,0.2,0.99,
1999-07-20,5.65,,,2.19,21.79,,0.22,1.01,
1999-07-21,5.66,,,2.24,21.46,,0.21,1.07,
1999-07-22,5.78,,,2.18,23.05,,0.26,1.17,
1999-07-23,5.84,,,2.18,23.32,,0.26,1.19,
1999-07-26,5.86,,,2.16,24.98,,0.25,1.18,
1999-07-27,5.82,,,2.17,23.23,,0.26,1.12,
1999-07-28,5.81,,,2.18,22.85,,0.27,1.1,
1999-07-29,5.88,,,2.2,24.52,,0.26,1.16,
1999-07-30,5.92,,,2.19,24.64,,0.29,1.17,
1999-08-02,5.92,,,2.19,25.59,,0.27,1.07,
1999-08-03,5.95,,,2.19,26.27,,0.3,1.11,
1999-08-04,5.96,,,2.16,27.4,,0.32,1.18,
1999-08-05,5.88,,,2.19,27.01,,0.33,1.14,
1999-08-06,6.02,,,2.19,26.6,,0.33,1.22,
1999-08-09,6.13,,,2.14,27.66,,0.34,1.17,
1999-08-10,6.16,,,2.13,28.45,,0.37,1.21,
1999-08-11,6.05,,,2.21,25.39,,0.29,1.14,
1999-08-12,6.08,,,2.22,25.03,,0.3,1.29,
1999-08-13,5.98,,,2.26,22.31,,0.27,1.24,
1999-08-16,5.98,,,2.21,23.07,,0.23,1.14,
1999-08-17,5.89,,,2.24,21.67,,0.21,1.06,
1999-08-18,5.88,,,2.24,23.3,,0.22,1.12,
1999-08-19,5.9,,,2.23,24.39,,0.24,1.14,
1999-08-20,5.88,,,2.23,22.95,,0.23,1.04,
1999-08-23,5.89,,,2.21,22.55,,0.23,0.88,
1999-08-24,5.85,,,2.25,22.4,,0.2,0.86,
1999-08-25,5.73,,,2.27,20.96,,0.2,0.8,
1999-08-26,5.75,,,2.27,21.21,,0.19,0.82,
1999-08-27,5.85,,,2.24,21.83,,0.2,0.87,
1999-08-30,5.95,,,2.23,24.63,,0.22,0.94,
1999-08-31,5.98,,,2.23,24.45,,0.25,1.0,
1999-09-01,5.99,,,2.23,22.93,,0.25,1.02,
1999-09-02,6.03,,,2.24,24.53,,0.29,1.11,
1999-09-03,5.89,,,2.28,20.98,,0.25,0.97,
1999-09-06,,,,,,,,,
1999-09-07,5.95,,,2.26,23.44,,0.26,1.1,
1999-09-08,5.93,,,2.27,23.82,,0.26,1.1,
1999-09-09,5.97,,,2.26,23.01,,0.26,1.16,
1999-09-10,5.89,,,2.27,22.03,,0.25,1.13,
1999-09-13,5.92,,,2.27,22.89,,0.26,1.12,
1999-09-14,5.96,,,2.25,23.77,,0.25,1.13,
1999-09-15,5.94,,,2.25,24.56,,0.27,1.19,
1999-09-16,5.9,,,2.26,25.25,,0.27,1.2,
1999-09-17,5.87,,,2.28,23.3,,0.24,1.2,
1999-09-20,5.91,,,2.28,24.03,,0.24,1.1,
1999-09-21,5.94,,,2.27,25.65,,0.27,1.15,
1999-09-22,5.92,,,2.28,25.19,,0.25,1.09,
1999-09-23,5.87,,,2.33,27.84,,0.24,1.05,
1999-09-24,5.75,,,2.41,27.79,,0.2,0.97,
1999-09-27,5.83,,,2.38,26.4,,0.21,0.96,
1999-09-28,5.89,,,2.35,26.06,,0.24,1.04,
1999-09-29,5.97,,,2.31,26.49,,0.29,1.14,
1999-09-30,5.9,,,2.3,25.41,,0.27,1.02,
1999-10-01,6.0,,,2.26,24.93,,0.27,1.02,
1999-10-04,5.95,,,2.28,24.46,,0.25,1.08,
1999-10-05,6.02,,,2.27,24.79,,0.24,1.16,
1999-10-06,6.04,,,2.24,22.06,,0.23,1.23,
1999-10-07,6.05,,,2.24,23.58,,0.23,1.21,
1999-10-08,6.04,,,2.26,20.49,,0.24,1.22,
1999-10-11,,,,,20.63,,,,
1999-10-12,6.07,,,2.28,22.84,,0.25,1.14,
1999-10-13,6.12,,,2.29,25.96,,0.25,1.14,
1999-10-14,6.17,,,2.28,26.05,,0.27,1.15,
1999-10-15,6.09,,,2.31,28.75,,0.27,1.05,
1999-10-18,6.12,,,2.31,28.19,,0.27,0.97,
1999-10-19,6.18,,,2.25,26.56,,0.26,1.03,
1999-10-20,6.19,,,2.24,23.9,,0.25,1.04,
1999-10-21,6.2,,,2.27,24.02,,0.27,1.06,
1999-10-22,6.21,,,2.25,21.64,,0.25,1.14,
1999-10-25,6.22,,,2.25,23.6,,0.24,1.08,
1999-10-26,6.24,,,2.24,24.26,,0.22,1.09,
1999-10-27,6.19,,,2.26,24.2,,0.25,1.05,
1999-10-28,6.12,,,2.26,21.34,,0.25,1.01,
1999-10-29,6.02,,,2.28,22.2,,0.23,0.9,
1999-11-01,6.06,,,2.27,22.09,,0.23,0.9,
1999-11-02,6.04,,,2.26,23.1,,0.23,0.9,
1999-11-03,6.01,,,2.27,23.16,,0.22,0.89,
1999-11-04,5.95,,,2.28,23.0,,0.21,0.85,
1999-11-05,5.92,,,2.27,21.66,,0.2,0.78,
1999-11-08,5.95,,,2.25,21.87,,0.21,0.75,
1999-11-09,5.97,,,2.16,22.7,,0.2,0.78,
1999-11-10,6.0,,,2.13,22.26,,0.19,0.8,
1999-11-11,,,,,22.07,,,,
1999-11-12,5.93,,,2.13,21.65,,0.15,0.7,
1999-11-15,5.94,,,2.09,22.74,,0.15,0.65,
1999-11-16,5.97,,,2.04,20.73,,0.12,0.68,
1999-11-17,6.04,,,2.04,20.96,,0.14,0.8,
1999-11-18,6.06,,,2.04,19.76,,0.16,0.83,
1999-11-19,6.07,,,2.02,19.11,,0.15,0.84,
1999-11-22,6.09,,,2.03,19.98,,0.14,0.82,
1999-11-23,6.08,,,2.04,21.0,,0.15,0.81,
1999-11-24,6.09,,,2.02,20.26,,0.12,0.8,
1999-11-25,,,,,,,,,
1999-11-26,6.12,,,2.01,22.33,,0.13,0.82,
1999-11-29,6.21,,,1.99,23.57,,0.17,0.85,
1999-11-30,6.18,,,1.99,24.18,,0.17,0.88,
1999-12-01,6.21,,,1.97,22.23,,0.17,0.94,
1999-12-02,6.24,,,1.95,21.77,,0.18,0.99,
1999-12-03,6.17,,,1.96,19.32,,0.18,0.92,
1999-12-06,6.16,,,1.96,20.58,,0.18,0.94,
1999-12-07,6.11,,,1.97,21.09,,0.16,0.89,
1999-12-08,6.15,,,1.95,21.25,,0.17,0.93,
1999-12-09,6.14,,,1.95,21.19,,0.18,0.89,
1999-12-10,6.08,,,1.95,21.48,,0.15,0.78,
1999-12-13,6.11,,,1.95,21.72,,0.15,0.72,
1999-12-14,6.22,,,1.94,23.06,,0.15,0.83,
1999-12-15,6.25,,,1.93,22.03,,0.15,0.9,
1999-12-16,6.31,,,1.93,21.91,,0.16,0.92,
1999-12-17,6.3,,,1.93,21.35,,0.15,0.86,
1999-12-20,6.36,,,1.91,23.78,,0.15,0.73,
1999-12-21,6.38,,,1.92,22.66,,0.17,0.79,
1999-12-22,6.39,,,1.89,22.43,,0.15,0.83,
1999-12-23,6.41,,,1.88,21.12,,0.17,0.94,
1999-12-24,,,,,,,,,
1999-12-27,6.4,,,1.86,23.07,,0.19,0.93,
1999-12-28,6.43,,,1.85,22.97,,0.2,1.02,
1999-12-29,6.4,,,1.84,23.09,,0.19,1.17,
1999-12-30,6.39,,,1.84,24.76,,0.2,1.17,
1999-12-31,6.45,,,1.73,24.64,,0.21,1.12,
2000-01-03,6.58,,,1.69,24.21,,0.2,1.1,
2000-01-04,6.49,,,1.72,27.01,,0.19,1.06,
2000-01-05,6.62,,,1.67,26.41,,0.24,1.18,
2000-01-06,6.57,,,1.67,25.73,,0.22,1.16,
2000-01-07,6.52,,,1.7,21.72,,0.21,1.14,
2000-01-10,6.57,,,1.7,21.71,,0.19,1.15,
2000-01-11,6.67,,,1.69,22.5,,0.22,1.24,
2000-01-12,6.72,,,1.68,22.84,,0.23,1.27,
2000-01-13,6.63,,,1.75,21.71,,0.23,1.22,
2000-01-14,6.69,,,1.73,19.66,,0.25,1.28,
2000-01-17,,,,,,,,,
2000-01-18,6.75,,,1.72,21.5,,0.28,1.19,
2000-01-19,6.73,,,1.7,21.72,,0.27,1.22,
2000-01-20,6.79,,,1.66,21.75,,0.3,1.31,
2000-01-21,6.79,,,1.63,20.82,,0.31,1.32,
2000-01-24,6.69,,,1.67,24.07,,0.26,1.14,
2000-01-25,6.7,,,1.63,23.02,,0.26,1.13,
2000-01-26,6.69,,,1.59,23.03,,0.24,1.11,
2000-01-27,6.68,,,1.55,23.54,,0.17,1.09,
2000-01-28,6.66,,,1.6,26.14,,0.08,1.01,
2000-01-31,6.68,,,1.68,24.95,,0.07,0.92,
2000-02-01,6.62,,,1.65,23.45,,0.02,0.91,
2000-02-02,6.6,,,1.62,23.12,,-0.03,0.94,
2000-02-03,6.49,,,1.64,22.01,,-0.07,0.86,
2000-02-04,6.53,,,1.6,21.54,,-0.1,0.86,
2000-02-07,6.64,,,1.66,22.79,,-0.04,0.92,
2000-02-08,6.59,,,1.59,21.25,,-0.1,0.9,
2000-02-09,6.56,,,1.7,22.9,,-0.13,0.9,
2000-02-10,6.67,,,1.72,23.07,,0.0,1.0,
2000-02-11,6.63,,,1.73,24.42,,-0.02,0.97,
2000-02-14,6.56,,,1.74,24.38,,-0.06,0.88,
2000-02-15,6.56,,,1.77,22.92,,-0.1,0.81,
2000-02-16,6.56,,,1.79,23.51,,-0.07,0.83,
2000-02-17,6.58,,,1.75,23.17,,-0.11,0.84,
2000-02-18,6.49,,,1.82,26.0,,-0.17,0.74,
2000-02-21,,,,,,,,,
2000-02-22,6.36,,,1.88,25.86,,-0.21,0.54,
2000-02-23,6.44,,,1.84,23.89,,-0.17,0.62,
2000-02-24,6.36,,,1.94,24.38,,-0.16,0.55,
2000-02-25,6.36,,,1.99,25.2,,-0.09,0.57,
2000-02-28,6.37,,,2.01,24.68,,-0.1,0.57,
2000-02-29,6.42,,,1.91,23.37,,-0.11,0.64,
2000-03-01,6.39,,,1.96,21.64,,-0.13,0.63,
2000-03-02,6.4,,,1.95,21.06,,-0.12,0.64,
2000-03-03,6.39,,,1.93,19.21,,-0.11,0.6,
2000-03-06,6.42,,,1.91,21.5,,-0.13,0.57,
2000-03-07,6.39,,,1.95,24.31,,-0.09,0.56,
2000-03-08,6.38,,,1.98,23.82,,-0.12,0.55,
2000-03-09,6.35,,,2.05,22.21,,-0.13,0.53,
2000-03-10,6.39,,,2.09,21.24,,-0.16,0.52,
2000-03-13,6.36,,,2.17,22.85,,-0.16,0.47,
2000-03-14,6.31,,,2.15,24.41,,-0.17,0.44,
2000-03-15,6.29,,,2.17,22.34,,-0.21,0.44,
2000-03-16,6.26,,,2.16,20.77,,-0.24,0.39,
2000-03-17,6.2,,,2.16,22.37,,-0.3,0.31,
2000-03-20,6.18,,,2.14,22.96,,-0.34,0.23,
2000-03-21,6.13,,,2.18,21.7,,-0.37,0.22,
2000-03-22,6.13,,,2.2,21.49,,-0.37,0.22,
2000-03-23,6.08,,,2.2,22.26,,-0.44,0.18,
2000-03-24,6.2,,,2.13,23.31,,-0.44,0.29,
2000-03-27,6.21,,,2.11,24.53,,-0.45,0.33,
2000-03-28,6.17,,,2.16,24.86,,-0.43,0.29,
2000-03-29,6.18,,,2.2,24.1,,-0.41,0.29,
2000-03-30,6.06,,,2.3,25.47,,-0.46,0.18,
2000-03-31,6.03,,,2.3,24.11,,-0.47,0.15,
2000-04-03,6.0,,,2.3,24.03,,-0.45,0.13,
2000-04-04,5.9,,,2.38,27.12,,-0.45,0.07,
2000-04-05,5.9,,,2.45,28.41,,-0.45,0.04,
2000-04-06,5.93,,,2.39,27.15,,-0.45,0.05,
2000-04-07,5.86,,,2.4,24.39,,-0.52,-0.04,
2000-04-10,5.8,,,2.44,25.99,,-0.51,-0.05,
2000-04-11,5.89,,,2.45,27.25,,-0.47,0.06,
2000-04-12,5.97,,,2.44,28.98,,-0.43,0.14,
2000-04-13,5.94,,,2.45,29.4,,-0.46,0.13,
2000-04-14,5.85,,,2.53,33.49,,-0.42,0.04,
2000-04-17,6.01,,,2.5,28.95,,-0.32,0.19,
2000-04-18,6.05,,,2.43,26.12,,-0.28,0.24,
2000-04-19,5.99,,,2.42,27.02,,-0.34,0.18,
2000-04-20,5.99,,,2.41,25.85,,-0.39,0.2,
2000-04-21,,,,,,,,,
2000-04-24,6.0,,,2.42,27.37,,-0.36,0.2,
2000-04-25,6.14,,,2.36,25.24,,-0.34,0.35,
2000-04-26,6.14,,,2.37,26.97,,-0.36,0.39,
2000-04-27,6.23,,,2.34,26.19,,-0.4,0.48,
2000-04-28,6.23,,,2.34,26.2,,-0.45,0.41,
2000-05-01,6.29,,,2.3,25.88,,-0.44,0.29,
2000-05-02,6.32,,,2.32,28.5,,-0.4,0.4,
2000-05-03,6.4,,,2.34,31.63,,-0.33,0.49,
2000-05-04,6.46,,,2.38,30.77,,-0.31,0.56,
2000-05-05,6.51,,,2.36,27.53,,-0.33,0.54,
2000-05-08,6.57,,,2.35,28.2,,-0.3,0.38,
2000-05-09,6.53,,,2.36,28.93,,-0.33,0.39,
2000-05-10,6.47,,,2.41,29.87,,-0.37,0.33,
2000-05-11,6.43,,,2.49,27.76,,-0.39,0.29,
2000-05-12,6.51,,,2.52,26.05,,-0.4,0.37,
2000-05-15,6.47,,,2.52,24.86,,-0.41,0.22,
2000-05-16,6.43,,,2.51,24.34,,-0.46,0.23,
2000-05-17,6.48,,,2.53,23.98,,-0.42,0.43,
2000-05-18,6.56,,,2.52,23.96,,-0.37,0.64,
2000-05-19,6.51,,,2.55,25.44,,-0.35,0.62,
2000-05-22,6.44,,,2.57,26.0,,-0.37,0.43,
2000-05-23,6.45,,,2.55,25.87,,-0.38,0.44,
2000-05-24,6.47,,,2.52,24.32,,-0.32,0.55,
2000-05-25,6.39,,,2.5,24.58,,-0.32,0.54,
2000-05-26,6.33,,,2.51,24.47,,-0.36,0.5,
2000-05-29,,,,,,,,,
2000-05-30,6.38,,,2.49,23.62,,-0.36,0.51,
2000-05-31,6.29,,,2.52,23.65,,-0.4,0.66,
2000-06-01,6.2,,,2.51,22.36,,-0.41,0.46,
2000-06-02,6.15,,,2.5,21.48,,-0.37,0.28,
2000-06-05,6.12,,,2.44,22.71,,-0.37,0.14,
2000-06-06,6.14,,,2.39,23.05,,-0.37,0.15,
2000-06-07,6.13,,,2.36,22.48,,-0.39,0.21,
2000-06-08,6.13,,,2.35,22.77,,-0.43,0.22,
2000-06-09,6.13,,,2.34,22.14,,-0.43,0.21,
2000-06-12,6.09,,,2.35,22.32,,-0.43,0.16,
2000-06-13,6.11,,,2.36,21.67,,-0.38,0.23,
2000-06-14,6.06,,,2.35,21.48,,-0.38,0.24,
2000-06-15,6.05,,,2.36,20.68,,-0.39,0.21,
2000-06-16,5.99,,,2.37,20.5,,-0.39,0.16,
2000-06-19,6.0,,,2.38,20.63,,-0.4,0.16,
2000-06-20,6.03,,,2.36,20.88,,-0.4,0.24,
2000-06-21,6.11,,,2.35,20.61,,-0.39,0.3,
2000-06-22,6.12,,,2.37,22.0,,-0.38,0.28,
2000-06-23,6.19,,,2.34,22.34,,-0.36,0.33,
2000-06-26,6.11,,,2.41,22.45,,-0.39,0.29,
2000-06-27,6.1,,,2.38,21.8,,-0.4,0.27,
2000-06-28,6.11,,,2.4,20.29,,-0.32,0.3,
2000-06-29,6.04,,,2.4,19.7,,-0.33,0.19,
2000-06-30,6.03,,,2.4,19.54,,-0.35,0.15,
2000-07-03,6.0,,,2.41,19.83,,-0.31,0.0,
2000-07-04,,,,,,,,,
2000-07-05,5.99,,,2.4,21.16,,-0.3,0.0,
2000-07-06,6.05,,,2.38,20.94,,-0.29,0.03,
2000-07-07,6.01,,,2.37,19.22,,-0.28,-0.03,
2000-07-10,6.04,,,2.34,20.33,,-0.27,-0.06,
2000-07-11,6.06,,,2.33,20.11,,-0.26,-0.04,
2000-07-12,6.09,,,2.29,20.03,,-0.25,-0.08,
2000-07-13,6.01,,,2.3,20.03,,-0.3,-0.17,
2000-07-14,6.1,,,2.24,19.32,,-0.31,-0.07,
2000-07-17,6.17,,,2.22,19.45,,-0.29,0.02,
2000-07-18,6.16,,,2.22,19.75,,-0.28,0.0,
2000-07-19,6.16,,,2.24,19.65,,-0.3,-0.02,
2000-07-20,6.01,,,2.29,18.94,,-0.31,-0.17,
2000-07-21,6.01,,,2.27,18.94,,-0.31,-0.12,
2000-07-24,6.04,,,2.26,19.92,,-0.31,-0.17,
2000-07-25,6.04,,,2.26,19.39,,-0.31,-0.16,
2000-07-26,6.04,,,2.27,19.67,,-0.25,-0.14,
2000-07-27,6.02,,,2.24,19.6,,-0.25,-0.2,
2000-07-28,6.04,,,2.25,20.84,,-0.26,-0.16,
2000-07-31,6.04,,,2.27,20.74,,-0.26,-0.23,
2000-08-01,6.0,,,2.27,20.55,,-0.27,-0.25,
2000-08-02,5.98,,,2.3,20.0,,-0.25,-0.27,
2000-08-03,5.95,,,2.31,19.99,,-0.27,-0.28,
2000-08-04,5.91,,,2.33,18.62,,-0.24,-0.32,
2000-08-07,5.97,,,2.29,19.03,,-0.23,-0.31,
2000-08-08,5.93,,,2.31,18.79,,-0.23,-0.33,
2000-08-09,5.81,,,2.44,19.18,,-0.37,-0.44,
2000-08-10,5.76,,,2.47,19.19,,-0.4,-0.49,
2000-08-11,5.79,,,2.45,18.55,,-0.46,-0.5,
2000-08-14,5.78,,,2.45,17.88,,-0.47,-0.49,
2000-08-15,5.81,,,2.43,17.98,,-0.47,-0.47,
2000-08-16,5.83,,,2.42,18.02,,-0.47,-0.44,
2000-08-17,5.81,,,2.46,17.48,,-0.49,-0.46,
2000-08-18,5.78,,,2.46,17.05,,-0.49,-0.49,
2000-08-21,5.79,,,2.47,17.35,,-0.49,-0.51,
2000-08-22,5.78,,,2.51,17.47,,-0.49,-0.5,
2000-08-23,5.73,,,2.53,17.38,,-0.47,-0.56,
2000-08-24,5.73,,,2.49,17.04,,-0.46,-0.56,
2000-08-25,5.73,,,2.5,16.53,,-0.46,-0.58,
2000-08-28,5.78,,,2.49,16.54,,-0.45,-0.54,
2000-08-29,5.81,,,2.49,16.89,,-0.45,-0.5,
2000-08-30,5.81,,,2.49,17.69,,-0.43,-0.51,
2000-08-31,5.73,,,2.51,16.84,,-0.45,-0.58,
2000-09-01,5.68,,,2.54,17.53,,-0.41,-0.59,
2000-09-04,,,,,,,,,
2000-09-05,5.69,,,2.53,19.82,,-0.4,-0.58,
2000-09-06,5.72,,,2.54,20.79,,-0.39,-0.49,
2000-09-07,5.76,,,2.51,19.42,,-0.38,-0.44,
2000-09-08,5.73,,,2.52,18.46,,-0.38,-0.41,
2000-09-11,5.77,,,2.52,18.4,,-0.35,-0.34,
2000-09-12,5.78,,,2.56,18.59,,-0.34,-0.31,
2000-09-13,5.74,,,2.58,18.32,,-0.35,-0.35,
2000-09-14,5.79,,,2.58,18.26,,-0.32,-0.35,
2000-09-15,5.84,,,2.6,18.52,,-0.23,-0.3,
2000-09-18,5.88,,,2.61,20.25,,-0.16,-0.27,
2000-09-19,5.86,,,2.57,19.54,,-0.19,-0.31,
2000-09-20,5.91,,,2.55,19.93,,-0.2,-0.25,
2000-09-21,5.88,,,2.55,20.18,,-0.23,-0.28,
2000-09-22,5.85,,,2.55,20.74,,-0.24,-0.31,
2000-09-25,5.84,,,2.53,21.41,,-0.27,-0.34,
2000-09-26,5.81,,,2.52,21.88,,-0.26,-0.37,
2000-09-27,5.83,,,2.54,21.67,,-0.17,-0.37,
2000-09-28,5.82,,,2.5,19.47,,-0.2,-0.43,
2000-09-29,5.8,,,2.54,20.57,,-0.18,-0.43,
2000-10-02,5.83,,,2.58,21.23,,-0.15,-0.44,
2000-10-03,5.87,,,2.54,21.85,,-0.13,-0.37,
2000-10-04,5.9,,,2.51,21.54,,-0.13,-0.34,
2000-10-05,5.87,,,2.52,21.03,,-0.15,-0.38,
2000-10-06,5.82,,,2.53,22.71,,-0.16,-0.42,
2000-10-09,,,,,24.02,,,,
2000-10-10,5.8,,,2.54,24.86,,-0.18,-0.47,
2000-10-11,5.77,,,2.61,26.57,,-0.16,-0.46,
2000-10-12,5.73,,,2.64,30.51,,-0.13,-0.46,
2000-10-13,5.73,,,2.64,27.6,,-0.11,-0.46,
2000-10-16,5.74,,,2.63,26.79,,-0.15,-0.54,
2000-10-17,5.68,,,2.64,27.84,,-0.15,-0.62,
2000-10-18,5.66,,,2.68,28.72,,-0.16,-0.64,
2000-10-19,5.66,,,2.66,25.09,,-0.2,-0.66,
2000-10-20,5.64,,,2.65,24.24,,-0.2,-0.67,
2000-10-23,5.59,,,2.68,24.69,,-0.23,-0.75,
2000-10-24,5.63,,,2.66,24.28,,-0.23,-0.72,
2000-10-25,5.67,,,2.65,26.65,,-0.2,-0.72,
2000-10-26,5.69,,,2.6,28.62,,-0.21,-0.67,
2000-10-27,5.72,,,2.58,26.47,,-0.22,-0.63,
2000-10-30,5.74,,,2.56,25.46,,-0.23,-0.65,
2000-10-31,5.77,,,2.56,23.63,,-0.17,-0.61,
2000-11-01,5.74,,,2.57,24.28,,-0.14,-0.63,
2000-11-02,5.74,,,2.54,23.92,,-0.13,-0.63,
2000-11-03,5.83,,,2.52,23.67,,-0.11,-0.55,
2000-11-06,5.87,,,2.5,24.52,,-0.12,-0.55,
2000-11-07,5.87,,,2.5,24.91,,-0.12,-0.55,
2000-11-08,5.87,,,2.48,25.66,,-0.12,-0.54,
2000-11-09,5.82,,,2.5,27.2,,-0.12,-0.58,
2000-11-10,5.82,,,2.5,28.53,,-0.1,-0.55,
2000-11-13,5.77,,,2.52,29.06,,-0.13,-0.62,
2000-11-14,5.76,,,2.52,26.81,,-0.16,-0.61,
2000-11-15,5.72,,,2.52,26.15,,-0.18,-0.66,
2000-11-16,5.68,,,2.54,25.05,,-0.19,-0.67,
2000-11-17,5.71,,,2.58,24.81,,-0.17,-0.64,
2000-11-20,5.68,,,2.61,27.43,,-0.19,-0.68,
2000-11-21,5.67,,,2.64,26.62,,-0.19,-0.69,
2000-11-22,5.62,,,2.61,27.71,,-0.23,-0.74,
2000-11-23,,,,,,,,,
2000-11-24,5.63,,,2.63,26.0,,-0.23,-0.73,
2000-11-27,5.64,,,2.65,26.93,,-0.22,-0.69,
2000-11-28,5.59,,,2.6,27.64,,-0.2,-0.69,
2000-11-29,5.55,,,2.63,27.49,,-0.14,-0.69,
2000-11-30,5.48,,,2.64,29.65,,-0.13,-0.73,
2000-12-01,5.52,,,2.66,27.48,,-0.1,-0.71,
2000-12-04,5.53,,,2.66,27.78,,-0.06,-0.62,
2000-12-05,5.43,,,2.69,24.99,,-0.06,-0.65,
2000-12-06,5.32,,,2.73,25.07,,-0.1,-0.77,
2000-12-07,5.32,,,2.72,25.34,,-0.13,-0.79,
2000-12-08,5.35,,,2.74,22.41,,-0.15,-0.74,
2000-12-11,5.37,,,2.71,23.51,,-0.15,-0.71,
2000-12-12,5.36,,,2.72,24.88,,-0.18,-0.7,
2000-12-13,5.29,,,2.74,23.63,,-0.16,-0.77,
2000-12-14,5.23,,,2.77,24.86,,-0.2,-0.83,
2000-12-15,5.2,,,2.77,26.55,,-0.18,-0.82,
2000-12-18,5.17,,,2.81,27.7,,-0.16,-0.78,
2000-12-19,5.19,,,2.81,27.17,,-0.16,-0.74,
2000-12-20,5.08,,,2.87,31.74,,-0.16,-0.74,
2000-12-21,5.03,,,2.89,29.66,,-0.11,-0.35,
2000-12-22,5.02,,,2.9,27.55,,-0.08,-0.25,
2000-12-25,,,,,,,,,
2000-12-26,5.04,,,2.89,28.73,,-0.06,-0.81,
2000-12-27,5.11,,,2.86,28.14,,0.01,-0.64,
2000-12-28,5.13,,,2.83,26.57,,-0.05,-0.74,
2000-12-29,5.12,,,2.88,26.85,,0.01,-0.77,
2001-01-01,,,,,,,,,
2001-01-02,4.92,,,2.99,29.99,,0.05,-0.95,
2001-01-03,5.14,,,2.83,26.6,,0.22,-0.55,
2001-01-04,5.03,,,2.91,26.97,,0.26,-0.34,
2001-01-05,4.93,,,2.99,28.67,,0.37,-0.19,
2001-01-08,4.94,,,2.94,29.84,,0.4,-0.25,
2001-01-09,4.98,,,2.92,27.99,,0.34,-0.26,
2001-01-10,5.1,,,2.83,26.8,,0.34,-0.19,
2001-01-11,5.14,,,2.85,25.79,,0.37,-0.17,
2001-01-12,5.25,,,2.8,24.56,,0.35,-0.08,
2001-01-15,,,,,,,,,
2001-01-16,5.24,,,2.73,25.28,,0.35,-0.14,
2001-01-17,5.19,,,2.72,24.93,,0.35,-0.17,
2001-01-18,5.12,,,2.72,23.37,,0.4,-0.16,
2001-01-19,5.19,,,2.7,23.24,,0.44,-0.05,
2001-01-22,5.25,,,2.71,23.25,,0.5,0.02,
2001-01-23,5.3,,,2.67,21.57,,0.48,0.06,
2001-01-24,5.33,,,2.61,22.03,,0.52,0.05,
2001-01-25,5.29,,,2.63,22.64,,0.51,0.01,
2001-01-26,5.29,,,2.65,22.57,,0.51,0.12,
2001-01-29,5.32,,,2.65,22.61,,0.55,0.21,
2001-01-30,5.24,,,2.65,22.57,,0.54,0.22,
2001-01-31,5.19,,,2.62,22.02,,0.57,0.2,
2001-02-01,5.1,,,2.63,21.66,,0.55,0.1,
2001-02-02,5.17,,,2.63,21.95,,0.52,0.11,
2001-02-05,5.18,,,2.59,22.19,,0.5,0.12,
2001-02-06,5.22,,,2.58,21.98,,0.5,0.15,
2001-02-07,5.1,,,2.77,21.67,,0.4,0.03,
2001-02-08,5.1,,,2.78,21.46,,0.37,0.02,
2001-02-09,5.03,,,2.79,22.03,,0.36,-0.03,
2001-02-12,5.05,,,2.82,21.92,,0.38,0.01,
2001-02-13,5.07,,,2.82,21.37,,0.32,0.02,
2001-02-14,5.13,,,2.77,21.52,,0.29,0.06,
2001-02-15,5.19,,,2.77,20.27,,0.3,0.11,
2001-02-16,5.11,,,2.81,22.12,,0.36,0.09,
2001-02-19,,,,,,,,,
2001-02-20,5.11,,,2.81,24.69,,0.38,0.07,
2001-02-21,5.14,,,2.82,25.75,,0.46,0.12,
2001-02-22,5.15,,,2.84,26.76,,0.52,0.14,
2001-02-23,5.1,,,2.86,27.21,,0.57,0.21,
2001-02-26,5.05,,,2.89,25.43,,0.59,0.24,
2001-02-27,4.96,,,2.86,26.49,,0.52,0.14,
2001-02-28,4.92,,,2.88,28.35,,0.51,0.07,
2001-03-01,4.87,,,2.88,28.08,,0.46,0.03,
2001-03-02,4.95,,,2.87,27.43,,0.47,0.11,
2001-03-05,4.98,,,2.83,27.12,,0.49,0.16,
2001-03-06,4.99,,,2.85,25.89,,0.5,0.2,
2001-03-07,4.92,,,2.85,24.12,,0.49,0.23,
2001-03-08,4.89,,,2.87,24.29,,0.46,0.21,
2001-03-09,4.95,,,2.82,25.62,,0.48,0.23,
2001-03-12,4.92,,,2.86,30.32,,0.46,0.26,
2001-03-13,4.95,,,2.85,27.55,,0.49,0.29,
2001-03-14,4.84,,,2.98,29.61,,0.52,0.3,
2001-03-15,4.81,,,3.03,28.56,,0.59,0.29,
2001-03-16,4.78,,,3.03,29.91,,0.52,0.24,
2001-03-19,4.82,,,3.02,29.78,,0.5,0.29,
2001-03-20,4.78,,,3.06,30.96,,0.54,0.29,
2001-03-21,4.77,,,3.06,31.93,,0.56,0.46,
2001-03-22,4.73,,,3.07,32.84,,0.56,0.47,
2001-03-23,4.8,,,3.04,30.45,,0.56,0.51,
2001-03-26,4.85,,,3.05,29.04,,0.58,0.56,
2001-03-27,5.0,,,2.98,27.04,,0.59,0.65,
2001-03-28,4.97,,,3.03,28.58,,0.67,0.63,
2001-03-29,4.98,,,3.02,29.17,,0.71,0.66,
2001-03-30,4.93,,,3.04,28.64,,0.75,0.63,
2001-04-02,4.98,,,3.0,31.21,,0.76,0.76,
2001-04-03,4.94,,,3.03,34.72,,0.79,0.79,
2001-04-04,4.94,,,3.04,34.07,,0.82,0.84,
2001-04-05,4.98,,,3.03,29.94,,0.79,0.87,
2001-04-06,4.89,,,3.06,31.69,,0.82,0.95,
2001-04-09,4.93,,,3.04,31.91,,0.83,1.0,
2001-04-10,5.09,,,2.99,29.44,,0.85,1.15,
2001-04-11,5.12,,,2.96,28.46,,0.83,1.04,
2001-04-12,5.17,,,2.92,26.12,,0.81,1.16,
2001-04-13,,,,,,,,,
2001-04-16,5.28,,,2.9,26.33,,0.79,1.13,
2001-04-17,5.21,,,2.93,25.61,,0.8,1.09,
2001-04-18,5.14,,,2.95,24.13,,0.88,1.23,
2001-04-19,5.27,,,2.91,24.16,,0.98,1.4,
2001-04-20,5.29,,,2.87,25.38,,1.03,1.52,
2001-04-23,5.2,,,2.9,28.16,,1.05,1.45,
2001-04-24,5.22,,,2.85,28.49,,1.06,1.42,
2001-04-25,5.28,,,2.85,27.4,,1.08,1.44,
2001-04-26,5.2,,,2.83,25.96,,1.06,1.37,
2001-04-27,5.34,,,2.76,24.02,,1.06,1.49,
2001-04-30,5.35,,,2.73,25.48,,1.05,1.4,
2001-05-01,5.3,,,2.75,24.2,,1.07,1.38,
2001-05-02,5.31,,,2.7,24.23,,1.04,1.42,
2001-05-03,5.22,,,2.7,25.78,,1.0,1.38,
2001-05-04,5.21,,,2.73,23.91,,1.07,1.47,
2001-05-07,5.21,,,2.75,24.86,,1.09,1.47,
2001-05-08,5.24,,,2.76,24.44,,1.14,1.54,
2001-05-09,5.2,,,2.76,24.35,,1.13,1.48,
2001-05-10,5.31,,,2.74,24.0,,1.14,1.57,
2001-05-11,5.51,,,2.67,23.54,,1.15,1.73,
2001-05-14,5.46,,,2.68,24.26,,1.17,1.75,
2001-05-15,5.5,,,2.69,23.71,,1.22,1.87,
2001-05-16,5.48,,,2.66,21.89,,1.23,1.91,
2001-05-17,5.46,,,2.61,21.47,,1.13,1.89,
2001-05-18,5.41,,,2.62,21.23,,1.04,1.8,
2001-05-21,5.41,,,2.61,20.76,,1.04,1.76,
2001-05-22,5.42,,,2.63,21.35,,1.08,1.78,
2001-05-23,5.41,,,2.69,22.08,,1.12,1.77,
2001-05-24,5.52,,,2.65,20.57,,1.2,1.82,
2001-05-25,5.52,,,2.65,20.6,,1.21,1.86,
2001-05-28,,,,,,,,,
2001-05-29,5.54,,,2.64,22.14,,1.21,1.83,
2001-05-30,5.54,,,2.63,22.76,,1.2,1.86,
2001-05-31,5.43,,,2.65,22.64,,1.21,1.8,
2001-06-01,5.39,,,2.63,21.59,,1.17,1.72,
2001-06-04,5.35,,,2.65,21.38,,1.16,1.67,
2001-06-05,5.29,,,2.66,19.58,,1.17,1.66,
2001-06-06,5.27,,,2.69,20.39,,1.15,1.65,
2001-06-07,5.33,,,2.68,19.67,,1.19,1.7,
2001-06-08,5.38,,,2.65,19.92,,1.21,1.74,
2001-06-11,5.32,,,2.66,20.7,,1.21,1.72,
2001-06-12,5.27,,,2.68,20.7,,1.18,1.71,
2001-06-13,5.28,,,2.67,21.45,,1.2,1.73,
2001-06-14,5.26,,,2.67,23.12,,1.22,1.7,
2001-06-15,5.27,,,2.71,22.81,,1.26,1.75,
2001-06-18,5.27,,,2.73,23.17,,1.29,1.75,
2001-06-19,5.26,,,2.73,22.34,,1.27,1.75,
2001-06-20,5.24,,,2.74,21.71,,1.26,1.75,
2001-06-21,5.22,,,2.74,19.38,,1.23,1.71,
2001-06-22,5.14,,,2.75,20.02,,1.21,1.69,
2001-06-25,5.16,,,2.75,20.67,,1.2,1.7,
2001-06-26,5.24,,,2.72,21.2,,1.21,1.78,
2001-06-27,5.26,,,2.68,20.88,,1.2,1.74,
2001-06-28,5.35,,,2.66,20.01,,1.13,1.71,
2001-06-29,5.42,,,2.65,19.06,,1.17,1.77,
2001-07-02,5.37,,,2.67,18.76,,1.16,1.7,
2001-07-03,5.41,,,2.67,18.92,,1.17,1.75,
2001-07-04,,,,,,,,,
2001-07-05,5.44,,,2.67,20.09,,1.2,1.79,
2001-07-06,5.41,,,2.69,21.63,,1.25,1.78,
2001-07-09,5.37,,,2.69,22.48,,1.22,1.72,
2001-07-10,5.32,,,2.71,23.25,,1.24,1.69,
2001-07-11,5.31,,,2.74,24.01,,1.24,1.73,
2001-07-12,5.27,,,2.74,22.09,,1.2,1.67,
2001-07-13,5.27,,,2.71,21.14,,1.15,1.65,
2001-07-16,5.21,,,2.74,22.91,,1.14,1.57,
2001-07-17,5.22,,,2.73,22.61,,1.13,1.61,
2001-07-18,5.12,,,2.78,23.6,,1.16,1.58,
2001-07-19,5.13,,,2.78,22.51,,1.15,1.58,
2001-07-20,5.15,,,2.77,22.34,,1.17,1.62,
2001-07-23,5.13,,,2.77,23.74,,1.15,1.57,
2001-07-24,5.13,,,2.74,25.24,,1.16,1.57,
2001-07-25,5.2,,,2.74,24.0,,1.22,1.64,
2001-07-26,5.19,,,2.76,23.01,,1.25,1.63,
2001-07-27,5.13,,,2.77,22.0,,1.26,1.58,
2001-07-30,5.11,,,2.76,22.69,,1.25,1.54,
2001-07-31,5.07,,,2.78,21.62,,1.28,1.53,
2001-08-01,5.11,,,2.76,20.56,,1.28,1.58,
2001-08-02,5.17,,,2.74,20.09,,1.28,1.64,
2001-08-03,5.2,,,2.72,19.89,,1.29,1.68,
2001-08-06,5.19,,,2.75,21.89,,1.31,1.67,
2001-08-07,5.2,,,2.74,21.01,,1.3,1.68,
2001-08-08,4.99,,,2.88,22.32,,1.22,1.5,
2001-08-09,5.04,,,2.84,21.75,,1.27,1.59,
2001-08-10,4.99,,,2.87,20.55,,1.26,1.56,
2001-08-13,4.97,,,2.89,20.42,,1.27,1.52,
2001-08-14,4.97,,,2.89,20.48,,1.23,1.54,
2001-08-15,5.0,,,2.86,20.91,,1.2,1.57,
2001-08-16,4.95,,,2.89,21.54,,1.2,1.56,
2001-08-17,4.84,,,2.97,23.84,,1.17,1.48,
2001-08-20,4.91,,,2.93,22.87,,1.17,1.49,
2001-08-21,4.87,,,2.98,24.4,,1.18,1.48,
2001-08-22,4.91,,,2.94,22.44,,1.15,1.53,
2001-08-23,4.89,,,2.92,22.23,,1.17,1.49,
2001-08-24,4.93,,,2.91,19.71,,1.17,1.51,
2001-08-27,4.94,,,2.91,20.56,,1.16,1.49,
2001-08-28,4.85,,,2.95,22.0,,1.14,1.44,
2001-08-29,4.78,,,2.97,23.03,,1.11,1.36,
2001-08-30,4.79,,,2.97,25.41,,1.18,1.43,
2001-08-31,4.85,,,2.9,24.92,,1.21,1.48,
2001-09-03,,,,,,,,,
2001-09-04,4.99,,,2.88,25.85,,1.16,1.55,
2001-09-05,4.97,,,2.9,26.35,,1.18,1.56,
2001-09-06,4.86,,,2.94,28.61,,1.21,1.52,
2001-09-07,4.8,,,2.99,30.99,,1.27,1.53,
2001-09-10,4.84,,,2.99,31.84,,1.31,1.58,
2001-09-11,,,,,,,,,
2001-09-12,,,,,,,,,
2001-09-13,4.64,,,3.16,,,1.65,1.9,
2001-09-14,4.57,,,3.36,,,1.7,1.93,
2001-09-17,4.63,,,3.45,41.76,,1.67,2.04,
2001-09-18,4.72,,,3.48,38.87,,1.76,2.24,
2001-09-19,4.69,,,3.52,40.56,,1.88,2.5,
2001-09-20,4.75,,,3.52,43.74,,1.84,2.53,
2001-09-21,4.7,,,3.53,42.66,,1.79,2.45,
2001-09-24,4.73,,,3.48,37.75,,1.79,2.35,
2001-09-25,4.72,,,3.48,35.81,,1.84,2.32,
2001-09-26,4.65,,,3.46,35.26,,1.83,2.27,
2001-09-27,4.58,,,3.47,34.0,,1.8,2.2,
2001-09-28,4.6,,,3.42,31.93,,1.74,2.2,
2001-10-01,4.55,,,3.44,32.32,,1.73,2.18,
2001-10-02,4.53,,,3.42,31.18,,1.76,2.27,
2001-10-03,4.5,,,3.43,31.34,,1.73,2.27,
2001-10-04,4.53,,,3.38,31.97,,1.78,2.32,
2001-10-05,4.52,,,3.4,33.39,,1.81,2.33,
2001-10-08,,,,,35.12,,,,
2001-10-09,4.62,,,3.36,34.83,,1.88,2.4,
2001-10-10,4.61,,,3.34,31.6,,1.83,2.39,
2001-10-11,4.69,,,3.3,31.5,,1.81,2.42,
2001-10-12,4.68,,,3.33,35.27,,1.87,2.43,
2001-10-15,4.62,,,3.34,35.31,,1.84,2.37,
2001-10-16,4.59,,,3.33,32.88,,1.82,2.37,
2001-10-17,4.59,,,3.31,35.08,,1.79,2.37,
2001-10-18,4.58,,,3.31,34.95,,1.81,2.39,
2001-10-19,4.63,,,3.29,34.11,,1.86,2.44,
2001-10-22,4.63,,,3.28,32.25,,1.84,2.41,
2001-10-23,4.66,,,3.28,32.0,,1.85,2.46,
2001-10-24,4.61,,,3.28,30.95,,1.89,2.44,
2001-10-25,4.56,,,3.3,29.46,,1.93,2.42,
2001-10-26,4.53,,,3.31,28.42,,1.9,2.39,
2001-10-29,4.5,,,3.32,31.64,,1.95,2.41,
2001-10-30,4.44,,,3.35,33.46,,1.96,2.39,
2001-10-31,4.3,,,3.38,33.56,,1.86,2.25,
2001-11-01,4.24,,,3.37,32.31,,1.75,2.18,
2001-11-02,4.37,,,3.37,30.71,,1.89,2.36,
2001-11-05,4.31,,,3.34,30.5,,1.85,2.3,
2001-11-06,4.3,,,3.36,28.8,,1.93,2.45,
2001-11-07,4.22,,,3.35,29.13,,1.9,2.42,
2001-11-08,4.32,,,3.28,28.62,,1.9,2.48,
2001-11-09,4.34,,,3.27,27.44,,1.89,2.51,
2001-11-12,,,,,29.35,,,,
2001-11-13,4.41,,,3.24,26.47,,1.87,2.57,
2001-11-14,4.54,,,3.19,26.56,,1.84,2.67,
2001-11-15,4.79,,,3.1,25.56,,1.81,2.87,
2001-11-16,4.91,,,3.07,25.07,,1.82,2.96,
2001-11-19,4.8,,,3.08,24.46,,1.88,2.86,
2001-11-20,4.88,,,3.08,24.12,,1.92,2.93,
2001-11-21,4.98,,,3.01,24.19,,1.87,3.02,
2001-11-22,,,,,,,,,
2001-11-23,5.04,,,2.97,23.25,,1.84,3.09,
2001-11-26,5.05,,,2.96,23.79,,1.83,3.07,
2001-11-27,4.98,,,3.01,24.0,,1.87,3.06,
2001-11-28,4.98,,,3.01,25.9,,1.86,3.11,
2001-11-29,4.79,,,3.07,25.18,,1.92,2.99,
2001-11-30,4.78,,,3.1,23.84,,1.94,3.0,
2001-12-03,4.75,,,3.14,25.77,,1.93,2.97,
2001-12-04,4.7,,,3.15,24.08,,1.89,2.96,
2001-12-05,4.92,,,3.07,23.02,,1.85,3.15,
2001-12-06,5.04,,,3.03,23.71,,1.85,3.29,
2001-12-07,5.2,,,2.96,23.49,,2.01,3.51,
2001-12-10,5.17,,,3.0,25.62,,2.07,3.46,
2001-12-11,5.13,,,3.01,25.3,,2.1,3.47,
2001-12-12,5.02,,,3.04,24.87,,2.05,3.35,
2001-12-13,5.13,,,2.98,25.91,,2.04,3.44,
2001-12-14,5.24,,,2.91,24.63,,2.04,3.51,
2001-12-17,5.26,,,2.97,24.26,,2.05,3.52,
2001-12-18,5.16,,,2.94,23.29,,2.03,3.45,
2001-12-19,5.08,,,2.94,22.58,,1.97,3.39,
2001-12-20,5.08,,,2.92,23.67,,1.93,3.39,
2001-12-21,5.12,,,2.87,22.5,,1.95,3.41,
2001-12-24,5.18,,,,22.62,,1.96,3.46,
2001-12-25,,,,,,,,,
2001-12-26,5.22,,,2.82,22.29,,1.96,3.47,
2001-12-27,5.13,,,2.88,21.59,,1.94,3.39,
2001-12-28,5.15,,,2.87,21.4,,1.99,3.43,
2001-12-31,5.07,,,2.85,23.8,,2.0,3.33,
2002-01-01,,,,,,,,,
2002-01-02,5.2,,,2.82,22.71,,1.98,3.46,
2002-01-03,5.16,,,2.82,21.34,,1.97,3.43,
2002-01-04,5.18,,,2.78,20.45,,1.99,3.46,
2002-01-07,5.09,,,2.8,21.94,,2.01,3.41,
2002-01-08,5.1,,,2.8,21.83,,2.03,3.42,
2002-01-09,5.1,,,2.78,22.13,,2.07,3.42,
2002-01-10,5.0,,,2.82,22.36,,2.06,3.32,
2002-01-11,4.92,,,2.86,22.6,,2.16,3.34,
2002-01-14,4.91,,,2.88,23.58,,2.12,3.33,
2002-01-15,4.88,,,2.86,22.7,,2.09,3.28,
2002-01-16,4.88,,,2.87,23.45,,2.04,3.27,
2002-01-17,4.98,,,2.82,22.25,,2.02,3.34,
2002-01-18,4.94,,,2.86,22.52,,2.03,3.32,
2002-01-21,,,,,,,,,
2002-01-22,4.96,,,2.85,23.61,,1.99,3.26,
2002-01-23,5.05,,,2.87,21.88,,1.98,3.34,
2002-01-24,5.07,,,2.85,21.15,,1.92,3.35,
2002-01-25,5.1,,,2.81,21.01,,1.93,3.38,
2002-01-28,5.12,,,2.78,21.14,,1.93,3.36,
2002-01-29,5.02,,,2.84,24.35,,1.97,3.3,
2002-01-30,5.02,,,2.89,23.22,,1.96,3.27,
2002-01-31,5.07,,,2.85,21.09,,1.91,3.31,
2002-02-01,5.02,,,2.86,21.12,,1.94,3.26,
2002-02-04,4.94,,,2.93,24.87,,1.95,3.17,
2002-02-05,4.92,,,2.98,25.45,,1.93,3.16,
2002-02-06,4.92,,,3.01,26.09,,1.94,3.18,
2002-02-07,4.93,,,3.05,25.11,,1.94,3.2,
2002-02-08,4.9,,,3.03,23.26,,1.95,3.17,
2002-02-11,4.91,,,3.02,21.78,,1.96,3.16,
2002-02-12,4.97,,,2.99,21.62,,1.93,3.22,
2002-02-13,5.01,,,2.93,20.85,,1.92,3.25,
2002-02-14,4.95,,,2.95,21.77,,1.88,3.2,
2002-02-15,4.86,,,2.98,22.37,,1.89,3.12,
2002-02-18,,,,,,,,,
2002-02-19,4.88,,,2.99,24.43,,1.9,3.12,
2002-02-20,4.88,,,3.01,22.66,,1.88,3.12,
2002-02-21,4.88,,,2.97,23.8,,1.88,3.12,
2002-02-22,4.84,,,2.98,22.86,,1.87,3.08,
2002-02-25,4.86,,,2.98,21.84,,1.85,3.09,
2002-02-26,4.93,,,2.96,21.68,,1.85,3.16,
2002-02-27,4.84,,,3.0,21.49,,1.75,3.07,
2002-02-28,4.88,,,2.98,21.59,,1.82,3.09,
2002-03-01,4.98,,,2.97,19.96,,1.8,3.21,
2002-03-04,5.02,,,2.94,20.5,,1.78,3.21,
2002-03-05,5.02,,,2.9,20.3,,1.77,3.22,
2002-03-06,5.06,,,2.91,19.94,,1.8,3.28,
2002-03-07,5.22,,,2.83,20.04,,1.86,3.44,
2002-03-08,5.33,,,2.79,19.27,,1.73,3.52,
2002-03-11,5.33,,,2.78,19.84,,1.74,3.47,
2002-03-12,5.32,,,2.78,19.59,,1.76,3.48,
2002-03-13,5.28,,,2.82,19.46,,1.79,3.46,
2002-03-14,5.4,,,2.79,19.2,,1.77,3.54,
2002-03-15,5.35,,,2.81,18.42,,1.72,3.49,
2002-03-18,5.32,,,2.8,18.93,,1.65,3.44,
2002-03-19,5.33,,,2.83,18.16,,1.69,3.48,
2002-03-20,5.4,,,2.81,18.46,,1.69,3.56,
2002-03-21,5.39,,,2.78,18.15,,1.66,3.55,
2002-03-22,5.4,,,2.78,17.77,,1.63,3.56,
2002-03-25,5.41,,,2.74,18.48,,1.63,3.56,
2002-03-26,5.35,,,2.76,18.13,,1.67,3.54,
2002-03-27,5.35,,,2.81,17.7,,1.69,3.54,
2002-03-28,5.42,,,2.81,17.4,,1.7,3.63,
2002-03-29,,,,,,,,,
2002-04-01,5.44,,,2.78,18.73,,1.7,3.65,
2002-04-02,5.36,,,2.81,19.16,,1.73,3.56,
2002-04-03,5.3,,,2.83,20.2,,1.75,3.51,
2002-04-04,5.28,,,2.84,19.78,,1.71,3.5,
2002-04-05,5.22,,,2.85,19.13,,1.73,3.46,
2002-04-08,5.25,,,2.85,19.61,,1.74,3.5,
2002-04-09,5.22,,,2.85,19.47,,1.74,3.49,
2002-04-10,5.24,,,2.84,18.19,,1.76,3.53,
2002-04-11,5.22,,,2.83,20.3,,1.75,3.5,
2002-04-12,5.18,,,2.86,19.42,,1.77,3.47,
2002-04-15,5.15,,,2.84,19.82,,1.77,3.43,
2002-04-16,5.2,,,2.81,18.11,,1.77,3.46,
2002-04-17,5.24,,,2.79,18.43,,1.83,3.51,
2002-04-18,5.23,,,2.82,19.29,,1.85,3.51,
2002-04-19,5.21,,,2.8,18.3,,1.85,3.48,
2002-04-22,5.19,,,2.77,19.77,,1.82,3.47,
2002-04-23,5.18,,,2.78,20.28,,1.79,3.45,
2002-04-24,5.11,,,2.81,20.77,,1.83,3.39,
2002-04-25,5.1,,,2.83,20.95,,1.85,3.36,
2002-04-26,5.08,,,2.83,22.14,,1.86,3.33,
2002-04-29,5.13,,,2.82,24.05,,1.87,3.35,
2002-04-30,5.11,,,2.84,21.91,,1.87,3.34,
2002-05-01,5.08,,,2.86,20.06,,1.87,3.31,
2002-05-02,5.13,,,2.84,20.07,,1.88,3.36,
2002-05-03,5.08,,,2.89,20.19,,1.91,3.32,
2002-05-06,5.1,,,2.86,22.56,,1.91,3.32,
2002-05-07,5.09,,,2.86,21.94,,1.95,3.33,
2002-05-08,5.24,,,2.86,20.39,,1.92,3.48,
2002-05-09,5.2,,,2.89,21.56,,1.93,3.43,
2002-05-10,5.15,,,2.93,22.41,,1.96,3.38,
2002-05-13,5.23,,,2.9,20.72,,1.95,3.44,
2002-05-14,5.32,,,2.89,19.35,,1.92,3.54,
2002-05-15,5.28,,,2.91,19.19,,1.91,3.52,
2002-05-16,5.2,,,2.96,18.5,,1.92,3.45,
2002-05-17,5.27,,,2.94,17.7,,1.86,3.51,
2002-05-20,5.21,,,2.96,19.24,,1.88,3.44,
2002-05-21,5.18,,,2.95,20.05,,1.9,3.43,
2002-05-22,5.13,,,2.98,19.58,,1.9,3.39,
2002-05-23,5.16,,,2.97,18.23,,1.88,3.42,
2002-05-24,5.16,,,2.96,18.9,,1.88,3.42,
2002-05-27,,,,,,,,,
2002-05-28,5.16,,,2.95,20.31,,1.86,3.39,
2002-05-29,5.11,,,2.97,20.39,,1.87,3.36,
2002-05-30,5.06,,,3.0,20.61,,1.89,3.31,
2002-05-31,5.08,,,2.98,19.98,,1.86,3.34,
2002-06-03,5.06,,,3.0,23.37,,1.87,3.29,
2002-06-04,5.04,,,3.01,23.89,,1.91,3.28,
2002-06-05,5.08,,,2.99,22.61,,1.92,3.33,
2002-06-06,5.04,,,2.99,24.16,,1.91,3.3,
2002-06-07,5.1,,,2.96,23.51,,1.94,3.36,
2002-06-10,5.07,,,2.95,23.72,,1.92,3.31,
2002-06-11,5.02,,,2.95,24.45,,1.93,3.27,
2002-06-12,4.98,,,3.0,24.15,,1.93,3.24,
2002-06-13,4.94,,,3.0,25.02,,1.94,3.22,
2002-06-14,4.83,,,3.02,25.96,,1.91,3.12,
2002-06-17,4.89,,,2.97,24.64,,1.93,3.15,
2002-06-18,4.88,,,3.02,24.24,,1.95,3.15,
2002-06-19,4.76,,,3.06,26.06,,1.95,3.05,
2002-06-20,4.85,,,3.05,27.48,,1.92,3.12,
2002-06-21,4.79,,,3.05,27.23,,1.91,3.07,
2002-06-24,4.87,,,3.03,26.98,,1.94,3.13,
2002-06-25,4.88,,,3.03,27.84,,1.96,3.15,
2002-06-26,4.75,,,3.12,28.42,,1.98,3.05,
2002-06-27,4.84,,,3.14,26.29,,1.99,3.14,
2002-06-28,4.86,,,3.13,25.4,,1.96,3.16,
2002-07-01,4.85,,,3.14,27.11,,1.97,3.13,
2002-07-02,4.77,,,3.18,28.96,,1.99,3.05,
2002-07-03,4.78,,,3.17,29.42,,2.0,3.06,
2002-07-04,,,,,,,,,
2002-07-05,4.9,,,3.15,27.11,,2.0,3.18,
2002-07-08,4.84,,,3.19,28.25,,2.0,3.11,
2002-07-09,4.78,,,3.19,30.22,,2.04,3.06,
2002-07-10,4.66,,,3.21,34.1,,2.05,2.94,
2002-07-11,4.66,,,3.21,33.85,,2.05,2.94,
2002-07-12,4.63,,,3.24,32.94,,2.07,2.92,
2002-07-15,4.66,,,3.26,35.03,,2.11,2.94,
2002-07-16,4.75,,,3.24,36.65,,2.09,3.03,
2002-07-17,4.71,,,3.27,35.45,,2.08,2.99,
2002-07-18,4.66,,,3.3,35.12,,2.11,2.94,
2002-07-19,4.61,,,3.25,38.17,,2.13,2.9,
2002-07-22,4.51,,,3.3,41.87,,2.11,2.81,
2002-07-23,4.47,,,3.33,44.92,,2.13,2.77,
2002-07-24,4.49,,,3.35,39.86,,2.11,2.8,
2002-07-25,4.43,,,3.35,39.27,,2.15,2.73,
2002-07-26,4.43,,,3.34,35.51,,2.23,2.74,
2002-07-29,4.62,,,3.25,31.33,,2.21,2.9,
2002-07-30,4.65,,,3.21,31.92,,2.21,2.93,
2002-07-31,4.51,,,3.25,32.03,,2.28,2.8,
2002-08-01,4.47,,,3.27,36.95,,2.32,2.79,
2002-08-02,4.33,,,3.34,41.29,,2.34,2.7,
2002-08-05,4.29,,,3.36,45.08,,2.36,2.65,
2002-08-06,4.42,,,3.3,42.03,,2.31,2.77,
2002-08-07,4.35,,,3.35,38.73,,2.37,2.76,
2002-08-08,4.4,,,3.33,36.33,,2.3,2.78,
2002-08-09,4.27,,,3.36,35.33,,2.17,2.65,
2002-08-12,4.22,,,3.33,37.05,,2.12,2.54,
2002-08-13,4.12,,,3.39,35.82,,2.12,2.49,
2002-08-14,4.06,,,3.37,32.36,,1.94,2.42,
2002-08-15,4.17,,,3.35,29.43,,1.95,2.55,
2002-08-16,4.32,,,3.32,28.81,,2.04,2.7,
2002-08-19,4.29,,,3.32,28.61,,2.04,2.62,
2002-08-20,4.17,,,3.36,29.59,,2.05,2.55,
2002-08-21,4.2,,,3.32,28.23,,2.08,2.57,
2002-08-22,4.3,,,3.28,27.75,,2.08,2.65,
2002-08-23,4.25,,,3.27,29.32,,2.06,2.6,
2002-08-26,4.22,,,3.29,29.89,,2.03,2.54,
2002-08-27,4.29,,,3.28,30.11,,2.03,2.61,
2002-08-28,4.22,,,3.3,33.32,,1.99,2.55,
2002-08-29,4.16,,,3.33,33.67,,2.02,2.48,
2002-08-30,4.14,,,3.32,32.64,,2.0,2.45,
2002-09-02,,,,,,,,,
2002-09-03,3.98,,,3.39,39.97,,1.97,2.34,
2002-09-04,3.96,,,3.4,37.44,,1.94,2.33,
2002-09-05,3.91,,,3.47,38.86,,1.96,2.3,
2002-09-06,4.05,,,3.42,36.33,,1.97,2.39,
2002-09-09,4.05,,,3.41,36.45,,1.92,2.36,
2002-09-10,4.0,,,3.43,35.08,,1.88,2.32,
2002-09-11,4.07,,,3.42,34.81,,1.89,2.38,
2002-09-12,3.98,,,3.45,37.5,,1.86,2.29,
2002-09-13,3.92,,,3.44,35.82,,1.85,2.23,
2002-09-16,3.9,,,3.47,36.74,,1.83,2.19,
2002-09-17,3.87,,,3.51,38.01,,1.81,2.17,
2002-09-18,3.86,,,3.51,37.52,,1.82,2.18,
2002-09-19,3.79,,,3.55,40.65,,1.86,2.14,
2002-09-20,3.79,,,3.59,38.98,,1.85,2.14,
2002-09-23,3.7,,,3.63,39.68,,1.77,2.05,
2002-09-24,3.69,,,3.65,40.52,,1.76,2.04,
2002-09-25,3.77,,,3.67,37.33,,1.77,2.11,
2002-09-26,3.79,,,3.64,34.6,,1.82,2.14,
2002-09-27,3.69,,,3.71,36.97,,1.87,2.06,
2002-09-30,3.63,,,3.76,39.69,,1.91,2.06,
2002-10-01,3.72,,,3.74,34.12,,1.92,2.13,
2002-10-02,3.71,,,3.73,36.83,,1.96,2.13,
2002-10-03,3.7,,,3.76,37.31,,1.95,2.13,
2002-10-04,3.69,,,3.78,39.46,,1.91,2.08,
2002-10-07,3.64,,,3.86,42.64,,1.87,2.01,
2002-10-08,3.65,,,3.89,41.02,,1.85,2.04,
2002-10-09,3.61,,,3.9,42.13,,1.89,2.04,
2002-10-10,3.68,,,3.9,37.55,,1.93,2.1,
2002-10-11,3.83,,,3.88,35.7,,1.98,2.25,
2002-10-14,,,,,36.04,,,,
2002-10-15,4.07,,,3.74,34.02,,1.99,2.39,
2002-10-16,4.06,,,3.77,36.0,,2.04,2.4,
2002-10-17,4.16,,,3.73,34.1,,2.06,2.49,
2002-10-18,4.14,,,3.76,33.53,,2.05,2.47,
2002-10-21,4.24,,,3.7,33.11,,2.01,2.53,
2002-10-22,4.27,,,3.71,34.09,,2.06,2.58,
2002-10-23,4.26,,,3.73,33.2,,2.06,2.58,
2002-10-24,4.16,,,3.77,34.03,,2.07,2.51,
2002-10-25,4.12,,,3.78,30.0,,2.14,2.48,
2002-10-28,4.1,,,3.81,31.07,,2.22,2.51,
2002-10-29,3.97,,,3.85,32.27,,2.18,2.46,
2002-10-30,3.99,,,3.83,31.23,,2.25,2.48,
2002-10-31,3.93,,,3.82,31.14,,2.25,2.49,
2002-11-01,4.01,,,3.76,29.3,,2.25,2.58,
2002-11-04,4.07,,,3.72,30.82,,2.28,2.64,
2002-11-05,4.1,,,3.72,31.23,,2.28,2.68,
2002-11-06,4.09,,,3.72,30.73,,2.22,2.86,
2002-11-07,3.88,,,3.73,31.42,,2.02,2.66,
2002-11-08,3.85,,,3.66,29.41,,1.98,2.63,
2002-11-11,,,,,31.3,,,,
2002-11-12,3.84,,,3.68,30.58,,2.05,2.62,
2002-11-13,3.84,,,3.67,31.24,,2.08,2.63,
2002-11-14,4.03,,,3.58,28.67,,2.14,2.81,
2002-11-15,4.05,,,3.54,26.65,,2.14,2.83,
2002-11-18,4.02,,,3.52,27.66,,2.11,2.79,
2002-11-19,3.99,,,3.5,27.41,,2.08,2.78,
2002-11-20,4.08,,,3.48,25.32,,2.1,2.86,
2002-11-21,4.14,,,3.46,23.81,,2.09,2.92,
2002-11-22,4.18,,,3.43,23.16,,2.08,2.95,
2002-11-25,4.19,,,3.42,24.07,,2.1,2.95,
2002-11-26,4.08,,,3.45,25.97,,2.11,2.86,
2002-11-27,4.26,,,3.39,27.25,,2.13,3.03,
2002-11-28,,,,,,,,,
2002-11-29,4.22,,,3.38,27.5,,2.14,3.0,
2002-12-02,4.22,,,3.37,27.46,,2.15,2.98,
2002-12-03,4.24,,,3.35,28.33,,2.16,3.01,
2002-12-04,4.18,,,3.38,28.92,,2.16,2.96,
2002-12-05,4.13,,,3.38,30.1,,2.16,2.91,
2002-12-06,4.09,,,3.42,28.88,,2.2,2.88,
2002-12-09,4.06,,,3.42,30.78,,2.18,2.83,
2002-12-10,4.06,,,3.4,28.76,,2.16,2.85,
2002-12-11,4.01,,,3.4,27.76,,2.16,2.8,
2002-12-12,4.01,,,3.42,27.29,,2.16,2.8,
2002-12-13,4.07,,,3.42,28.18,,2.2,2.86,
2002-12-16,4.15,,,3.37,26.24,,2.21,2.92,
2002-12-17,4.13,,,3.37,26.66,,2.24,2.91,
2002-12-18,4.06,,,3.4,28.29,,2.25,2.85,719542.0
2002-12-19,3.96,,,3.44,30.21,,2.22,2.75,
2002-12-20,3.97,,,3.42,26.71,,2.21,2.76,
2002-12-23,3.98,,,3.44,26.2,,2.19,2.79,
2002-12-24,3.95,,,3.44,26.49,,2.22,2.76,
2002-12-25,,,,,,,,,732059.0
2002-12-26,3.93,,,3.45,27.37,,2.23,2.75,
2002-12-27,3.83,,,3.49,29.55,,2.23,2.67,
2002-12-30,3.82,,,3.48,29.62,,2.21,2.6,
2002-12-31,3.83,,,3.48,28.62,,2.22,2.61,
2003-01-01,,,,,,,,,730994.0
2003-01-02,4.07,,,3.37,25.39,,2.27,2.85,
2003-01-03,4.05,,,3.39,24.68,,2.26,2.83,
2003-01-06,4.09,,,3.38,24.91,,2.25,2.88,
2003-01-07,4.04,,,3.39,25.13,,2.27,2.85,
2003-01-08,4.0,,,3.35,25.53,,2.29,2.81,723762.0
2003-01-09,4.19,,,3.29,24.25,,2.32,2.99,
2003-01-10,4.16,,,3.31,24.32,,2.37,2.96,
2003-01-13,4.15,,,3.29,24.9,,2.34,2.94,
2003-01-14,4.1,,,3.31,24.57,,2.34,2.91,
2003-01-15,4.1,,,3.29,25.51,,2.35,2.9,720074.0
2003-01-16,4.1,,,3.29,25.01,,2.35,2.92,
2003-01-17,4.05,,,3.29,25.7,,2.35,2.87,
2003-01-20,,,,,,,,,
2003-01-21,4.01,,,3.31,27.59,,2.34,2.82,
2003-01-22,3.95,,,3.33,29.01,,2.29,2.78,735953.0
2003-01-23,3.98,,,3.33,27.53,,2.29,2.81,
2003-01-24,3.94,,,3.33,31.51,,2.28,2.78,
2003-01-27,3.98,,,3.27,34.69,,2.28,2.81,
2003-01-28,4.0,,,3.23,31.93,,2.3,2.82,
2003-01-29,4.06,,,3.18,31.26,,2.29,2.88,712809.0
2003-01-30,4.0,,,3.19,31.32,,2.3,2.82,
2003-01-31,4.0,,,3.16,31.17,,2.28,2.82,
2003-02-03,4.01,,,3.14,31.02,,2.29,2.83,
2003-02-04,3.96,,,3.12,32.76,,2.28,2.8,
2003-02-05,4.02,,,3.11,33.04,,2.29,2.84,719643.0
2003-02-06,3.97,,,3.12,33.35,,2.29,2.8,
2003-02-07,3.96,,2.5,3.11,34.01,,2.33,2.79,
2003-02-10,3.99,,,3.11,33.99,,2.31,2.82,
2003-02-11,3.98,,,3.13,33.68,,2.33,2.8,
2003-02-12,3.93,,,3.16,34.33,,2.31,2.75,713281.0
2003-02-13,3.89,,,3.17,33.7,,2.32,2.72,
2003-02-14,3.95,,,3.16,32.62,,2.33,2.77,
2003-02-17,,,,,,,,,
2003-02-18,3.94,,,3.16,31.11,,2.28,2.75,
2003-02-19,3.88,,,3.16,31.31,,2.27,2.7,730400.0
2003-02-20,3.85,,,3.18,31.16,,2.26,2.66,
2003-02-21,3.9,,,3.16,30.25,,2.27,2.71,
2003-02-24,3.86,,,3.17,31.98,,2.26,2.65,
2003-02-25,3.81,,,3.18,31.74,,2.23,2.61,
2003-02-26,3.78,,,3.18,31.94,,2.21,2.57,721980.0
2003-02-27,3.76,,,3.2,30.53,,2.18,2.55,
2003-02-28,3.71,,,3.21,29.63,,2.18,2.51,
2003-03-03,3.68,,,3.23,30.43,,2.16,2.48,
2003-03-04,3.65,,,3.25,31.83,,2.16,2.46,
2003-03-05,3.63,,,3.25,30.38,,2.17,2.45,722649.0
2003-03-06,3.67,,,3.24,31.37,,2.2,2.49,
2003-03-07,3.63,,,3.26,31.08,,2.24,2.51,
2003-03-10,3.59,,,3.29,33.31,,2.24,2.51,
2003-03-11,3.6,,,3.28,33.61,,2.22,2.5,
2003-03-12,3.6,,,3.26,33.51,,2.15,2.5,717014.0
2003-03-13,3.74,,,3.21,31.76,,2.15,2.62,
2003-03-14,3.72,,,3.22,30.98,,2.16,2.59,
2003-03-17,3.82,,,3.17,31.75,,2.19,2.67,
2003-03-18,3.91,,,3.11,30.43,,2.19,2.77,
2003-03-19,3.98,,1.25,3.04,31.54,,2.26,2.82,729923.0
2003-03-20,4.01,,,3.05,30.44,,2.26,2.84,
2003-03-21,4.11,,,2.99,28.67,,2.31,2.93,
2003-03-24,3.98,,,3.03,30.39,,2.27,2.81,
2003-03-25,3.97,,,3.04,28.75,,2.28,2.79,
2003-03-26,3.96,,,3.01,28.23,,2.28,2.78,725019.0
2003-03-27,3.95,,,3.0,27.96,,2.33,2.79,
2003-03-28,3.92,,,3.01,27.75,,2.36,2.78,
2003-03-31,3.83,,,3.04,29.15,,2.32,2.69,
2003-04-01,3.84,,,3.02,28.36,,2.34,2.72,
2003-04-02,3.94,,,2.98,28.02,,2.34,2.81,732452.0
2003-04-03,3.93,,,3.01,28.21,,2.38,2.82,
2003-04-04,3.96,,,2.99,29.13,,2.41,2.85,
2003-04-07,4.03,,,2.95,28.45,,2.38,2.86,
2003-04-08,3.95,,2.25,2.97,27.13,,2.36,2.8,
2003-04-09,3.93,,,2.97,27.11,,2.38,2.8,727826.0
2003-04-10,3.95,,,2.96,25.6,,2.35,2.81,
2003-04-11,4.0,,,2.93,24.44,,2.35,2.83,
2003-04-14,4.04,,,2.92,23.41,,2.3,2.84,
2003-04-15,3.98,,,2.92,22.56,,2.29,2.8,
2003-04-16,3.96,,,2.9,22.52,,2.29,2.79,745838.0
2003-04-17,3.98,,,2.86,21.5,,2.27,2.8,
2003-04-18,,,,,,,,,
2003-04-21,4.0,,,2.84,21.95,,2.29,2.82,
2003-04-22,4.01,,,2.83,20.7,,2.31,2.83,
2003-04-23,4.02,,,2.79,20.8,,2.32,2.85,732222.0
2003-04-24,3.93,,,2.8,20.33,,2.31,2.78,
2003-04-25,3.91,,,2.82,20.8,,2.34,2.77,
2003-04-28,3.92,,,2.79,20.84,,2.33,2.78,
2003-04-29,3.96,,,2.77,20.76,,2.34,2.81,
2003-04-30,3.89,,,2.76,21.21,,2.38,2.76,746294.0
2003-05-01,3.88,,,2.77,21.59,,2.38,2.78,
2003-05-02,3.94,,,2.73,20.63,,2.38,2.82,
2003-05-05,3.92,,,2.71,21.13,,2.37,2.79,
2003-05-06,3.84,,,2.74,20.8,,2.39,2.74,
2003-05-07,3.72,,,2.78,21.0,,2.27,2.61,733466.0
2003-05-08,3.7,,,2.67,21.24,,2.21,2.61,
2003-05-09,3.69,,,2.81,19.69,,2.24,2.58,
2003-05-12,3.64,,,2.83,19.52,,2.18,2.54,
2003-05-13,3.63,,,2.83,19.91,,2.16,2.54,
2003-05-14,3.53,,,2.83,20.0,,2.12,2.47,740371.0
2003-05-15,3.53,,,2.83,19.24,,2.07,2.47,
2003-05-16,3.46,,,2.84,18.4,,2.08,2.41,
2003-05-19,3.46,,,2.86,20.51,,2.11,2.41,
2003-05-20,3.38,,,2.86,21.29,,2.07,2.34,
2003-05-21,3.39,,,2.86,21.21,,2.01,2.33,734699.0
2003-05-22,3.34,,,2.85,19.78,,1.98,2.26,
2003-05-23,3.34,,,2.81,19.17,,1.96,2.26,
2003-05-26,,,,,,,,,
2003-05-27,3.41,,,2.83,19.99,,2.08,2.32,
2003-05-28,3.44,,,2.83,20.03,,2.09,2.32,744896.0
2003-05-29,3.34,,,2.87,20.43,,2.04,2.24,
2003-05-30,3.37,,,2.85,19.47,,2.04,2.26,
2003-06-02,3.43,,,2.85,20.85,,2.1,2.29,
2003-06-03,3.34,,,2.88,20.84,,2.14,2.26,
2003-06-04,3.3,,1.25,2.87,20.62,,2.1,2.25,731667.0
2003-06-05,3.34,,,2.87,20.83,,2.09,2.3,
2003-06-06,3.37,,,2.83,21.25,,2.1,2.32,
2003-06-09,3.29,,,2.87,22.15,,2.1,2.26,
2003-06-10,3.2,,,2.89,20.64,,2.07,2.23,
2003-06-11,3.21,,,2.87,20.21,,2.05,2.27,743236.0
2003-06-12,3.18,,,2.88,20.41,,2.05,2.26,
2003-06-13,3.13,,,2.88,20.66,,2.03,2.27,
2003-06-16,3.18,,,2.87,20.22,,2.0,2.31,
2003-06-17,3.27,,,2.85,20.01,,2.02,2.37,
2003-06-18,3.37,,2.25,2.83,19.76,,2.1,2.48,735926.0
2003-06-19,3.35,,1.25,2.87,19.8,,2.18,2.54,
2003-06-20,3.4,,3.5,2.86,19.14,,2.18,2.57,
2003-06-23,3.32,,,2.88,20.58,,2.15,2.47,
2003-06-24,3.29,,,2.87,20.75,,2.15,2.46,
2003-06-25,3.38,,,2.85,20.81,,2.08,2.46,744018.0
2003-06-26,3.55,,,2.8,19.4,,2.14,2.64,
2003-06-27,3.58,,,2.8,19.16,,2.2,2.71,
2003-06-30,3.54,,,2.81,19.52,,2.22,2.64,
2003-07-01,3.56,,,2.81,19.46,,2.26,2.67,
2003-07-02,3.56,,,2.75,19.03,,2.26,2.69,740126.0
2003-07-03,3.67,,,2.72,19.39,,2.35,2.8,
2003-07-04,,,,,,,,,
2003-07-07,3.74,,,2.7,20.06,,2.38,2.82,
2003-07-08,3.75,,,2.68,19.48,,2.36,2.83,
2003-07-09,3.73,,,2.68,18.93,,2.36,2.83,744430.0
2003-07-10,3.7,,,2.71,19.19,,2.37,2.81,
2003-07-11,3.66,,,2.73,18.47,,2.37,2.77,
2003-07-14,3.74,,,2.72,19.59,,2.39,2.83,
2003-07-15,3.94,,,2.66,19.55,,2.49,3.02,
2003-07-16,3.97,,,2.62,19.76,,2.48,3.06,737765.0
2003-07-17,3.98,,,2.61,20.22,,2.51,3.08,
2003-07-18,4.0,,,2.61,19.11,,2.49,3.09,
2003-07-21,4.19,,,2.57,19.78,,2.58,3.26,
2003-07-22,4.17,,,2.56,19.17,,2.6,3.24,
2003-07-23,4.12,,,2.59,18.64,,2.58,3.19,745665.0
2003-07-24,4.2,,,2.55,18.6,,2.66,3.27,
2003-07-25,4.22,,,2.57,17.75,,2.7,3.29,
2003-07-28,4.31,,,2.58,18.36,,2.7,3.34,
2003-07-29,4.42,,,2.55,18.67,,2.75,3.43,
2003-07-30,4.34,,,2.55,18.85,,2.7,3.36,740295.0
2003-07-31,4.49,,,2.58,19.49,,2.69,3.53,
2003-08-01,4.44,,,2.57,20.75,,2.59,3.49,
2003-08-04,4.35,,,2.62,21.27,,2.64,3.38,
2003-08-05,4.47,,,2.62,22.68,,2.59,3.51,
2003-08-06,4.32,,,2.64,21.5,,2.54,3.37,734018.0
2003-08-07,4.3,,,2.64,20.26,,2.56,3.35,
2003-08-08,4.27,,,2.69,19.59,,2.55,3.31,
2003-08-11,4.38,,,2.61,19.75,,2.57,3.42,
2003-08-12,4.37,,,2.63,17.94,,2.66,3.42,
2003-08-13,4.58,,,2.56,18.77,,2.72,3.62,735386.0
2003-08-14,4.55,,,2.59,18.47,,2.69,3.59,
2003-08-15,4.55,,,2.55,18.27,,2.7,3.6,
2003-08-18,4.49,,,2.6,18.18,,2.62,3.53,
2003-08-19,4.38,,,2.61,17.86,,2.57,3.42,
2003-08-20,4.45,,,2.56,17.82,,2.61,3.49,750825.0
2003-08-21,4.53,,,2.51,17.84,,2.55,3.56,
2003-08-22,4.48,,,2.49,18.55,,2.51,3.5,
2003-08-25,4.53,,,2.5,19.53,,2.51,3.51,
2003-08-26,4.5,,,2.49,19.49,,2.54,3.49,
2003-08-27,4.54,,,2.47,19.13,,2.49,3.54,740637.0
2003-08-28,4.42,,,2.49,18.48,,2.49,3.43,
2003-08-29,4.45,,,2.46,18.63,,2.5,3.47,
2003-09-01,,,,,,,,,
2003-09-02,4.61,,,2.39,19.02,,2.57,3.63,
2003-09-03,4.6,,,2.4,19.44,,2.58,3.63,750461.0
2003-09-04,4.52,,,2.46,18.71,,2.61,3.55,
2003-09-05,4.35,,,2.52,18.17,,2.63,3.39,
2003-09-08,4.41,,,2.48,18.26,,2.66,3.44,
2003-09-09,4.37,,,2.53,18.85,,2.66,3.41,
2003-09-10,4.28,,,2.55,20.01,,2.64,3.32,737234.0
2003-09-11,4.35,,,2.48,19.25,,2.64,3.39,
2003-09-12,4.27,,,2.56,18.68,,2.61,3.31,
2003-09-15,4.28,,,2.55,19.28,,2.65,3.32,
2003-09-16,4.29,,,2.57,18.03,,2.66,3.36,
2003-09-17,4.2,,,2.56,18.15,,2.57,3.25,743939.0
2003-09-18,4.19,,,2.54,17.57,,2.51,3.23,
2003-09-19,4.17,,,2.52,17.54,,2.47,3.22,
2003-09-22,4.26,,,2.52,19.65,,2.56,3.31,
2003-09-23,4.24,,,2.5,19.47,,2.56,3.31,
2003-09-24,4.16,,,2.5,21.22,,2.5,3.21,741193.0
2003-09-25,4.12,,,2.52,22.26,,2.47,3.18,
2003-09-26,4.04,,,2.55,22.23,,2.44,3.1,
2003-09-29,4.09,,,2.56,21.67,,2.48,3.13,
2003-09-30,3.96,,,2.57,22.72,,2.46,3.01,
2003-10-01,3.96,,,2.56,21.07,,2.49,3.01,753155.0
2003-10-02,4.03,,,2.54,20.8,,2.55,3.09,
2003-10-03,4.21,,,2.52,19.5,,2.56,3.27,
2003-10-06,4.17,,,2.51,19.51,,2.57,3.23,
2003-10-07,4.27,,,2.49,19.41,,2.6,3.35,
2003-10-08,4.27,,,2.51,19.18,,2.62,3.36,737108.0
2003-10-09,4.32,,,2.5,18.82,,2.63,3.41,
2003-10-10,4.29,,,2.48,18.45,,2.64,3.37,
2003-10-13,,,,,17.55,,,,
2003-10-14,4.37,,,2.48,17.37,,2.64,3.44,
2003-10-15,4.43,,,2.44,17.69,,2.64,3.5,754229.0
2003-10-16,4.47,,,2.4,17.19,,2.51,3.54,
2003-10-17,4.41,,,2.38,17.62,,2.51,3.48,
2003-10-20,4.41,,,2.36,17.04,,2.53,3.46,
2003-10-21,4.38,,,2.39,16.55,,2.49,3.45,
2003-10-22,4.29,,,2.43,17.67,,2.49,3.33,743578.0
2003-10-23,4.34,,,2.41,17.68,,2.5,3.38,
2003-10-24,4.24,,,2.42,17.71,,2.48,3.29,
2003-10-27,4.3,,,2.39,18.05,,2.47,3.32,
2003-10-28,4.23,,,2.41,16.82,,2.52,3.27,
2003-10-29,4.31,,,2.39,16.43,,2.52,3.35,747272.0
2003-10-30,4.36,,,2.36,16.33,,2.5,3.4,
2003-10-31,4.33,,,2.36,16.1,,2.48,3.37,
2003-11-03,4.4,,,2.32,16.55,,2.5,3.44,
2003-11-04,4.33,,4.0,2.36,16.55,,2.47,3.38,
2003-11-05,4.38,,2.75,2.35,16.86,,2.44,3.42,744116.0
2003-11-06,4.45,,,2.34,16.74,,2.44,3.49,
2003-11-07,4.48,,,2.32,16.93,,2.44,3.52,
2003-11-10,4.49,,,2.33,17.62,,2.43,3.52,
2003-11-11,,,,,17.54,,,,
2003-11-12,4.44,,,2.33,16.75,,2.39,3.49,745604.0
2003-11-13,4.3,,,2.35,16.47,,2.38,3.36,
2003-11-14,4.22,,,2.37,16.94,,2.38,3.27,
2003-11-17,4.18,,,2.39,18.6,,2.38,3.22,
2003-11-18,4.17,,,2.38,19.11,,2.34,3.21,
2003-11-19,4.24,,,2.37,18.8,,2.34,3.29,744521.0
2003-11-20,4.16,,,2.4,19.48,,2.33,3.21,
2003-11-21,4.15,,,2.39,18.98,,2.31,3.21,
2003-11-24,4.23,,,2.38,17.44,,2.29,3.27,
2003-11-25,4.19,,,2.38,16.71,,2.3,3.24,
2003-11-26,4.25,,,2.35,16.23,,2.28,3.31,756964.0
2003-11-27,,,,,,,,,
2003-11-28,4.34,,,2.33,16.32,,2.28,3.41,
2003-12-01,4.4,,,2.3,16.77,,2.28,3.45,
2003-12-02,4.38,,,2.3,16.27,,2.31,3.44,
2003-12-03,4.41,,,2.29,16.63,,2.32,3.47,749981.0
2003-12-04,4.38,,,2.29,16.3,,2.32,3.45,
2003-12-05,4.23,,,2.33,17.09,,2.35,3.31,
2003-12-08,4.29,,,2.33,16.54,,2.35,3.36,
2003-12-09,4.32,,,2.34,17.63,,2.35,3.39,
2003-12-10,4.3,,,2.35,17.87,,2.36,3.37,756585.0
2003-12-11,4.27,,,2.35,16.73,,2.44,3.37,
2003-12-12,4.26,,,2.34,16.41,,2.42,3.35,
2003-12-15,4.28,,,2.34,17.23,,2.4,3.38,
2003-12-16,4.24,,1.75,2.35,15.93,,2.41,3.33,
2003-12-17,4.19,,,2.35,15.58,,2.36,3.29,753919.0
2003-12-18,4.16,,,2.32,16.16,,2.31,3.27,
2003-12-19,4.15,,,2.33,16.42,,2.33,3.27,
2003-12-22,4.18,,,2.34,16.94,,2.34,3.28,
2003-12-23,4.28,,,2.31,16.49,,2.32,3.38,
2003-12-24,4.2,,,2.34,16.66,,2.37,3.3,767012.0
2003-12-25,,,,,,,,,
2003-12-26,4.17,,,2.33,17.45,,2.35,3.3,
2003-12-29,4.24,,,2.33,17.09,,2.38,3.34,
2003-12-30,4.29,,,2.33,17.68,,2.43,3.35,
2003-12-31,4.27,,,2.34,18.31,,2.43,3.32,771551.0
2004-01-01,,,,,,,,,
2004-01-02,4.38,,,2.32,18.22,,2.44,3.45,
2004-01-05,4.41,,,2.27,17.49,,2.46,3.5,
2004-01-06,4.29,,2.5,2.32,16.73,,2.45,3.38,
2004-01-07,4.27,,,2.3,15.5,,2.43,3.36,755829.0
2004-01-08,4.27,,,2.26,15.61,,2.42,3.39,
2004-01-09,4.11,,2.25,2.31,16.75,,2.43,3.24,
2004-01-12,4.11,,,2.32,16.82,,2.43,3.22,
2004-01-13,4.05,,,2.35,18.04,,2.42,3.16,
2004-01-14,4.01,,,2.33,16.75,,2.36,3.13,752812.0
2004-01-15,3.99,,,2.33,15.56,,2.32,3.11,
2004-01-16,4.04,,,2.3,15.0,,2.34,3.15,
2004-01-19,,,,,,,,,
2004-01-20,4.08,,,2.31,15.21,,2.39,3.19,
2004-01-21,4.05,,,2.33,14.34,,2.36,3.16,775833.0
2004-01-22,3.99,,,2.33,14.71,,2.33,3.11,
2004-01-23,4.09,,,2.3,14.84,,2.38,3.19,
2004-01-26,4.16,,,2.28,14.55,,2.41,3.26,
2004-01-27,4.11,,,2.26,15.35,,2.41,3.2,
2004-01-28,4.22,,,2.23,16.78,,2.35,3.28,755279.0
2004-01-29,4.22,,,2.19,17.14,,2.34,3.28,
2004-01-30,4.16,,,2.19,16.63,,2.32,3.24,
2004-02-02,4.18,,,2.17,17.11,,2.35,3.24,
2004-02-03,4.13,,,2.18,17.34,,2.35,3.19,
2004-02-04,4.15,,,2.16,17.87,,2.35,3.21,754153.0
2004-02-05,4.2,,,2.13,17.71,,2.35,3.26,
2004-02-06,4.12,,,2.16,16.0,,2.35,3.19,
2004-02-09,4.09,,,2.16,16.39,,2.33,3.15,
2004-02-10,4.13,,,2.15,15.94,,2.31,3.18,
2004-02-11,4.05,,,2.19,15.39,,2.32,3.12,750999.0
2004-02-12,4.1,,,2.18,15.31,,2.35,3.17,
2004-02-13,4.05,,,2.2,15.58,,2.35,3.13,
2004-02-16,,,,,,,,,
2004-02-17,4.05,,,2.19,15.4,,2.35,3.1,
2004-02-18,4.05,,,2.19,15.59,,2.33,3.11,758759.0
2004-02-19,4.05,,,2.19,15.8,,2.35,3.11,
2004-02-20,4.1,,,2.18,16.04,,2.35,3.16,
2004-02-23,4.05,,,2.2,16.29,,2.36,3.08,
2004-02-24,4.04,,,2.19,15.9,,2.35,3.07,
2004-02-25,4.02,,,2.21,14.93,,2.35,3.06,750666.0
2004-02-26,4.05,,,2.2,14.83,,2.36,3.09,
2004-02-27,3.99,,,2.21,14.55,,2.33,3.03,
2004-03-01,4.0,,,2.2,14.44,,2.33,3.03,
2004-03-02,4.05,,,2.19,14.86,,2.31,3.08,
2004-03-03,4.07,,,2.18,14.55,,2.33,3.1,754867.0
2004-03-04,4.04,,,2.18,14.4,,2.31,3.08,
2004-03-05,3.85,,,2.25,14.48,,2.28,2.91,
2004-03-08,3.78,,,2.3,15.79,,2.26,2.82,
2004-03-09,3.73,,,2.3,16.6,,2.22,2.77,
2004-03-10,3.74,,,2.31,18.67,,2.2,2.78,749950.0
2004-03-11,3.74,,,2.32,20.67,,2.22,2.77,
2004-03-12,3.78,,,2.31,18.3,,2.24,2.82,
2004-03-15,3.78,,,2.31,21.13,,2.22,2.82,
2004-03-16,3.7,,,2.34,20.34,,2.19,2.74,
2004-03-17,3.71,,,2.33,18.11,,2.18,2.78,760638.0
2004-03-18,3.76,,,2.32,18.53,,2.21,2.83,
2004-03-19,3.8,,,2.3,19.15,,2.24,2.86,
2004-03-22,3.74,,,2.32,21.58,,2.22,2.79,
2004-03-23,3.73,,,2.33,20.67,,2.21,2.78,
2004-03-24,3.73,,,2.33,19.81,,2.23,2.8,751510.0
2004-03-25,3.75,,,2.34,17.88,,2.24,2.81,
2004-03-26,3.85,,,2.31,17.33,,2.26,2.9,
2004-03-29,3.91,,,2.28,16.5,,2.28,2.95,
2004-03-30,3.91,,,2.28,16.28,,2.28,2.95,
2004-03-31,3.86,,,2.29,16.74,,2.26,2.91,760725.0
2004-04-01,3.91,,,2.27,16.65,,2.26,2.98,
2004-04-02,4.15,,,2.17,15.64,,2.29,3.2,
2004-04-05,4.24,,,2.13,14.97,,2.33,3.3,
2004-04-06,4.19,,,2.16,15.32,,2.33,3.25,
2004-04-07,4.19,,,2.15,15.76,,2.32,3.24,754083.0
2004-04-08,4.21,,,2.15,16.26,,2.33,3.28,
2004-04-09,,,,,,,,,
2004-04-12,4.25,,,2.13,15.28,,2.34,3.31,
2004-04-13,4.35,,,2.11,17.26,,2.34,3.41,
2004-04-14,4.4,,,2.08,15.62,,2.27,3.45,763734.0
2004-04-15,4.42,,,2.09,15.74,,2.32,3.47,
2004-04-16,4.37,,,2.11,14.94,,2.34,3.43,
2004-04-19,4.39,,,2.12,15.42,,2.32,3.43,
2004-04-20,4.43,,,2.1,16.67,,2.32,3.46,
2004-04-21,4.45,,,2.09,15.6,,2.23,3.46,757984.0
2004-04-22,4.4,,,2.1,14.61,,2.25,3.43,
2004-04-23,4.48,,,2.07,14.01,,2.19,3.5,
2004-04-26,4.46,,,2.06,14.77,,2.18,3.47,
2004-04-27,4.43,,,2.08,15.07,,2.22,3.45,
2004-04-28,4.5,,,2.06,16.29,,2.2,3.53,772927.0
2004-04-29,4.55,,,2.06,16.6,,2.21,3.58,
2004-04-30,4.53,,,2.05,17.19,,2.22,3.55,
2004-05-03,4.53,,,2.05,16.62,,2.19,3.53,
2004-05-04,4.56,,,2.07,16.55,,2.24,3.56,
2004-05-05,4.61,,,2.05,15.77,,2.27,3.62,758838.0
2004-05-06,4.63,,,2.06,17.05,,2.24,3.63,
2004-05-07,4.79,,,1.97,18.13,,2.15,3.72,
2004-05-10,4.81,,,1.98,19.77,,2.2,3.73,
2004-05-11,4.79,,,1.99,18.57,,2.18,3.74,
2004-05-12,4.83,,,2.0,18.14,,2.21,3.79,764835.0
2004-05-13,4.85,,,2.02,18.86,,2.18,3.85,
2004-05-14,4.79,,,2.03,18.47,,2.2,3.8,
2004-05-17,4.7,,,2.08,19.96,,2.19,3.64,
2004-05-18,4.74,,,2.05,19.33,,2.16,3.69,
2004-05-19,4.79,,,2.03,18.93,,2.18,3.75,756874.0
2004-05-20,4.72,,,2.05,18.67,,2.17,3.69,
2004-05-21,4.76,,,2.03,18.49,,2.16,3.73,
2004-05-24,4.75,,,2.02,18.08,,2.16,3.68,
2004-05-25,4.73,,,2.02,15.96,,2.15,3.66,
2004-05-26,4.67,,,2.05,15.97,,2.15,3.59,771108.0
2004-05-27,4.6,,,2.05,15.28,,2.14,3.54,
2004-05-28,4.66,,,2.03,15.5,,2.12,3.58,
2004-05-31,,,,,,,,,
2004-06-01,4.71,,,2.05,16.3,,2.11,3.54,
2004-06-02,4.74,,,2.06,16.08,,2.09,3.57,764090.0
2004-06-03,4.71,,,2.08,17.03,,2.08,3.54,
2004-06-04,4.78,,,2.06,16.78,,2.08,3.57,
2004-06-07,4.78,,,2.05,15.39,,2.11,3.54,
2004-06-08,4.78,,,2.04,15.01,,2.05,3.51,
2004-06-09,4.82,,,2.03,15.39,,2.03,3.55,772187.0
2004-06-10,4.81,,,2.03,15.04,,2.0,3.51,
2004-06-11,,,,,15.04,,,,
2004-06-14,4.89,,,2.01,16.07,,1.92,3.48,
2004-06-15,4.69,,,2.06,15.05,,1.92,3.35,
2004-06-16,4.74,,,2.04,14.79,,1.9,3.44,761834.0
2004-06-17,4.71,,,2.03,15.15,,1.9,3.43,
2004-06-18,4.72,,,2.03,14.99,,1.91,3.43,
2004-06-21,4.7,,,2.05,15.26,,1.9,3.37,
2004-06-22,4.72,,,2.05,14.31,,1.92,3.4,
2004-06-23,4.71,,,2.06,13.98,,1.93,3.42,775261.0
2004-06-24,4.66,,,2.06,14.81,,1.92,3.37,
2004-06-25,4.66,,,2.07,15.19,,1.92,3.35,
2004-06-28,4.76,,,2.04,16.07,,1.9,3.38,
2004-06-29,4.7,,,2.06,15.47,,1.87,3.32,
2004-06-30,4.62,,,2.09,14.34,,1.92,3.29,779578.0
2004-07-01,4.57,,,2.12,15.2,,1.93,3.35,
2004-07-02,4.48,,,2.13,15.08,,1.94,3.18,
2004-07-05,,,,,,,,,
2004-07-06,4.49,,,2.14,16.25,,1.93,3.15,
2004-07-07,4.5,,,2.13,15.81,,1.94,3.2,778163.0
2004-07-08,4.49,,,2.14,16.2,,1.94,3.22,
2004-07-09,4.49,,,2.14,15.78,,1.94,3.21,
2004-07-12,4.46,,,2.15,14.96,,1.93,3.12,
2004-07-13,4.5,,,2.14,14.46,,1.92,3.16,
2004-07-14,4.5,,,2.12,13.76,,1.88,3.16,775536.0
2004-07-15,4.5,,,2.12,14.71,,1.86,3.15,
2004-07-16,4.38,,,2.15,14.34,,1.84,3.03,
2004-07-19,4.38,,,2.14,15.17,,1.82,3.03,
2004-07-20,4.47,,,2.12,14.17,,1.8,3.11,
2004-07-21,4.5,,,2.12,16.41,,1.79,3.15,776764.0
2004-07-22,4.48,,,2.13,15.75,,1.79,3.11,
2004-07-23,4.45,,,2.13,16.5,,1.76,3.07,
2004-07-26,4.49,,,2.11,17.3,,1.74,3.04,
2004-07-27,4.62,,,2.09,16.55,,1.8,3.16,
2004-07-28,4.61,,,2.1,16.15,,1.83,3.15,773916.0
2004-07-29,4.6,,,2.09,15.68,,1.85,3.15,
2004-07-30,4.5,,,2.1,15.32,,1.82,3.05,
2004-08-02,4.48,,,2.13,15.37,,1.82,2.98,
2004-08-03,4.45,,,2.14,16.03,,1.79,2.97,
2004-08-04,4.45,,,2.14,16.21,,1.79,2.96,772085.0
2004-08-05,4.43,,,2.14,18.32,,1.79,2.95,
2004-08-06,4.24,,,2.22,19.34,,1.84,2.8,
2004-08-09,4.28,,,2.19,18.89,,1.83,2.77,
2004-08-10,4.32,,,2.18,17.47,,1.77,2.82,
2004-08-11,4.3,,,2.17,18.04,,1.76,2.86,769265.0
2004-08-12,4.27,,,2.19,19.08,,1.75,2.84,
2004-08-13,4.22,,,2.2,17.98,,1.75,2.78,
2004-08-16,4.26,,,2.2,17.57,,1.75,2.77,
2004-08-17,4.21,,,2.21,17.02,,1.77,2.73,
2004-08-18,4.23,,,2.2,16.23,,1.79,2.74,767595.0
2004-08-19,4.22,,,2.2,16.96,,1.79,2.74,
2004-08-20,4.24,,,2.19,16.0,,1.78,2.75,
2004-08-23,4.28,,,2.19,15.88,,1.78,2.74,
2004-08-24,4.28,,,2.18,15.33,,1.78,2.74,
2004-08-25,4.26,,,2.18,14.98,,1.75,2.72,775437.0
2004-08-26,4.22,,,2.19,14.91,,1.74,2.67,
2004-08-27,4.23,,,2.18,14.71,,1.75,2.67,
2004-08-30,4.19,,,2.19,15.44,,1.72,2.58,
2004-08-31,4.13,,,2.19,15.29,,1.72,2.54,
2004-09-01,4.13,,,2.2,14.91,,1.72,2.55,785273.0
2004-09-02,4.2,,,2.17,14.28,,1.74,2.6,
2004-09-03,4.3,,,2.15,13.91,,1.69,2.65,
2004-09-06,,,,,,,,,
2004-09-07,4.26,,,2.13,14.07,,1.68,2.6,
2004-09-08,4.18,,,2.15,14.06,,1.68,2.53,788602.0
2004-09-09,4.22,,,2.15,14.01,,1.72,2.58,
2004-09-10,4.19,,,2.16,13.76,,1.69,2.53,
2004-09-13,4.16,,,2.15,13.17,,1.66,2.5,
2004-09-14,4.15,,,2.15,13.56,,1.68,2.49,
2004-09-15,4.18,,,2.14,14.64,,1.67,2.51,789128.0
2004-09-16,4.08,,,2.16,14.39,,1.64,2.41,
2004-09-17,4.14,,,2.13,14.03,,1.61,2.43,
2004-09-20,4.07,,,2.14,14.43,,1.61,2.34,
2004-09-21,4.05,,,2.14,13.66,,1.56,2.33,
2004-09-22,4.0,,,2.13,14.74,,1.5,2.29,782124.0
2004-09-23,4.02,,,2.13,14.8,,1.45,2.3,
2004-09-24,4.04,,,2.12,14.28,,1.42,2.31,
2004-09-27,4.01,,,2.13,14.62,,1.42,2.27,
2004-09-28,4.02,,,2.14,13.83,,1.47,2.3,
2004-09-29,4.1,,,2.12,13.21,,1.49,2.38,786330.0
2004-09-30,4.14,,,2.11,13.34,,1.51,2.43,
2004-10-01,4.21,,,2.09,12.75,,1.58,2.5,
2004-10-04,4.19,,,2.1,13.41,,1.54,2.48,
2004-10-05,4.18,,,2.1,13.95,,1.53,2.47,
2004-10-06,4.23,,,2.09,13.28,,1.53,2.52,781777.0
2004-10-07,4.26,,,2.09,14.5,,1.54,2.56,
2004-10-08,4.15,,,2.1,15.05,,1.54,2.44,
2004-10-11,,,,,14.71,,,,
2004-10-12,4.12,,,2.11,15.05,,1.56,2.4,
2004-10-13,4.09,,,2.12,15.42,,1.56,2.37,795483.0
2004-10-14,4.03,,,2.13,16.43,,1.55,2.29,
2004-10-15,4.07,,,2.12,15.04,,1.54,2.31,
2004-10-18,4.07,,,2.13,14.71,,1.52,2.26,
2004-10-19,4.07,,,2.1,15.13,,1.5,2.25,
2004-10-20,4.01,,,2.13,14.85,,1.48,2.19,784954.0
2004-10-21,4.01,,,2.12,14.54,,1.44,2.16,
2004-10-22,4.0,,,2.12,15.28,,1.45,2.15,
2004-10-25,3.99,,,2.13,16.58,,1.45,2.09,
2004-10-26,4.01,,,2.11,16.39,,1.47,2.1,
2004-10-27,4.11,,,2.08,15.72,,1.48,2.19,791336.0
2004-10-28,4.09,,,2.1,15.39,,1.5,2.18,
2004-10-29,4.05,,,2.09,16.27,,1.49,2.14,
2004-11-01,4.11,,,2.09,16.27,,1.5,2.12,
2004-11-02,4.1,,,2.09,16.18,,1.5,2.13,
2004-11-03,4.09,,,2.08,14.04,,1.49,2.13,790552.0
2004-11-04,4.1,,,2.05,13.97,,1.47,2.12,
2004-11-05,4.21,,,2.02,13.84,,1.41,2.18,
2004-11-08,4.22,,,2.03,13.8,,1.42,2.15,
2004-11-09,4.22,,,2.03,13.61,,1.42,2.14,
2004-11-10,4.25,,,2.04,13.08,,1.43,2.17,800473.0
2004-11-11,,,,,13.04,,,,
2004-11-12,4.2,,,2.02,13.33,,1.34,2.12,
2004-11-15,4.2,,,2.01,13.38,,1.31,2.08,
2004-11-16,4.21,,,2.0,13.21,,1.3,2.07,
2004-11-17,4.14,,,2.01,13.21,,1.29,2.01,794090.0
2004-11-18,4.12,,,2.01,12.98,,1.26,1.99,
2004-11-19,4.2,,,1.99,13.5,,1.25,2.05,
2004-11-22,4.18,,,1.96,12.97,,1.23,1.98,
2004-11-23,4.19,,,1.96,12.67,,1.21,2.0,
2004-11-24,4.2,,,1.95,12.72,,1.19,2.02,809956.0
2004-11-25,,,,,,,,,
2004-11-26,4.24,,,1.96,12.79,,1.21,2.03,
2004-11-29,4.34,,,1.93,13.3,,1.27,2.11,
2004-11-30,4.36,,,1.95,13.24,,1.34,2.13,
2004-12-01,4.38,,,1.95,12.97,,1.37,2.16,807063.0
2004-12-02,4.4,,,1.94,12.98,,1.36,2.18,
2004-12-03,4.27,,,1.96,12.96,,1.33,2.06,
2004-12-06,4.24,,,1.96,13.19,,1.31,1.99,
2004-12-07,4.23,,,1.96,13.67,,1.28,1.98,
2004-12-08,4.14,,,1.94,13.19,,1.23,1.9,808495.0
2004-12-09,4.19,,,1.94,12.88,,1.26,1.95,
2004-12-10,4.16,,,1.95,12.76,,1.21,1.91,
2004-12-13,4.16,,,1.94,12.54,,1.18,1.92,
2004-12-14,4.14,,,1.94,12.73,,1.15,1.93,
2004-12-15,4.09,,,1.91,12.35,,1.12,1.88,807028.0
2004-12-16,4.19,,,1.92,12.27,,1.18,1.99,
2004-12-17,4.21,,,1.92,11.95,,1.18,2.01,
2004-12-20,4.21,,,1.9,11.83,,1.15,1.99,
2004-12-21,4.18,,,1.91,11.55,,1.13,1.98,
2004-12-22,4.21,,,1.91,11.45,,1.17,2.03,811333.0
2004-12-23,4.23,,,1.91,11.23,,1.21,2.04,
2004-12-24,,,,,,,,,
2004-12-27,4.3,,,1.9,12.14,,1.23,2.04,
2004-12-28,4.31,,,1.9,12.0,,1.23,2.06,
2004-12-29,4.33,,,1.89,11.62,,1.21,2.11,810944.0
2004-12-30,4.27,,,1.89,12.56,,1.17,2.05,
2004-12-31,4.24,,,1.86,13.29,,1.16,2.02,
2005-01-03,4.23,,,1.86,14.08,,1.13,1.91,
2005-01-04,4.29,,,1.85,13.98,,1.09,1.96,
2005-01-05,4.29,,,1.83,14.09,,1.07,1.96,815702.0
2005-01-06,4.29,,,1.84,13.58,,1.11,1.98,
2005-01-07,4.29,,,1.83,13.49,,1.09,1.97,
2005-01-10,4.29,,,1.82,13.23,,1.06,1.93,
2005-01-11,4.26,,,1.81,13.19,,1.02,1.92,
2005-01-12,4.25,,,1.81,12.56,,1.03,1.91,798455.0
2005-01-13,4.2,,,1.8,12.84,,0.99,1.85,
2005-01-14,4.23,,,1.79,12.43,,0.99,1.86,
2005-01-17,,,,,,,,,
2005-01-18,4.21,,,1.77,12.47,,0.95,1.82,
2005-01-19,4.2,,,1.76,13.18,,0.94,1.83,806960.0
2005-01-20,4.17,,,1.8,13.83,,0.96,1.82,
2005-01-21,4.16,,,1.79,14.36,,1.0,1.8,
2005-01-24,4.14,,,1.77,14.65,,0.94,1.77,
2005-01-25,4.2,,,1.78,14.06,,0.97,1.81,
2005-01-26,4.21,,,1.76,13.44,,0.94,1.8,807262.0
2005-01-27,4.22,,,1.75,13.24,,0.94,1.78,
2005-01-28,4.16,,,1.75,13.24,,0.91,1.7,
2005-01-31,4.14,,,1.75,12.82,,0.85,1.63,
2005-02-01,4.15,,,1.74,12.03,,0.86,1.64,
2005-02-02,4.15,,,1.73,11.66,,0.83,1.64,804746.0
2005-02-03,4.18,,,1.7,11.79,,0.84,1.7,
2005-02-04,4.09,,,1.69,11.21,,0.8,1.62,
2005-02-07,4.07,,,1.65,11.73,,0.76,1.56,
2005-02-08,4.05,,,1.63,11.6,,0.72,1.56,
2005-02-09,4.0,,,1.64,12.0,,0.76,1.49,797299.0
2005-02-10,4.07,,,1.67,11.51,,0.78,1.56,
2005-02-11,4.1,,,1.65,11.43,,0.76,1.55,
2005-02-14,4.08,,,1.63,11.52,,0.7,1.49,
2005-02-15,4.1,,,1.64,11.27,,0.73,1.51,
2005-02-16,4.16,,,1.62,11.1,,0.75,1.59,795606.0
2005-02-17,4.19,,,1.64,11.77,,0.81,1.61,
2005-02-18,4.27,,,1.62,11.18,,0.82,1.66,
2005-02-21,,,,,,,,,
2005-02-22,4.29,,,1.64,13.14,,0.83,1.62,
2005-02-23,4.27,,,1.64,12.39,,0.81,1.6,804576.0
2005-02-24,4.29,,,1.62,11.57,,0.77,1.6,
2005-02-25,4.27,,,1.62,11.49,,0.73,1.53,
2005-02-28,4.36,,,1.59,12.08,,0.77,1.6,
2005-03-01,4.38,,,1.58,12.04,,0.79,1.63,
2005-03-02,4.38,,,1.6,12.5,,0.81,1.64,801252.0
2005-03-03,4.39,,,1.59,12.93,,0.8,1.63,
2005-03-04,4.32,,,1.57,11.94,,0.75,1.56,
2005-03-07,4.31,,,1.55,12.26,,0.7,1.55,
2005-03-08,4.38,,,1.54,12.4,,0.76,1.63,
2005-03-09,4.52,,,1.53,12.7,,0.86,1.76,799250.0
2005-03-10,4.48,,,1.51,12.49,,0.8,1.73,
2005-03-11,4.56,,,1.48,12.8,,0.83,1.8,
2005-03-14,4.52,,,1.5,12.39,,0.77,1.72,
2005-03-15,4.54,,,1.51,13.15,,0.79,1.73,
2005-03-16,4.52,,,1.53,13.49,,0.8,1.72,807211.0
2005-03-17,4.47,,,1.57,13.29,,0.77,1.68,
2005-03-18,4.51,,,1.59,13.14,,0.79,1.7,
2005-03-21,4.53,,,1.6,13.61,,0.81,1.68,
2005-03-22,4.63,,,1.56,14.27,,0.77,1.74,
2005-03-23,4.61,,,1.57,14.06,,0.77,1.78,797094.0
2005-03-24,4.6,,,1.58,13.42,,0.72,1.76,
2005-03-25,,,,,,,,,
2005-03-28,4.64,,,1.58,13.75,,0.74,1.8,
2005-03-29,4.6,,,1.6,14.49,,0.73,1.76,
2005-03-30,4.56,,,1.61,13.64,,0.7,1.73,807551.0
2005-03-31,4.5,,,1.64,14.02,,0.7,1.71,
2005-04-01,4.46,,,1.65,14.09,,0.71,1.66,
2005-04-04,4.47,,,1.65,14.11,,0.73,1.67,
2005-04-05,4.48,,,1.66,13.68,,0.73,1.69,
2005-04-06,4.44,,,1.67,13.15,,0.74,1.68,797327.0
2005-04-07,4.49,,,1.65,12.33,,0.77,1.72,
2005-04-08,4.5,,,1.64,12.62,,0.73,1.71,
2005-04-11,4.45,,,1.67,11.98,,0.7,1.69,
2005-04-12,4.38,,,1.66,11.3,,0.67,1.62,
2005-04-13,4.38,,,1.69,13.31,,0.72,1.61,805707.0
2005-04-14,4.37,,,1.75,14.53,,0.77,1.59,
2005-04-15,4.27,,,1.78,17.74,,0.73,1.48,
2005-04-18,4.27,,,1.75,16.56,,0.72,1.37,
2005-04-19,4.21,,,1.76,14.96,,0.71,1.3,
2005-04-20,4.22,,,1.78,16.92,,0.7,1.35,801793.0
2005-04-21,4.32,,,1.73,14.41,,0.67,1.44,
2005-04-22,4.26,,,1.74,15.38,,0.64,1.33,
2005-04-25,4.26,,,1.71,14.62,,0.62,1.33,
2005-04-26,4.28,,,1.7,14.91,,0.61,1.37,
2005-04-27,4.25,,,1.72,14.87,,0.61,1.36,809797.0
2005-04-28,4.19,,,1.75,16.86,,0.6,1.31,
2005-04-29,4.21,,,1.76,15.31,,0.55,1.31,
2005-05-02,4.21,,,1.77,15.12,,0.57,1.28,
2005-05-03,4.21,,,1.77,14.53,,0.53,1.3,
2005-05-04,4.2,,,1.83,13.85,,0.57,1.33,802412.0
2005-05-05,4.19,,,1.84,13.98,,0.61,1.38,
2005-05-06,4.28,,,1.82,14.05,,0.55,1.41,
2005-05-09,4.29,,,1.78,13.75,,0.53,1.38,
2005-05-10,4.23,,,1.82,14.91,,0.54,1.33,
2005-05-11,4.21,,,1.81,14.45,,0.53,1.34,808378.0
2005-05-12,4.18,,,1.83,16.12,,0.52,1.3,
2005-05-13,4.12,,,1.88,16.32,,0.51,1.29,
2005-05-16,4.13,,,1.89,15.68,,0.52,1.24,
2005-05-17,4.12,,,1.91,14.57,,0.51,1.24,
2005-05-18,4.07,,,1.92,13.63,,0.51,1.21,801546.0
2005-05-19,4.11,,,1.91,13.32,,0.47,1.24,
2005-05-20,4.13,,,1.89,13.14,,0.44,1.23,
2005-05-23,4.07,,,1.89,12.95,,0.42,1.1,
2005-05-24,4.04,,,1.91,12.69,,0.43,1.1,
2005-05-25,4.08,,,1.91,12.58,,0.47,1.13,810160.0
2005-05-26,4.08,,,1.91,12.24,,0.44,1.14,
2005-05-27,4.08,,,1.91,12.15,,0.44,1.11,
2005-05-30,,,,,,,,,
2005-05-31,4.0,,,1.9,13.29,,0.4,1.01,
2005-06-01,3.91,,,1.91,12.36,,0.41,0.94,817335.0
2005-06-02,3.89,,,1.89,11.84,,0.37,0.92,
2005-06-03,3.98,,,1.84,12.15,,0.41,0.97,
2005-06-06,3.96,,,1.82,12.28,,0.37,0.94,
2005-06-07,3.92,,,1.82,12.39,,0.35,0.9,
2005-06-08,3.95,,,1.82,12.7,,0.35,0.93,814172.0
2005-06-09,3.98,,,1.83,12.08,,0.34,0.99,
2005-06-10,4.05,,,1.84,11.96,,0.34,1.04,
2005-06-13,4.09,,,1.84,11.65,,0.38,1.06,
2005-06-14,4.13,,,1.87,11.79,,0.42,1.12,
2005-06-15,4.12,,,1.87,11.46,,0.4,1.12,811198.0
2005-06-16,4.09,,,1.86,11.15,,0.39,1.11,
2005-06-17,4.09,,,1.85,11.48,,0.37,1.1,
2005-06-20,4.11,,,1.85,11.47,,0.39,1.09,
2005-06-21,4.06,,,1.85,11.08,,0.35,1.04,
2005-06-22,3.95,,,1.89,11.05,,0.33,0.92,810429.0
2005-06-23,3.96,,,1.88,12.13,,0.33,0.89,
2005-06-24,3.92,,,1.89,12.18,,0.33,0.83,
2005-06-27,3.9,,,1.89,12.52,,0.3,0.75,
2005-06-28,3.97,,,1.87,11.58,,0.32,0.83,
2005-06-29,3.99,,,1.87,11.77,,0.34,0.86,810082.0
2005-06-30,3.94,,,1.87,12.04,,0.28,0.81,
2005-07-01,4.06,,,1.83,11.4,,0.3,0.89,
2005-07-04,,,,,,,,,
2005-07-05,4.11,,,1.84,11.68,,0.32,0.89,
2005-07-06,4.08,,,1.85,12.27,,0.31,0.89,821556.0
2005-07-07,4.05,,,1.84,12.49,,0.34,0.9,
2005-07-08,4.11,,,1.83,11.45,,0.33,0.94,
2005-07-11,4.11,,,1.81,11.28,,0.3,0.92,
2005-07-12,4.15,,,1.8,10.95,,0.33,0.94,
2005-07-13,4.17,,,1.79,10.84,,0.33,0.95,808861.0
2005-07-14,4.19,,,1.78,10.81,,0.33,0.96,
2005-07-15,4.18,,,1.77,10.33,,0.32,0.92,
2005-07-18,4.22,,,1.8,10.77,,0.33,0.92,
2005-07-19,4.2,,,1.78,10.45,,0.32,0.89,
2005-07-20,4.17,,,1.77,10.23,,0.27,0.87,816804.0
2005-07-21,4.28,,,1.76,10.97,,0.32,0.93,
2005-07-22,4.23,,,1.75,10.52,,0.31,0.85,
2005-07-25,4.25,,,1.72,11.1,,0.3,0.81,
2005-07-26,4.24,,,1.72,10.99,,0.29,0.81,
2005-07-27,4.27,,,1.71,10.36,,0.28,0.87,814259.0
2005-07-28,4.2,,,1.68,10.52,,0.24,0.79,
2005-07-29,4.28,,,1.67,11.57,,0.26,0.86,
2005-08-01,4.32,,,1.67,12.08,,0.28,0.84,
2005-08-02,4.34,,,1.68,11.75,,0.28,0.85,
2005-08-03,4.3,,,1.7,11.83,,0.28,0.84,818841.0
2005-08-04,4.32,,,1.69,12.52,,0.28,0.85,
2005-08-05,4.4,,,1.67,12.48,,0.29,0.88,
2005-08-08,4.42,,,1.67,13.21,,0.26,0.88,
2005-08-09,4.41,,,1.66,12.4,,0.28,0.89,
2005-08-10,4.4,,,1.68,12.38,,0.27,0.89,808544.0
2005-08-11,4.32,,,1.71,12.42,,0.22,0.81,
2005-08-12,4.24,,,1.71,12.74,,0.19,0.72,
2005-08-15,4.27,,,1.71,12.26,,0.19,0.73,
2005-08-16,4.23,,,1.71,13.52,,0.2,0.69,
2005-08-17,4.28,,,1.71,13.3,,0.21,0.76,813774.0
2005-08-18,4.21,,,1.73,13.42,,0.2,0.71,
2005-08-19,4.21,,,1.72,13.42,,0.18,0.69,
2005-08-22,4.22,,,1.72,13.42,,0.19,0.69,
2005-08-23,4.2,,,1.72,13.34,,0.19,0.67,
2005-08-24,4.19,,,1.72,14.17,,0.2,0.66,811313.0
2005-08-25,4.18,,,1.7,13.73,,0.18,0.64,
2005-08-26,4.2,,,1.69,13.72,,0.14,0.65,
2005-08-29,4.2,,,1.68,13.52,,0.14,0.66,
2005-08-30,4.16,,,1.67,13.65,,0.19,0.62,
2005-08-31,4.02,,,1.77,12.6,,0.18,0.5,823237.0
2005-09-01,4.02,,,1.81,13.15,,0.3,0.54,
2005-09-02,4.03,,,1.84,13.57,,0.28,0.57,
2005-09-05,,,,,,,,,
2005-09-06,4.09,,,1.83,12.93,,0.29,0.57,
2005-09-07,4.15,,,1.83,12.52,,0.28,0.66,822500.0
2005-09-08,4.15,,,1.83,12.93,,0.28,0.67,
2005-09-09,4.14,,,1.82,11.98,,0.26,0.65,
2005-09-12,4.18,,,1.82,11.65,,0.26,0.67,
2005-09-13,4.14,,,1.83,12.39,,0.26,0.67,
2005-09-14,4.17,,,1.83,12.91,,0.27,0.75,823590.0
2005-09-15,4.22,,,1.84,12.49,,0.32,0.77,
2005-09-16,4.26,,,1.85,11.22,,0.29,0.76,
2005-09-19,4.25,,,1.85,12.14,,0.32,0.67,
2005-09-20,4.26,,,1.81,12.64,,0.26,0.65,
2005-09-21,4.19,,,1.84,13.79,,0.23,0.78,812926.0
2005-09-22,4.19,,,1.84,13.33,,0.24,0.72,
2005-09-23,4.25,,,1.83,12.96,,0.23,0.77,
2005-09-26,4.3,,,1.83,13.04,,0.23,0.78,
2005-09-27,4.3,,,1.84,12.76,,0.22,0.81,
2005-09-28,4.26,,,1.82,12.63,,0.17,0.8,823771.0
2005-09-29,4.29,,,1.83,12.24,,0.16,0.75,
2005-09-30,4.34,,,1.81,11.92,,0.16,0.79,
2005-10-03,4.39,,,1.82,12.46,,0.18,0.78,
2005-10-04,4.38,,,1.81,13.2,,0.16,0.75,
2005-10-05,4.36,,,1.81,14.55,,0.15,0.78,817137.0
2005-10-06,4.37,,,1.82,14.96,,0.17,0.76,
2005-10-07,4.35,,,1.82,14.59,,0.17,0.72,
2005-10-10,,,,,15.55,,,,
2005-10-11,4.39,,,1.8,15.63,,0.17,0.66,
2005-10-12,4.45,,,1.83,16.22,,0.21,0.75,826306.0
2005-10-13,4.48,,,1.86,16.47,,0.24,0.73,
2005-10-14,4.48,,,1.87,14.87,,0.21,0.7,
2005-10-17,4.5,,,1.84,14.67,,0.21,0.64,
2005-10-18,4.49,,,1.84,15.33,,0.22,0.64,
2005-10-19,4.47,,,1.86,13.5,,0.22,0.61,814281.0
2005-10-20,4.46,,,1.86,16.11,,0.19,0.61,
2005-10-21,4.39,,,1.85,16.13,,0.17,0.52,
2005-10-24,4.45,,,1.85,14.74,,0.2,0.53,
2005-10-25,4.54,,,1.81,14.53,,0.2,0.61,
2005-10-26,4.6,,,1.84,14.59,,0.22,0.7,819105.0
2005-10-27,4.57,,,1.84,16.02,,0.21,0.69,
2005-10-28,4.58,,,1.83,14.25,,0.18,0.65,
2005-10-31,4.57,,,1.83,15.32,,0.17,0.59,
2005-11-01,4.58,,,1.84,14.85,,0.16,0.62,
2005-11-02,4.61,,,1.84,13.48,,0.18,0.67,814571.0
2005-11-03,4.65,,,1.82,13.0,,0.18,0.71,
2005-11-04,4.66,,,1.82,13.17,,0.19,0.68,
2005-11-07,4.65,,,1.82,13.1,,0.18,0.69,
2005-11-08,4.57,,,1.83,13.08,,0.14,0.61,
2005-11-09,4.64,,,1.82,12.8,,0.15,0.65,824991.0
2005-11-10,4.55,,,1.84,11.9,,0.11,0.58,
2005-11-11,,,,,11.63,,,,
2005-11-14,4.61,,,1.83,12.18,,0.11,0.59,
2005-11-15,4.56,,,1.83,12.23,,0.09,0.55,
2005-11-16,4.49,,,1.84,12.26,,0.07,0.49,823263.0
2005-11-17,4.46,,,1.85,11.25,,0.09,0.45,
2005-11-18,4.5,,,1.86,11.12,,0.1,0.49,
2005-11-21,4.46,,,1.87,10.82,,0.07,0.46,
2005-11-22,4.43,,,1.91,10.6,,0.11,0.5,
2005-11-23,4.47,,,1.91,10.96,,0.11,0.52,833124.0
2005-11-24,,,,,,,,,
2005-11-25,4.43,,,1.91,10.88,,0.1,0.48,
2005-11-28,4.41,,,1.89,11.84,,0.08,0.43,
2005-11-29,4.48,,,1.88,11.89,,0.08,0.5,
2005-11-30,4.49,,,1.89,12.06,,0.07,0.54,835059.0
2005-12-01,4.52,,,1.87,11.24,,0.07,0.55,
2005-12-02,4.52,,,1.87,11.01,,0.09,0.53,
2005-12-05,4.57,,,1.86,11.6,,0.1,0.53,
2005-12-06,4.49,,,1.88,11.52,,0.07,0.45,
2005-12-07,4.52,,,1.88,12.18,,0.1,0.49,833250.0
2005-12-08,4.47,,,1.88,12.21,,0.1,0.53,
2005-12-09,4.54,,,1.88,11.69,,0.11,0.6,
2005-12-12,4.56,,,1.86,11.47,,0.11,0.66,
2005-12-13,4.54,,,1.88,11.11,,0.11,0.63,
2005-12-14,4.45,,,1.88,10.48,,0.08,0.56,830950.0
2005-12-15,4.47,,,1.87,10.73,,0.1,0.54,
2005-12-16,4.45,,,1.85,10.68,,0.08,0.52,
2005-12-19,4.45,,,1.84,11.38,,0.07,0.49,
2005-12-20,4.47,,,1.84,11.19,,0.05,0.52,
2005-12-21,4.49,,,1.84,10.81,,0.06,0.51,848317.0
2005-12-22,4.44,,,1.83,10.29,,0.04,0.46,
2005-12-23,4.38,,,1.83,10.27,,0.01,0.39,
2005-12-26,,,,,,,,,
2005-12-27,4.34,,,1.83,11.57,,-0.01,0.36,
2005-12-28,4.38,,,1.82,11.35,,0.01,0.43,847700.0
2005-12-29,4.37,,,1.82,11.61,,-0.01,0.36,
2005-12-30,4.39,,,1.82,12.07,,-0.02,0.31,
2006-01-02,,,,,,101.4155,,,
2006-01-03,4.37,,,1.84,11.14,100.7558,0.03,0.21,
2006-01-04,4.36,,,1.84,11.37,100.2288,0.05,0.17,851856.0
2006-01-05,4.36,,,1.84,11.31,100.2992,0.04,0.16,
2006-01-06,4.38,,,1.84,11.0,100.0241,0.02,0.16,
2006-01-09,4.38,,,1.84,11.13,100.1794,0.02,0.15,
2006-01-10,4.43,,,1.84,10.86,100.1436,0.02,0.14,
2006-01-11,4.46,,,1.84,10.94,99.871,0.02,0.16,829357.0
2006-01-12,4.42,,,1.83,11.2,100.0643,0.03,0.1,
2006-01-13,4.36,,,1.82,11.23,99.9675,0.02,0.03,
2006-01-16,,,,,,99.9715,,,
2006-01-17,4.34,,,1.83,11.91,100.2447,0.01,-0.04,
2006-01-18,4.34,,,1.84,12.25,100.4085,0.01,-0.01,836042.0
2006-01-19,4.38,,,1.83,11.98,100.1862,0.01,0.03,
2006-01-20,4.37,,,1.81,14.56,99.9017,0.0,0.02,
2006-01-23,4.36,,,1.82,13.93,99.3783,0.01,-0.02,
2006-01-24,4.4,,,1.81,13.31,99.3434,0.03,0.0,
2006-01-25,4.49,,,1.8,12.87,99.348,0.03,0.07,828901.0
2006-01-26,4.53,,,1.8,12.42,99.4798,0.04,0.08,
2006-01-27,4.52,,,1.78,11.97,99.6433,0.01,0.07,
2006-01-30,4.54,,,1.79,12.39,99.7144,0.02,0.06,
2006-01-31,4.53,,,1.78,12.95,99.4311,-0.01,0.06,
2006-02-01,4.57,,,1.76,12.36,99.6132,-0.02,0.1,831808.0
2006-02-02,4.57,,,1.74,13.23,99.7916,-0.02,0.09,
2006-02-03,4.54,,,1.72,12.96,100.118,-0.05,0.06,
2006-02-06,4.55,,,1.69,13.04,100.1372,-0.07,0.07,
2006-02-07,4.57,,,1.71,13.59,100.1759,-0.04,0.08,
2006-02-08,4.56,,,1.75,12.83,100.4879,-0.08,0.06,827613.0
2006-02-09,4.54,,,1.73,13.12,100.2117,-0.12,0.02,
2006-02-10,4.59,,,1.71,12.87,100.322,-0.1,0.06,
2006-02-13,4.58,,,1.72,13.35,100.3955,-0.1,0.03,
2006-02-14,4.62,,,1.71,12.25,100.3987,-0.07,0.07,
2006-02-15,4.61,,,1.7,12.31,100.4489,-0.1,0.06,835240.0
2006-02-16,4.59,,,1.71,11.48,100.5183,-0.1,0.04,
2006-02-17,4.54,,,1.7,12.01,100.3404,-0.12,0.0,
2006-02-20,,,,,,100.3447,,,
2006-02-21,4.57,,,1.68,12.41,100.2346,-0.14,0.01,
2006-02-22,4.53,,,1.68,11.88,100.3879,-0.15,-0.04,840555.0
2006-02-23,4.56,,,1.67,11.87,100.1956,-0.16,-0.03,
2006-02-24,4.58,,,1.64,11.46,100.2594,-0.16,-0.02,
2006-02-27,4.59,,,1.65,11.59,100.0724,-0.15,-0.03,
2006-02-28,4.55,,,1.65,12.34,99.7695,-0.14,-0.07,
2006-03-01,4.59,,,1.66,11.54,99.8355,-0.12,-0.01,839356.0
2006-03-02,4.64,,,1.66,11.72,99.5969,-0.08,0.02,
2006-03-03,4.68,,,1.67,11.96,99.7024,-0.08,0.06,
2006-03-06,4.74,,,1.67,12.74,99.9834,-0.03,0.14,
2006-03-07,4.74,,,1.67,12.66,100.564,-0.03,0.14,
2006-03-08,4.73,,,1.68,12.32,100.8565,0.01,0.15,839234.0
2006-03-09,4.74,,,1.67,12.68,100.7718,0.02,0.14,
2006-03-10,4.76,,,1.67,11.85,100.9566,0.02,0.14,
2006-03-13,4.77,,,1.69,11.37,100.8563,0.03,0.16,
2006-03-14,4.71,,,1.68,10.74,100.312,0.05,0.12,
2006-03-15,4.73,,,1.7,11.35,100.2121,0.04,0.1,843010.0
2006-03-16,4.65,,,1.72,11.98,99.9049,0.03,0.03,
2006-03-17,4.68,,,1.7,12.12,99.8614,0.03,0.04,
2006-03-20,4.66,,,1.7,11.79,100.0491,0.01,0.0,
2006-03-21,4.71,,,1.7,11.62,100.4716,-0.01,0.02,
2006-03-22,4.7,,,1.69,11.21,100.496,-0.04,0.01,838003.0
2006-03-23,4.73,,,1.7,11.17,100.8256,-0.04,0.06,
2006-03-24,4.67,,,1.7,11.19,100.7773,-0.05,0.02,
2006-03-27,4.7,,,1.7,11.46,100.8359,-0.02,0.07,
2006-03-28,4.79,,,1.68,11.58,100.7995,-0.02,0.14,
2006-03-29,4.81,,,1.71,10.95,101.0474,-0.01,0.18,833675.0
2006-03-30,4.86,,,1.7,11.57,100.5698,0.02,0.25,
2006-03-31,4.86,,,1.69,11.39,100.56,0.04,0.23,
2006-04-03,4.88,,,1.68,11.57,100.6204,0.02,0.21,
2006-04-04,4.87,,,1.69,11.14,100.1319,0.03,0.19,
2006-04-05,4.84,,,1.7,11.13,100.0792,0.03,0.17,834589.0
2006-04-06,4.9,,,1.7,11.45,100.1578,0.06,0.22,
2006-04-07,4.97,,,1.7,12.26,100.4187,0.08,0.28,
2006-04-10,4.97,,,1.7,12.19,100.4091,0.08,0.28,
2006-04-11,4.93,,,1.71,13.0,100.2903,0.05,0.23,
2006-04-12,4.98,,,1.71,12.76,100.3589,0.07,0.28,836862.0
2006-04-13,5.05,,,1.69,12.38,100.4759,0.09,0.35,
2006-04-14,,,,,,100.4697,,,
2006-04-17,5.01,,,1.7,12.58,99.8719,0.1,0.29,
2006-04-18,4.99,,,1.7,11.4,99.6747,0.15,0.27,
2006-04-19,5.04,,,1.7,11.32,99.3467,0.18,0.31,836352.0
2006-04-20,5.04,,,1.7,11.64,99.4974,0.15,0.31,
2006-04-21,5.01,,,1.7,11.59,99.4345,0.11,0.26,
2006-04-24,4.99,,,1.67,11.75,99.117,0.1,0.24,
2006-04-25,5.07,,,1.68,11.75,98.9687,0.12,0.28,
2006-04-26,5.12,,,1.64,11.76,98.8907,0.13,0.33,844572.0
2006-04-27,5.09,,,1.67,11.84,98.5149,0.18,0.31,
2006-04-28,5.07,,,1.67,11.59,98.1412,0.2,0.3,
2006-05-01,5.14,,,1.63,12.54,97.9085,0.2,0.32,
2006-05-02,5.12,,,1.61,11.99,97.6571,0.2,0.31,
2006-05-03,5.15,,,1.61,11.99,97.5572,0.21,0.33,843867.0
2006-05-04,5.16,,,1.6,11.86,97.4878,0.19,0.36,
2006-05-05,5.12,,,1.6,11.62,97.2585,0.18,0.29,
2006-05-08,5.12,,,1.59,12.0,97.1945,0.15,0.25,
2006-05-09,5.13,,,1.59,11.99,96.9578,0.16,0.25,
2006-05-10,5.13,,,1.58,11.78,96.6391,0.12,0.25,838405.0
2006-05-11,5.14,,,1.61,12.49,96.5383,0.15,0.32,
2006-05-12,5.19,,,1.63,14.19,96.8788,0.18,0.34,
2006-05-15,5.15,,,1.64,13.57,97.3588,0.16,0.29,
2006-05-16,5.1,,,1.66,13.35,97.1959,0.14,0.27,
2006-05-17,5.16,,,1.66,16.26,97.4725,0.19,0.33,838153.0
2006-05-18,5.08,,,1.66,16.99,97.7033,0.14,0.25,
2006-05-19,5.05,,,1.65,17.18,97.933,0.09,0.23,
2006-05-22,5.04,,,1.66,17.72,97.9377,0.1,0.21,
2006-05-23,5.07,,,1.65,18.26,97.7045,0.1,0.23,
2006-05-24,5.03,,,1.68,17.36,98.3936,0.09,0.21,840251.0
2006-05-25,5.07,,,1.67,15.5,97.8423,0.09,0.25,
2006-05-26,5.06,,,1.67,14.26,97.8995,0.1,0.22,
2006-05-29,,,,,,97.8936,,,
2006-05-30,5.09,,,1.67,18.66,97.588,0.1,0.25,
2006-05-31,5.12,,,1.66,16.44,97.7705,0.08,0.26,851580.0
2006-06-01,5.11,,,1.66,14.52,97.7726,0.07,0.28,
2006-06-02,5.0,,,1.67,14.32,97.5544,0.08,0.19,
2006-06-05,5.02,,,1.67,16.65,97.3681,0.03,0.17,
2006-06-06,5.01,,,1.65,17.34,98.1449,0.02,0.15,
2006-06-07,5.02,,,1.67,17.8,98.1641,0.0,0.16,849074.0
2006-06-08,5.0,,,1.66,18.35,98.9313,-0.01,0.13,
2006-06-09,4.98,,,1.66,18.12,98.5471,-0.03,0.1,
2006-06-12,4.99,,,1.65,20.96,98.5494,-0.03,0.06,
2006-06-13,4.97,,,1.67,23.81,98.9201,-0.05,0.08,
2006-06-14,5.05,,,1.67,21.46,98.8338,-0.06,0.15,845869.0
2006-06-15,5.1,,,1.67,15.9,98.8846,-0.04,0.25,
2006-06-16,5.13,,,1.67,17.25,98.9127,-0.03,0.25,
2006-06-19,5.14,,,1.67,17.83,99.145,-0.05,0.21,
2006-06-20,5.15,,,1.67,16.69,99.0117,-0.04,0.23,
2006-06-21,5.16,,,1.68,15.52,98.5544,-0.04,0.24,844773.0
2006-06-22,5.2,,,1.69,15.88,99.0856,-0.03,0.28,
2006-06-23,5.23,,,1.69,15.89,99.4216,-0.04,0.25,
2006-06-26,5.25,,,1.69,15.62,99.3634,-0.02,0.22,
2006-06-27,5.21,,,1.7,16.4,99.219,-0.03,0.16,
2006-06-28,5.25,,,1.69,15.79,99.392,-0.04,0.24,844436.0
2006-06-29,5.22,,,1.69,13.03,99.2158,0.01,0.21,
2006-06-30,5.15,,,1.67,13.08,98.2483,-0.01,0.14,
2006-07-03,5.15,,,1.68,13.05,98.0371,-0.02,0.07,
2006-07-04,,,,,,98.0221,,,
2006-07-05,5.23,,,1.67,14.15,98.308,-0.01,0.22,851659.0
2006-07-06,5.19,,,1.66,13.65,98.138,-0.03,0.19,
2006-07-07,5.14,,,1.66,13.97,97.7508,-0.03,0.12,
2006-07-10,5.13,,,1.66,14.02,97.9813,-0.04,0.07,
2006-07-11,5.1,,,1.67,13.14,98.2132,-0.07,0.05,
2006-07-12,5.1,,,1.66,14.49,98.5202,-0.07,0.04,844391.0
2006-07-13,5.08,,,1.66,17.79,98.5583,-0.04,0.03,
2006-07-14,5.07,,,1.69,18.05,98.6814,-0.01,0.01,
2006-07-17,5.07,,,1.68,18.64,99.0767,-0.05,-0.04,
2006-07-18,5.13,,,1.68,17.74,99.1341,-0.06,0.0,
2006-07-19,5.06,,,1.69,15.55,98.9262,-0.06,-0.05,849894.0
2006-07-20,5.03,,,1.69,16.21,98.6014,-0.03,-0.05,
2006-07-21,5.05,,,1.69,17.4,98.5221,-0.03,-0.05,
2006-07-24,5.05,,,1.69,14.98,98.7795,-0.05,-0.05,
2006-07-25,5.07,,,1.68,14.85,98.9388,-0.04,-0.06,
2006-07-26,5.04,,,1.68,14.62,98.742,-0.02,-0.07,841552.0
2006-07-27,5.07,,,1.65,14.94,98.2283,0.0,-0.03,
2006-07-28,5.0,,,1.67,14.33,98.0539,0.02,-0.07,
2006-07-31,4.99,,,1.68,14.95,97.9996,0.02,-0.11,
2006-08-01,4.99,,,1.69,15.05,98.1715,0.02,-0.13,
2006-08-02,4.96,,,1.69,14.34,97.9432,-0.01,-0.14,850263.0
2006-08-03,4.96,,,1.68,14.46,98.0694,-0.02,-0.15,
2006-08-04,4.91,,,1.69,14.34,97.6005,0.0,-0.18,
2006-08-07,4.93,,,1.67,15.23,97.5088,-0.03,-0.19,
2006-08-08,4.93,,,1.7,15.23,97.6524,0.02,-0.17,
2006-08-09,4.92,,,1.73,15.2,97.4402,0.01,-0.15,840006.0
2006-08-10,4.93,,,1.73,14.46,97.8887,0.0,-0.12,
2006-08-11,4.97,,,1.72,14.3,97.7863,0.01,-0.1,
2006-08-14,5.0,,,1.69,14.26,97.9677,-0.01,-0.12,
2006-08-15,4.93,,,1.7,13.42,97.8043,-0.01,-0.17,
2006-08-16,4.87,,,1.71,12.41,97.3894,0.0,-0.2,842876.0
2006-08-17,4.87,,,1.71,12.24,97.3486,-0.02,-0.22,
2006-08-18,4.84,,,1.71,11.64,97.7577,-0.03,-0.26,
2006-08-21,4.82,,,1.72,12.22,97.3856,-0.03,-0.29,
2006-08-22,4.82,,,1.71,12.19,97.6079,-0.05,-0.28,
2006-08-23,4.82,,,1.72,12.4,97.5731,-0.05,-0.27,837987.0
2006-08-24,4.81,,,1.72,12.4,97.7939,-0.07,-0.28,
2006-08-25,4.79,,,1.74,12.31,97.8827,-0.07,-0.32,
2006-08-28,4.8,,,1.73,12.18,97.8467,-0.08,-0.3,
2006-08-29,4.79,,,1.74,12.28,97.7748,-0.08,-0.28,
2006-08-30,4.76,,,1.74,12.22,97.5792,-0.07,-0.29,850925.0
2006-08-31,4.74,,,1.73,12.31,97.644,-0.05,-0.31,
2006-09-01,4.73,,,1.73,11.96,97.5084,-0.04,-0.29,
2006-09-04,,,,,,97.4981,,,
2006-09-05,4.78,,,1.73,12.63,97.4392,-0.02,-0.22,
2006-09-06,4.8,,,1.73,13.74,97.6087,-0.02,-0.17,848594.0
2006-09-07,4.8,,,1.72,13.88,97.8108,-0.02,-0.17,
2006-09-08,4.78,,,1.72,13.16,98.2119,-0.02,-0.15,
2006-09-11,4.8,,,1.72,12.99,98.3845,-0.03,-0.13,
2006-09-12,4.78,,,1.7,11.92,98.2781,-0.04,-0.12,
2006-09-13,4.77,,,1.7,11.18,98.1775,-0.03,-0.14,840886.0
2006-09-14,4.79,,,1.7,11.55,98.0088,-0.04,-0.16,
2006-09-15,4.8,,,1.69,11.76,98.2104,-0.07,-0.16,
2006-09-18,4.81,,,1.68,11.78,98.1332,-0.07,-0.13,
2006-09-19,4.74,,,1.69,11.98,98.1703,-0.05,-0.2,
2006-09-20,4.73,,,1.69,11.39,98.1556,-0.08,-0.2,838192.0
2006-09-21,4.65,,,1.71,12.25,97.9458,-0.06,-0.27,
2006-09-22,4.6,,,1.72,12.59,97.8667,-0.07,-0.33,
2006-09-25,4.56,,,1.72,12.12,97.9909,-0.07,-0.32,
2006-09-26,4.59,,,1.71,11.53,98.0555,-0.09,-0.29,
2006-09-27,4.6,,,1.71,11.58,98.0107,-0.06,-0.28,849971.0
2006-09-28,4.63,,,1.73,11.72,98.0381,-0.05,-0.24,
2006-09-29,4.64,,,1.72,11.98,98.1054,-0.07,-0.25,
2006-10-02,4.62,,,1.73,12.57,97.9247,-0.04,-0.26,
2006-10-03,4.62,,,1.72,12.24,98.1267,-0.05,-0.28,
2006-10-04,4.57,,,1.74,11.86,98.3682,-0.03,-0.36,842296.0
2006-10-05,4.61,,,1.74,11.98,98.2776,-0.04,-0.33,
2006-10-06,4.7,,,1.73,11.56,98.5619,-0.04,-0.25,
2006-10-09,,,,,11.68,98.5702,,,
2006-10-10,4.75,,,1.72,11.52,98.9125,-0.07,-0.25,
2006-10-11,4.78,,,1.73,11.62,98.9146,-0.07,-0.24,859339.0
2006-10-12,4.79,,,1.71,11.09,98.831,-0.06,-0.27,
2006-10-13,4.81,,,1.72,10.75,98.8002,-0.06,-0.24,
2006-10-16,4.79,,,1.71,11.09,98.71,-0.06,-0.3,
2006-10-17,4.78,,,1.71,11.73,98.5354,-0.05,-0.31,
2006-10-18,4.77,,,1.7,11.34,98.6164,-0.08,-0.32,844200.0
2006-10-19,4.79,,,1.7,10.9,98.2897,-0.06,-0.31,
2006-10-20,4.79,,,1.69,10.63,98.1629,-0.08,-0.3,
2006-10-23,4.83,,,1.66,11.08,98.4483,-0.07,-0.29,
2006-10-24,4.83,,,1.65,10.78,98.349,-0.08,-0.3,
2006-10-25,4.78,,,1.66,10.66,98.2057,-0.1,-0.34,852648.0
2006-10-26,4.73,,,1.65,10.56,97.8907,-0.08,-0.39,
2006-10-27,4.68,,,1.65,10.8,97.4914,-0.08,-0.43,
2006-10-30,4.68,,,1.64,11.2,97.5672,-0.1,-0.42,
2006-10-31,4.61,,,1.64,11.1,97.3901,-0.1,-0.47,
2006-11-01,4.57,,,1.64,11.51,97.4949,-0.09,-0.5,855536.0
2006-11-02,4.6,,,1.64,11.42,97.6556,-0.07,-0.47,
2006-11-03,4.72,,,1.59,11.16,97.7209,-0.1,-0.37,
2006-11-06,4.71,,,1.59,11.16,97.806,-0.11,-0.38,
2006-11-07,4.66,,,1.6,11.09,97.4453,-0.11,-0.42,
2006-11-08,4.64,,,1.59,10.75,97.58,-0.11,-0.46,858630.0
2006-11-09,4.62,,,1.62,11.01,97.5041,-0.13,-0.47,
2006-11-10,4.59,,,1.61,10.79,97.4638,-0.14,-0.51,
2006-11-13,4.61,,,1.6,10.86,97.7904,-0.15,-0.48,
2006-11-14,4.57,,,1.61,10.5,97.7475,-0.17,-0.52,
2006-11-15,4.61,,,1.61,10.31,97.8359,-0.19,-0.48,855551.0
2006-11-16,4.66,,,1.59,10.16,97.8098,-0.19,-0.43,
2006-11-17,4.61,,,1.6,10.05,97.9855,-0.15,-0.48,
2006-11-20,4.6,,,1.6,9.97,98.0254,-0.16,-0.48,
2006-11-21,4.58,,,1.6,9.9,98.0215,-0.17,-0.49,
2006-11-22,4.57,,,1.6,10.14,97.5315,-0.17,-0.48,865126.0
2006-11-23,,,,,,97.5314,,,
2006-11-24,4.55,,,1.6,10.73,97.0657,-0.18,-0.49,
2006-11-27,4.54,,,1.61,12.3,96.9986,-0.17,-0.51,
2006-11-28,4.51,,,1.62,11.62,96.8428,-0.16,-0.53,
2006-11-29,4.52,,,1.62,10.83,96.8577,-0.17,-0.52,856671.0
2006-11-30,4.46,,,1.64,10.91,96.5779,-0.16,-0.57,
2006-12-01,4.43,,,1.65,11.66,96.4585,-0.09,-0.6,
2006-12-04,4.43,,,1.66,11.23,96.4319,-0.09,-0.58,
2006-12-05,4.45,,,1.65,11.27,96.2082,-0.07,-0.54,
2006-12-06,4.48,,,1.65,11.33,96.2839,-0.11,-0.51,862178.0
2006-12-07,4.49,,,1.64,12.67,96.3207,-0.09,-0.49,
2006-12-08,4.56,,,1.63,12.07,96.6123,-0.12,-0.41,
2006-12-11,4.52,,,1.64,10.71,96.6646,-0.15,-0.41,
2006-12-12,4.49,,,1.65,10.65,96.7119,-0.12,-0.44,
2006-12-13,4.58,,,1.64,10.18,96.7296,-0.12,-0.36,853851.0
2006-12-14,4.6,,,1.66,9.97,96.7946,-0.13,-0.36,
2006-12-15,4.6,,,1.66,10.05,96.9857,-0.13,-0.31,
2006-12-18,4.6,,,1.65,10.6,97.1559,-0.11,-0.36,
2006-12-19,4.6,,,1.67,10.3,96.9313,-0.11,-0.36,
2006-12-20,4.6,,,1.67,10.26,96.7762,-0.11,-0.36,865010.0
2006-12-21,4.55,,,1.68,10.53,96.9148,-0.11,-0.42,
2006-12-22,4.63,,,1.67,11.36,97.1113,-0.08,-0.36,
2006-12-25,,,,,,97.1221,,,
2006-12-26,4.61,,,1.66,11.26,97.1786,-0.1,-0.38,
2006-12-27,4.66,,,1.66,10.64,97.2076,-0.11,-0.31,869988.0
2006-12-28,4.7,,,1.65,10.99,97.0656,-0.12,-0.3,
2006-12-29,4.71,,,1.64,11.56,97.0312,-0.11,-0.31,
2007-01-01,,,,,,97.0323,,,
2007-01-02,4.68,,,1.64,,,-0.12,-0.39,
2007-01-03,4.67,,,1.61,12.04,97.1281,-0.09,-0.38,874626.0
2007-01-04,4.62,,,1.62,11.51,97.5251,-0.09,-0.42,
2007-01-05,4.65,,,1.6,12.14,97.7801,-0.11,-0.4,
2007-01-08,4.66,,,1.59,12.0,97.788,-0.12,-0.42,
2007-01-09,4.66,,,1.59,11.91,97.9642,-0.13,-0.42,
2007-01-10,4.69,,,1.59,11.47,98.0943,-0.12,-0.4,854819.0
2007-01-11,4.74,,,1.59,10.87,98.0845,-0.12,-0.37,
2007-01-12,4.77,,,1.59,10.15,97.921,-0.11,-0.32,
2007-01-15,,,,,,97.9201,,,
2007-01-16,4.75,,,1.59,10.74,97.9816,-0.11,-0.36,
2007-01-17,4.79,,,1.58,10.59,97.7509,-0.12,-0.33,859363.0
2007-01-18,4.75,,,1.58,10.85,97.8286,-0.14,-0.37,
2007-01-19,4.78,,,1.57,10.4,97.6868,-0.15,-0.36,
2007-01-22,4.76,,,1.57,10.77,97.827,-0.15,-0.37,
2007-01-23,4.81,,,1.57,10.34,97.8117,-0.13,-0.33,
2007-01-24,4.81,,,1.57,9.89,97.908,-0.12,-0.32,851755.0
2007-01-25,4.87,,,1.56,11.22,97.8396,-0.11,-0.27,
2007-01-26,4.88,,,1.56,11.13,98.1491,-0.11,-0.25,
2007-01-29,4.9,,,1.55,11.45,98.2066,-0.09,-0.24,
2007-01-30,4.88,,,1.56,10.96,98.1515,-0.1,-0.25,
2007-01-31,4.83,,,1.57,10.42,97.964,-0.11,-0.29,865730.0
2007-02-01,4.84,,,1.56,10.31,97.7101,-0.12,-0.29,
2007-02-02,4.83,,,1.56,10.08,97.9743,-0.11,-0.31,
2007-02-05,4.81,,,1.56,10.55,97.87,-0.11,-0.34,
2007-02-06,4.77,,,1.55,10.65,97.7357,-0.13,-0.37,
2007-02-07,4.74,,,1.56,10.32,97.7239,-0.13,-0.41,855057.0
2007-02-08,4.73,,,1.55,10.44,97.8169,-0.14,-0.43,
2007-02-09,4.79,,,1.54,11.1,97.7076,-0.13,-0.36,
2007-02-12,4.8,,,1.54,11.61,97.9409,-0.14,-0.38,
2007-02-13,4.82,,,1.54,10.34,97.7063,-0.13,-0.35,
2007-02-14,4.74,,,1.55,10.23,97.2779,-0.13,-0.42,867199.0
2007-02-15,4.7,,,1.56,10.22,97.1588,-0.13,-0.47,
2007-02-16,4.69,,,1.55,10.02,97.164,-0.14,-0.48,
2007-02-19,,,,,,97.1545,,,
2007-02-20,4.68,,,1.55,10.24,97.321,-0.13,-0.51,
2007-02-21,4.69,,,1.54,10.2,97.27,-0.13,-0.49,869235.0
2007-02-22,4.73,,,1.54,10.18,97.266,-0.14,-0.46,
2007-02-23,4.68,,,1.53,10.58,97.1756,-0.14,-0.5,
2007-02-26,4.63,,,1.54,11.15,97.2281,-0.14,-0.56,
2007-02-27,4.5,,,1.59,18.31,97.0883,-0.09,-0.64,
2007-02-28,4.56,,,1.6,15.42,97.2386,-0.09,-0.6,877409.0
2007-03-01,4.56,,,1.62,15.82,97.3358,-0.07,-0.59,
2007-03-02,4.52,,,1.64,18.61,97.3691,-0.04,-0.6,
2007-03-05,4.51,,,1.68,19.63,97.6716,-0.02,-0.59,
2007-03-06,4.53,,,1.66,15.96,97.5123,-0.05,-0.61,
2007-03-07,4.5,,,1.66,15.24,97.4558,-0.04,-0.62,864505.0
2007-03-08,4.51,,,1.67,14.29,97.5731,-0.05,-0.59,
2007-03-09,4.59,,,1.65,14.09,97.4559,-0.07,-0.51,
2007-03-12,4.56,,,1.65,13.99,97.3013,-0.06,-0.53,
2007-03-13,4.5,,,1.7,18.13,97.2203,-0.02,-0.59,
2007-03-14,4.53,,,1.72,17.27,97.2759,-0.01,-0.53,876108.0
2007-03-15,4.54,,,1.7,16.43,97.2476,-0.03,-0.51,
2007-03-16,4.55,,,1.7,16.79,97.0407,-0.03,-0.49,
2007-03-19,4.58,,,1.7,14.59,97.1062,-0.03,-0.48,
2007-03-20,4.56,,,1.71,13.27,96.7985,-0.04,-0.5,
2007-03-21,4.53,,,1.73,12.19,96.6195,0.02,-0.52,863067.0
2007-03-22,4.6,,,1.75,12.93,96.3893,0.02,-0.46,
2007-03-23,4.62,,,1.75,12.95,96.5662,0.02,-0.46,
2007-03-26,4.6,,,1.75,13.16,96.5493,0.04,-0.46,
2007-03-27,4.62,,,1.76,13.48,96.4558,0.04,-0.46,
2007-03-28,4.62,,,1.78,14.98,96.4894,0.09,-0.44,869803.0
2007-03-29,4.64,,,1.74,15.14,96.5067,0.06,-0.41,
2007-03-30,4.65,,,1.75,14.64,96.3183,0.07,-0.39,
2007-04-02,4.65,,,1.74,14.53,96.3175,0.05,-0.39,
2007-04-03,4.67,,,1.73,13.46,96.3774,0.04,-0.38,
2007-04-04,4.66,,,1.74,13.24,96.3646,0.05,-0.41,862319.0
2007-04-05,4.68,,,1.74,13.23,96.1188,0.05,-0.36,
2007-04-06,4.76,,,1.71,,96.2526,0.01,-0.29,
2007-04-09,4.75,,,1.72,13.14,96.293,0.02,-0.27,
2007-04-10,4.73,,,1.72,12.68,96.1179,0.02,-0.3,
2007-04-11,4.74,,,1.71,13.49,96.0293,0.01,-0.3,865441.0
2007-04-12,4.74,,,1.71,12.71,95.7999,0.01,-0.29,
2007-04-13,4.76,,,1.7,12.2,95.711,0.0,-0.26,
2007-04-16,4.74,,,1.68,11.98,95.5538,0.0,-0.27,
2007-04-17,4.69,,,1.68,12.14,95.3832,0.01,-0.32,
2007-04-18,4.66,,,1.67,12.42,95.3109,0.02,-0.34,861335.0
2007-04-19,4.68,,,1.67,12.54,95.2712,0.04,-0.31,
2007-04-20,4.68,,,1.68,12.07,95.1692,0.04,-0.31,
2007-04-23,4.66,,,1.68,13.04,95.1833,0.04,-0.32,
2007-04-24,4.63,,,1.68,13.12,95.1608,0.05,-0.35,
2007-04-25,4.66,,,1.68,13.21,94.8497,0.03,-0.31,879686.0
2007-04-26,4.69,,5.25,1.69,12.79,95.1653,0.02,-0.27,
2007-04-27,4.71,,6.5,1.68,12.45,95.0103,0.04,-0.24,
2007-04-30,4.63,,,1.68,14.22,94.8365,0.03,-0.28,
2007-05-01,4.64,,,1.67,13.51,95.0037,0.01,-0.26,
2007-05-02,4.65,,5.75,1.66,13.08,95.0352,0.0,-0.26,890857.0
2007-05-03,4.68,,,1.64,13.09,95.0167,-0.03,-0.22,
2007-05-04,4.65,,,1.64,12.91,94.9118,-0.03,-0.25,
2007-05-07,4.64,,,1.64,13.15,94.6914,-0.04,-0.25,
2007-05-08,4.63,,,1.66,13.21,94.8648,-0.05,-0.27,
2007-05-09,4.67,,,1.65,12.88,94.7933,-0.06,-0.21,875270.0
2007-05-10,4.65,,1.5,1.66,13.6,94.9506,-0.05,-0.22,
2007-05-11,4.67,,,1.66,12.95,95.0035,-0.04,-0.2,
2007-05-14,4.69,,,1.65,13.96,94.8267,-0.04,-0.16,
2007-05-15,4.71,,,1.65,14.01,94.5574,-0.04,-0.12,
2007-05-16,4.71,,,1.64,13.5,94.8143,-0.02,-0.04,859559.0
2007-05-17,4.76,,,1.64,13.51,94.8339,-0.02,-0.05,
2007-05-18,4.81,,,1.63,12.76,94.6573,-0.01,-0.03,
2007-05-21,4.79,,,1.63,13.3,94.7026,-0.02,-0.09,
2007-05-22,4.83,,,1.63,13.06,94.5753,0.0,-0.1,
2007-05-23,4.86,,,1.63,13.24,94.4557,0.01,-0.05,873935.0
2007-05-24,4.86,,,1.63,14.08,94.7025,0.01,-0.05,
2007-05-25,4.86,,,1.62,13.34,94.5022,0.01,-0.02,
2007-05-28,,,,,,94.4959,,,
2007-05-29,4.88,,,1.62,13.53,94.3533,0.0,-0.02,
2007-05-30,4.88,,,1.61,12.83,94.549,-0.01,0.03,876986.0
2007-05-31,4.9,,,1.6,13.05,94.3215,-0.02,0.17,
2007-06-01,4.95,,,1.6,12.78,94.132,-0.02,0.16,
2007-06-04,4.93,,,1.58,13.29,93.9969,-0.04,0.12,
2007-06-05,4.98,,,1.57,13.63,93.9986,-0.01,0.15,
2007-06-06,4.97,,,1.6,14.87,94.1217,0.0,0.17,872706.0
2007-06-07,5.11,,,1.6,17.06,94.3537,0.08,0.31,
2007-06-08,5.12,,,1.62,14.84,94.7599,0.11,0.35,
2007-06-11,5.14,,,1.61,14.71,94.6576,0.13,0.41,
2007-06-12,5.26,,,1.6,16.67,94.6991,0.18,0.54,
2007-06-13,5.2,,,1.58,14.73,94.9011,0.12,0.54,864989.0
2007-06-14,5.23,,,1.57,13.64,94.9029,0.13,0.58,
2007-06-15,5.16,,,1.6,13.94,94.6228,0.11,0.6,
2007-06-18,5.15,,,1.6,13.42,94.5475,0.14,0.52,
2007-06-19,5.09,,,1.6,12.85,94.3227,0.15,0.44,
2007-06-20,5.14,,,1.57,14.67,94.3618,0.17,0.4,866089.0
2007-06-21,5.16,,,1.6,14.21,94.6073,0.18,0.46,
2007-06-22,5.14,,,1.6,15.75,94.4371,0.22,0.41,
2007-06-25,5.09,,,1.59,16.65,94.5105,0.22,0.27,
2007-06-26,5.1,,,1.61,18.89,94.4678,0.2,0.28,
2007-06-27,5.09,,,1.59,15.53,94.5633,0.18,0.32,865105.0
2007-06-28,5.12,,,1.6,15.54,94.2395,0.16,0.34,
2007-06-29,5.03,,,1.59,16.23,94.1393,0.16,0.21,
2007-07-02,5.0,,,1.6,15.4,93.634,0.14,0.05,
2007-07-03,5.05,,,1.6,14.92,93.697,0.16,0.1,
2007-07-04,,,,,,93.6965,,,876611.0
2007-07-05,5.16,,,1.58,15.48,93.7653,0.17,0.21,
2007-07-06,5.19,,,1.59,14.72,93.5759,0.2,0.24,
2007-07-09,5.16,,,1.58,15.16,93.5519,0.19,0.19,
2007-07-10,5.03,,,1.6,17.57,93.3339,0.18,0.08,
2007-07-11,5.09,,,1.59,16.64,93.3089,0.2,0.14,869407.0
2007-07-12,5.13,,,1.59,15.54,93.1198,0.19,0.16,
2007-07-13,5.11,,,1.59,15.15,93.0133,0.17,0.14,
2007-07-16,5.05,,,1.58,15.59,92.9094,0.16,0.07,
2007-07-17,5.08,,,1.59,15.63,92.9095,0.17,0.12,
2007-07-18,5.02,,,1.58,16.0,92.7959,0.18,0.06,872916.0
2007-07-19,5.04,,,1.59,15.23,92.7332,0.17,0.06,
2007-07-20,4.96,,,1.61,16.95,92.7179,0.17,-0.01,
2007-07-23,4.97,,,1.61,16.81,92.6585,0.17,-0.05,
2007-07-24,4.94,,,1.65,18.55,92.505,0.17,-0.08,
2007-07-25,4.92,,,1.65,18.1,92.9189,0.18,-0.07,863890.0
2007-07-26,4.79,,,1.83,20.74,93.1186,0.23,-0.13,
2007-07-27,4.8,,,1.87,24.17,93.5485,0.24,-0.05,
2007-07-30,4.82,,,1.88,20.87,93.5918,0.23,-0.14,
2007-07-31,4.78,,,1.85,23.52,93.4264,0.22,-0.18,
2007-08-01,4.76,,,1.86,23.67,93.4011,0.2,-0.13,870261.0
2007-08-02,4.77,,,1.83,21.22,93.3038,0.18,-0.12,
2007-08-03,4.71,,,1.86,25.16,93.1039,0.25,-0.14,
2007-08-06,4.72,,,1.89,22.94,93.1112,0.26,-0.16,
2007-08-07,4.77,,,1.83,21.56,93.3171,0.21,-0.17,
2007-08-08,4.84,,,1.87,21.45,93.0989,0.2,-0.11,865453.0
2007-08-09,4.79,,,1.91,26.48,93.441,0.3,-0.02,
2007-08-10,4.81,,,1.88,28.3,93.5214,0.34,0.24,
2007-08-13,4.78,,,1.91,26.57,93.6032,0.32,0.04,
2007-08-14,4.73,,,1.95,27.68,94.0416,0.34,0.09,
2007-08-15,4.69,,,2.03,30.67,94.5014,0.42,0.48,864931.0
2007-08-16,4.6,,,2.06,30.83,94.9055,0.52,0.81,
2007-08-17,4.68,,,2.07,29.99,94.319,0.5,0.92,
2007-08-20,4.64,,,2.08,26.33,94.2138,0.53,1.52,
2007-08-21,4.6,,,2.09,25.25,94.2676,0.55,1.01,
2007-08-22,4.63,,,2.07,22.89,94.0998,0.48,0.96,862775.0
2007-08-23,4.62,,,2.04,22.62,93.9827,0.42,0.73,
2007-08-24,4.63,,,2.01,20.72,93.6863,0.33,0.39,
2007-08-27,4.6,,,2.0,22.72,93.6109,0.32,-0.03,
2007-08-28,4.53,,,2.07,26.3,93.8394,0.4,0.13,
2007-08-29,4.57,,,2.05,23.81,93.7174,0.43,0.59,872873.0
2007-08-30,4.51,,,2.07,25.06,93.7324,0.43,0.67,
2007-08-31,4.54,,,2.05,23.38,93.6674,0.39,0.53,
2007-09-03,,,,,,93.6691,,,
2007-09-04,4.56,,,2.04,22.78,93.6433,0.43,0.09,
2007-09-05,4.48,,,2.06,24.58,93.5453,0.45,0.12,871156.0
2007-09-06,4.51,,,2.06,23.99,93.4468,0.43,0.22,
2007-09-07,4.38,,,2.1,26.23,93.2939,0.48,0.31,
2007-09-10,4.34,,,2.13,27.38,93.2349,0.47,0.38,
2007-09-11,4.37,,,2.11,25.27,92.9244,0.42,0.26,
2007-09-12,4.41,,,2.13,24.96,92.6386,0.46,0.38,886314.0
2007-09-13,4.49,,,2.12,24.76,92.6172,0.41,0.41,
2007-09-14,4.47,,,2.12,24.92,92.7083,0.42,0.46,
2007-09-17,4.48,,,2.1,26.48,92.823,0.4,0.33,
2007-09-18,4.5,,,2.11,20.35,92.6584,0.5,0.49,
2007-09-19,4.53,,,2.11,20.03,92.1534,0.53,0.6,867732.0
2007-09-20,4.69,,,2.04,20.45,91.4212,0.59,0.9,
2007-09-21,4.64,,,2.03,19.0,91.4854,0.58,0.9,
2007-09-24,4.63,,,2.02,19.37,91.4017,0.58,0.79,
2007-09-25,4.63,,,2.02,18.6,91.3392,0.63,0.84,
2007-09-26,4.63,,,2.03,17.63,91.4335,0.66,0.9,889900.0
2007-09-27,4.58,,,2.01,17.0,91.3497,0.63,0.87,
2007-09-28,4.59,,,2.0,18.0,90.9446,0.62,0.77,
2007-10-01,4.56,,,1.99,17.84,90.8801,0.54,0.64,
2007-10-02,4.54,,,2.0,18.49,91.12,0.56,0.58,
2007-10-03,4.55,,,1.99,18.8,91.1038,0.53,0.59,869051.0
2007-10-04,4.54,,,1.97,18.44,91.1632,0.54,0.58,
2007-10-05,4.65,,,1.94,16.91,90.7393,0.57,0.65,
2007-10-08,,,,,17.46,90.748,,,
2007-10-09,4.67,,,1.9,16.12,90.8609,0.52,0.61,
2007-10-10,4.65,,,1.91,16.67,90.7154,0.5,0.59,886363.0
2007-10-11,4.66,,,1.9,18.88,90.4901,0.53,0.54,
2007-10-12,4.7,,,1.87,17.73,90.5945,0.47,0.5,
2007-10-15,4.69,,,1.88,19.25,90.5387,0.47,0.39,
2007-10-16,4.66,,,1.92,20.02,90.7123,0.54,0.41,
2007-10-17,4.57,,,1.91,18.54,90.515,0.57,0.56,869509.0
2007-10-18,4.52,,,1.94,18.5,90.3084,0.59,0.76,
2007-10-19,4.41,,,1.97,22.96,90.1014,0.61,0.55,
2007-10-22,4.42,,,1.96,21.64,90.6777,0.57,0.42,
2007-10-23,4.41,,,1.98,20.41,90.1899,0.6,0.43,
2007-10-24,4.36,,,1.98,20.8,90.2262,0.62,0.51,881395.0
2007-10-25,4.37,,,1.99,21.17,89.9925,0.63,0.43,
2007-10-26,4.41,,,1.98,19.56,89.6508,0.64,0.45,
2007-10-29,4.39,,,1.98,19.87,89.4118,0.6,0.38,
2007-10-30,4.4,,,1.99,21.07,89.3252,0.58,0.44,
2007-10-31,4.48,,,1.99,18.53,89.1389,0.54,0.54,883385.0
2007-11-01,4.36,,,2.01,23.21,89.1628,0.59,0.55,
2007-11-02,4.31,,,2.04,23.01,88.8924,0.65,0.7,
2007-11-05,4.35,,,2.02,24.31,88.8851,0.66,0.64,
2007-11-06,4.38,,,2.03,21.39,88.4938,0.68,0.62,
2007-11-07,4.34,,,2.1,26.49,88.0631,0.73,0.85,885724.0
2007-11-08,4.28,,,2.16,26.16,88.2631,0.81,0.9,
2007-11-09,4.23,,,2.18,28.5,88.4615,0.81,0.96,
2007-11-12,,,,,31.09,88.465,,,
2007-11-13,4.26,,,2.18,24.1,89.1016,0.72,0.76,
2007-11-14,4.28,,,2.16,25.94,88.9671,0.71,0.87,889537.0
2007-11-15,4.17,,,2.22,28.06,89.4413,0.82,0.87,
2007-11-16,4.15,,,2.26,25.49,89.3182,0.82,0.75,
2007-11-19,4.07,,,2.3,26.01,89.5262,0.89,0.67,
2007-11-20,4.06,,,2.35,24.88,89.2622,0.92,0.81,
2007-11-21,4.0,,,2.41,26.84,89.3352,1.01,0.91,891028.0
2007-11-22,,,,,,89.3269,,,
2007-11-23,4.01,,,2.37,25.61,89.2384,0.94,0.78,
2007-11-26,3.83,,,2.4,28.91,89.145,0.91,0.7,
2007-11-27,3.95,,,2.41,26.28,89.4082,0.9,0.79,
2007-11-28,4.03,,,2.4,24.11,89.4195,0.86,0.98,879417.0
2007-11-29,3.94,,,2.46,23.97,89.3681,0.88,0.95,
2007-11-30,3.97,,,2.47,22.87,89.6212,0.93,0.82,
2007-12-03,3.89,,,2.52,23.61,89.6403,0.99,0.83,
2007-12-04,3.89,,,2.53,23.79,89.6672,0.99,0.82,
2007-12-05,3.92,,,2.58,22.53,89.8751,1.02,0.85,882764.0
2007-12-06,4.02,,,2.59,20.96,89.9268,0.99,0.93,
2007-12-07,4.12,,,2.61,20.85,89.74,1.0,1.0,
2007-12-10,4.15,,,2.59,20.74,89.6811,0.98,1.1,
2007-12-11,3.98,,,2.63,23.59,89.7176,1.04,1.04,
2007-12-12,4.05,,,2.63,22.47,89.7349,0.98,1.17,881750.0
2007-12-13,4.18,,,2.58,22.56,90.1374,0.97,1.31,
2007-12-14,4.24,,,2.55,23.27,90.4345,0.93,1.36,
2007-12-17,4.2,,,2.55,24.52,90.5363,0.96,1.13,
2007-12-18,4.14,,,2.52,22.64,90.5602,0.95,1.1,
2007-12-19,4.06,,,2.54,21.68,90.6147,0.94,1.15,887983.0
2007-12-20,4.04,,,2.51,20.58,90.4695,0.95,1.12,
2007-12-21,4.18,,,2.5,18.47,90.3672,0.99,1.18,
2007-12-24,4.23,,,2.49,18.6,90.1788,0.99,0.9,
2007-12-25,,,,,,90.1786,,,
2007-12-26,4.3,,,2.49,18.66,89.9226,0.99,0.98,890662.0
2007-12-27,4.21,,,2.52,20.26,89.684,0.97,1.04,
2007-12-28,4.11,,,2.51,20.74,89.4069,0.99,0.93,
2007-12-31,4.04,,,2.52,22.5,89.6304,0.99,0.68,
2008-01-01,,,,,,89.6297,,,
2008-01-02,3.91,,,2.54,23.17,89.3514,1.03,0.65,922187.0
2008-01-03,3.91,,,2.57,22.49,89.231,1.08,0.67,
2008-01-04,3.88,,,2.59,23.94,89.2467,1.14,0.68,
2008-01-07,3.86,,,2.6,23.79,89.5718,1.1,0.59,
2008-01-08,3.86,,,2.63,25.43,89.3398,1.1,0.61,
2008-01-09,3.82,,,2.67,24.12,89.6807,1.13,0.6,880754.0
2008-01-10,3.91,,,2.73,23.45,89.6226,1.2,0.67,
2008-01-11,3.82,,,2.77,23.68,89.5215,1.23,0.73,
2008-01-14,3.81,,,2.76,22.9,89.2749,1.23,0.62,
2008-01-15,3.72,,,2.78,23.34,89.1555,1.19,0.55,
2008-01-16,3.74,,,2.77,24.38,89.6701,1.23,0.6,893581.0
2008-01-17,3.66,,,2.81,28.46,89.6484,1.22,0.59,
2008-01-18,3.66,,,2.87,27.18,89.8993,1.3,0.8,
2008-01-21,,,,,,89.9265,,,
2008-01-22,3.52,,,2.98,31.01,89.84,1.44,1.17,
2008-01-23,3.51,,,2.95,29.02,89.9138,1.42,1.3,877253.0
2008-01-24,3.68,,,2.95,27.78,89.203,1.43,1.31,
2008-01-25,3.61,,,2.95,29.08,89.2184,1.38,1.31,
2008-01-28,3.61,,,2.97,27.78,88.9555,1.41,1.27,
2008-01-29,3.69,,,2.94,27.32,88.8342,1.4,1.41,
2008-01-30,3.78,,,2.94,27.62,88.7442,1.48,1.57,900264.0
2008-01-31,3.67,,,2.96,26.2,88.6547,1.5,1.71,
2008-02-01,3.62,,,2.98,24.02,88.4824,1.53,1.52,
2008-02-04,3.68,,,2.98,25.99,88.4788,1.6,1.41,
2008-02-05,3.61,,,3.01,28.24,89.076,1.68,1.42,
2008-02-06,3.61,,,3.05,28.97,88.9987,1.65,1.51,871022.0
2008-02-07,3.74,,,3.06,27.66,89.4221,1.75,1.57,
2008-02-08,3.64,,,3.09,28.01,89.2226,1.71,1.41,
2008-02-11,3.62,,,3.09,27.6,89.2149,1.69,1.31,
2008-02-12,3.66,,,3.11,26.33,88.9539,1.72,1.35,
2008-02-13,3.7,,,3.11,24.88,89.1382,1.79,1.42,883005.0
2008-02-14,3.85,,,3.1,25.54,88.9055,1.92,1.54,
2008-02-15,3.76,,,3.14,25.02,88.9006,1.85,1.55,
2008-02-18,,,,,,88.9004,,,
2008-02-19,3.89,,,3.07,25.59,88.9626,1.83,1.61,
2008-02-20,3.93,,,3.03,24.4,89.2572,1.79,1.68,878949.0
2008-02-21,3.77,,,3.1,25.12,88.716,1.79,1.57,
2008-02-22,3.79,,,3.12,24.06,88.7082,1.81,1.59,
2008-02-25,3.91,,,3.08,23.03,88.5373,1.78,1.71,
2008-02-26,3.88,,,3.1,21.9,88.0998,1.84,1.74,
2008-02-27,3.85,,,3.11,22.69,87.3353,1.84,1.87,893825.0
2008-02-28,3.71,,,3.17,23.53,87.0363,1.84,1.81,
2008-02-29,3.53,,,3.22,26.54,87.1654,1.88,1.68,
2008-03-03,3.54,,,3.22,26.28,87.2381,1.93,1.84,
2008-03-04,3.63,,,3.19,25.52,87.3039,1.98,1.97,
2008-03-05,3.7,,,3.26,24.6,87.1347,2.04,2.17,881208.0
2008-03-06,3.62,,,3.35,27.55,86.9105,2.09,2.23,
2008-03-07,3.56,,,3.39,27.49,87.1258,2.03,2.11,
2008-03-10,3.46,,,3.43,29.38,87.1452,1.99,2.11,
2008-03-11,3.6,,,3.39,26.36,87.1763,1.86,2.12,
2008-03-12,3.49,,,3.39,27.22,86.728,1.86,2.01,896565.0
2008-03-13,3.56,,,3.39,27.29,86.3891,1.93,2.21,
2008-03-14,3.44,,,3.42,31.16,86.4301,1.97,2.26,
2008-03-17,3.34,,,3.5,32.24,86.3417,1.99,2.23,
2008-03-18,3.48,,,3.39,25.79,86.1191,1.9,2.56,
2008-03-19,3.38,,7.25,3.44,29.84,86.5755,1.84,2.77,888646.0
2008-03-20,3.34,,,3.42,26.62,87.3293,1.75,2.71,
2008-03-21,,,,,,87.2111,,,
2008-03-24,3.56,,,3.34,25.73,87.3103,1.72,2.32,
2008-03-25,3.51,,,3.39,25.72,86.8339,1.72,2.22,
2008-03-26,3.51,,,3.41,26.08,86.5513,1.8,2.22,893965.0
2008-03-27,3.56,,,3.41,25.88,86.4583,1.83,2.26,
2008-03-28,3.47,,6.0,3.47,25.71,86.6369,1.8,2.14,
2008-03-31,3.45,,5.0,3.45,25.61,86.6881,1.83,2.07,
2008-04-01,3.57,,,3.43,22.68,87.0276,1.77,2.17,
2008-04-02,3.6,,3.75,3.4,23.43,86.8886,1.72,2.19,883708.0
2008-04-03,3.61,,,3.38,23.21,86.6424,1.7,2.21,
2008-04-04,3.5,,,3.4,22.45,86.5108,1.67,2.15,
2008-04-07,3.57,,,3.37,22.42,86.603,1.62,2.12,
2008-04-08,3.58,,,3.37,22.36,86.7369,1.71,2.17,
2008-04-09,3.49,,,3.38,22.81,86.5764,1.72,2.18,893029.0
2008-04-10,3.55,,,3.35,21.98,86.5131,1.71,2.28,
2008-04-11,3.49,,,3.38,23.46,86.5029,1.73,2.3,
2008-04-14,3.53,,,3.39,23.82,86.3492,1.75,2.45,
2008-04-15,3.6,,,3.39,22.78,86.4705,1.76,2.5,
2008-04-16,3.72,,,3.39,20.53,85.9037,1.74,2.6,881904.0
2008-04-17,3.75,,,3.34,20.37,86.1077,1.62,2.52,
2008-04-18,3.77,,,3.26,20.13,86.5277,1.58,2.42,
2008-04-21,3.75,,,3.22,20.5,86.2979,1.55,2.41,
2008-04-22,3.74,,,3.21,20.87,85.927,1.5,2.47,
2008-04-23,3.77,,,3.18,20.26,86.3841,1.55,2.51,885781.0
2008-04-24,3.87,,,3.13,20.06,86.7154,1.46,2.61,
2008-04-25,3.91,,,3.14,19.59,86.8337,1.47,2.57,
2008-04-28,3.86,,,3.11,19.64,86.7635,1.5,2.43,
2008-04-29,3.85,,,3.11,20.24,86.873,1.5,2.39,
2008-04-30,3.77,,,3.1,20.79,86.8907,1.48,2.34,888131.0
2008-05-01,3.78,,,3.04,18.88,87.1347,1.41,2.33,
2008-05-02,3.89,,,2.97,18.18,87.2311,1.42,2.39,
2008-05-05,3.88,,,3.01,18.9,87.0636,1.46,2.35,
2008-05-06,3.93,,,3.01,18.21,86.847,1.55,2.3,
2008-05-07,3.87,,,3.05,19.73,87.3421,1.56,2.2,889228.0
2008-05-08,3.79,,,3.08,19.4,87.4575,1.54,2.13,
2008-05-09,3.77,,,3.07,19.41,87.2528,1.52,2.08,
2008-05-12,3.78,,,3.06,17.79,87.0403,1.48,2.01,
2008-05-13,3.9,,,3.04,17.98,87.1332,1.43,2.07,
2008-05-14,3.92,,,3.06,17.66,87.3659,1.39,2.1,880175.0
2008-05-15,3.83,,,3.08,16.3,87.1823,1.38,2.0,
2008-05-16,3.85,,,3.06,16.47,86.7855,1.38,2.01,
2008-05-19,3.83,,,3.07,17.01,86.8225,1.41,2.01,
2008-05-20,3.78,,,3.08,17.58,86.5627,1.44,1.92,
2008-05-21,3.81,,,3.08,18.59,86.1595,1.4,1.95,898487.0
2008-05-22,3.92,,,3.06,18.05,86.3223,1.36,2.06,
2008-05-23,3.85,,,3.06,19.55,86.1922,1.39,1.99,
2008-05-26,,,,,,86.19,,,
2008-05-27,3.93,,,3.08,19.64,86.4459,1.38,2.04,
2008-05-28,4.03,,,3.03,19.07,86.4951,1.41,2.14,904054.0
2008-05-29,4.08,,,3.04,18.14,86.5616,1.41,2.18,
2008-05-30,4.06,,,3.0,17.83,86.5504,1.4,2.17,
2008-06-02,3.98,,,3.05,19.83,86.6321,1.47,2.13,
2008-06-03,3.92,,,3.03,20.24,86.8359,1.47,2.07,
2008-06-04,3.98,,,3.04,20.8,87.0999,1.51,2.14,895939.0
2008-06-05,4.06,,,3.01,18.63,87.0968,1.54,2.21,
2008-06-06,3.94,,,3.04,23.56,86.8028,1.54,2.09,
2008-06-09,4.02,,,2.94,23.12,86.9096,1.29,2.13,
2008-06-10,4.11,,,2.94,23.18,87.4705,1.2,2.09,
2008-06-11,4.1,,,2.97,24.12,87.2059,1.27,2.14,890610.0
2008-06-12,4.23,,,2.9,23.33,87.6187,1.2,2.23,
2008-06-13,4.27,,,2.9,21.22,87.7622,1.22,2.28,
2008-06-16,4.25,,,2.92,20.95,87.3911,1.23,2.18,
2008-06-17,4.23,,,2.94,21.13,87.2103,1.29,2.24,
2008-06-18,4.16,,,2.95,22.24,87.1872,1.27,2.23,902304.0
2008-06-19,4.22,,,2.92,21.58,87.0815,1.23,2.31,
2008-06-20,4.16,,,2.95,22.87,86.9036,1.28,2.29,
2008-06-23,4.19,,,2.93,22.64,87.2163,1.21,2.32,
2008-06-24,4.1,,,2.98,22.42,86.9666,1.23,2.27,
2008-06-25,4.12,,,2.96,21.14,87.0535,1.3,2.31,892713.0
2008-06-26,4.07,,,3.0,23.93,86.6793,1.39,2.33,
2008-06-27,3.99,,,3.04,23.44,86.643,1.34,2.31,
2008-06-30,3.99,,,3.05,23.95,86.7621,1.36,2.09,
2008-07-01,4.01,,,3.06,23.65,86.8447,1.38,2.14,
2008-07-02,3.99,,,3.05,25.92,86.4782,1.39,2.17,902962.0
2008-07-03,3.99,,,3.08,24.79,86.8843,1.45,2.15,
2008-07-04,,,,,,86.8781,,,
2008-07-07,3.95,,,3.1,25.78,86.9617,1.48,2.08,
2008-07-08,3.91,,,3.11,23.15,86.9778,1.44,2.05,
2008-07-09,3.85,,,3.14,25.23,86.5335,1.44,2.03,898034.0
2008-07-10,3.83,,,3.17,25.59,86.5122,1.39,2.16,
2008-07-11,3.96,,,3.15,27.49,86.221,1.37,2.34,
2008-07-14,3.9,,,3.16,28.48,86.1079,1.43,2.38,
2008-07-15,3.87,,,3.22,28.54,85.8731,1.48,2.48,
2008-07-16,3.97,,,3.24,25.1,85.9285,1.53,2.6,910681.0
2008-07-17,4.07,,,3.2,25.01,85.9387,1.49,2.64,
2008-07-18,4.11,,,3.17,24.05,86.0735,1.45,2.63,
2008-07-21,4.09,,,3.18,23.05,86.0151,1.43,2.61,
2008-07-22,4.14,,,3.13,21.18,86.1909,1.4,2.59,
2008-07-23,4.16,,,3.14,21.31,86.2664,1.35,2.57,899665.0
2008-07-24,4.03,,,3.19,23.44,86.4017,1.42,2.38,
2008-07-25,4.13,,,3.17,22.91,86.3916,1.43,2.38,
2008-07-28,4.06,,,3.16,24.23,86.4666,1.47,2.33,
2008-07-29,4.09,,,3.13,22.03,86.8175,1.44,2.37,
2008-07-30,4.07,,,3.17,21.21,86.8167,1.43,2.37,918625.0
2008-07-31,3.99,,,3.22,22.94,86.8567,1.47,2.31,
2008-08-01,3.97,,,3.21,22.57,86.8257,1.46,2.31,
2008-08-04,3.98,,,3.22,23.49,87.0611,1.45,2.23,
2008-08-05,4.04,,,3.2,21.14,87.3281,1.5,2.29,
2008-08-06,4.06,,,3.24,20.23,87.6004,1.5,2.42,901710.0
2008-08-07,3.92,,,3.25,21.15,87.8732,1.49,2.26,
2008-08-08,3.94,,,3.23,20.66,88.8939,1.43,2.24,
2008-08-11,3.99,,,3.24,20.12,89.035,1.43,2.12,
2008-08-12,3.91,,,3.26,21.17,89.1916,1.46,2.05,
2008-08-13,3.94,,,3.25,21.55,89.3211,1.44,2.09,914632.0
2008-08-14,3.89,,,3.26,20.34,89.3675,1.44,2.0,
2008-08-15,3.84,,,3.27,19.58,89.7244,1.44,1.99,
2008-08-18,3.82,,,3.26,20.98,89.5966,1.47,2.0,
2008-08-19,3.83,,,3.28,21.28,89.6465,1.51,2.03,
2008-08-20,3.79,,,3.31,20.42,89.6977,1.54,2.08,898611.0
2008-08-21,3.84,,,3.28,19.82,88.9128,1.51,2.12,
2008-08-22,3.87,,,3.27,18.81,89.2381,1.45,2.17,
2008-08-25,3.79,,,3.3,20.97,89.3094,1.46,2.05,
2008-08-26,3.79,,,3.31,20.49,89.7007,1.44,2.08,
2008-08-27,3.77,,,3.3,19.76,89.6419,1.46,2.1,909982.0
2008-08-28,3.79,,,3.29,19.43,89.8225,1.42,2.05,
2008-08-29,3.83,,,3.29,20.65,90.0567,1.47,2.11,
2008-09-01,,,,,,90.08,,,
2008-09-02,3.74,,,3.33,21.99,90.8438,1.48,2.02,
2008-09-03,3.71,,,3.32,21.43,90.8286,1.45,2.01,905253.0
2008-09-04,3.64,,,3.37,24.03,91.1621,1.44,1.95,
2008-09-05,3.66,,,3.37,23.06,91.341,1.43,1.98,
2008-09-08,3.66,,,3.37,22.64,91.663,1.36,1.95,
2008-09-09,3.62,,,3.35,25.47,91.5779,1.39,1.96,
2008-09-10,3.65,,,3.37,24.52,92.1283,1.43,2.0,925725.0
2008-09-11,3.64,,,3.41,24.39,92.4901,1.46,2.03,
2008-09-12,3.74,,,3.43,25.66,91.4706,1.51,2.25,
2008-09-15,3.47,,,3.66,31.7,91.757,1.69,2.45,
2008-09-16,3.48,,,3.68,30.3,92.0594,1.59,2.64,
2008-09-17,3.41,,,3.84,36.22,92.0982,1.77,3.38,995093.0
2008-09-18,3.54,,,3.79,33.1,91.7111,1.76,3.31,
2008-09-19,3.78,,,3.77,32.07,91.0014,1.62,2.79,
2008-09-22,3.83,,,3.78,33.85,90.1119,1.7,2.55,
2008-09-23,3.85,,,3.77,35.72,90.1221,1.74,3.05,
2008-09-24,3.8,,25.0,3.78,35.19,90.4602,1.77,3.31,1211825.0
2008-09-25,3.88,,22.0,3.86,32.82,90.4651,1.72,3.12,
2008-09-26,3.85,,26.0,3.88,34.74,90.6872,1.74,2.98,
2008-09-29,3.61,,,4.01,46.72,91.3961,1.91,2.67,
2008-09-30,3.85,,,4.0,39.39,92.3773,1.85,2.93,
2008-10-01,3.77,,20.0,4.1,39.81,92.511,1.95,2.92,1503989.0
2008-10-02,3.66,,25.0,4.31,45.26,93.3792,2.04,3.03,
2008-10-03,3.63,,25.0,4.35,45.14,93.5414,2.03,3.12,
2008-10-06,3.48,,25.0,4.43,52.05,95.1629,2.05,2.94,
2008-10-07,3.5,,,4.55,53.68,95.4889,2.03,2.68,
2008-10-08,3.72,,,4.49,57.53,96.9684,2.07,3.04,1591587.0
2008-10-09,3.84,,,4.48,63.92,96.5143,2.19,3.24,
2008-10-10,3.89,,,4.86,69.95,97.999,2.27,3.64,
2008-10-13,,,,,54.99,97.9686,,,
2008-10-14,4.08,,25.0,4.78,55.13,96.2544,2.26,3.74,
2008-10-15,4.04,,25.0,4.94,69.25,97.2045,2.4,3.82,1770809.0
2008-10-16,3.99,,25.0,5.09,67.61,98.368,2.38,3.53,
2008-10-17,3.98,,25.0,5.45,70.33,97.7255,2.34,3.15,
2008-10-20,3.91,,25.0,5.52,52.97,98.1605,2.2,2.67,
2008-10-21,3.76,,25.0,5.6,53.11,99.4242,2.18,2.66,
2008-10-22,3.65,,25.0,5.6,69.65,101.2131,2.12,2.6,1802602.0
2008-10-23,3.63,,25.0,5.48,67.8,101.1071,2.09,2.65,
2008-10-24,3.76,,25.0,5.54,79.13,101.8442,2.19,2.87,
2008-10-27,3.79,,25.0,5.6,80.06,102.3415,2.2,2.95,
2008-10-28,3.89,,25.0,5.59,66.96,102.4236,2.24,3.12,
2008-10-29,3.93,,25.0,5.58,69.96,100.0967,2.35,3.31,1969086.0
2008-10-30,4.0,,25.0,5.52,62.9,99.4568,2.41,3.59,
2008-10-31,4.01,,25.0,5.53,59.89,99.7662,2.45,3.55,
2008-11-03,3.96,,25.0,5.53,53.68,99.4345,2.51,3.47,
2008-11-04,3.81,,25.0,5.56,47.73,97.9957,2.42,3.33,
2008-11-05,3.73,,25.0,5.53,54.56,98.0953,2.37,3.33,2074205.0
2008-11-06,3.75,,25.0,5.5,63.68,99.5364,2.47,3.43,
2008-11-07,3.83,,25.0,5.45,56.1,99.3944,2.5,3.52,
2008-11-10,3.82,,15.0,5.4,59.98,99.5897,2.55,3.53,
2008-11-11,,,,,61.44,99.6041,,,
2008-11-12,3.75,,25.0,5.41,66.46,101.1947,2.56,3.57,2212852.0
2008-11-13,3.84,,25.0,5.54,59.83,101.774,2.6,3.62,
2008-11-14,3.72,,25.0,5.56,66.31,100.9705,2.5,3.57,
2008-11-17,3.68,,25.0,5.58,69.15,101.1029,2.46,3.56,
2008-11-18,3.53,,20.0,5.71,67.64,101.3965,2.38,3.41,
2008-11-19,3.38,,25.0,5.73,74.26,101.8804,2.29,3.31,2187137.0
2008-11-20,3.1,,25.0,5.92,80.86,103.2737,2.1,3.07,
2008-11-21,3.2,,25.0,5.88,72.67,103.6289,2.11,3.18,
2008-11-24,3.35,,25.0,5.86,64.7,101.502,2.04,3.22,
2008-11-25,3.11,,25.0,6.01,60.9,100.7997,1.96,3.01,
2008-11-26,2.99,,25.0,6.06,54.92,101.2566,1.9,2.94,2106117.0
2008-11-27,,,,,,101.2564,,,
2008-11-28,2.93,,25.0,6.1,55.84,101.6468,1.93,2.92,
2008-12-01,2.72,,25.0,6.12,68.51,102.1744,1.82,2.65,
2008-12-02,2.68,,25.0,6.11,62.98,101.9891,1.78,2.62,
2008-12-03,2.67,,25.0,6.13,60.72,102.4251,1.8,2.65,2136924.0
2008-12-04,2.55,,25.0,6.16,63.64,102.0715,1.73,2.53,
2008-12-05,2.67,,25.0,6.07,59.93,103.4902,1.74,2.65,
2008-12-08,2.77,,25.0,6.02,58.49,101.7227,1.8,2.74,
2008-12-09,2.67,,25.0,6.06,58.91,101.7346,1.83,2.64,
2008-12-10,2.69,,25.0,6.01,55.73,101.2913,1.83,2.69,2250012.0
2008-12-11,2.64,,25.0,6.07,55.78,99.5101,1.85,2.63,
2008-12-12,2.6,,25.0,6.08,54.28,100.319,1.82,2.58,
2008-12-15,2.53,,25.0,6.1,56.76,99.1001,1.78,2.5,
2008-12-16,2.37,,25.0,6.11,52.37,98.4771,1.72,2.33,
2008-12-17,2.2,,,6.02,49.84,96.8227,1.47,2.15,2254983.0
2008-12-18,2.08,,,6.03,47.34,96.8447,1.4,2.08,
2008-12-19,2.13,,,5.94,44.93,98.1278,1.39,2.11,
2008-12-22,2.16,,,5.93,44.56,98.1643,1.29,2.15,
2008-12-23,2.18,,,5.94,45.02,98.2698,1.28,2.16,
2008-12-24,2.2,,,5.9,44.21,98.2249,1.3,2.2,2232311.0
2008-12-25,,,,,,98.2419,,,
2008-12-26,2.16,,,5.9,43.38,98.2594,1.27,2.13,
2008-12-29,2.13,,,5.92,43.9,97.9359,1.35,2.07,
2008-12-30,2.11,,,5.86,41.63,98.3833,1.36,2.01,
2008-12-31,2.25,,,5.82,40.0,98.6518,1.49,2.14,2239457.0
2009-01-01,,,,,,,,,
2009-01-02,2.46,,,5.72,39.19,98.6008,1.58,2.38,
2009-01-05,2.49,,,5.82,39.08,98.9195,1.71,2.35,
2009-01-06,2.51,,,5.77,38.56,98.7871,1.71,2.37,
2009-01-07,2.52,,,5.71,43.39,98.089,1.7,2.41,2121439.0
2009-01-08,2.47,,,5.71,42.56,98.3223,1.64,2.38,
2009-01-09,2.43,,,5.72,42.82,98.8752,1.68,2.36,
2009-01-12,2.34,,,5.71,45.84,99.6022,1.6,2.22,
2009-01-13,2.33,,,5.72,43.27,100.3597,1.57,2.22,
2009-01-14,2.24,,,5.68,49.14,100.7546,1.51,2.12,2049714.0
2009-01-15,2.23,,,5.68,51.0,101.4653,1.5,2.12,
2009-01-16,2.36,,,5.55,46.11,100.711,1.63,2.24,
2009-01-19,,,,,,,,,
2009-01-20,2.4,,,5.55,56.65,,1.67,2.27,
2009-01-21,2.56,,,5.58,46.42,102.1007,1.78,2.45,2037112.0
2009-01-22,2.62,,,5.62,47.29,101.8432,1.87,2.52,
2009-01-23,2.65,,,5.63,47.27,102.1096,1.82,2.54,
2009-01-26,2.7,,,5.6,45.69,100.9764,1.85,2.56,
2009-01-27,2.59,,,5.47,42.25,101.1702,1.72,2.46,
2009-01-28,2.71,,,5.49,39.66,100.5461,1.82,2.52,1927082.0
2009-01-29,2.87,,,5.41,42.63,101.3398,1.92,2.64,
2009-01-30,2.87,,,5.38,44.84,102.1169,1.93,2.63,
2009-02-02,2.76,,,5.33,45.52,102.5067,1.87,2.49,
2009-02-03,2.89,,,5.32,43.06,101.8506,1.93,2.57,
2009-02-04,2.95,,,5.29,43.85,101.9056,1.97,2.65,1851437.0
2009-02-05,2.95,,,5.23,43.73,101.9517,1.97,2.66,
2009-02-06,3.05,,,5.13,43.37,101.7455,2.06,2.77,
2009-02-09,3.07,,,5.09,43.64,100.9637,2.02,2.75,
2009-02-10,2.9,,,5.08,46.67,101.7094,1.98,2.59,
2009-02-11,2.78,,,5.1,44.53,102.24,1.85,2.48,1843400.0
2009-02-12,2.75,,,5.16,41.25,102.598,1.86,2.46,
2009-02-13,2.89,,,5.24,42.93,102.2958,1.92,2.6,
2009-02-16,,,,,,,,,
2009-02-17,2.64,,,5.28,48.66,103.7625,1.77,2.32,
2009-02-18,2.74,,,5.21,48.46,104.0385,1.77,2.43,1915562.0
2009-02-19,2.85,,,5.27,47.08,103.7656,1.84,2.55,
2009-02-20,2.78,,,5.25,49.3,104.0244,1.82,2.51,
2009-02-23,2.78,,,5.24,52.62,103.7416,1.82,2.49,
2009-02-24,2.8,,,5.23,45.49,103.9829,1.77,2.48,
2009-02-25,2.95,,,5.18,44.67,104.3086,1.86,2.65,1916115.0
2009-02-26,2.98,,,5.23,44.66,104.1813,1.9,2.71,
2009-02-27,3.02,,,5.22,46.35,104.9284,2.02,2.76,
2009-03-02,2.91,,,5.29,52.65,105.9617,2.02,2.63,
2009-03-03,2.93,,,5.34,50.93,106.0249,2.02,2.66,
2009-03-04,3.01,,,5.31,47.56,105.4558,2.04,2.75,1901317.0
2009-03-05,2.83,,,5.34,50.17,105.8064,1.93,2.63,
2009-03-06,2.83,,,5.35,49.33,105.3937,1.92,2.62,
2009-03-09,2.89,,,5.4,49.68,106.0182,1.93,2.66,
2009-03-10,2.99,,,5.45,44.37,105.1153,1.98,2.75,
2009-03-11,2.95,,,5.45,43.61,104.8499,1.92,2.72,1899514.0
2009-03-12,2.89,,,5.52,41.18,104.89,1.86,2.67,
2009-03-13,2.89,,,5.56,42.36,104.1106,1.91,2.69,
2009-03-16,2.97,,,5.57,43.74,103.2005,1.97,2.73,
2009-03-17,3.02,,,5.6,40.8,103.2305,1.97,2.78,
2009-03-18,2.51,,,5.88,40.06,103.0005,1.69,2.3,2066942.0
2009-03-19,2.61,,,5.84,43.68,100.3951,1.74,2.41,
2009-03-20,2.65,,,5.86,45.89,101.0581,1.76,2.43,
2009-03-23,2.68,,,5.88,43.23,101.103,1.75,2.46,
2009-03-24,2.68,,,5.8,42.93,101.0319,1.75,2.47,
2009-03-25,2.81,,,5.79,42.25,100.9674,1.85,2.62,2071556.0
2009-03-26,2.76,,,5.76,40.36,101.097,1.86,2.61,
2009-03-27,2.78,,,5.72,41.04,101.8388,1.88,2.64,
2009-03-30,2.73,,,5.75,45.54,102.749,1.89,2.55,
2009-03-31,2.71,,,5.74,44.14,102.3761,1.9,2.5,
2009-04-01,2.68,,,5.7,42.28,102.1252,1.85,2.46,2078936.0
2009-04-02,2.77,,,5.69,42.04,100.8733,1.89,2.55,
2009-04-03,2.91,,,5.68,39.7,100.6429,1.95,2.7,
2009-04-06,2.95,,,5.68,40.93,100.9428,2.01,2.75,
2009-04-07,2.93,,,5.67,40.39,100.9808,2.02,2.73,
2009-04-08,2.86,,,5.64,38.85,100.8948,1.93,2.68,2088573.0
2009-04-09,2.96,,,5.61,36.53,100.7988,2.0,2.78,
2009-04-10,,,,,,100.7597,,,
2009-04-13,2.88,,,5.6,37.81,100.1369,1.99,2.7,
2009-04-14,2.8,,,5.6,37.67,99.9097,1.94,2.63,
2009-04-15,2.82,,,5.53,36.17,100.1497,1.96,2.67,2186498.0
2009-04-16,2.86,,,5.52,35.79,100.0517,1.95,2.73,
2009-04-17,2.98,,,5.43,33.94,100.5719,1.99,2.84,
2009-04-20,2.88,,,5.35,39.18,101.448,1.95,2.74,
2009-04-21,2.94,,,5.3,37.14,101.1794,1.98,2.79,
2009-04-22,2.98,,,5.33,38.1,101.1142,1.98,2.84,2196812.0
2009-04-23,2.96,,,5.3,37.15,101.0065,1.99,2.86,
2009-04-24,3.03,,,5.25,36.82,100.0244,2.04,2.93,
2009-04-27,2.95,,,5.3,38.32,100.7258,2.05,2.82,
2009-04-28,3.05,,,5.24,37.95,101.3145,2.1,2.92,
2009-04-29,3.12,,,5.17,36.08,100.0009,2.18,3.01,2066712.0
2009-04-30,3.16,,,5.08,36.5,100.1042,2.25,3.02,
2009-05-01,3.21,,,5.01,35.3,100.0057,2.29,3.05,
2009-05-04,3.19,,,4.98,34.53,99.134,2.25,3.0,
2009-05-05,3.2,,,4.93,33.36,98.8529,2.22,3.01,
2009-05-06,3.18,,,4.91,32.45,98.9044,2.22,2.99,2079758.0
2009-05-07,3.29,,,4.9,33.44,98.552,2.29,3.11,
2009-05-08,3.29,,,4.85,32.05,98.1269,2.29,3.1,
2009-05-11,3.17,,,4.88,32.87,97.747,2.25,2.98,
2009-05-12,3.17,,,4.86,31.8,97.8269,2.27,2.98,
2009-05-13,3.11,,,4.86,33.65,98.0276,2.22,2.94,2196351.0
2009-05-14,3.1,,,4.87,31.37,98.1271,2.23,2.94,
2009-05-15,3.14,,,4.85,33.12,98.1063,2.26,2.97,
2009-05-18,3.22,,,4.85,30.24,97.9412,2.29,3.03,
2009-05-19,3.25,,,4.79,28.8,97.2827,2.34,3.07,
2009-05-20,3.19,,,4.74,29.03,96.5707,2.32,3.01,2181632.0
2009-05-21,3.35,,,4.7,31.35,96.6039,2.46,3.16,
2009-05-22,3.45,,,4.66,32.63,95.8788,2.53,3.27,
2009-05-25,,,,,,,,,
2009-05-26,3.5,,,4.62,30.62,95.988,2.54,3.32,
2009-05-27,3.71,,,4.48,32.36,95.9622,2.75,3.54,2080115.0
2009-05-28,3.67,,,4.38,31.67,96.1313,2.7,3.52,
2009-05-29,3.47,,,4.29,28.92,95.268,2.55,3.33,
2009-06-01,3.71,,,4.26,30.04,94.8107,2.74,3.58,
2009-06-02,3.65,,,4.14,29.63,94.6556,2.69,3.51,
2009-06-03,3.56,,,4.1,31.02,95.0751,2.65,3.42,2077695.0
2009-06-04,3.72,,,4.05,30.18,95.2922,2.76,3.58,
2009-06-05,3.84,,,3.95,29.62,96.0412,2.52,3.64,
2009-06-08,3.91,,,3.81,29.77,96.6548,2.49,3.72,
2009-06-09,3.86,,,3.85,28.27,95.9537,2.53,3.67,
2009-06-10,3.98,,,3.77,28.46,96.1277,2.6,3.8,2052297.0
2009-06-11,3.88,,,3.79,28.11,95.4993,2.53,3.69,
2009-06-12,3.81,,,3.79,28.15,95.836,2.51,3.62,
2009-06-15,3.76,,,3.76,30.81,96.7519,2.5,3.59,
2009-06-16,3.67,,,3.74,32.68,96.2616,2.44,3.5,
2009-06-17,3.68,,,3.67,31.54,96.64,2.49,3.51,2072527.0
2009-06-18,3.86,,,3.61,30.03,96.1482,2.58,3.68,
2009-06-19,3.79,,,3.54,27.99,96.0325,2.54,3.6,
2009-06-22,3.72,,,3.51,31.17,96.8818,2.55,3.52,
2009-06-23,3.65,,,3.53,30.58,96.5196,2.51,3.45,
2009-06-24,3.72,,,3.52,29.05,96.2369,2.53,3.53,2025571.0
2009-06-25,3.55,,,3.64,26.36,96.7072,2.43,3.37,
2009-06-26,3.52,,,3.65,25.93,96.1935,2.42,3.32,
2009-06-29,3.51,,,3.69,25.35,96.242,2.4,3.31,
2009-06-30,3.53,,,3.64,26.35,96.3761,2.42,3.34,
2009-07-01,3.55,,,3.65,26.22,95.6581,2.5,3.38,2005627.0
2009-07-02,3.51,,,3.63,27.95,96.3216,2.53,3.34,
2009-07-03,,,,,,,,,
2009-07-06,3.52,,,3.66,29.0,96.6174,2.56,3.33,
2009-07-07,3.47,,,3.66,30.85,96.6321,2.49,3.28,
2009-07-08,3.33,,,3.66,31.3,97.0204,2.42,3.15,1992740.0
2009-07-09,3.44,,,3.71,29.78,96.6219,2.5,3.25,
2009-07-10,3.32,,,3.71,29.02,97.0819,2.41,3.14,
2009-07-13,3.38,,,3.7,26.31,96.9995,2.46,3.2,
2009-07-14,3.5,,,3.68,25.02,96.6599,2.53,3.32,
2009-07-15,3.63,,,3.63,25.89,95.8004,2.6,3.45,2072451.0
2009-07-16,3.59,,,3.6,25.42,95.7241,2.59,3.4,
2009-07-17,3.67,,,3.56,24.34,95.6036,2.65,3.5,
2009-07-20,3.61,,,3.55,24.4,95.0903,2.62,3.42,
2009-07-21,3.5,,,3.55,23.87,95.0564,2.54,3.31,
2009-07-22,3.58,,,3.53,23.47,94.8659,2.6,3.39,2039001.0
2009-07-23,3.72,,,3.48,23.43,94.532,2.64,3.53,
2009-07-24,3.7,,,3.41,23.09,94.7046,2.65,3.52,
2009-07-27,3.75,,,3.4,24.28,94.6659,2.67,3.56,
2009-07-28,3.72,,,3.32,25.01,94.5592,2.6,3.53,
2009-07-29,3.69,,,3.23,25.61,95.1678,2.52,3.5,2000547.0
2009-07-30,3.67,,,3.13,25.4,94.8967,2.48,3.49,
2009-07-31,3.52,,,3.11,25.92,94.2526,2.39,3.34,
2009-08-03,3.66,,,3.04,25.56,93.6331,2.48,3.47,
2009-08-04,3.7,,,2.99,24.89,93.7281,2.5,3.52,
2009-08-05,3.8,,,2.95,24.9,93.7848,2.57,3.62,1989203.0
2009-08-06,3.79,,,2.9,25.67,93.9358,2.57,3.62,
2009-08-07,3.89,,,2.85,24.76,94.4692,2.57,3.7,
2009-08-10,3.8,,,2.85,24.99,94.6087,2.56,3.61,
2009-08-11,3.71,,,2.88,25.99,94.8678,2.5,3.53,
2009-08-12,3.72,,,2.97,25.45,94.5394,2.54,3.55,2014899.0
2009-08-13,3.59,,,2.99,24.71,94.2392,2.47,3.42,
2009-08-14,3.55,,,3.02,24.27,94.475,2.48,3.37,
2009-08-17,3.48,,,3.08,27.89,95.1024,2.44,3.3,
2009-08-18,3.51,,,3.07,26.18,95.1118,2.45,3.33,
2009-08-19,3.45,,,3.1,26.26,94.4084,2.44,3.28,2060641.0
2009-08-20,3.42,,,3.09,25.09,94.3492,2.39,3.25,
2009-08-21,3.56,,,3.06,25.01,94.0103,2.43,3.39,
2009-08-24,3.48,,,3.05,25.14,93.9345,2.43,3.31,
2009-08-25,3.45,,,3.01,24.92,93.9066,2.4,3.28,
2009-08-26,3.44,,,2.98,24.95,94.8662,2.38,3.29,2074902.0
2009-08-27,3.47,,,2.96,24.68,94.7943,2.43,3.32,
2009-08-28,3.46,,,2.95,24.76,94.4489,2.45,3.31,
2009-08-31,3.4,,,2.98,26.01,94.6202,2.43,3.25,
2009-09-01,3.38,,,3.01,29.15,95.2201,2.46,3.24,
2009-09-02,3.29,,,2.99,28.9,95.1575,2.4,3.15,2083720.0
2009-09-03,3.33,,,3.0,27.1,94.959,2.42,3.18,
2009-09-04,3.45,,,3.0,25.26,94.5811,2.51,3.31,
2009-09-07,,,,,,,,,
2009-09-08,3.47,,,2.98,25.62,93.7323,2.54,3.33,
2009-09-09,3.48,,,3.01,24.32,93.6915,2.55,3.34,2087946.0
2009-09-10,3.36,,,2.96,23.55,93.6947,2.46,3.22,
2009-09-11,3.34,,,2.97,24.15,93.3225,2.44,3.2,
2009-09-14,3.42,,,2.94,23.86,93.6196,2.48,3.28,
2009-09-15,3.47,,,2.93,23.42,93.4427,2.51,3.34,
2009-09-16,3.48,,,2.91,23.69,92.9072,2.47,3.38,2139783.0
2009-09-17,3.42,,,2.87,23.65,92.8287,2.44,3.32,
2009-09-18,3.49,,,2.85,23.92,93.1233,2.46,3.41,
2009-09-21,3.49,,,2.86,24.06,93.3547,2.47,3.38,
2009-09-22,3.46,,,2.84,23.08,92.8664,2.44,3.35,
2009-09-23,3.44,,,2.84,23.49,92.979,2.48,3.33,2158631.0
2009-09-24,3.4,,,2.86,24.95,93.4708,2.47,3.3,
2009-09-25,3.34,,,2.83,25.61,93.5535,2.36,3.24,
2009-09-28,3.31,,,2.81,24.88,93.4669,2.33,3.2,
2009-09-29,3.31,,,2.81,25.19,93.7776,2.31,3.18,
2009-09-30,3.31,,,2.86,25.61,93.1907,2.36,3.17,2141020.0
2009-10-01,3.21,,,2.9,28.27,93.5995,2.34,3.11,
2009-10-02,3.24,,,2.93,28.68,93.6756,2.36,3.14,
2009-10-05,3.24,,,2.95,26.84,93.3356,2.36,3.16,
2009-10-06,3.27,,,2.94,25.7,92.619,2.36,3.19,
2009-10-07,3.21,,,2.92,24.68,92.794,2.34,3.12,2138086.0
2009-10-08,3.27,,,2.96,24.18,92.2074,2.37,3.21,
2009-10-09,3.4,,,2.96,23.12,92.2984,2.42,3.33,
2009-10-12,,,,,23.01,,,,
2009-10-13,3.34,,,2.95,22.99,91.8273,2.43,3.27,
2009-10-14,3.45,,,2.96,22.86,91.5047,2.49,3.38,2192787.0
2009-10-15,3.49,,,2.96,21.72,91.4367,2.52,3.42,
2009-10-16,3.43,,,2.93,21.43,91.6541,2.46,3.36,
2009-10-19,3.41,,,2.91,21.49,91.4406,2.42,3.33,
2009-10-20,3.35,,,2.91,20.9,91.801,2.4,3.27,
2009-10-21,3.42,,,2.89,22.22,91.3805,2.42,3.35,2201119.0
2009-10-22,3.44,,,2.88,20.69,91.6075,2.47,3.38,
2009-10-23,3.51,,,2.8,22.27,91.7331,2.47,3.44,
2009-10-26,3.59,,,2.83,24.31,92.0998,2.53,3.51,
2009-10-27,3.49,,,2.84,24.83,92.5335,2.5,3.41,
2009-10-28,3.44,,,2.85,27.91,92.8152,2.49,3.37,2161537.0
2009-10-29,3.53,,,2.86,24.76,92.4708,2.55,3.47,
2009-10-30,3.41,,,2.86,30.69,92.6207,2.51,3.36,
2009-11-02,3.45,,,2.85,29.78,92.4501,2.53,3.39,
2009-11-03,3.5,,,2.87,28.81,92.9037,2.58,3.44,
2009-11-04,3.57,,,2.89,27.72,92.3725,2.66,3.52,2165067.0
2009-11-05,3.57,,,2.86,25.43,92.3437,2.67,3.53,
2009-11-06,3.54,,,2.86,24.19,92.3848,2.68,3.48,
2009-11-09,3.52,,,2.89,23.15,91.6861,2.65,3.45,
2009-11-10,3.5,,,2.92,22.84,91.6659,2.65,3.43,
2009-11-11,,,,,23.04,,,,2135035.0
2009-11-12,3.45,,,2.94,24.24,91.9461,2.63,3.38,
2009-11-13,3.43,,,2.93,23.36,91.5754,2.61,3.37,
2009-11-16,3.33,,,2.92,22.89,91.194,2.55,3.26,
2009-11-17,3.33,,,2.92,22.41,91.7419,2.55,3.27,
2009-11-18,3.36,,,2.94,21.63,91.249,2.59,3.32,2208721.0
2009-11-19,3.35,,,2.92,22.63,91.7827,2.62,3.33,
2009-11-20,3.36,,,2.93,22.19,91.9906,2.61,3.34,
2009-11-23,3.37,,,2.92,21.16,91.4864,2.6,3.32,
2009-11-24,3.32,,,2.93,20.47,91.5539,2.59,3.27,
2009-11-25,3.28,,,2.95,20.48,90.9669,2.55,3.23,2206359.0
2009-11-26,,,,,,,,,
2009-11-27,3.21,,,2.99,24.85,91.5272,2.53,3.18,
2009-11-30,3.21,,,2.99,24.51,91.3717,2.54,3.15,
2009-12-01,3.28,,,3.0,21.92,90.8323,2.61,3.22,
2009-12-02,3.32,,,2.95,21.12,90.8906,2.6,3.27,2204074.0
2009-12-03,3.39,,,2.93,22.46,90.9152,2.65,3.33,
2009-12-04,3.48,,0.18,2.91,21.25,91.3806,2.64,3.42,
2009-12-07,3.44,,,2.93,22.1,91.5414,2.66,3.4,
2009-12-08,3.4,,,2.92,23.69,91.9513,2.67,3.37,
2009-12-09,3.45,,,2.89,22.66,92.014,2.69,3.42,2186383.0
2009-12-10,3.49,,0.225,2.93,22.32,92.0073,2.71,3.47,
2009-12-11,3.55,,0.225,2.86,21.59,92.2946,2.72,3.52,
2009-12-14,3.56,,,2.79,21.15,92.0305,2.69,3.52,
2009-12-15,3.6,,,2.8,21.49,92.3635,2.72,3.55,
2009-12-16,3.61,,,2.77,20.54,92.1496,2.76,3.57,2235763.0
2009-12-17,3.5,,,2.75,22.51,93.225,2.73,3.46,
2009-12-18,3.55,,,2.73,21.68,93.1632,2.73,3.5,
2009-12-21,3.69,,,2.69,20.49,,2.8,3.61,
2009-12-22,3.76,,,2.65,19.54,93.2903,2.81,3.68,
2009-12-23,3.77,,,2.63,19.71,92.9295,2.81,3.7,2235803.0
2009-12-24,3.82,,,2.65,19.47,92.8694,2.82,3.77,
2009-12-25,,,,,,,,,
2009-12-28,3.85,,,2.64,19.93,92.6993,2.76,3.74,
2009-12-29,3.82,,,2.59,20.01,92.8838,2.73,3.72,
2009-12-30,3.8,,,2.56,19.96,93.0872,2.72,3.75,2234067.0
2009-12-31,3.85,,,2.54,21.68,92.9124,2.71,3.79,
2010-01-01,,,,,,,,,
2010-01-04,3.85,,,2.54,20.04,92.3566,2.76,3.77,
2010-01-05,3.77,,,2.53,19.35,92.2236,2.76,3.7,
2010-01-06,3.85,,,2.49,19.16,92.0941,2.84,3.79,2235304.0
2010-01-07,3.85,,,2.48,19.06,92.3684,2.82,3.8,
2010-01-08,3.83,,,2.49,18.13,92.1485,2.87,3.78,
2010-01-11,3.85,,,2.47,17.55,91.5997,2.9,3.81,
2010-01-12,3.74,,,2.48,18.25,91.7005,2.82,3.69,
2010-01-13,3.8,,,2.5,17.85,91.7272,2.83,3.74,2291700.0
2010-01-14,3.76,,,2.46,17.63,91.5864,2.82,3.71,
2010-01-15,3.7,,,2.48,17.91,91.7668,2.81,3.64,
2010-01-18,,,,,,,,,
2010-01-19,3.73,,,2.48,17.58,91.9611,2.8,3.67,
2010-01-20,3.68,,,2.48,18.68,92.6766,2.76,3.63,2251806.0
2010-01-21,3.62,,,2.51,22.27,92.6627,2.75,3.56,
2010-01-22,3.62,,,2.53,27.31,92.943,2.78,3.56,
2010-01-25,3.66,,,2.56,25.41,92.9099,2.8,3.6,
2010-01-26,3.65,,,2.59,24.55,93.3298,2.78,3.58,
2010-01-27,3.66,,,2.57,23.14,93.2835,2.76,3.58,2246886.0
2010-01-28,3.68,,,2.57,23.73,93.2635,2.81,3.6,
2010-01-29,3.63,,,2.57,24.62,93.7638,2.81,3.55,
2010-02-01,3.68,,,2.57,22.59,93.7321,2.82,3.58,
2010-02-02,3.67,,,2.56,21.48,93.4136,2.81,3.57,
2010-02-03,3.73,,,2.58,21.6,93.6268,2.85,3.63,2249319.0
2010-02-04,3.62,,,2.62,26.08,94.1401,2.82,3.53,
2010-02-05,3.59,,,2.62,26.11,94.6218,2.82,3.49,
2010-02-08,3.62,,,2.64,26.51,,2.83,3.5,
2010-02-09,3.67,,,2.65,26.0,,2.83,3.55,
2010-02-10,3.72,,,2.66,25.4,,2.81,3.61,2256679.0
2010-02-11,3.73,,,2.7,23.96,,2.82,3.62,
2010-02-12,3.69,,,2.72,22.73,93.9976,2.85,3.59,
2010-02-15,,,,,,,,,
2010-02-16,3.66,,,2.73,22.25,93.482,2.84,3.56,
2010-02-17,3.74,,,2.73,21.72,93.7171,2.87,3.64,2277574.0
2010-02-18,3.79,,,2.72,20.63,93.8752,2.89,3.69,
2010-02-19,3.78,,,2.65,20.02,93.9569,2.83,3.67,
2010-02-22,3.8,,,2.65,19.94,93.7402,2.89,3.69,
2010-02-23,3.69,,,2.65,21.37,93.9794,2.82,3.57,
2010-02-24,3.7,,,2.65,20.27,93.9775,2.83,3.58,2286127.0
2010-02-25,3.64,,,2.64,20.1,94.3797,2.82,3.51,
2010-02-26,3.61,,,2.62,19.5,93.6602,2.8,3.48,
2010-03-01,3.61,,,2.65,19.26,93.7979,2.81,3.48,
2010-03-02,3.62,,,2.64,19.06,93.488,2.82,3.48,
2010-03-03,3.63,,,2.63,18.83,92.9861,2.81,3.49,2280147.0
2010-03-04,3.61,,,2.62,18.72,93.4079,2.75,3.47,
2010-03-05,3.69,,,2.61,17.42,93.2623,2.78,3.54,
2010-03-08,3.72,,,2.59,17.79,93.2446,2.82,3.56,
2010-03-09,3.71,,,2.61,17.92,93.1941,2.82,3.55,
2010-03-10,3.73,,,2.59,18.57,93.0426,2.81,3.58,2282474.0
2010-03-11,3.73,,,2.56,18.06,93.0533,2.76,3.57,
2010-03-12,3.71,,,2.55,17.58,92.6616,2.74,3.56,
2010-03-15,3.71,,,2.56,18.0,92.9642,2.75,3.54,
2010-03-16,3.66,,,2.55,17.69,92.595,2.73,3.5,
2010-03-17,3.65,,,2.53,16.91,92.4446,2.7,3.5,2307997.0
2010-03-18,3.68,,,2.52,16.62,92.7451,2.7,3.52,
2010-03-19,3.7,,,2.49,16.97,93.0407,2.68,3.54,
2010-03-22,3.67,,,2.5,16.87,93.1333,2.66,3.52,
2010-03-23,3.69,,,2.51,16.35,93.006,2.67,3.55,
2010-03-24,3.84,,,2.48,17.55,93.6468,2.76,3.7,2313149.0
2010-03-25,3.91,,,2.47,18.4,93.5885,2.81,3.77,
2010-03-26,3.86,,,2.49,17.77,93.6873,2.82,3.72,
2010-03-29,3.88,,,2.49,17.59,93.2959,2.84,3.73,
2010-03-30,3.88,,,2.48,17.13,93.2627,2.82,3.72,
2010-03-31,3.84,,,2.47,17.59,92.8987,2.82,3.68,2307150.0
2010-04-01,3.89,,,2.44,17.47,92.6661,2.84,3.73,
2010-04-02,3.96,,,2.44,,92.9057,2.85,3.8,
2010-04-05,4.01,,,2.43,17.02,92.6644,2.83,3.83,
2010-04-06,3.98,,,2.46,16.23,92.7373,2.84,3.81,
2010-04-07,3.89,,,2.44,16.62,92.7452,2.83,3.72,2307575.0
2010-04-08,3.91,,,2.43,16.48,92.7211,2.82,3.74,
2010-04-09,3.9,,,2.43,16.14,92.4772,2.82,3.74,
2010-04-12,3.87,,,2.4,15.58,92.243,2.8,3.71,
2010-04-13,3.84,,,2.4,16.2,92.2689,2.77,3.68,
2010-04-14,3.88,,,2.4,15.59,91.9297,2.81,3.72,2339345.0
2010-04-15,3.86,,,2.42,15.89,92.2029,2.82,3.7,
2010-04-16,3.79,,,2.43,18.36,92.5253,2.81,3.63,
2010-04-19,3.83,,,2.42,17.34,92.8577,2.82,3.67,
2010-04-20,3.82,,,2.4,15.73,92.4338,2.77,3.66,
2010-04-21,3.77,,,2.38,16.32,92.4482,2.74,3.62,2337556.0
2010-04-22,3.8,,,2.38,16.47,92.7277,2.73,3.64,
2010-04-23,3.84,,,2.37,16.62,92.6622,2.74,3.68,
2010-04-26,3.83,,,2.38,17.47,92.5187,2.74,3.67,
2010-04-27,3.71,,,2.39,22.81,93.0956,2.68,3.55,
2010-04-28,3.8,,,2.38,21.08,93.4856,2.77,3.64,2330472.0
2010-04-29,3.76,,,2.37,18.44,92.9013,2.75,3.59,
2010-04-30,3.69,,,2.38,22.05,92.8423,2.72,3.53,
2010-05-03,3.72,,,2.37,20.19,93.235,2.72,3.55,
2010-05-04,3.63,,,2.38,23.84,93.8137,2.67,3.47,
2010-05-05,3.58,,,2.4,24.91,94.3968,2.7,3.43,2326164.0
2010-05-06,3.41,,,2.41,32.8,95.3032,2.66,3.3,
2010-05-07,3.45,,,2.55,40.95,95.2952,2.62,3.32,
2010-05-10,3.57,,,2.53,28.84,94.3096,2.7,3.41,
2010-05-11,3.56,,,2.58,28.32,94.4305,2.71,3.4,
2010-05-12,3.56,,,2.61,25.52,94.5515,2.67,3.4,2336103.0
2010-05-13,3.55,,,2.6,26.68,94.5071,2.68,3.39,
2010-05-14,3.44,,,2.59,31.24,95.3746,2.65,3.28,
2010-05-17,3.47,,,2.59,30.84,95.9795,2.66,3.31,
2010-05-18,3.38,,,2.61,33.55,95.6212,2.62,3.21,
2010-05-19,3.36,,,2.65,35.32,96.5083,2.56,3.19,2350890.0
2010-05-20,3.25,,,2.74,45.79,96.9483,2.49,3.08,
2010-05-21,3.2,,,2.76,40.1,96.2911,2.44,3.03,
2010-05-24,3.23,,,2.79,38.32,96.6433,2.46,3.06,
2010-05-25,3.18,,,2.81,34.61,97.5487,2.37,3.01,
2010-05-26,3.21,,,2.87,35.02,97.1879,2.39,3.04,2334041.0
2010-05-27,3.34,,,2.89,29.68,96.3611,2.47,3.17,
2010-05-28,3.31,,,2.89,32.07,96.3062,2.55,3.15,
2010-05-31,,,,,,,,,
2010-06-01,3.29,,,2.92,35.54,96.6123,2.51,3.13,
2010-06-02,3.35,,,2.91,30.17,96.615,2.53,3.19,2336216.0
2010-06-03,3.39,,,2.92,29.46,96.461,2.57,3.25,
2010-06-04,3.2,,,2.95,35.48,97.1688,2.48,3.06,
2010-06-07,3.17,,,3.0,36.57,97.503,2.43,3.05,
2010-06-08,3.18,,,2.99,33.7,97.3425,2.44,3.06,
2010-06-09,3.2,,,3.0,33.73,96.8938,2.46,3.1,2331529.0
2010-06-10,3.33,,,3.01,30.57,96.4877,2.54,3.23,
2010-06-11,3.24,,,3.04,28.79,96.5616,2.49,3.16,
2010-06-14,3.28,,,3.06,28.58,95.8082,2.51,3.21,
2010-06-15,3.32,,,3.05,25.87,95.7049,2.53,3.23,
2010-06-16,3.27,,,3.07,25.92,95.5668,2.52,3.17,2344316.0
2010-06-17,3.21,,,3.04,25.05,95.4973,2.49,3.12,
2010-06-18,3.24,,,3.04,23.95,95.2981,2.5,3.13,
2010-06-21,3.26,,,3.02,24.88,94.8505,2.52,3.14,
2010-06-22,3.18,,,3.04,27.05,95.1165,2.47,3.05,
2010-06-23,3.13,,,3.05,26.91,95.4853,2.47,3.0,2344497.0
2010-06-24,3.14,,,3.08,29.74,95.6194,2.47,3.01,
2010-06-25,3.12,,,3.09,28.53,95.4582,2.47,2.99,
2010-06-28,3.05,,,3.1,29.0,95.2696,2.43,2.88,
2010-06-29,2.97,,,3.12,34.13,96.0199,2.36,2.82,
2010-06-30,2.97,,,3.08,34.54,95.9934,2.36,2.79,2330851.0
2010-07-01,2.96,,,3.02,32.86,95.8018,2.33,2.79,
2010-07-02,3.0,,,3.04,30.12,95.6345,2.37,2.83,
2010-07-05,,,,,,,,,
2010-07-06,2.95,,,3.05,29.65,95.1069,2.33,2.78,
2010-07-07,3.0,,,3.08,26.84,95.1795,2.37,2.84,2332017.0
2010-07-08,3.04,,,3.07,25.71,94.7734,2.41,2.89,
2010-07-09,3.07,,,3.07,24.98,94.683,2.44,2.91,
2010-07-12,3.08,,,3.05,24.43,94.9598,2.43,2.92,
2010-07-13,3.15,,,3.03,24.56,94.3856,2.48,3.0,
2010-07-14,3.07,,,3.02,24.89,94.3247,2.45,2.92,2340717.0
2010-07-15,3.0,,,3.02,25.14,94.1988,2.39,2.85,
2010-07-16,2.96,,,3.04,26.25,94.5061,2.35,2.81,
2010-07-19,2.99,,,3.04,25.97,94.602,2.38,2.82,
2010-07-20,2.98,,,2.99,23.93,94.542,2.37,2.82,
2010-07-21,2.9,,,2.98,25.64,94.4496,2.32,2.74,2332322.0
2010-07-22,2.96,,,2.97,24.63,94.1135,2.36,2.8,
2010-07-23,3.02,,,2.95,23.47,94.1431,2.42,2.86,
2010-07-26,3.03,,,2.92,22.73,93.7556,2.41,2.87,
2010-07-27,3.08,,,2.9,23.19,93.7583,2.43,2.93,
2010-07-28,3.03,,,2.92,24.25,93.7506,2.42,2.88,2325298.0
2010-07-29,3.03,,,2.92,24.13,93.6004,2.44,2.88,
2010-07-30,2.94,,,2.91,23.5,93.2793,2.39,2.79,
2010-08-02,2.99,,,2.9,22.01,92.7916,2.43,2.83,
2010-08-03,2.94,,,2.92,22.63,92.6258,2.41,2.78,
2010-08-04,2.98,,,2.9,22.21,92.731,2.42,2.82,2326479.0
2010-08-05,2.94,,,2.93,22.1,92.6401,2.41,2.79,
2010-08-06,2.86,,,2.94,21.74,92.5915,2.36,2.71,
2010-08-09,2.86,,,2.95,22.14,92.6726,2.32,2.71,
2010-08-10,2.79,,,3.05,22.37,93.2197,2.27,2.64,
2010-08-11,2.72,,,3.03,25.39,93.7778,2.18,2.57,2327533.0
2010-08-12,2.74,,0.18,3.04,25.73,93.8905,2.19,2.58,
2010-08-13,2.68,,,3.05,26.24,94.0457,2.14,2.53,
2010-08-16,2.58,,,3.0,26.1,93.7902,2.07,2.42,
2010-08-17,2.64,,,2.99,24.33,93.4239,2.12,2.47,
2010-08-18,2.64,,,2.94,24.59,93.3719,2.13,2.48,2313662.0
2010-08-19,2.58,,,2.93,26.44,93.7141,2.09,2.42,
2010-08-20,2.62,,,2.9,25.49,94.2087,2.13,2.47,
2010-08-23,2.6,,,2.94,25.66,94.3295,2.11,2.44,
2010-08-24,2.5,,,2.95,27.46,94.4362,2.0,2.34,
2010-08-25,2.54,,,2.94,26.7,94.7372,2.01,2.38,2301015.0
2010-08-26,2.5,,,2.95,27.37,94.3523,1.99,2.34,
2010-08-27,2.66,,,2.96,24.45,94.3462,2.1,2.51,
2010-08-30,2.54,,,2.99,27.21,94.5922,2.04,2.4,
2010-08-31,2.47,,,3.01,26.05,94.7204,2.0,2.33,
2010-09-01,2.58,,,3.01,23.89,94.1148,2.08,2.45,2301996.0
2010-09-02,2.63,,,3.02,23.19,94.0852,2.13,2.49,
2010-09-03,2.72,,,2.97,21.31,93.6952,2.2,2.58,
2010-09-06,,,,,,,,,
2010-09-07,2.61,,,2.96,23.8,94.042,2.12,2.47,
2010-09-08,2.66,,,2.95,23.25,93.7785,2.14,2.52,2305802.0
2010-09-09,2.77,,,2.96,22.81,93.7033,2.2,2.63,
2010-09-10,2.81,,,2.94,21.99,93.6768,2.23,2.67,
2010-09-13,2.74,,,2.97,21.21,93.0767,2.21,2.59,
2010-09-14,2.68,,,2.97,21.56,92.6182,2.18,2.53,
2010-09-15,2.74,,,3.0,22.1,92.9313,2.24,2.59,2296079.0
2010-09-16,2.77,,,3.02,21.72,92.9108,2.29,2.61,
2010-09-17,2.75,,,3.03,22.01,92.9418,2.27,2.59,
2010-09-20,2.72,,,3.02,21.5,92.7496,2.25,2.55,
2010-09-21,2.61,,,3.05,22.35,92.6684,2.18,2.44,
2010-09-22,2.56,,,3.05,22.51,92.0647,2.12,2.4,2307171.0
2010-09-23,2.56,,,3.04,23.87,92.0233,2.11,2.4,
2010-09-24,2.62,,,3.05,21.71,91.5996,2.17,2.47,
2010-09-27,2.54,,,3.04,22.54,91.4803,2.1,2.38,
2010-09-28,2.48,,,3.06,22.6,91.3493,2.11,2.32,
2010-09-29,2.52,,,3.06,23.25,91.1632,2.08,2.36,2298691.0
2010-09-30,2.53,,,3.05,23.7,91.3415,2.11,2.37,
2010-10-01,2.54,,,3.07,22.5,90.836,2.12,2.38,
2010-10-04,2.5,,,3.1,23.53,91.0015,2.09,2.37,
2010-10-05,2.5,,,3.11,21.76,90.5622,2.09,2.38,
2010-10-06,2.41,,,3.13,21.49,90.1411,2.03,2.28,2308092.0
2010-10-07,2.41,,,3.18,21.56,90.286,2.05,2.28,
2010-10-08,2.41,,,3.21,20.71,90.1133,2.06,2.29,
2010-10-11,,,,,18.96,,,,
2010-10-12,2.44,,,3.22,18.93,90.2203,2.07,2.31,
2010-10-13,2.46,,,3.22,19.07,89.7779,2.09,2.33,2309885.0
2010-10-14,2.52,,,3.23,19.88,89.5228,2.14,2.38,
2010-10-15,2.59,,,3.26,19.03,89.6815,2.22,2.45,
2010-10-18,2.52,,,3.26,19.09,89.8484,2.14,2.37,
2010-10-19,2.5,,,3.25,20.63,90.5499,2.13,2.36,
2010-10-20,2.51,,,3.23,19.79,90.1446,2.16,2.37,2305227.0
2010-10-21,2.57,,,3.2,19.27,90.138,2.2,2.44,
2010-10-22,2.59,,,3.18,18.78,90.4063,2.24,2.46,
2010-10-25,2.59,,,3.13,19.85,89.9328,2.22,2.45,
2010-10-26,2.67,,,3.13,20.22,90.2818,2.27,2.53,
2010-10-27,2.75,,,3.09,20.71,90.8038,2.35,2.61,2295392.0
2010-10-28,2.69,,,3.16,20.88,90.2407,2.32,2.56,
2010-10-29,2.63,,,3.15,21.2,90.0935,2.29,2.51,
2010-11-01,2.66,,,3.13,21.83,90.0307,2.32,2.53,
2010-11-02,2.63,,,3.08,21.57,89.6847,2.29,2.5,
2010-11-03,2.67,,,3.16,19.56,89.7079,2.33,2.54,2300353.0
2010-11-04,2.53,,,3.24,18.52,88.9831,2.2,2.4,
2010-11-05,2.58,,,3.27,18.26,89.2441,2.2,2.45,
2010-11-08,2.6,,,3.25,18.29,89.5711,2.19,2.47,
2010-11-09,2.72,,,3.25,19.08,89.558,2.26,2.59,
2010-11-10,2.65,,,3.31,18.47,89.9056,2.21,2.52,2312768.0
2010-11-11,,,,,18.64,,,,
2010-11-12,2.76,,,3.24,20.61,90.1701,2.25,2.63,
2010-11-15,2.92,,,3.2,20.2,90.4331,2.39,2.78,
2010-11-16,2.85,,,3.15,22.58,91.1102,2.34,2.7,
2010-11-17,2.89,,,3.13,21.76,90.9282,2.39,2.75,2314757.0
2010-11-18,2.9,,,3.12,18.75,90.649,2.38,2.75,
2010-11-19,2.88,,,3.11,18.04,90.6986,2.36,2.74,
2010-11-22,2.8,,,3.14,18.37,90.7023,2.31,2.65,
2010-11-23,2.77,,,3.13,20.63,91.4318,2.32,2.62,
2010-11-24,2.93,,,3.1,19.56,91.2179,2.4,2.77,2346001.0
2010-11-25,,,,,,,,,
2010-11-26,2.87,,,3.07,22.22,91.8152,2.36,2.71,
2010-11-29,2.84,,,3.04,21.53,92.1997,2.32,2.66,
2010-11-30,2.81,,,3.03,23.54,92.1494,2.36,2.64,
2010-12-01,2.97,,,3.01,21.36,91.6799,2.44,2.81,2346920.0
2010-12-02,3.01,,,2.99,19.39,91.2651,2.46,2.85,
2010-12-03,3.03,,,3.02,18.01,90.8788,2.54,2.89,
2010-12-06,2.95,,,3.02,18.02,91.0167,2.53,2.8,
2010-12-07,3.15,,,2.99,17.99,90.9732,2.61,3.01,
2010-12-08,3.26,,,2.9,17.74,91.3376,2.63,3.11,2382294.0
2010-12-09,3.23,,,2.86,17.25,91.3923,2.59,3.09,
2010-12-10,3.32,,,2.79,17.61,91.2831,2.68,3.19,
2010-12-13,3.29,,,2.8,17.55,90.8837,2.68,3.14,
2010-12-14,3.49,,,2.75,17.61,90.764,2.83,3.34,
2010-12-15,3.53,,,2.74,17.94,91.094,2.85,3.39,2385754.0
2010-12-16,3.47,,,2.77,17.39,91.3773,2.81,3.34,
2010-12-17,3.33,,,2.73,16.11,91.5555,2.72,3.22,
2010-12-20,3.36,,,2.75,16.41,91.6398,2.74,3.22,
2010-12-21,3.35,,,2.72,16.49,91.519,2.72,3.21,
2010-12-22,3.36,,,2.73,15.45,91.429,2.71,3.22,2427921.0
2010-12-23,3.41,,,2.7,16.47,91.3013,2.74,3.27,
2010-12-24,,,,,,,,,
2010-12-27,3.36,,,2.7,17.67,91.1963,2.65,3.19,
2010-12-28,3.5,,,2.68,17.52,90.9848,2.75,3.35,
2010-12-29,3.35,,,2.7,17.28,90.7669,2.71,3.22,2420570.0
2010-12-30,3.38,,,2.69,17.52,90.5146,2.72,3.26,
2010-12-31,3.3,,,2.68,17.75,,2.69,3.18,
2011-01-03,3.36,,,2.68,17.61,89.9524,2.75,3.21,
2011-01-04,3.36,,,2.71,17.38,90.3277,2.73,3.22,
2011-01-05,3.5,,,2.67,17.02,90.5715,2.79,3.36,2436064.0
2011-01-06,3.44,,,2.67,17.4,90.9125,2.76,3.29,
2011-01-07,3.34,,,2.73,17.14,91.0001,2.74,3.2,
2011-01-10,3.32,,,2.75,17.54,91.03,2.73,3.17,
2011-01-11,3.37,,,2.68,16.89,90.8431,2.77,3.22,
2011-01-12,3.4,,,2.68,16.24,90.4111,2.79,3.25,2468131.0
2011-01-13,3.34,,,2.71,16.39,89.9019,2.75,3.19,
2011-01-14,3.35,,,2.74,15.46,90.0461,2.76,3.2,
2011-01-17,,,,,,,,,
2011-01-18,3.39,,,2.72,15.87,89.821,2.79,3.23,
2011-01-19,3.37,,,2.7,17.31,89.6948,2.77,3.21,2425164.0
2011-01-20,3.47,,,2.7,17.99,90.1316,2.82,3.31,
2011-01-21,3.44,,,2.68,18.47,89.7204,2.81,3.28,
2011-01-24,3.43,,,2.67,17.65,89.5375,2.78,3.27,
2011-01-25,3.35,,,2.66,17.59,89.7279,2.73,3.19,
2011-01-26,3.45,,,2.68,16.64,89.5091,2.83,3.29,2443527.0
2011-01-27,3.42,,,2.67,16.15,89.5728,2.83,3.27,
2011-01-28,3.36,,,2.7,20.04,89.8189,2.82,3.21,
2011-01-31,3.42,,,2.68,19.53,89.694,2.84,3.27,
2011-02-01,3.48,,,2.66,17.63,89.1436,2.87,3.33,
2011-02-02,3.52,,,2.64,17.3,89.0737,2.85,3.36,2469419.0
2011-02-03,3.58,,,2.61,16.69,89.2522,2.87,3.44,
2011-02-04,3.68,,,2.57,15.93,89.391,2.91,3.53,
2011-02-07,3.68,,,2.53,16.28,89.3556,2.9,3.52,
2011-02-08,3.75,,,2.5,15.81,89.1241,2.89,3.6,
2011-02-09,3.65,,,2.53,15.87,89.4166,2.84,3.51,2500481.0
2011-02-10,3.7,,,2.55,16.09,89.6266,2.85,3.58,
2011-02-11,3.64,,,2.56,15.69,89.8784,2.79,3.52,
2011-02-14,3.62,,,2.53,15.95,89.8543,2.75,3.49,
2011-02-15,3.61,,,2.53,16.37,89.8871,2.77,3.48,
2011-02-16,3.62,,,2.53,16.72,89.7059,2.76,3.5,2508868.0
2011-02-17,3.58,,,2.56,16.59,89.4102,2.78,3.49,
2011-02-18,3.59,,,2.58,16.43,89.1974,2.81,3.49,
2011-02-21,,,,,,,,,
2011-02-22,3.46,,,2.62,20.8,89.4617,2.72,3.34,
2011-02-23,3.49,,,2.6,22.13,89.4186,2.75,3.37,2533221.0
2011-02-24,3.46,,,2.59,21.32,89.2346,2.73,3.33,
2011-02-25,3.42,,,2.6,19.22,89.1664,2.7,3.29,
2011-02-28,3.42,,,2.57,18.35,88.9391,2.73,3.27,
2011-03-01,3.41,,,2.59,21.01,88.831,2.75,3.27,
2011-03-02,3.46,,,2.6,20.7,88.7317,2.77,3.33,2545119.0
2011-03-03,3.58,,,2.55,18.6,88.637,2.79,3.45,
2011-03-04,3.49,,,2.6,19.06,88.4898,2.81,3.37,
2011-03-07,3.51,,,2.59,20.66,88.5207,2.81,3.4,
2011-03-08,3.56,,,2.59,19.82,88.6454,2.83,3.45,
2011-03-09,3.48,,,2.61,20.22,88.5328,2.78,3.38,2577076.0
2011-03-10,3.37,,,2.66,21.88,88.8698,2.72,3.29,
2011-03-11,3.4,,,2.63,20.08,88.691,2.76,3.32,
2011-03-14,3.36,,,2.65,21.13,88.5191,2.75,3.27,
2011-03-15,3.33,,,2.68,24.32,88.7845,2.7,3.23,
2011-03-16,3.22,,,2.71,29.4,88.9785,2.64,3.12,2583046.0
2011-03-17,3.25,,,2.72,26.37,88.6549,2.65,3.17,
2011-03-18,3.28,,,2.69,24.44,88.5221,2.67,3.21,
2011-03-21,3.34,,,2.64,20.61,88.2032,2.67,3.24,
2011-03-22,3.34,,,2.64,20.21,88.0665,2.66,3.24,
2011-03-23,3.36,,,2.63,19.17,88.3328,2.67,3.27,2601341.0
2011-03-24,3.42,,,2.59,18.0,88.0592,2.7,3.33,
2011-03-25,3.46,,0.31,2.58,17.91,88.1716,2.67,3.37,
2011-03-28,3.47,,,2.56,19.44,88.3058,2.66,3.36,
2011-03-29,3.5,,,2.59,18.16,88.3991,2.69,3.4,
2011-03-30,3.47,,0.77,2.59,17.71,88.2298,2.67,3.37,2622523.0
2011-03-31,3.47,,,2.58,17.74,88.0299,2.67,3.38,
2011-04-01,3.46,,,2.58,17.4,87.7993,2.66,3.39,
2011-04-04,3.45,,,2.58,17.5,87.8406,2.68,3.39,
2011-04-05,3.5,,,2.55,17.25,87.7483,2.66,3.43,
2011-04-06,3.56,,,2.55,16.9,87.4913,2.71,3.5,2648676.0
2011-04-07,3.58,,,2.57,17.11,87.532,2.77,3.54,
2011-04-08,3.59,,,2.56,17.87,87.1493,2.76,3.55,
2011-04-11,3.59,,,2.55,16.59,87.094,2.74,3.54,
2011-04-12,3.52,,,2.58,17.09,87.2943,2.75,3.47,
2011-04-13,3.49,,,2.58,16.92,87.2093,2.74,3.43,2665408.0
2011-04-14,3.51,,,2.55,16.27,87.0802,2.74,3.44,
2011-04-15,3.43,,,2.56,15.32,87.005,2.72,3.36,
2011-04-18,3.4,,,2.58,16.96,87.5081,2.71,3.33,
2011-04-19,3.39,,,2.56,15.83,87.0791,2.71,3.33,
2011-04-20,3.43,,,2.55,15.07,86.5642,2.74,3.37,2685782.0
2011-04-21,3.42,,,2.57,14.69,86.2256,2.74,3.36,
2011-04-22,,,,,,86.3742,,,
2011-04-25,3.39,,,2.58,15.77,86.4026,2.72,3.32,
2011-04-26,3.34,,,2.57,15.62,86.2576,2.69,3.27,
2011-04-27,3.39,,,2.57,15.35,86.2519,2.74,3.33,2690985.0
2011-04-28,3.34,,,2.59,14.62,85.8419,2.72,3.3,
2011-04-29,3.32,,,2.58,14.75,85.5999,2.71,3.28,
2011-05-02,3.31,,,2.57,15.99,85.5199,2.7,3.26,
2011-05-03,3.28,,,2.57,16.7,85.6352,2.67,3.25,
2011-05-04,3.25,,,2.56,17.08,85.8917,2.65,3.22,2718757.0
2011-05-05,3.18,,,2.59,18.2,86.508,2.6,3.16,
2011-05-06,3.19,,,2.6,18.4,86.4575,2.62,3.17,
2011-05-09,3.17,,,2.64,17.16,86.8346,2.6,3.14,
2011-05-10,3.23,,,2.61,15.91,86.6518,2.64,3.2,
2011-05-11,3.19,,,2.61,16.95,86.7195,2.63,3.16,2744498.0
2011-05-12,3.22,,,2.64,16.03,87.0767,2.65,3.2,
2011-05-13,3.18,,,2.64,17.07,87.4176,2.61,3.15,
2011-05-16,3.15,,,2.6,18.24,87.3311,2.61,3.11,
2011-05-17,3.12,,,2.59,17.55,87.6307,2.57,3.08,
2011-05-18,3.18,,,2.59,16.23,87.295,2.6,3.13,2758009.0
2011-05-19,3.17,,,2.61,15.52,87.2638,2.62,3.12,
2011-05-20,3.15,,,2.63,17.43,87.3044,2.6,3.1,
2011-05-23,3.13,,,2.62,18.27,87.8941,2.58,3.07,
2011-05-24,3.12,,,2.62,17.82,87.662,2.56,3.06,
2011-05-25,3.13,,,2.64,17.07,87.6136,2.59,3.07,2774996.0
2011-05-26,3.07,,,2.64,16.09,87.5588,2.59,3.02,
2011-05-27,3.07,,,2.65,15.98,86.9525,2.59,3.02,
2011-05-30,,,,,,,,,
2011-05-31,3.05,,,2.65,15.45,86.656,2.6,2.99,
2011-06-01,2.96,,,2.68,18.3,86.5964,2.52,2.91,2788723.0
2011-06-02,3.04,,,2.7,18.09,86.8435,2.59,3.0,
2011-06-03,2.99,,,2.73,17.95,86.4234,2.57,2.95,
2011-06-06,3.01,,,2.75,18.49,86.4669,2.58,2.96,
2011-06-07,3.01,,,2.75,18.07,86.3627,2.62,2.96,
2011-06-08,2.98,,,2.73,18.79,86.5714,2.59,2.94,2811206.0
2011-06-09,3.01,,0.28,2.73,17.77,86.5913,2.58,2.96,
2011-06-10,2.99,,,2.71,18.86,87.042,2.58,2.94,
2011-06-13,3.0,,,2.72,19.61,87.0579,2.6,2.95,
2011-06-14,3.11,,,2.71,18.26,86.6771,2.66,3.06,
2011-06-15,2.98,,0.749,2.74,21.32,87.3342,2.6,2.93,2827549.0
2011-06-16,2.93,,,2.75,22.73,87.6917,2.55,2.88,
2011-06-17,2.94,,,2.79,21.85,87.2179,2.56,2.9,
2011-06-20,2.97,,,2.76,19.99,87.1908,2.59,2.94,
2011-06-21,2.99,,,2.75,18.86,86.857,2.59,2.96,
2011-06-22,3.01,,,2.74,18.52,86.8067,2.62,2.99,2856403.0
2011-06-23,2.93,,,2.76,19.29,87.455,2.58,2.92,
2011-06-24,2.88,,,2.83,21.1,87.5014,2.53,2.86,
2011-06-27,2.95,,,2.87,20.56,87.5225,2.54,2.93,
2011-06-28,3.05,,,2.81,19.17,87.2178,2.57,3.02,
2011-06-29,3.14,,,2.75,17.27,86.8014,2.67,3.12,2865251.0
2011-06-30,3.18,,,2.72,16.52,86.4786,2.73,3.15,
2011-07-01,3.22,,,2.69,15.87,86.3613,2.72,3.2,
2011-07-04,,,,,,,,,
2011-07-05,3.16,,,2.74,16.06,86.4253,2.72,3.14,
2011-07-06,3.12,,,2.73,16.34,86.6825,2.69,3.11,2870103.0
2011-07-07,3.17,,,2.69,15.95,86.4825,2.68,3.14,
2011-07-08,3.03,,,2.73,15.95,86.615,2.63,3.0,
2011-07-11,2.94,,,2.76,18.39,87.1013,2.57,2.91,
2011-07-12,2.92,,,2.77,19.87,87.1701,2.55,2.89,
2011-07-13,2.92,,,2.76,19.91,86.5697,2.55,2.91,2878074.0
2011-07-14,2.98,,,2.76,20.8,86.5234,2.6,2.97,
2011-07-15,2.94,,,2.8,19.53,86.5169,2.57,2.92,
2011-07-18,2.94,,,2.84,20.95,86.9549,2.57,2.92,
2011-07-19,2.91,,,2.78,19.21,86.4386,2.52,2.88,
2011-07-20,2.96,,,2.8,19.09,86.2794,2.56,2.94,2871301.0
2011-07-21,3.03,,,2.77,17.56,85.8378,2.63,2.98,
2011-07-22,2.99,,,2.75,17.52,85.8623,2.59,2.94,
2011-07-25,3.03,,,2.77,19.35,85.8006,2.61,2.98,
2011-07-26,2.99,,,2.76,20.23,85.4692,2.58,2.92,
2011-07-27,3.01,,,2.73,22.98,85.7126,2.57,2.93,2863576.0
2011-07-28,2.98,,,2.73,23.74,85.8245,2.56,2.91,
2011-07-29,2.82,,,2.77,25.25,85.7282,2.46,2.72,
2011-08-01,2.77,,,2.77,23.66,86.0391,2.39,2.67,
2011-08-02,2.66,,,2.74,24.79,86.0533,2.33,2.6,
2011-08-03,2.64,,,2.72,23.38,86.0706,2.31,2.62,2867215.0
2011-08-04,2.47,,,2.77,31.66,86.9299,2.2,2.45,
2011-08-05,2.58,,,2.77,32.0,87.1084,2.3,2.57,
2011-08-08,2.4,,,2.88,48.0,87.1873,2.13,2.35,
2011-08-09,2.2,,,3.01,35.06,87.3919,2.01,2.17,
2011-08-10,2.17,,,3.03,42.99,87.3792,1.98,2.15,2872423.0
2011-08-11,2.34,,,3.15,39.0,87.3215,2.15,2.31,
2011-08-12,2.24,,,3.14,36.36,87.177,2.04,2.22,
2011-08-15,2.29,,,3.15,31.87,86.7515,2.1,2.27,
2011-08-16,2.23,,0.02,3.12,32.85,86.7115,2.03,2.2,
2011-08-17,2.17,,,3.11,31.58,86.5518,1.98,2.16,2857906.0
2011-08-18,2.08,,0.624,3.12,42.67,87.1271,1.88,2.07,
2011-08-19,2.07,,,3.12,43.05,86.8286,1.87,2.05,
2011-08-22,2.1,,,3.13,42.44,87.0753,1.88,2.09,
2011-08-23,2.15,,,3.19,36.27,86.9001,1.93,2.14,
2011-08-24,2.29,,,3.21,35.9,87.1316,2.06,2.27,2859433.0
2011-08-25,2.23,,,3.25,39.76,87.2306,2.01,2.22,
2011-08-26,2.19,,,3.25,35.59,87.0751,1.99,2.18,
2011-08-29,2.28,,,3.25,32.28,86.8433,2.08,2.26,
2011-08-30,2.19,,,3.22,32.89,87.001,1.99,2.18,
2011-08-31,2.23,,,3.25,31.62,86.7739,2.03,2.21,2853888.0
2011-09-01,2.15,,,3.23,31.82,86.8512,1.96,2.13,
2011-09-02,2.02,,,3.18,33.92,87.1797,1.82,2.0,
2011-09-05,,,,,,,,,
2011-09-06,1.98,,,3.21,37.0,88.1645,1.77,1.96,
2011-09-07,2.05,,,3.25,33.38,87.9699,1.84,2.03,2858660.0
2011-09-08,2.0,,,3.26,34.32,88.1162,1.81,1.98,
2011-09-09,1.93,,,3.28,38.52,88.9514,1.76,1.92,
2011-09-12,1.94,,,3.29,38.59,89.2192,1.73,1.93,
2011-09-13,2.0,,,3.32,36.91,89.2653,1.79,1.99,
2011-09-14,2.03,,,3.3,34.6,89.419,1.84,2.02,2863540.0
2011-09-15,2.09,,,3.31,31.97,89.0647,1.88,2.08,
2011-09-16,2.08,,,3.31,30.98,89.1108,1.9,2.07,
2011-09-19,1.97,,,3.31,32.73,89.9336,1.81,1.96,
2011-09-20,1.95,,,3.35,32.86,89.8777,1.77,1.94,
2011-09-21,1.88,,,3.26,37.32,90.3453,1.67,1.87,2857747.0
2011-09-22,1.72,,,3.32,41.35,92.075,1.52,1.72,
2011-09-23,1.84,,,3.31,41.25,91.6904,1.61,1.83,
2011-09-26,1.91,,,3.37,39.02,91.7724,1.66,1.89,
2011-09-27,2.0,,,3.39,37.71,90.8985,1.75,1.99,
2011-09-28,2.03,,,3.35,41.08,91.0227,1.76,2.01,2850921.0
2011-09-29,1.99,,,3.3,38.84,91.3033,1.72,1.97,
2011-09-30,1.92,,,3.3,42.96,91.9998,1.67,1.9,
2011-10-03,1.8,,,3.31,45.45,92.5128,1.56,1.78,
2011-10-04,1.81,,,3.33,40.82,92.9508,1.56,1.8,
2011-10-05,1.92,,,3.36,37.81,92.3008,1.67,1.92,2859701.0
2011-10-06,2.01,,,3.34,36.27,91.9661,1.72,2.0,
2011-10-07,2.1,,,3.32,36.2,91.2469,1.8,2.09,
2011-10-10,,,,,33.02,,,,
2011-10-11,2.18,,,3.32,32.86,90.9162,1.86,2.16,
2011-10-12,2.24,,,3.33,31.26,90.3378,1.95,2.22,2860822.0
2011-10-13,2.19,,,3.29,30.7,90.6603,1.9,2.17,
2011-10-14,2.26,,,3.26,28.24,90.2116,1.98,2.24,
2011-10-17,2.18,,,3.26,33.39,90.266,1.9,2.14,
2011-10-18,2.19,,,3.23,31.56,90.5907,1.91,2.15,
2011-10-19,2.18,,,3.21,34.44,90.3317,1.9,2.15,2852390.0
2011-10-20,2.2,,,3.2,34.78,91.1026,1.92,2.17,
2011-10-21,2.23,,,3.18,31.32,90.279,1.93,2.21,
2011-10-24,2.25,,,3.16,29.26,89.8558,1.95,2.23,
2011-10-25,2.14,,,3.14,32.22,89.9525,1.88,2.13,
2011-10-26,2.23,,,3.1,29.86,90.0836,1.95,2.21,2845685.0
2011-10-27,2.42,,,3.04,25.46,88.7882,2.11,2.4,
2011-10-28,2.34,,,2.99,24.53,88.6382,2.06,2.33,
2011-10-31,2.17,,,3.02,29.96,89.2053,1.92,2.16,
2011-11-01,2.01,,,3.03,34.77,90.7296,1.78,2.0,
2011-11-02,2.03,,,3.03,32.74,90.244,1.8,2.02,2822034.0
2011-11-03,2.09,,,3.04,30.5,90.2961,1.85,2.08,
2011-11-04,2.06,,,3.06,30.16,90.3154,1.84,2.05,
2011-11-07,2.04,,,3.02,29.85,90.3832,1.79,2.03,
2011-11-08,2.1,,,3.05,27.48,90.172,1.85,2.09,
2011-11-09,2.0,,,3.08,36.16,90.6991,1.76,1.99,2839786.0
2011-11-10,2.04,,,3.14,32.81,90.8588,1.8,2.03,
2011-11-11,,,,,30.04,,,,
2011-11-14,2.04,,,3.13,31.13,90.7215,1.8,2.03,
2011-11-15,2.06,,,3.14,31.22,91.1081,1.8,2.05,
2011-11-16,2.01,,,3.17,33.51,91.1237,1.75,2.0,2831576.0
2011-11-17,1.96,,,3.16,34.51,91.1822,1.69,1.94,
2011-11-18,2.01,,,3.14,32.0,91.3676,1.72,2.0,
2011-11-21,1.97,,,3.15,32.91,91.9978,1.7,1.95,
2011-11-22,1.94,,,3.17,31.97,92.0193,1.68,1.92,
2011-11-23,1.89,,,3.15,33.98,92.7463,1.63,1.87,2821980.0
2011-11-24,,,,,,,,,
2011-11-25,1.97,,,3.18,34.47,93.1455,1.69,1.95,
2011-11-28,1.97,,,3.19,32.13,92.4983,1.71,1.94,
2011-11-29,2.0,,,3.22,30.64,92.2163,1.73,1.98,
2011-11-30,2.08,,,3.24,27.8,91.4728,1.83,2.07,2814235.0
2011-12-01,2.11,,,3.3,27.41,91.227,1.84,2.1,
2011-12-02,2.05,,,3.24,27.52,91.3532,1.8,2.03,
2011-12-05,2.04,,,3.25,27.84,91.1087,1.77,2.03,
2011-12-06,2.08,,,3.26,28.13,91.2817,1.83,2.07,
2011-12-07,2.02,,,3.26,28.67,91.2331,1.78,2.0,2820691.0
2011-12-08,1.99,,,3.26,30.59,91.668,1.77,1.98,
2011-12-09,2.07,,,3.28,26.38,91.6122,1.85,2.06,
2011-12-12,2.03,,,3.27,25.67,92.3375,1.79,2.02,
2011-12-13,1.96,,,3.29,25.41,92.5456,1.72,1.95,
2011-12-14,1.92,,,3.24,26.04,93.2176,1.67,1.91,2902488.0
2011-12-15,1.92,,,3.27,25.11,92.8858,1.66,1.92,
2011-12-16,1.86,,,3.26,24.29,92.8252,1.62,1.86,
2011-12-19,1.82,,,3.26,24.92,92.8685,1.58,1.81,
2011-12-20,1.94,,,3.27,23.22,92.432,1.68,1.93,
2011-12-21,1.98,,,3.3,21.43,92.5262,1.7,1.97,2916085.0
2011-12-22,1.97,,,3.29,21.16,92.3883,1.69,1.96,
2011-12-23,2.03,,,3.32,20.73,92.3897,1.75,2.02,
2011-12-26,,,,,,,,,
2011-12-27,2.02,,,3.3,21.91,92.4137,1.72,2.0,
2011-12-28,1.93,,,3.25,23.52,92.8374,1.65,1.92,2926095.0
2011-12-29,1.91,,,3.28,22.65,92.7398,1.63,1.89,
2011-12-30,1.89,,,3.27,23.4,92.4262,1.64,1.87,
2012-01-02,,,,,,,,,
2012-01-03,1.97,,,3.29,22.97,91.7551,1.7,1.95,
2012-01-04,2.0,,,3.3,22.22,92.0345,1.75,1.98,2917689.0
2012-01-05,2.02,,,3.27,21.48,92.5773,1.75,2.0,
2012-01-06,1.98,,,3.27,20.63,92.7183,1.73,1.96,
2012-01-09,1.98,,,3.28,21.07,92.7418,1.72,1.97,
2012-01-10,2.0,,,3.25,20.69,92.2461,1.76,1.98,
2012-01-11,1.93,,,3.27,21.05,92.554,1.69,1.91,2899149.0
2012-01-12,1.94,,,3.27,20.47,92.2274,1.72,1.91,
2012-01-13,1.89,,,3.24,20.91,92.5385,1.65,1.86,
2012-01-16,,,,,,,,,
2012-01-17,1.87,,,3.24,22.2,92.0142,1.66,1.84,
2012-01-18,1.92,,,3.25,20.89,91.6943,1.68,1.89,2919423.0
2012-01-19,2.01,,,3.22,19.87,91.3316,1.75,1.96,
2012-01-20,2.05,,,3.24,18.28,91.3661,1.79,2.0,
2012-01-23,2.09,,,3.24,18.67,90.986,1.83,2.05,
2012-01-24,2.08,,,3.25,18.91,91.181,1.84,2.04,
2012-01-25,2.01,,,3.31,18.31,91.277,1.79,1.97,2919545.0
2012-01-26,1.96,,,3.28,18.57,90.3962,1.74,1.91,
2012-01-27,1.93,,,3.28,18.53,90.2559,1.71,1.87,
2012-01-30,1.87,,,3.25,19.4,90.4762,1.65,1.82,
2012-01-31,1.83,,,3.24,19.44,90.5538,1.61,1.77,
2012-02-01,1.87,,,3.25,18.55,90.0963,1.64,1.81,2924947.0
2012-02-02,1.86,,,3.25,17.98,89.8765,1.63,1.78,
2012-02-03,1.97,,,3.26,17.1,89.8491,1.74,1.89,
2012-02-06,1.93,,,3.22,17.76,89.7907,1.69,1.85,
2012-02-07,2.0,,,3.19,17.65,89.5968,1.75,1.92,
2012-02-08,2.01,,,3.17,18.16,89.6555,1.74,1.92,2928275.0
2012-02-09,2.04,,,3.18,18.63,89.6246,1.77,1.95,
2012-02-10,1.96,,,3.17,20.79,90.1024,1.69,1.87,
2012-02-13,1.99,,,3.19,19.04,89.8895,1.7,1.88,
2012-02-14,1.92,,,3.18,19.54,90.1919,1.63,1.8,
2012-02-15,1.93,,,3.19,21.14,90.1932,1.64,1.82,2937893.0
2012-02-16,1.99,,,3.17,19.22,90.3109,1.7,1.89,
2012-02-17,2.01,,,3.17,17.78,90.23,1.72,1.92,
2012-02-20,,,,,,,,,
2012-02-21,2.05,,,3.15,18.19,90.0117,1.74,1.97,
2012-02-22,2.01,,,3.15,18.19,90.2472,1.72,1.92,2932813.0
2012-02-23,1.99,,,3.14,16.8,90.1108,1.68,1.9,
2012-02-24,1.98,,,3.12,17.31,89.9104,1.67,1.88,
2012-02-27,1.92,,,3.12,18.19,89.9635,1.62,1.8,
2012-02-28,1.94,,,3.12,17.96,89.8103,1.64,1.84,
2012-02-29,1.98,,,3.1,18.43,89.7487,1.68,1.9,2925722.0
2012-03-01,2.03,,0.1,3.1,17.26,89.7817,1.73,1.95,
2012-03-02,1.99,,,3.09,17.29,90.135,1.71,1.92,
2012-03-05,2.0,,,3.11,18.05,90.2748,1.69,1.92,
2012-03-06,1.96,,,3.1,20.87,90.8237,1.66,1.88,
2012-03-07,1.98,,0.99,3.11,19.07,90.6837,1.68,1.9,2884747.0
2012-03-08,2.03,,,3.11,17.95,90.2598,1.71,1.95,
2012-03-09,2.04,,,3.11,17.11,90.4341,1.71,1.95,
2012-03-12,2.04,,,3.09,15.64,90.6643,1.71,1.95,
2012-03-13,2.14,,,3.08,14.8,90.5363,1.79,2.06,
2012-03-14,2.29,,,3.07,15.31,90.9325,1.89,2.2,2893560.0
2012-03-15,2.29,,,3.07,15.42,90.7866,1.92,2.21,
2012-03-16,2.31,,,3.04,14.47,90.5245,1.94,2.22,
2012-03-19,2.39,,,3.03,15.04,90.292,2.0,2.29,
2012-03-20,2.38,,,3.02,15.58,90.6065,1.97,2.28,
2012-03-21,2.31,,,3.0,15.13,90.6761,1.92,2.22,2892646.0
2012-03-22,2.29,,,3.01,15.57,90.8225,1.92,2.21,
2012-03-23,2.25,,,3.01,14.82,90.6156,1.88,2.17,
2012-03-26,2.26,,,3.01,14.26,90.3266,1.9,2.17,
2012-03-27,2.2,,,3.04,15.59,90.2796,1.87,2.11,
2012-03-28,2.21,,,3.03,15.47,90.603,1.87,2.12,2878137.0
2012-03-29,2.18,,,3.03,15.48,90.7285,1.85,2.11,
2012-03-30,2.23,,,3.07,15.5,90.4593,1.9,2.16,
2012-04-02,2.22,,,3.08,15.64,90.247,1.89,2.14,
2012-04-03,2.3,,,3.06,15.66,90.1921,1.94,2.22,
2012-04-04,2.25,,,3.08,16.44,90.8284,1.9,2.17,2865478.0
2012-04-05,2.19,,,3.09,16.7,90.8781,1.84,2.11,
2012-04-06,2.07,,,3.13,,90.9375,1.75,2.0,
2012-04-09,2.06,,,3.11,18.81,90.9624,1.74,1.97,
2012-04-10,2.01,,,3.14,20.39,91.2728,1.73,1.92,
2012-04-11,2.05,,,3.16,20.02,91.1768,1.75,1.96,2867200.0
2012-04-12,2.08,,,3.15,17.2,90.7694,1.79,1.99,
2012-04-13,2.02,,,3.15,19.55,91.0558,1.75,1.93,
2012-04-16,2.0,,,3.14,19.55,91.2355,1.73,1.92,
2012-04-17,2.03,,,3.14,18.46,90.7661,1.76,1.95,
2012-04-18,2.0,,,3.15,18.64,90.9326,1.73,1.93,2875470.0
2012-04-19,1.98,,,3.15,18.36,91.0833,1.71,1.91,
2012-04-20,1.99,,,3.17,17.44,90.8066,1.7,1.91,
2012-04-23,1.96,,,3.16,18.97,91.079,1.69,1.88,
2012-04-24,2.0,,,3.15,18.1,90.8153,1.73,1.91,
2012-04-25,2.01,,,3.17,16.82,90.756,1.75,1.92,2866561.0
2012-04-26,1.98,,,3.19,16.24,90.6428,1.72,1.89,
2012-04-27,1.96,,,3.19,16.32,90.3269,1.7,1.87,
2012-04-30,1.95,,,3.2,17.15,90.3634,1.68,1.85,
2012-05-01,1.98,,,3.22,16.6,90.3227,1.71,1.89,
2012-05-02,1.96,,,3.19,16.88,90.6144,1.69,1.88,2864280.0
2012-05-03,1.96,,,3.18,17.56,90.6839,1.68,1.87,
2012-05-04,1.91,,,3.19,19.16,91.0497,1.64,1.84,
2012-05-07,1.92,,,3.18,18.94,91.0747,1.65,1.82,
2012-05-08,1.88,,,3.19,19.05,91.4107,1.61,1.79,
2012-05-09,1.87,,,3.22,20.08,91.7632,1.6,1.78,2864150.0
2012-05-10,1.89,,,3.21,18.83,91.7077,1.62,1.79,
2012-05-11,1.84,,,3.22,19.89,91.7306,1.57,1.74,
2012-05-14,1.78,,,3.22,21.87,92.2491,1.49,1.68,
2012-05-15,1.76,,,3.24,21.97,92.5235,1.47,1.67,
2012-05-16,1.76,,,3.25,22.27,92.903,1.46,1.66,2850984.0
2012-05-17,1.7,,,3.23,24.49,92.9632,1.38,1.6,
2012-05-18,1.71,,,3.27,25.1,93.1395,1.39,1.63,
2012-05-21,1.75,,,3.25,22.01,93.0945,1.45,1.66,
2012-05-22,1.79,,,3.34,22.48,93.1113,1.49,1.7,
2012-05-23,1.73,,,3.33,22.33,93.8855,1.45,1.64,2859495.0
2012-05-24,1.77,,,3.36,21.54,93.8027,1.48,1.67,
2012-05-25,1.75,,,3.37,21.76,93.9488,1.45,1.66,
2012-05-28,,,,,,,,,
2012-05-29,1.74,,,3.38,21.03,93.875,1.44,1.65,
2012-05-30,1.63,,,3.4,24.14,94.302,1.36,1.56,2842654.0
2012-05-31,1.59,,,3.4,24.06,94.6856,1.32,1.52,
2012-06-01,1.47,,,3.41,26.66,94.6979,1.22,1.4,
2012-06-04,1.53,,,3.4,26.12,94.5184,1.28,1.45,
2012-06-05,1.57,,,3.4,24.68,94.6184,1.32,1.49,
2012-06-06,1.66,,,3.41,22.16,94.0362,1.4,1.57,2852018.0
2012-06-07,1.66,,,3.43,21.72,93.774,1.39,1.57,
2012-06-08,1.65,,,3.44,21.23,94.2024,1.37,1.56,
2012-06-11,1.6,,,3.46,23.56,94.0369,1.33,1.51,
2012-06-12,1.67,,,3.43,22.09,94.0693,1.37,1.57,
2012-06-13,1.61,,,3.43,24.27,93.8309,1.31,1.51,2869071.0
2012-06-14,1.64,,,3.4,21.68,93.8152,1.34,1.53,
2012-06-15,1.6,,,3.42,21.11,93.5203,1.31,1.51,
2012-06-18,1.59,,,3.42,18.32,93.6431,1.3,1.49,
2012-06-19,1.64,,,3.41,18.38,93.0524,1.34,1.55,
2012-06-20,1.65,,,3.38,17.24,93.1602,1.33,1.56,2870846.0
2012-06-21,1.63,,,3.35,20.08,93.6378,1.31,1.54,
2012-06-22,1.69,,,3.36,18.11,93.9205,1.38,1.6,
2012-06-25,1.63,,,3.36,20.38,94.1757,1.32,1.53,
2012-06-26,1.66,,,3.34,19.72,93.9859,1.35,1.56,
2012-06-27,1.65,,,3.35,19.45,93.8728,1.34,1.56,2863547.0
2012-06-28,1.6,,,3.37,19.71,94.0203,1.29,1.51,
2012-06-29,1.67,,,3.39,17.08,92.9096,1.34,1.58,
2012-07-02,1.61,,,3.4,16.8,92.951,1.31,1.51,
2012-07-03,1.65,,,3.41,16.66,92.6508,1.35,1.56,
2012-07-04,,,,,,,,,2865858.0
2012-07-05,1.62,,,3.43,17.5,93.2211,1.34,1.54,
2012-07-06,1.57,,,3.41,17.1,93.7087,1.3,1.49,
2012-07-09,1.53,,,3.41,17.98,93.6974,1.26,1.44,
2012-07-10,1.53,,,3.39,18.72,93.5552,1.26,1.44,
2012-07-11,1.54,,,3.36,17.95,93.5981,1.27,1.44,2866279.0
2012-07-12,1.5,,,3.37,18.33,93.9298,1.25,1.4,
2012-07-13,1.52,,,3.37,16.74,93.5515,1.27,1.42,
2012-07-16,1.5,,,3.35,17.11,93.3746,1.26,1.4,
2012-07-17,1.53,,,3.35,16.48,93.3479,1.28,1.43,
2012-07-18,1.52,,,3.33,16.16,93.0973,1.3,1.43,2855807.0
2012-07-19,1.54,,,3.34,15.45,93.0438,1.32,1.45,
2012-07-20,1.49,,,3.31,16.27,93.3653,1.27,1.4,
2012-07-23,1.47,,,3.31,18.62,93.9297,1.25,1.37,
2012-07-24,1.44,,,3.29,20.47,94.2635,1.22,1.34,
2012-07-25,1.43,,,3.3,19.34,94.0564,1.21,1.33,2846757.0
2012-07-26,1.45,,,3.3,17.53,93.3595,1.22,1.34,
2012-07-27,1.58,,,3.29,16.7,92.9333,1.33,1.47,
2012-07-30,1.53,,,3.26,18.03,93.0524,1.3,1.42,
2012-07-31,1.51,,,3.27,18.93,92.8422,1.28,1.4,
2012-08-01,1.56,,,3.26,18.96,92.8905,1.32,1.46,2851118.0
2012-08-02,1.51,,,3.24,17.57,93.4269,1.27,1.42,
2012-08-03,1.6,,,3.26,15.64,92.6048,1.36,1.51,
2012-08-06,1.59,,,3.24,15.95,92.4339,1.35,1.49,
2012-08-07,1.66,,,3.24,15.99,92.5128,1.39,1.55,
2012-08-08,1.68,,,3.23,15.32,92.5407,1.39,1.57,2856181.0
2012-08-09,1.69,,,3.23,15.28,92.6057,1.4,1.58,
2012-08-10,1.65,,,3.23,14.74,92.5129,1.38,1.55,
2012-08-13,1.65,,,3.24,13.7,92.5955,1.38,1.54,
2012-08-14,1.73,,,3.25,14.85,92.6152,1.46,1.62,
2012-08-15,1.8,,,3.27,14.63,92.6838,1.53,1.71,2833317.0
2012-08-16,1.83,,,3.26,14.29,92.5737,1.54,1.74,
2012-08-17,1.81,,,3.25,13.45,92.711,1.52,1.72,
2012-08-20,1.82,,,3.23,14.02,92.6263,1.53,1.71,
2012-08-21,1.8,,,3.23,15.02,92.3053,1.49,1.69,
2012-08-22,1.71,,,3.22,15.11,92.4362,1.45,1.6,2825661.0
2012-08-23,1.68,,,3.2,15.96,92.1057,1.42,1.57,
2012-08-24,1.68,,,3.21,15.18,92.2785,1.4,1.58,
2012-08-27,1.65,,,3.19,16.35,92.3135,1.37,1.54,
2012-08-28,1.64,,,3.19,16.49,92.2033,1.37,1.54,
2012-08-29,1.66,,,3.19,17.06,92.3823,1.39,1.54,2812806.0
2012-08-30,1.63,,,3.2,17.83,92.6239,1.36,1.53,
2012-08-31,1.57,,,3.21,17.47,92.1677,1.35,1.48,
2012-09-03,,,,,,,,,
2012-09-04,1.59,,,3.18,17.98,92.1582,1.36,1.49,
2012-09-05,1.6,,,3.18,17.74,92.1262,1.35,1.49,2822169.0
2012-09-06,1.68,,,3.19,15.6,91.8973,1.41,1.57,
2012-09-07,1.67,,0.06,3.2,14.38,91.3469,1.42,1.56,
2012-09-10,1.68,,,3.2,16.28,91.3102,1.43,1.58,
2012-09-11,1.7,,,3.18,16.41,91.0575,1.45,1.6,
2012-09-12,1.77,,,3.18,15.8,91.0477,1.52,1.67,2823448.0
2012-09-13,1.75,,,3.21,14.05,90.9632,1.51,1.65,
2012-09-14,1.88,,,3.15,14.51,90.1436,1.61,1.77,
2012-09-17,1.85,,,3.12,14.59,90.2837,1.6,1.74,
2012-09-18,1.82,,,3.09,14.18,90.5029,1.57,1.72,
2012-09-19,1.79,,,3.07,13.88,90.4646,1.52,1.68,2821574.0
2012-09-20,1.8,,,3.04,14.07,90.7631,1.53,1.69,
2012-09-21,1.77,,,3.06,13.98,90.5342,1.5,1.66,
2012-09-24,1.74,,,3.02,14.15,90.8263,1.47,1.63,
2012-09-25,1.7,,,3.03,15.43,90.6074,1.43,1.59,
2012-09-26,1.64,,,3.03,16.81,91.0028,1.38,1.53,2804457.0
2012-09-27,1.66,,,3.05,14.84,90.7538,1.41,1.57,
2012-09-28,1.65,,,3.07,15.73,90.8342,1.42,1.55,
2012-10-01,1.64,,,3.06,16.32,90.7011,1.39,1.55,
2012-10-02,1.64,,,3.04,15.71,90.644,1.41,1.55,
2012-10-03,1.64,,,3.03,15.43,90.8726,1.41,1.55,2808512.0
2012-10-04,1.7,,,2.99,14.55,90.4932,1.47,1.6,
2012-10-05,1.75,,,2.98,14.33,90.2851,1.48,1.64,
2012-10-08,,,,,15.11,,,,
2012-10-09,1.74,,,2.93,16.37,90.8703,1.49,1.64,
2012-10-10,1.72,,,2.9,16.29,90.883,1.45,1.62,2811623.0
2012-10-11,1.7,,,2.87,15.59,90.7437,1.42,1.6,
2012-10-12,1.69,,,2.85,16.14,90.6833,1.42,1.58,
2012-10-15,1.7,,,2.83,15.27,90.6409,1.43,1.59,
2012-10-16,1.75,,,2.8,15.22,90.5583,1.48,1.66,
2012-10-17,1.83,,,2.77,15.07,90.2309,1.53,1.72,2846920.0
2012-10-18,1.86,,,2.72,15.03,90.3804,1.57,1.76,
2012-10-19,1.79,,,2.71,17.06,90.8107,1.49,1.69,
2012-10-22,1.83,,,2.68,16.62,90.7911,1.51,1.73,
2012-10-23,1.79,,,2.73,18.83,91.0945,1.5,1.68,
2012-10-24,1.8,,,2.74,18.33,91.1275,1.51,1.69,2840964.0
2012-10-25,1.86,,,2.73,18.12,91.02,1.55,1.75,
2012-10-26,1.78,,,2.76,17.81,91.1411,1.48,1.66,
2012-10-29,1.74,,,2.75,,,1.44,1.6,
2012-10-30,,,,,,,,,
2012-10-31,1.72,,,2.73,18.6,91.1609,1.42,1.61,2823137.0
2012-11-01,1.75,,,2.75,16.69,91.1217,1.45,1.66,
2012-11-02,1.75,,,2.77,17.59,91.281,1.47,1.66,
2012-11-05,1.72,,,2.74,18.42,91.4778,1.44,1.61,
2012-11-06,1.78,,,2.74,17.58,91.2908,1.48,1.68,
2012-11-07,1.68,,,2.78,19.08,91.4514,1.41,1.58,2830791.0
2012-11-08,1.62,,,2.8,18.49,91.5375,1.35,1.52,
2012-11-09,1.61,,,2.82,18.61,91.6871,1.34,1.52,
2012-11-12,,,,,16.68,,,,
2012-11-13,1.59,,,2.85,16.65,91.7356,1.32,1.48,
2012-11-14,1.59,,,2.87,17.92,91.7942,1.34,1.49,2877244.0
2012-11-15,1.58,,,2.9,17.99,91.8837,1.34,1.5,
2012-11-16,1.58,,,2.9,16.41,92.0095,1.34,1.52,
2012-11-19,1.61,,,2.91,15.24,91.5653,1.36,1.52,
2012-11-20,1.66,,,2.9,15.08,91.556,1.39,1.58,
2012-11-21,1.69,,,2.89,15.31,91.6645,1.42,1.59,2871161.0
2012-11-22,,,,,,,,,
2012-11-23,1.7,,,2.89,15.14,91.2616,1.41,1.6,
2012-11-26,1.66,,,2.9,15.5,91.2789,1.39,1.56,
2012-11-27,1.64,,,2.91,15.92,91.2608,1.37,1.54,
2012-11-28,1.63,,,2.91,15.51,91.33,1.36,1.53,2851362.0
2012-11-29,1.62,,,2.95,15.06,91.2104,1.37,1.53,
2012-11-30,1.62,,1.18,2.95,15.87,91.1038,1.37,1.54,
2012-12-03,1.63,,,2.95,16.64,91.0084,1.38,1.53,
2012-12-04,1.62,,,2.94,17.12,90.9748,1.37,1.52,
2012-12-05,1.6,,,2.97,16.46,90.9423,1.35,1.5,2859807.0
2012-12-06,1.59,,,2.96,16.58,91.0629,1.34,1.49,
2012-12-07,1.64,,,2.96,15.9,91.0437,1.39,1.55,
2012-12-10,1.63,,,2.95,16.05,90.9631,1.39,1.54,
2012-12-11,1.66,,,2.95,15.57,90.8403,1.42,1.58,
2012-12-12,1.72,,,2.94,15.95,90.7708,1.47,1.65,2917260.0
2012-12-13,1.74,,,2.92,16.56,90.776,1.47,1.68,
2012-12-14,1.72,,,2.9,17.0,90.7156,1.48,1.68,
2012-12-17,1.78,,,2.9,16.34,90.6193,1.53,1.73,
2012-12-18,1.84,,,2.92,15.57,90.5161,1.56,1.78,
2012-12-19,1.82,,,2.89,17.36,90.4896,1.54,1.77,2920231.0
2012-12-20,1.81,,,2.89,17.67,90.6002,1.53,1.75,
2012-12-21,1.77,,,2.86,17.84,90.9597,1.51,1.71,
2012-12-24,1.79,,,2.86,17.84,91.0354,1.53,1.73,
2012-12-25,,,,,,,,,
2012-12-26,1.77,,,2.87,19.48,91.0606,1.51,1.68,2907300.0
2012-12-27,1.74,,,2.84,19.47,91.1037,1.48,1.66,
2012-12-28,1.73,,,2.85,22.72,91.0419,1.46,1.72,
2012-12-31,1.78,,,2.85,18.02,91.0834,1.53,1.73,
2013-01-01,,,,,,,,,
2013-01-02,1.86,,,2.85,14.68,90.6941,1.59,1.78,2917189.0
2013-01-03,1.92,,,2.84,14.56,90.8097,1.65,1.84,
2013-01-04,1.93,,,2.81,13.83,91.1025,1.66,1.86,
2013-01-07,1.92,,,2.8,13.79,90.9852,1.65,1.85,
2013-01-08,1.89,,,2.81,13.62,91.057,1.64,1.82,
2013-01-09,1.88,,,2.81,13.81,91.0088,1.64,1.82,2928728.0
2013-01-10,1.91,,,2.8,13.49,90.6425,1.65,1.85,
2013-01-11,1.89,,,2.8,13.36,90.5352,1.63,1.82,
2013-01-14,1.89,,,2.8,13.52,90.4935,1.63,1.81,
2013-01-15,1.86,,,2.81,13.55,90.5191,1.6,1.77,
2013-01-16,1.84,,,2.84,13.42,90.596,1.58,1.76,2963812.0
2013-01-17,1.89,,,2.84,13.57,90.5401,1.61,1.82,
2013-01-18,1.87,,,2.82,12.46,90.8697,1.61,1.79,
2013-01-21,,,,,,,,,
2013-01-22,1.86,,,2.82,12.43,90.7892,1.6,1.78,
2013-01-23,1.86,,,2.83,12.46,90.8376,1.6,1.78,3011697.0
2013-01-24,1.88,,,2.82,12.69,90.9112,1.65,1.8,
2013-01-25,1.98,,,2.82,12.89,91.0868,1.7,1.9,
2013-01-28,2.0,,,2.82,13.57,91.2354,1.71,1.93,
2013-01-29,2.03,,,2.81,13.31,90.9406,1.73,1.96,
2013-01-30,2.03,,,2.84,14.32,90.8836,1.76,1.96,3008704.0
2013-01-31,2.02,,,2.82,14.28,90.798,1.75,1.95,
2013-02-01,2.04,,,2.84,12.9,90.6923,1.77,1.98,
2013-02-04,2.0,,,2.85,14.67,90.9774,1.75,1.93,
2013-02-05,2.04,,,2.85,13.72,90.881,1.77,1.97,
2013-02-06,2.0,,,2.86,13.41,91.0176,1.73,1.93,3014975.0
2013-02-07,1.99,,,2.85,13.5,91.2912,1.74,1.92,
2013-02-08,1.99,,,2.86,13.02,91.3056,1.74,1.92,
2013-02-11,1.99,,,2.84,12.94,91.4451,1.72,1.9,
2013-02-12,2.02,,,2.85,12.64,91.2779,1.73,1.93,
2013-02-13,2.05,,,2.84,12.98,91.2709,1.76,1.95,3074225.0
2013-02-14,2.0,,,2.85,12.66,91.366,1.73,1.89,
2013-02-15,2.01,,,2.85,12.46,91.4551,1.72,1.91,
2013-02-18,,,,,,,,,
2013-02-19,2.03,,,2.86,12.31,91.5073,1.74,1.91,
2013-02-20,2.02,,,2.87,14.68,91.6689,1.75,1.9,3095150.0
2013-02-21,1.99,,,2.87,15.22,92.0394,1.73,1.86,
2013-02-22,1.97,,,2.87,14.17,92.1197,1.7,1.84,
2013-02-25,1.88,,,2.89,18.99,92.1975,1.63,1.76,
2013-02-26,1.88,,,2.9,16.87,92.4247,1.63,1.74,
2013-02-27,1.91,,,2.9,14.73,92.234,1.64,1.8,3090600.0
2013-02-28,1.89,,,2.89,15.51,92.295,1.64,1.78,
2013-03-01,1.86,,,2.9,15.36,92.6177,1.61,1.75,
2013-03-04,1.88,,,2.9,14.01,92.6316,1.64,1.77,
2013-03-05,1.9,,,2.9,13.48,92.4965,1.65,1.82,
2013-03-06,1.95,,,2.89,13.53,,1.7,1.85,3108805.0
2013-03-07,2.0,,,2.89,13.06,92.5462,1.75,1.9,
2013-03-08,2.06,,,2.88,12.59,92.6252,1.79,1.96,
2013-03-11,2.07,,,2.87,11.56,92.5351,1.8,1.97,
2013-03-12,2.03,,,2.87,12.27,92.3853,1.76,1.93,
2013-03-13,2.04,,,2.85,11.83,92.4709,1.77,1.95,3165396.0
2013-03-14,2.04,,,2.88,11.3,92.4695,1.77,1.94,
2013-03-15,2.01,,,2.89,11.3,92.128,1.76,1.92,
2013-03-18,1.96,,,2.91,13.36,92.3377,1.7,1.89,
2013-03-19,1.92,,,2.9,14.39,92.526,1.68,1.85,
2013-03-20,1.96,,,2.9,12.67,92.4141,1.7,1.89,3206888.0
2013-03-21,1.95,,,2.9,13.99,92.3322,1.68,1.88,
2013-03-22,1.93,,,2.9,13.57,92.2051,1.67,1.86,
2013-03-25,1.93,,,2.91,13.74,92.3081,1.69,1.85,
2013-03-26,1.92,,,2.91,12.77,92.232,1.67,1.85,
2013-03-27,1.87,,,2.93,13.15,92.446,1.62,1.78,3202256.0
2013-03-28,1.87,,,2.96,12.7,92.2544,1.62,1.8,
2013-03-29,,,,,,92.302,,,
2013-04-01,1.86,,,2.91,13.58,92.1687,1.63,1.78,
2013-04-02,1.88,,,2.91,12.78,92.1432,1.63,1.81,
2013-04-03,1.83,,0.12,2.91,14.21,92.104,1.59,1.77,3215432.0
2013-04-04,1.78,,,2.88,13.89,92.3896,1.56,1.71,
2013-04-05,1.72,,1.19,2.82,13.92,92.1043,1.48,1.65,
2013-04-08,1.76,,,2.82,13.19,92.2317,1.52,1.69,
2013-04-09,1.78,,,2.82,12.84,91.9669,1.54,1.72,
2013-04-10,1.84,,,2.83,12.36,91.9598,1.6,1.77,3227762.0
2013-04-11,1.82,,,2.84,12.24,91.6972,1.58,1.75,
2013-04-12,1.75,,,2.82,12.06,91.7967,1.53,1.69,
2013-04-15,1.72,,,2.82,17.27,91.9457,1.5,1.66,
2013-04-16,1.75,,,2.81,13.96,91.8451,1.51,1.69,
2013-04-17,1.73,,,2.81,16.51,92.1372,1.49,1.67,3295109.0
2013-04-18,1.72,,,2.8,17.56,92.176,1.48,1.67,
2013-04-19,1.73,,,2.81,14.97,92.2166,1.49,1.68,
2013-04-22,1.72,,,2.82,14.39,92.3591,1.48,1.67,
2013-04-23,1.74,,,2.8,13.48,92.3836,1.51,1.69,
2013-04-24,1.73,,,2.8,13.61,92.4581,1.5,1.67,3318649.0
2013-04-25,1.74,,,2.81,13.62,92.0394,1.51,1.69,
2013-04-26,1.7,,,2.81,13.61,91.9012,1.48,1.65,
2013-04-29,1.7,,,2.82,13.71,91.6539,1.5,1.65,
2013-04-30,1.7,,,2.83,13.52,91.3741,1.48,1.65,
2013-05-01,1.66,,,2.82,14.49,91.4331,1.46,1.6,3317194.0
2013-05-02,1.66,,,2.81,13.59,91.6174,1.46,1.61,
2013-05-03,1.78,,,2.82,12.85,91.5087,1.56,1.73,
2013-05-06,1.8,,,2.83,12.66,91.6387,1.58,1.76,
2013-05-07,1.82,,,2.82,12.83,91.5201,1.6,1.78,
2013-05-08,1.81,,,2.8,12.66,91.1848,1.59,1.77,3324615.0
2013-05-09,1.81,,,2.82,13.13,91.3036,1.59,1.77,
2013-05-10,1.9,,,2.82,12.59,92.2527,1.64,1.86,
2013-05-13,1.92,,,2.81,12.55,92.2711,1.68,1.87,
2013-05-14,1.96,,,2.81,12.77,92.3697,1.7,1.91,
2013-05-15,1.94,,,2.82,12.81,92.7691,1.68,1.9,3354269.0
2013-05-16,1.87,,,2.81,13.07,92.6602,1.64,1.84,
2013-05-17,1.95,,,2.81,12.45,93.1617,1.69,1.91,
2013-05-20,1.97,,,2.8,13.02,93.0359,1.71,1.92,
2013-05-21,1.94,,,2.81,13.37,92.9662,1.68,1.9,
2013-05-22,2.03,,,2.78,13.82,93.3104,1.77,1.99,3398713.0
2013-05-23,2.02,,,2.77,14.07,93.2113,1.76,1.97,
2013-05-24,2.01,,,2.75,13.99,93.2768,1.75,1.97,
2013-05-27,,,,,,,,,
2013-05-28,2.15,,,2.73,14.48,93.5853,1.86,2.1,
2013-05-29,2.13,,,2.75,14.83,93.531,1.83,2.08,3385128.0
2013-05-30,2.13,,,2.77,14.53,93.4219,1.82,2.09,
2013-05-31,2.16,,,2.79,16.3,93.6076,1.86,2.12,
2013-06-03,2.13,,,2.82,16.28,93.163,1.83,2.08,
2013-06-04,2.14,,,2.86,16.27,93.3067,1.82,2.1,
2013-06-05,2.1,,,2.89,17.5,93.275,1.8,2.05,3400183.0
2013-06-06,2.08,,,2.88,16.63,92.809,1.78,2.03,
2013-06-07,2.17,,,2.89,15.14,92.6056,1.85,2.13,
2013-06-10,2.22,,,2.89,15.44,92.973,1.9,2.17,
2013-06-11,2.2,,,2.91,17.07,92.7996,1.86,2.15,
2013-06-12,2.25,,,2.91,18.59,92.4775,1.91,2.2,3410842.0
2013-06-13,2.19,,,2.92,16.41,92.3449,1.87,2.14,
2013-06-14,2.14,,,2.93,17.15,92.1886,1.85,2.09,
2013-06-17,2.19,,,2.93,16.8,92.3332,1.92,2.14,
2013-06-18,2.2,,,2.92,16.61,92.5432,1.93,2.15,
2013-06-19,2.33,,,2.87,16.64,92.4755,2.02,2.28,3470530.0
2013-06-20,2.41,,,2.93,20.49,94.125,2.08,2.36,
2013-06-21,2.52,,,2.87,18.9,94.4243,2.14,2.47,
2013-06-24,2.57,,,2.86,20.11,94.5714,2.15,2.51,
2013-06-25,2.6,,,2.88,18.47,94.3285,2.17,2.54,
2013-06-26,2.55,,,2.89,17.21,94.3807,2.16,2.49,3478672.0
2013-06-27,2.49,,,2.92,16.86,94.2429,2.13,2.43,
2013-06-28,2.52,,,2.83,16.86,94.3047,2.16,2.48,
2013-07-01,2.5,,,2.83,16.37,94.0998,2.16,2.46,
2013-07-02,2.48,,,2.81,16.44,94.4051,2.14,2.45,
2013-07-03,2.52,,,2.8,16.2,94.4767,2.16,2.47,3492742.0
2013-07-04,,,,,,,,,
2013-07-05,2.73,,,2.77,14.89,95.0639,2.33,2.69,
2013-07-08,2.65,,,2.79,14.78,94.9954,2.28,2.6,
2013-07-09,2.65,,,2.78,14.35,94.9467,2.28,2.61,
2013-07-10,2.7,,,2.75,14.21,94.7595,2.32,2.66,3504095.0
2013-07-11,2.6,,,2.77,14.01,93.949,2.26,2.56,
2013-07-12,2.61,,,2.77,13.84,94.0029,2.24,2.57,
2013-07-15,2.57,,,2.76,13.79,93.9729,2.23,2.53,
2013-07-16,2.55,,,2.74,14.42,93.5232,2.21,2.52,
2013-07-17,2.52,,,2.74,13.78,93.5498,2.2,2.49,3537861.0
2013-07-18,2.56,,,2.75,13.77,93.681,2.24,2.53,
2013-07-19,2.5,,,2.74,12.54,93.4759,2.18,2.47,
2013-07-22,2.5,,,2.71,12.29,93.2253,2.18,2.46,
2013-07-23,2.53,,,2.7,12.66,93.1631,2.2,2.51,
2013-07-24,2.61,,,2.67,13.18,93.3124,2.27,2.58,3574574.0
2013-07-25,2.61,,,2.69,12.97,93.2862,2.29,2.59,
2013-07-26,2.58,,,2.67,12.72,93.1695,2.27,2.55,
2013-07-29,2.61,,,2.69,13.39,93.1663,2.28,2.58,
2013-07-30,2.63,,,2.68,13.39,93.3976,2.3,2.59,
2013-07-31,2.6,,,2.68,13.45,93.5703,2.29,2.56,3571797.0
2013-08-01,2.74,,,2.66,12.94,93.7972,2.39,2.7,
2013-08-02,2.63,,,2.68,11.98,93.5789,2.33,2.59,
2013-08-05,2.67,,,2.7,11.84,93.507,2.35,2.62,
2013-08-06,2.67,,,2.69,12.72,93.3199,2.35,2.63,
2013-08-07,2.61,,2.26,2.72,12.98,93.2652,2.29,2.56,3585359.0
2013-08-08,2.58,,,2.73,12.73,92.8483,2.28,2.53,
2013-08-09,2.57,,,2.74,13.41,92.8394,2.25,2.52,
2013-08-12,2.61,,,2.72,12.81,92.9178,2.29,2.55,
2013-08-13,2.71,,2.32,2.72,12.31,93.476,2.37,2.65,
2013-08-14,2.71,,1.21,2.72,13.04,93.382,2.37,2.66,3646323.0
2013-08-15,2.77,,,2.7,14.73,93.5059,2.41,2.72,
2013-08-16,2.84,,,2.7,14.37,93.4255,2.48,2.79,
2013-08-19,2.88,,5.0,2.7,15.1,93.6623,2.52,2.82,
2013-08-20,2.82,,5.0,2.72,14.91,93.5536,2.46,2.78,
2013-08-21,2.87,,,2.71,15.94,94.0362,2.49,2.83,3645668.0
2013-08-22,2.9,,,2.68,14.76,94.2804,2.48,2.87,
2013-08-23,2.82,,,2.67,13.98,93.9466,2.42,2.79,
2013-08-26,2.79,,,2.67,14.99,94.1853,2.38,2.75,
2013-08-27,2.72,,,2.66,16.77,94.3934,2.34,2.67,
2013-08-28,2.78,,,2.65,16.49,94.4127,2.38,2.75,3644456.0
2013-08-29,2.75,,,2.62,16.81,94.6398,2.36,2.73,
2013-08-30,2.78,,,2.56,17.01,94.7541,2.39,2.75,
2013-09-02,,,,,,,,,
2013-09-03,2.86,,,2.58,16.61,94.9574,2.43,2.84,
2013-09-04,2.9,,,2.55,15.88,94.5739,2.44,2.88,3654182.0
2013-09-05,2.98,,,2.55,15.77,94.8891,2.46,2.96,
2013-09-06,2.94,,,2.59,15.85,94.2487,2.48,2.92,
2013-09-09,2.9,,,2.6,15.63,94.0009,2.45,2.88,
2013-09-10,2.96,,,2.61,14.53,93.938,2.46,2.94,
2013-09-11,2.93,,,2.61,13.82,93.7112,2.46,2.91,3662035.0
2013-09-12,2.92,,,2.61,14.29,93.5903,2.47,2.91,
2013-09-13,2.9,,,2.64,14.16,93.6666,2.45,2.89,
2013-09-16,2.88,,,2.68,14.38,93.2875,2.47,2.86,
2013-09-17,2.86,,,2.67,14.53,93.2231,2.47,2.85,
2013-09-18,2.69,,,2.75,13.59,93.2569,2.35,2.68,3722192.0
2013-09-19,2.76,,,2.72,13.16,92.4082,2.42,2.75,
2013-09-20,2.75,,,2.68,13.12,92.6049,2.41,2.74,
2013-09-23,2.72,,11.809,2.7,14.31,92.613,2.37,2.7,
2013-09-24,2.67,,12.711,2.68,14.08,92.7691,2.32,2.65,
2013-09-25,2.63,,6.244,2.7,14.01,92.7675,2.27,2.61,3734018.0
2013-09-26,2.66,,9.403,2.72,14.06,93.0096,2.32,2.66,
2013-09-27,2.64,,16.622,2.73,15.46,92.9747,2.3,2.62,
2013-09-30,2.64,,58.157,2.75,16.6,92.9207,2.31,2.62,
2013-10-01,2.66,,4.507,2.76,15.54,92.9515,2.33,2.64,
2013-10-02,2.63,,2.702,2.77,16.6,92.772,2.32,2.61,3747387.0
2013-10-03,2.62,,2.256,2.78,17.67,92.7461,2.29,2.59,
2013-10-04,2.66,,1.381,2.76,16.74,92.6469,2.33,2.63,
2013-10-07,2.65,,0.755,2.74,19.41,92.6725,2.28,2.62,
2013-10-08,2.66,,0.725,2.71,20.34,92.7558,2.26,2.61,
2013-10-09,2.68,,0.425,2.71,19.6,93.0829,2.31,2.63,3758663.0
2013-10-10,2.71,,1.997,2.68,16.48,92.8579,2.36,2.66,
2013-10-11,2.7,,1.421,2.68,15.72,92.854,2.35,2.62,
2013-10-14,,,,,16.07,,,,
2013-10-15,2.75,,2.096,2.66,18.66,92.7642,2.38,2.61,
2013-10-16,2.69,,2.97,2.66,14.71,92.6819,2.35,2.59,3813599.0
2013-10-17,2.61,,3.122,2.66,13.48,92.0246,2.28,2.56,
2013-10-18,2.6,,4.221,2.66,13.04,91.9989,2.27,2.56,
2013-10-21,2.63,,4.876,2.65,13.16,92.2498,2.3,2.59,
2013-10-22,2.54,,8.37,2.66,13.33,91.9563,2.23,2.5,
2013-10-23,2.51,,15.74,2.67,13.42,92.0947,2.2,2.47,3839033.0
2013-10-24,2.53,,4.949,2.68,13.2,92.1867,2.2,2.5,
2013-10-25,2.53,,3.283,2.66,13.09,92.1623,2.21,2.49,
2013-10-28,2.54,,2.148,2.66,13.31,92.1872,2.22,2.5,
2013-10-29,2.53,,1.872,2.69,13.41,92.301,2.22,2.49,
2013-10-30,2.55,,5.456,2.68,13.65,92.3057,2.22,2.51,3843396.0
2013-10-31,2.57,,13.89,2.65,13.75,92.731,2.26,2.53,
2013-11-01,2.65,,4.65,2.64,13.28,93.155,2.32,2.61,
2013-11-04,2.63,,4.088,2.66,12.93,92.9359,2.31,2.58,
2013-11-05,2.69,,2.425,2.66,13.27,93.2112,2.37,2.64,
2013-11-06,2.67,,6.715,2.7,12.67,93.0943,2.37,2.62,3851623.0
2013-11-07,2.63,,1.075,2.7,13.91,93.4003,2.34,2.58,
2013-11-08,2.77,,1.48,2.69,12.9,93.6619,2.45,2.71,
2013-11-11,,,,,12.53,,,,
2013-11-12,2.8,,4.4,2.67,12.82,93.7651,2.46,2.72,
2013-11-13,2.75,,3.97,2.69,12.52,93.4848,2.43,2.67,3907424.0
2013-11-14,2.69,,1.341,2.72,12.37,93.4328,2.4,2.61,
2013-11-15,2.71,,0.345,2.7,12.19,93.2854,2.4,2.63,
2013-11-18,2.67,,2.32,2.66,13.1,92.9824,2.36,2.58,
2013-11-19,2.71,,5.07,2.66,13.39,93.0649,2.42,2.63,
2013-11-20,2.8,,6.121,2.67,13.4,93.2501,2.52,2.72,3906620.0
2013-11-21,2.79,,5.571,2.65,12.66,93.5638,2.5,2.72,
2013-11-22,2.75,,3.345,2.65,12.26,93.4198,2.44,2.68,
2013-11-25,2.74,,3.37,2.65,12.79,93.5539,2.44,2.66,
2013-11-26,2.71,,3.95,2.63,12.81,93.5226,2.42,2.64,
2013-11-27,2.74,,5.721,2.63,12.98,93.6864,2.46,2.67,3925876.0
2013-11-28,,,,,,,,,
2013-11-29,2.75,,22.018,2.61,13.7,93.6291,2.47,2.69,
2013-12-02,2.81,,8.02,2.6,14.23,93.8856,2.51,2.76,
2013-12-03,2.79,,7.12,2.6,14.55,93.8251,2.51,2.73,
2013-12-04,2.84,,11.095,2.62,14.7,93.8997,2.54,2.78,3932626.0
2013-12-05,2.88,,5.696,2.59,15.08,93.4954,2.58,2.82,
2013-12-06,2.88,,7.42,2.58,13.79,93.4045,2.58,2.82,
2013-12-09,2.86,,10.845,2.57,13.49,93.1444,2.56,2.79,
2013-12-10,2.81,,14.22,2.56,13.91,,2.51,2.74,
2013-12-11,2.86,,34.461,2.55,15.42,93.0842,2.55,2.79,3993955.0
2013-12-12,2.89,,26.12,2.53,15.54,93.4292,2.55,2.82,
2013-12-13,2.88,,17.515,2.5,15.76,93.3568,2.54,2.81,
2013-12-16,2.89,,6.146,2.5,16.03,93.2175,2.55,2.82,
2013-12-17,2.85,,14.07,2.5,16.21,93.302,2.51,2.78,
2013-12-18,2.89,,11.105,2.5,13.8,93.4207,2.57,2.82,4008062.0
2013-12-19,2.94,,15.391,2.42,14.15,93.7368,2.59,2.88,
2013-12-20,2.89,,26.525,2.38,13.79,93.7211,2.52,2.82,
2013-12-23,2.94,,28.761,2.35,13.04,93.572,2.56,2.87,
2013-12-24,2.99,,42.245,2.36,12.48,93.6734,2.61,2.92,
2013-12-25,,,,,,,,,4032575.0
2013-12-26,3.0,,46.97,2.37,12.33,93.766,2.58,2.93,
2013-12-27,3.02,,94.995,2.37,12.46,93.7018,2.62,2.95,
2013-12-30,2.99,,102.573,2.35,13.56,93.4866,2.6,2.92,
2013-12-31,3.04,,197.755,2.33,13.72,93.5576,2.66,2.97,
2014-01-01,,,,,,,,,4023640.0
2014-01-02,3.0,,83.725,2.34,14.23,93.8192,2.61,2.93,
2014-01-03,3.01,,56.682,2.34,13.76,93.853,2.6,2.94,
2014-01-06,2.98,,77.265,2.32,13.55,93.9109,2.58,2.93,
2014-01-07,2.96,,60.261,2.32,12.92,94.0398,2.56,2.92,
2014-01-08,3.01,,43.545,2.31,12.87,94.2181,2.58,2.96,4028185.0
2014-01-09,2.97,,51.2,2.31,12.89,94.3299,2.53,2.93,
2014-01-10,2.88,,49.565,2.32,12.14,94.0045,2.49,2.83,
2014-01-13,2.84,,60.47,2.34,13.28,93.899,2.45,2.81,
2014-01-14,2.88,,54.16,2.34,12.28,94.0303,2.49,2.84,
2014-01-15,2.9,,46.752,2.32,12.28,94.341,2.49,2.86,4071528.0
2014-01-16,2.86,,67.829,2.32,12.53,94.5507,2.45,2.82,
2014-01-17,2.84,,73.016,2.33,12.44,94.5846,2.44,2.79,
2014-01-20,,,,,,,,,
2014-01-21,2.85,,82.42,2.3,12.87,94.679,2.45,2.81,
2014-01-22,2.87,,93.711,2.3,12.84,94.8479,2.43,2.83,4097914.0
2014-01-23,2.79,,84.917,2.32,13.77,94.8415,2.4,2.75,
2014-01-24,2.75,,72.495,2.35,18.14,94.8555,2.38,2.71,
2014-01-27,2.78,,85.68,2.36,17.42,94.9059,2.41,2.73,
2014-01-28,2.77,,94.53,2.35,15.8,94.88,2.39,2.72,
2014-01-29,2.69,,94.276,2.38,17.35,94.8621,2.33,2.65,4102138.0
2014-01-30,2.72,,98.32,2.36,17.29,95.1294,2.36,2.7,
2014-01-31,2.67,,102.139,2.4,18.41,95.1774,2.33,2.65,
2014-02-03,2.61,,69.923,2.39,21.44,95.2469,2.31,2.56,
2014-02-04,2.64,,105.798,2.41,19.11,95.0438,2.33,2.58,
2014-02-05,2.7,,100.382,2.42,19.95,95.0285,2.38,2.63,4109285.0
2014-02-06,2.73,,101.917,2.4,17.23,94.7177,2.4,2.66,
2014-02-07,2.71,,101.109,2.42,15.29,94.7457,2.41,2.63,
2014-02-10,2.7,,112.214,2.42,15.26,94.7189,2.38,2.63,
2014-02-11,2.75,,98.871,2.39,14.51,94.6377,2.4,2.7,
2014-02-12,2.8,,94.026,2.36,14.3,94.6209,2.45,2.75,4119474.0
2014-02-13,2.73,,101.186,2.39,14.14,,2.41,2.7,
2014-02-14,2.75,,87.715,2.38,13.57,94.2711,2.43,2.73,
2014-02-17,,,,,,,,,
2014-02-18,2.71,,70.834,2.4,13.87,94.1934,2.4,2.66,
2014-02-19,2.73,,83.299,2.41,15.5,94.38,2.4,2.67,4149224.0
2014-02-20,2.76,,84.254,2.39,14.79,94.6571,2.42,2.71,
2014-02-21,2.73,,104.045,2.38,14.68,,2.4,2.68,
2014-02-24,2.75,,96.142,2.38,14.23,94.4042,2.4,2.7,
2014-02-25,2.7,,103.735,2.38,13.67,94.4735,2.36,2.65,
2014-02-26,2.67,,130.111,2.38,14.35,94.7754,2.34,2.62,4159972.0
2014-02-27,2.65,,120.886,2.36,14.04,94.6722,2.32,2.61,
2014-02-28,2.66,,114.479,2.35,14.0,94.3879,2.33,2.61,
2014-03-03,2.6,,80.225,2.37,16.0,,2.28,2.55,
2014-03-04,2.7,,66.129,2.35,14.1,94.6568,2.37,2.65,
2014-03-05,2.7,,76.183,2.36,13.89,94.4679,2.37,2.64,4171762.0
2014-03-06,2.74,,55.489,2.37,14.21,93.9858,2.37,2.69,
2014-03-07,2.8,,57.908,2.34,14.11,94.2532,2.42,2.74,
2014-03-10,2.79,,71.89,2.36,14.2,94.3731,2.42,2.74,
2014-03-11,2.77,,72.275,2.37,14.8,94.387,2.4,2.72,
2014-03-12,2.73,,66.2,2.38,14.47,94.462,2.36,2.68,4181361.0
2014-03-13,2.66,,70.357,2.39,16.22,94.1872,2.32,2.61,
2014-03-14,2.65,,54.253,2.4,17.82,94.243,2.29,2.6,
2014-03-17,2.7,,48.592,2.4,15.64,,2.32,2.64,
2014-03-18,2.68,,78.606,2.42,14.52,94.2631,2.32,2.63,
2014-03-19,2.78,,76.145,2.37,15.12,94.3752,2.31,2.72,4222081.0
2014-03-20,2.79,,80.564,2.34,14.52,94.9986,2.34,2.73,
2014-03-21,2.75,,96.847,2.32,15.0,94.8547,2.3,2.69,
2014-03-24,2.74,,79.629,2.29,15.09,94.759,2.27,2.68,
2014-03-25,2.75,,94.432,2.28,14.02,94.6379,2.28,2.7,
2014-03-26,2.71,,101.944,2.28,14.93,94.5281,2.26,2.66,4226971.0
2014-03-27,2.69,,112.832,2.26,14.62,94.3315,2.24,2.65,
2014-03-28,2.73,,128.162,2.25,14.41,94.3683,2.28,2.69,
2014-03-31,2.73,,242.069,2.26,13.88,94.2432,2.29,2.68,
2014-04-01,2.77,,113.017,2.26,13.1,94.1244,2.33,2.73,
2014-04-02,2.82,,106.045,2.25,13.09,94.3103,2.35,2.8,4236441.0
2014-04-03,2.8,,96.38,2.24,13.37,94.512,2.34,2.78,
2014-04-04,2.74,,95.244,2.25,13.96,94.2191,2.31,2.71,
2014-04-07,2.71,,94.739,2.24,15.57,94.0881,2.3,2.68,
2014-04-08,2.69,,94.435,2.26,14.89,93.6579,2.29,2.66,
2014-04-09,2.71,,89.023,2.25,13.82,93.6716,2.34,2.67,4244188.0
2014-04-10,2.65,,93.958,2.24,15.89,93.5123,2.28,2.61,
2014-04-11,2.63,,80.874,2.23,17.03,93.6395,2.26,2.59,
2014-04-14,2.65,,75.823,2.22,16.11,93.8046,2.28,2.61,
2014-04-15,2.64,,64.907,2.2,15.61,93.9486,2.25,2.6,
2014-04-16,2.65,,71.744,2.19,14.18,93.9461,2.26,2.61,4283967.0
2014-04-17,2.73,,,2.16,13.36,93.8936,2.3,2.7,
2014-04-18,,,,,,93.9629,,,
2014-04-21,2.73,,129.837,2.18,13.25,94.0337,2.31,2.69,
2014-04-22,2.73,,159.202,2.15,13.19,94.0802,2.28,2.7,
2014-04-23,2.7,,147.951,2.15,13.27,94.149,2.27,2.68,4296339.0
2014-04-24,2.7,,153.847,2.14,13.32,94.1294,2.27,2.69,
2014-04-25,2.68,,166.168,2.13,14.06,94.1623,2.25,2.65,
2014-04-28,2.7,,180.822,2.13,13.97,94.1374,2.26,2.67,
2014-04-29,2.71,,183.327,2.15,13.71,94.0295,2.27,2.69,
2014-04-30,2.67,,208.222,2.16,13.41,93.8896,2.25,2.64,4296049.0
2014-05-01,2.63,,175.868,2.14,13.25,93.8707,2.22,2.6,
2014-05-02,2.6,,185.246,2.14,12.91,93.8182,2.18,2.58,
2014-05-05,2.63,,199.895,2.15,13.29,93.7334,2.2,2.6,
2014-05-06,2.61,,198.721,2.15,13.8,93.4324,2.18,2.58,
2014-05-07,2.62,,193.706,2.16,13.4,93.4337,2.21,2.59,4303143.0
2014-05-08,2.61,,192.03,2.18,13.43,93.3686,2.21,2.58,
2014-05-09,2.62,,186.455,2.21,12.92,93.6614,2.22,2.59,
2014-05-12,2.66,,188.963,2.2,12.23,93.6537,2.25,2.63,
2014-05-13,2.61,,204.839,2.21,12.13,93.6755,2.22,2.58,
2014-05-14,2.54,,183.187,2.2,12.17,93.5968,2.15,2.51,4336649.0
2014-05-15,2.5,,192.416,2.22,13.17,93.7065,2.12,2.47,
2014-05-16,2.52,,203.54,2.2,12.44,93.6073,2.14,2.49,
2014-05-19,2.54,,201.974,2.22,12.42,93.502,2.18,2.51,
2014-05-20,2.52,,212.512,2.23,12.96,93.6699,2.17,2.49,
2014-05-21,2.54,,220.722,2.26,11.91,93.7629,2.17,2.5,4327560.0
2014-05-22,2.56,,209.095,2.25,12.03,93.6944,2.19,2.53,
2014-05-23,2.54,,182.124,2.24,11.36,93.7042,2.17,2.5,
2014-05-26,,,,,,,,,
2014-05-27,2.52,,185.923,2.23,11.51,93.8418,2.13,2.48,
2014-05-28,2.44,,171.269,2.23,11.68,93.8793,2.07,2.4,4322654.0
2014-05-29,2.45,,155.686,2.24,11.57,93.6973,2.08,2.41,
2014-05-30,2.48,,164.726,2.22,11.4,93.7606,2.11,2.44,
2014-06-02,2.54,,129.721,2.22,11.58,94.0006,2.15,2.5,
2014-06-03,2.6,,130.952,2.22,11.87,94.0536,2.19,2.56,
2014-06-04,2.61,,127.401,2.23,12.08,94.1239,2.2,2.57,4330917.0
2014-06-05,2.59,,103.755,2.24,11.68,93.9732,2.19,2.55,
2014-06-06,2.6,,101.903,2.23,10.73,93.9069,2.19,2.56,
2014-06-09,2.62,,105.036,2.22,11.15,93.9628,2.19,2.58,
2014-06-10,2.64,,106.527,2.21,10.99,94.0638,2.19,2.6,
2014-06-11,2.65,,110.875,2.2,11.6,93.9744,2.21,2.61,4340904.0
2014-06-12,2.58,,104.237,2.21,12.56,93.8155,2.16,2.54,
2014-06-13,2.6,,67.629,2.19,12.18,93.9168,2.15,2.56,
2014-06-16,2.61,,53.376,2.17,12.65,93.8639,2.12,2.57,
2014-06-17,2.66,,53.362,2.17,12.06,94.0829,2.15,2.62,
2014-06-18,2.61,,88.388,2.19,10.61,94.0525,2.13,2.58,4368168.0
2014-06-19,2.64,,95.938,2.19,10.62,93.752,2.16,2.62,
2014-06-20,2.63,,109.656,2.2,10.85,93.7591,2.13,2.61,
2014-06-23,2.63,,120.333,2.19,10.98,93.628,2.15,2.6,
2014-06-24,2.59,,107.244,2.18,12.13,93.7093,2.1,2.56,
2014-06-25,2.57,,119.673,2.18,11.59,93.5851,2.09,2.54,4368348.0
2014-06-26,2.53,,137.105,2.18,11.63,93.5471,2.07,2.49,
2014-06-27,2.54,,140.898,2.2,11.26,93.3983,2.09,2.51,
2014-06-30,2.53,,339.481,2.18,11.57,93.2058,2.06,2.49,
2014-07-01,2.58,,150.572,2.19,11.15,93.1365,2.11,2.56,
2014-07-02,2.64,,148.492,2.2,10.82,93.2478,2.15,2.62,4377031.0
2014-07-03,2.65,,136.039,2.21,10.32,93.3149,2.13,2.64,
2014-07-04,,,,,,,,,
2014-07-07,2.63,,143.02,2.18,11.33,93.3803,2.11,2.59,
2014-07-08,2.58,,136.387,2.18,11.98,93.323,2.07,2.55,
2014-07-09,2.57,,144.921,2.17,11.65,93.228,2.06,2.54,4383401.0
2014-07-10,2.55,,125.926,2.2,12.59,93.3152,2.09,2.53,
2014-07-11,2.53,,113.623,2.2,12.08,93.4171,2.05,2.51,
2014-07-14,2.55,,108.675,2.21,11.82,93.4101,2.07,2.52,
2014-07-15,2.56,,96.922,2.2,11.96,93.5796,2.07,2.54,
2014-07-16,2.55,,105.841,2.19,11.0,93.5991,2.05,2.53,4398201.0
2014-07-17,2.47,,94.361,2.22,14.54,93.6586,2.0,2.45,
2014-07-18,2.5,,113.503,2.2,12.06,93.6608,1.99,2.48,
2014-07-21,2.49,,113.836,2.19,12.81,93.6069,1.98,2.46,
2014-07-22,2.48,,127.244,2.19,12.24,93.6306,1.99,2.45,
2014-07-23,2.48,,136.74,2.2,11.52,93.5951,1.98,2.45,4410746.0
2014-07-24,2.52,,87.923,2.2,11.84,93.6836,1.99,2.49,
2014-07-25,2.48,,90.379,2.19,12.69,93.8294,1.95,2.45,
2014-07-28,2.5,,103.848,2.19,12.56,93.83,1.96,2.46,
2014-07-29,2.47,,118.021,2.18,13.28,94.0443,1.93,2.45,
2014-07-30,2.57,,115.757,2.17,13.33,94.3473,2.01,2.53,4406637.0
2014-07-31,2.58,,156.374,2.17,16.95,94.4467,2.05,2.55,
2014-08-01,2.52,,101.035,2.23,17.03,94.4754,2.05,2.49,
2014-08-04,2.51,,114.198,2.24,15.12,94.448,2.04,2.47,
2014-08-05,2.49,,118.152,2.25,16.87,94.6754,2.02,2.46,
2014-08-06,2.49,,123.782,2.26,16.37,94.6092,2.01,2.46,4410111.0
2014-08-07,2.43,,128.981,2.28,16.66,94.6364,1.99,2.4,
2014-08-08,2.44,,127.846,2.27,15.77,94.6027,1.99,2.41,
2014-08-11,2.44,,128.408,2.28,14.23,94.4767,1.97,2.4,
2014-08-12,2.46,,130.713,2.29,14.13,94.5211,2.01,2.43,
2014-08-13,2.43,,135.622,2.31,12.9,94.4681,2.0,2.39,4431923.0
2014-08-14,2.4,,121.978,2.29,12.42,94.3508,1.98,2.36,
2014-08-15,2.34,,116.783,2.29,13.15,94.2941,1.92,2.31,
2014-08-18,2.39,,135.842,2.31,12.32,94.2519,1.95,2.36,
2014-08-19,2.4,,143.128,2.33,12.21,94.4356,1.94,2.37,
2014-08-20,2.43,,150.444,2.3,11.78,94.5937,1.94,2.39,4412924.0
2014-08-21,2.41,,145.418,2.28,11.76,94.673,1.92,2.39,
2014-08-22,2.4,,130.543,2.26,11.47,94.8012,1.87,2.37,
2014-08-25,2.39,,152.159,2.25,11.7,94.9159,1.86,2.35,
2014-08-26,2.39,,156.973,2.26,11.63,94.8617,1.87,2.36,
2014-08-27,2.37,,179.845,2.24,11.78,94.6863,1.86,2.33,4413736.0
2014-08-28,2.34,,157.845,2.23,12.05,94.6947,1.84,2.31,
2014-08-29,2.35,,172.59,2.23,11.98,94.7251,1.87,2.32,
2014-09-01,,,,,,,,,
2014-09-02,2.42,,143.468,2.25,12.25,95.063,1.89,2.39,
2014-09-03,2.41,,151.016,2.24,12.36,94.8709,1.89,2.38,4415587.0
2014-09-04,2.45,,160.534,2.25,12.64,95.2641,1.91,2.42,
2014-09-05,2.46,,160.186,2.29,12.09,95.2203,1.94,2.43,
2014-09-08,2.48,,180.493,2.26,12.66,95.4167,1.94,2.46,
2014-09-09,2.5,,168.607,2.25,13.5,95.8811,1.94,2.48,
2014-09-10,2.54,,160.299,2.26,12.88,95.8641,1.96,2.52,4421408.0
2014-09-11,2.54,,167.4,2.25,12.8,95.9184,1.96,2.52,
2014-09-12,2.62,,148.338,2.27,13.31,96.0748,2.04,2.6,
2014-09-15,2.6,,135.916,2.28,14.12,96.1195,2.02,2.58,
2014-09-16,2.6,,147.752,2.3,12.73,95.8483,2.05,2.58,
2014-09-17,2.62,,156.936,2.29,12.65,95.9106,2.03,2.6,4449588.0
2014-09-18,2.63,,168.148,2.28,12.03,96.1284,2.04,2.61,
2014-09-19,2.59,,169.519,2.26,12.11,96.3417,2.0,2.57,
2014-09-22,2.57,,178.327,2.27,13.69,96.4625,1.99,2.56,
2014-09-23,2.54,,174.426,2.26,14.93,96.5112,1.97,2.53,
2014-09-24,2.57,,162.317,2.27,13.27,96.6574,1.98,2.55,4459050.0
2014-09-25,2.52,,158.09,2.27,15.64,96.8988,1.96,2.51,
2014-09-26,2.54,,172.96,2.27,14.85,97.208,1.95,2.53,
2014-09-29,2.5,,194.566,2.27,15.98,97.3523,1.92,2.48,
2014-09-30,2.52,,300.0,2.29,16.31,97.5261,1.94,2.5,
2014-10-01,2.42,,212.481,2.31,16.71,97.5387,1.89,2.4,4450260.0
2014-10-02,2.44,,179.039,2.32,16.16,97.3062,1.91,2.43,
2014-10-03,2.45,,184.682,2.29,14.55,97.9846,1.88,2.44,
2014-10-06,2.43,,185.508,2.3,15.46,97.5513,1.89,2.41,
2014-10-07,2.36,,184.514,2.3,17.2,97.4459,1.84,2.34,
2014-10-08,2.35,,182.531,2.32,15.11,97.4945,1.89,2.34,4455403.0
2014-10-09,2.34,,167.77,2.34,18.76,97.1711,1.88,2.33,
2014-10-10,2.31,,161.647,2.36,21.24,97.4144,1.86,2.3,
2014-10-13,,,,,24.64,,,,
2014-10-14,2.21,,151.111,2.39,22.79,97.3943,1.82,2.19,
2014-10-15,2.15,,121.915,2.44,26.25,97.3532,1.81,2.13,4474360.0
2014-10-16,2.17,,115.559,2.47,25.2,97.2869,1.82,2.14,
2014-10-17,2.22,,122.148,2.44,21.99,97.3067,1.83,2.2,
2014-10-20,2.2,,137.408,2.45,18.57,97.2874,1.83,2.18,
2014-10-21,2.23,,124.658,2.43,16.08,97.2488,1.85,2.21,
2014-10-22,2.25,,135.424,2.42,17.87,97.459,1.84,2.23,4481616.0
2014-10-23,2.29,,137.137,2.42,16.53,97.6047,1.88,2.28,
2014-10-24,2.29,,103.501,2.43,16.11,97.4772,1.88,2.28,
2014-10-27,2.27,,116.857,2.44,16.04,97.5423,1.86,2.25,
2014-10-28,2.3,,118.038,2.43,14.39,97.2173,1.88,2.28,
2014-10-29,2.34,,134.69,2.36,15.15,97.0145,1.86,2.31,4486754.0
2014-10-30,2.32,,142.244,2.39,14.52,97.456,1.84,2.31,
2014-10-31,2.35,,186.282,2.39,14.03,98.1163,1.85,2.34,
2014-11-03,2.36,,122.566,2.39,14.73,98.5336,1.84,2.34,
2014-11-04,2.35,,124.919,2.39,14.89,98.5576,1.83,2.32,
2014-11-05,2.36,,122.9,2.39,14.17,98.8086,1.84,2.33,4486585.0
2014-11-06,2.39,,110.247,2.4,13.67,99.1325,1.85,2.36,
2014-11-07,2.32,,106.216,2.43,13.12,99.0236,1.81,2.29,
2014-11-10,2.38,,100.452,2.41,12.67,98.9305,1.83,2.36,
2014-11-11,,,,,12.92,,,,
2014-11-12,2.37,,111.681,2.43,13.02,98.8897,1.82,2.35,4488895.0
2014-11-13,2.35,,110.881,2.47,13.79,99.1045,1.82,2.33,
2014-11-14,2.32,,99.376,2.48,13.31,99.0917,1.78,2.3,
2014-11-17,2.34,,115.555,2.49,13.99,99.2188,1.8,2.31,
2014-11-18,2.32,,158.321,2.52,13.86,99.0185,1.79,2.3,
2014-11-19,2.36,,167.377,2.51,13.96,99.2424,1.82,2.35,4492759.0
2014-11-20,2.34,,163.034,2.52,13.58,99.2554,1.81,2.32,
2014-11-21,2.31,,162.469,2.49,12.9,99.2894,1.78,2.3,
2014-11-24,2.3,,133.559,2.5,12.62,99.4227,1.77,2.28,
2014-11-25,2.27,,146.679,2.46,12.25,99.2837,1.76,2.25,
2014-11-26,2.24,,148.284,2.47,12.07,99.1893,1.71,2.22,4485931.0
2014-11-27,,,,,,,,,
2014-11-28,2.18,,173.91,2.52,13.33,100.0719,1.71,2.16,
2014-12-01,2.22,,154.58,2.54,14.29,99.8964,1.73,2.19,
2014-12-02,2.28,,153.531,2.54,12.85,100.4478,1.73,2.25,
2014-12-03,2.29,,166.328,2.52,12.47,100.5696,1.72,2.28,4486190.0
2014-12-04,2.25,,142.641,2.53,12.38,100.3931,1.7,2.23,
2014-12-05,2.31,,145.545,2.48,11.82,101.0989,1.66,2.29,
2014-12-08,2.26,,104.199,2.48,14.21,101.31,1.62,2.23,
2014-12-09,2.22,,94.442,2.51,14.89,100.8095,1.58,2.18,
2014-12-10,2.18,,105.322,2.53,18.53,101.0212,1.59,2.15,4488865.0
2014-12-11,2.19,,99.829,2.53,20.08,101.4448,1.57,2.16,
2014-12-12,2.1,,86.425,2.58,21.08,101.3735,1.54,2.08,
2014-12-15,2.12,,34.587,2.56,20.42,101.674,1.52,2.08,
2014-12-16,2.07,,40.717,2.6,23.57,101.526,1.49,2.04,
2014-12-17,2.14,,31.783,2.6,19.44,101.5527,1.52,2.11,4502247.0
2014-12-18,2.22,,59.473,2.56,16.81,101.7531,1.55,2.18,
2014-12-19,2.17,,66.423,2.56,16.49,102.0483,1.5,2.13,
2014-12-22,2.17,,59.159,2.53,15.25,101.9942,1.46,2.12,
2014-12-23,2.26,,55.574,2.53,14.8,102.348,1.53,2.23,
2014-12-24,2.27,,53.237,2.5,14.37,102.3028,1.54,2.26,4509462.0
2014-12-25,,,,,,,,,
2014-12-26,2.25,,41.492,2.5,14.5,,1.52,2.24,
2014-12-29,2.22,,29.172,2.49,15.06,102.3767,1.5,2.19,
2014-12-30,2.2,,39.621,2.49,15.92,102.1019,1.51,2.17,
2014-12-31,2.17,,171.12,2.51,19.2,102.2843,1.5,2.13,4497660.0
2015-01-01,,,,,,,,,
2015-01-02,2.12,,42.186,2.51,17.79,102.9027,1.46,2.1,
2015-01-05,2.04,,164.177,2.52,19.92,103.4976,1.36,2.01,
2015-01-06,1.97,,149.885,2.52,21.12,103.2938,1.32,1.94,
2015-01-07,1.96,,143.749,2.53,19.31,103.6316,1.34,1.93,4499524.0
2015-01-08,2.03,,124.293,2.54,17.01,103.2799,1.41,2.0,
2015-01-09,1.98,,116.195,2.55,17.55,103.1213,1.39,1.96,
2015-01-12,1.92,,118.125,2.55,19.6,103.2372,1.36,1.89,
2015-01-13,1.91,,107.316,2.55,20.56,103.27,1.37,1.88,
2015-01-14,1.86,,95.4,2.58,21.48,103.0903,1.35,1.82,4516077.0
2015-01-15,1.77,,96.517,2.65,22.39,103.0829,1.33,1.74,
2015-01-16,1.83,,135.836,2.62,20.95,103.2189,1.34,1.8,
2015-01-19,,,,,,,,,
2015-01-20,1.82,,147.499,2.61,19.89,103.5233,1.29,1.79,
2015-01-21,1.87,,167.769,2.59,18.85,103.7858,1.34,1.84,4512936.0
2015-01-22,1.9,,168.182,2.59,16.4,103.9271,1.37,1.87,
2015-01-23,1.81,,129.836,2.6,16.66,104.3676,1.29,1.79,
2015-01-26,1.83,,132.698,2.58,15.52,104.4818,1.29,1.8,
2015-01-27,1.83,,136.677,2.59,17.22,104.1646,1.29,1.81,
2015-01-28,1.73,,163.553,2.59,20.44,104.4737,1.23,1.71,4500064.0
2015-01-29,1.77,,148.784,2.58,18.76,105.2763,1.26,1.74,
2015-01-30,1.68,,190.842,2.61,20.97,105.5884,1.21,1.66,
2015-02-02,1.68,,132.913,2.61,19.43,105.2058,1.19,1.66,
2015-02-03,1.79,,142.006,2.61,17.33,104.6063,1.27,1.77,
2015-02-04,1.81,,145.65,2.6,18.33,104.785,1.29,1.8,4500348.0
2015-02-05,1.83,,124.667,2.6,16.85,104.4915,1.31,1.81,
2015-02-06,1.95,,121.983,2.55,17.29,105.1283,1.3,1.93,
2015-02-09,1.96,,118.986,2.53,18.55,104.9889,1.31,1.95,
2015-02-10,2.01,,122.277,2.53,17.23,105.2897,1.34,2.0,
2015-02-11,2.0,,126.752,2.53,16.96,105.7901,1.33,1.99,4501685.0
2015-02-12,1.99,,113.479,2.54,15.34,104.9385,1.38,1.97,
2015-02-13,2.02,,92.532,2.55,14.69,104.8452,1.36,2.01,
2015-02-16,,,,,,,,,
2015-02-17,2.14,,111.325,2.53,15.8,,1.44,2.12,
2015-02-18,2.07,,157.273,2.53,15.45,105.2514,1.45,2.05,4496851.0
2015-02-19,2.11,,133.105,2.53,15.29,105.1407,1.44,2.09,
2015-02-20,2.13,,157.518,2.5,14.3,105.3387,1.46,2.11,
2015-02-23,2.06,,152.311,2.48,14.56,105.5359,1.42,2.04,
2015-02-24,1.99,,124.802,2.49,13.69,105.5472,1.39,1.97,
2015-02-25,1.96,,149.75,2.49,13.84,105.0503,1.35,1.94,4486725.0
2015-02-26,2.03,,130.583,2.44,13.91,105.5021,1.37,2.0,
2015-02-27,2.0,,155.001,2.46,13.34,105.5981,1.37,1.98,
2015-03-02,2.08,,118.208,2.48,13.04,105.8151,1.42,2.06,
2015-03-03,2.12,,110.872,2.46,13.86,105.5562,1.44,2.1,
2015-03-04,2.12,,95.1,2.46,14.23,106.1333,1.46,2.11,4487583.0
2015-03-05,2.11,,73.924,2.47,14.04,,1.46,2.09,
2015-03-06,2.24,,80.862,2.45,15.2,107.4337,1.51,2.23,
2015-03-09,2.2,,85.648,2.46,15.06,107.5199,1.5,2.18,
2015-03-10,2.14,,84.535,2.45,16.69,108.1165,1.44,2.12,
2015-03-11,2.11,,84.389,2.45,16.87,108.5235,1.41,2.08,4489279.0
2015-03-12,2.1,,132.708,2.46,15.42,108.1741,1.43,2.07,
2015-03-13,2.13,,98.042,2.47,16.0,108.9174,1.45,2.1,
2015-03-16,2.1,,112.056,2.48,15.61,108.6422,1.44,2.05,
2015-03-17,2.06,,106.3,2.49,15.66,108.5805,1.36,2.01,
2015-03-18,1.93,,151.424,2.55,13.97,108.408,1.36,1.9,4495888.0
2015-03-19,1.98,,83.108,2.5,14.07,108.1826,1.35,1.95,
2015-03-20,1.93,,91.207,2.51,13.02,107.1671,1.33,1.92,
2015-03-23,1.92,,99.572,2.54,13.41,106.5022,1.32,1.89,
2015-03-24,1.88,,60.115,2.53,13.62,106.4401,1.3,1.86,
2015-03-25,1.93,,65.389,2.53,15.44,106.2636,1.34,1.89,4480603.0
2015-03-26,2.01,,80.866,2.55,15.8,106.5582,1.4,1.98,
2015-03-27,1.95,,69.638,2.53,15.07,106.8916,1.37,1.91,
2015-03-30,1.96,,29.522,2.55,14.51,107.3941,1.38,1.92,
2015-03-31,1.94,,202.235,2.55,15.29,107.4396,1.38,1.91,
2015-04-01,1.87,,31.623,2.55,15.11,107.06,1.32,1.84,4481799.0
2015-04-02,1.92,,,2.55,14.67,106.6738,1.37,1.9,
2015-04-03,1.85,,,2.58,,105.8861,1.36,1.83,
2015-04-06,1.92,,119.369,2.58,14.74,105.7876,1.41,1.89,
2015-04-07,1.89,,125.88,2.56,14.78,106.4488,1.37,1.87,
2015-04-08,1.92,,96.443,2.51,13.98,106.4231,1.38,1.89,4483419.0
2015-04-09,1.97,,87.069,2.53,13.09,107.0335,1.41,1.94,
2015-04-10,1.96,,90.933,2.53,12.58,107.4526,1.39,1.94,
2015-04-13,1.94,,89.878,2.54,13.94,107.7508,1.4,1.91,
2015-04-14,1.9,,75.874,2.54,13.67,107.0547,1.37,1.88,
2015-04-15,1.91,,69.829,2.54,12.84,107.1855,1.4,1.89,4485366.0
2015-04-16,1.9,,78.293,2.55,12.6,106.2761,1.4,1.88,
2015-04-17,1.87,,103.383,2.53,13.89,106.329,1.36,1.86,
2015-04-20,1.9,,111.416,2.55,13.3,106.4902,1.35,1.87,
2015-04-21,1.92,,114.8,2.54,13.25,106.5582,1.37,1.89,
2015-04-22,1.99,,114.148,2.53,12.71,106.5815,1.42,1.96,4489695.0
2015-04-23,1.96,,113.993,2.54,12.48,106.1658,1.41,1.93,
2015-04-24,1.93,,73.512,2.56,12.29,105.905,1.39,1.9,
2015-04-27,1.94,,82.79,2.54,13.12,105.6891,1.4,1.92,
2015-04-28,2.0,,87.169,2.55,12.41,105.1234,1.44,1.98,
2015-04-29,2.06,,92.224,2.58,13.39,104.5634,1.5,2.05,4471499.0
2015-04-30,2.05,,130.464,2.6,14.55,105.312,1.47,2.04,
2015-05-01,2.12,,86.212,2.61,12.7,105.6382,1.52,2.11,
2015-05-04,2.16,,92.311,2.61,12.85,105.6679,1.56,2.14,
2015-05-05,2.19,,93.162,2.62,14.31,105.2396,1.57,2.18,
2015-05-06,2.25,,84.722,2.64,15.15,104.6935,1.6,2.23,4472703.0
2015-05-07,2.18,,94.505,2.64,15.13,105.1941,1.55,2.17,
2015-05-08,2.16,,91.484,2.65,12.86,104.8424,1.57,2.15,
2015-05-11,2.28,,87.331,2.66,13.85,105.3075,1.66,2.26,
2015-05-12,2.28,,81.378,2.65,13.86,104.8924,1.67,2.25,
2015-05-13,2.27,,92.129,2.71,13.76,104.3608,1.68,2.25,4501188.0
2015-05-14,2.23,,61.513,2.74,12.74,104.2359,1.67,2.22,
2015-05-15,2.14,,76.249,2.72,12.38,104.0202,1.59,2.12,
2015-05-18,2.23,,135.397,2.73,12.73,104.6068,1.65,2.21,
2015-05-19,2.27,,131.9,2.71,12.85,105.3448,1.64,2.25,
2015-05-20,2.26,,154.345,2.73,12.88,105.5605,1.66,2.24,4480384.0
2015-05-21,2.19,,141.963,2.75,12.11,105.3808,1.59,2.17,
2015-05-22,2.21,,105.844,2.74,12.13,105.8487,1.57,2.19,
2015-05-25,,,,,,,,,
2015-05-26,2.14,,111.048,2.73,14.06,106.7294,1.5,2.12,
2015-05-27,2.14,,128.828,2.71,13.27,106.908,1.5,2.13,4463981.0
2015-05-28,2.13,,135.3,2.75,13.31,106.92,1.51,2.12,
2015-05-29,2.12,,160.201,2.72,13.84,106.7388,1.51,2.11,
2015-06-01,2.19,,115.206,2.75,13.97,107.2238,1.55,2.17,
2015-06-02,2.27,,105.031,2.75,14.24,106.4507,1.63,2.26,
2015-06-03,2.38,,95.389,2.72,13.66,106.1443,1.69,2.36,4465360.0
2015-06-04,2.31,,96.429,2.72,14.71,106.4725,1.65,2.29,
2015-06-05,2.41,,83.637,2.69,14.21,107.1336,1.68,2.38,
2015-06-08,2.39,,83.323,2.7,15.29,106.7693,1.69,2.37,
2015-06-09,2.42,,76.043,2.73,14.47,106.2238,1.7,2.4,
2015-06-10,2.5,,80.453,2.7,13.22,105.8037,1.75,2.48,4468005.0
2015-06-11,2.39,,90.833,2.71,12.85,106.0934,1.66,2.38,
2015-06-12,2.39,,81.745,2.7,13.78,105.9015,1.65,2.37,
2015-06-15,2.36,,104.635,2.73,15.39,105.9989,1.64,2.34,
2015-06-16,2.32,,113.979,2.74,14.81,106.0473,1.61,2.31,
2015-06-17,2.32,,110.708,2.76,14.5,106.058,1.65,2.31,4487817.0
2015-06-18,2.35,,151.135,2.82,13.19,105.102,1.69,2.34,
2015-06-19,2.26,,158.541,2.82,13.96,105.4496,1.61,2.25,
2015-06-22,2.37,,171.906,2.81,12.74,105.3846,1.69,2.36,
2015-06-23,2.42,,181.548,2.82,12.11,105.9678,1.72,2.41,
2015-06-24,2.38,,136.642,2.81,13.26,106.2522,1.7,2.37,4495055.0
2015-06-25,2.4,,64.918,2.8,14.01,106.1515,1.72,2.39,
2015-06-26,2.49,,86.539,2.81,14.02,106.4116,1.77,2.48,
2015-06-29,2.33,,45.063,2.84,18.85,106.3785,1.69,2.31,
2015-06-30,2.35,,192.602,2.83,18.23,106.5191,1.71,2.34,
2015-07-01,2.43,,93.411,2.83,16.09,107.0101,1.74,2.42,4479130.0
2015-07-02,2.4,,176.063,2.86,16.79,106.9106,1.76,2.39,
2015-07-03,,,,,,,,,
2015-07-06,2.3,,169.851,2.84,17.01,107.1343,1.7,2.28,
2015-07-07,2.27,,159.651,2.84,16.09,107.785,1.69,2.25,
2015-07-08,2.22,,145.47,2.87,19.66,107.4734,1.67,2.2,4481289.0
2015-07-09,2.32,,129.671,2.88,19.97,107.5595,1.72,2.29,
2015-07-10,2.42,,119.629,2.9,16.83,107.213,1.77,2.41,
2015-07-13,2.44,,115.323,2.88,13.9,107.5849,1.75,2.42,
2015-07-14,2.41,,106.218,2.91,13.37,107.4843,1.75,2.4,
2015-07-15,2.36,,103.217,2.91,13.23,108.0149,1.72,2.34,4493605.0
2015-07-16,2.36,,104.58,2.88,12.11,108.1726,1.69,2.34,
2015-07-17,2.34,,116.519,2.87,11.95,108.5374,1.66,2.31,
2015-07-20,2.38,,126.57,2.86,12.25,108.6944,1.67,2.34,
2015-07-21,2.35,,110.141,2.87,12.22,108.3893,1.64,2.32,
2015-07-22,2.33,,112.695,2.85,12.12,108.7817,1.58,2.29,4500503.0
2015-07-23,2.28,,112.052,2.85,12.64,108.7565,1.57,2.25,
2015-07-24,2.27,,79.416,2.87,13.74,109.0174,1.57,2.23,
2015-07-27,2.23,,85.122,2.9,15.6,108.6924,1.55,2.18,
2015-07-28,2.26,,81.882,2.91,13.44,108.6881,1.57,2.21,
2015-07-29,2.29,,86.429,2.9,12.5,108.604,1.59,2.23,4485480.0
2015-07-30,2.28,,87.405,2.88,12.13,109.4328,1.56,2.21,
2015-07-31,2.2,,131.978,2.94,12.12,108.7819,1.53,2.12,
2015-08-03,2.16,,95.005,2.92,12.56,109.214,1.48,2.08,
2015-08-04,2.23,,88.841,2.88,13.0,109.2244,1.49,2.15,
2015-08-05,2.28,,86.869,2.9,12.51,109.842,1.55,2.2,4486329.0
2015-08-06,2.23,,93.508,2.92,13.77,109.722,1.52,2.19,
2015-08-07,2.18,,84.994,2.91,13.39,109.4376,1.45,2.12,
2015-08-10,2.24,,81.806,2.93,12.23,109.1931,1.51,2.12,
2015-08-11,2.15,,78.367,2.94,13.71,109.9464,1.47,2.05,
2015-08-12,2.14,,64.411,2.97,13.61,109.4655,1.47,2.04,4489250.0
2015-08-13,2.19,,77.057,2.98,13.49,109.9025,1.47,2.09,
2015-08-14,2.2,,64.557,2.97,12.83,109.9174,1.47,2.11,
2015-08-17,2.16,,66.54,2.97,13.02,110.1435,1.44,2.06,
2015-08-18,2.2,,88.144,3.01,13.79,110.2504,1.46,2.13,
2015-08-19,2.12,,84.36,3.06,15.25,110.4333,1.45,2.07,4487208.0
2015-08-20,2.09,,93.262,3.04,19.14,110.1077,1.4,2.07,
2015-08-21,2.05,,92.353,3.1,28.03,110.1443,1.41,2.02,
2015-08-24,2.01,,73.813,3.14,40.74,109.9306,1.42,1.95,
2015-08-25,2.12,,73.165,3.17,36.02,110.3394,1.45,2.05,
2015-08-26,2.18,,68.719,3.2,30.32,110.5807,1.51,2.12,4475105.0
2015-08-27,2.18,,71.312,3.15,26.1,110.4834,1.5,2.12,
2015-08-28,2.19,,73.547,3.13,26.05,110.6714,1.47,2.13,
2015-08-31,2.21,,149.694,3.15,28.43,110.5621,1.47,2.13,
2015-09-01,2.17,,84.778,3.18,31.4,110.4506,1.47,2.14,
2015-09-02,2.2,,70.33,3.17,26.09,110.7979,1.48,2.17,4475886.0
2015-09-03,2.18,,67.183,3.17,25.61,110.8566,1.47,2.16,
2015-09-04,2.13,,64.428,3.15,27.8,111.1018,1.42,2.11,
2015-09-07,,,,,,,,,
2015-09-08,2.2,,66.694,3.16,24.9,110.7942,1.46,2.14,
2015-09-09,2.21,,68.129,3.1,26.23,110.9225,1.46,2.18,4478213.0
2015-09-10,2.23,,66.083,3.12,24.37,110.6331,1.48,2.21,
2015-09-11,2.2,,70.782,3.11,23.2,110.6109,1.49,2.16,
2015-09-14,2.18,,72.809,3.13,24.25,110.5005,1.45,2.11,
2015-09-15,2.28,,73.117,3.16,22.54,110.6394,1.46,2.21,
2015-09-16,2.3,,82.181,3.15,21.35,110.1021,1.48,2.24,4487809.0
2015-09-17,2.21,,106.254,3.18,21.14,110.1212,1.51,2.2,
2015-09-18,2.13,,131.757,3.15,22.28,109.8165,1.44,2.13,
2015-09-21,2.2,,134.575,3.19,20.14,110.6414,1.48,2.19,
2015-09-22,2.14,,139.476,3.15,22.44,111.1967,1.45,2.14,
2015-09-23,2.16,,144.297,3.15,22.13,111.6287,1.46,2.15,4497484.0
2015-09-24,2.13,,45.671,3.16,23.47,111.4454,1.46,2.12,
2015-09-25,2.17,,63.966,3.19,23.62,111.3725,1.47,2.17,
2015-09-28,2.1,,101.855,3.21,27.63,111.3914,1.43,2.09,
2015-09-29,2.05,,122.86,3.26,26.83,111.5219,1.41,2.04,
2015-09-30,2.06,,199.614,3.29,24.5,111.3311,1.42,2.06,4484111.0
2015-10-01,2.05,,75.143,3.31,22.55,111.0439,1.41,2.05,
2015-10-02,1.99,,173.162,3.34,20.94,110.7006,1.41,1.99,
2015-10-05,2.07,,156.558,3.33,19.54,110.4445,1.46,2.06,
2015-10-06,2.05,,130.247,3.32,19.4,110.1371,1.44,2.05,
2015-10-07,2.08,,115.434,3.27,18.4,109.8162,1.43,2.08,4486185.0
2015-10-08,2.12,,121.144,3.28,17.42,109.6452,1.47,2.12,
2015-10-09,2.12,,109.367,3.26,17.08,109.0782,1.47,2.11,
2015-10-12,,,,,16.17,,,,
2015-10-13,2.06,,105.728,3.28,17.67,109.4119,1.42,2.05,
2015-10-14,1.99,,90.184,3.31,18.03,109.1244,1.42,1.99,4504704.0
2015-10-15,2.04,,100.247,3.29,16.05,108.6671,1.43,2.03,
2015-10-16,2.04,,123.637,3.28,15.05,108.9956,1.43,2.03,
2015-10-19,2.04,,136.36,3.3,14.98,109.3858,1.43,2.02,
2015-10-20,2.08,,146.257,3.29,15.75,109.3368,1.42,2.06,
2015-10-21,2.04,,151.082,3.28,16.7,109.7746,1.4,2.03,4501372.0
2015-10-22,2.04,,152.87,3.26,14.45,110.0342,1.43,2.04,
2015-10-23,2.09,,125.635,3.23,14.46,110.4329,1.43,2.08,
2015-10-26,2.07,,134.597,3.22,15.29,110.2089,1.41,2.05,
2015-10-27,2.05,,150.968,3.25,15.43,110.4875,1.4,2.02,
2015-10-28,2.1,,155.316,3.2,14.33,110.2334,1.37,2.06,4489339.0
2015-10-29,2.19,,172.839,3.21,14.61,110.8083,1.44,2.12,
2015-10-30,2.16,,225.326,3.19,15.07,110.2079,1.41,2.08,
2015-11-02,2.2,,132.234,3.18,14.15,110.2188,1.43,2.12,
2015-11-03,2.23,,117.622,3.19,14.54,110.244,1.43,2.17,
2015-11-04,2.25,,107.406,3.16,15.51,110.7139,1.41,2.2,4489702.0
2015-11-05,2.26,,87.664,3.18,15.05,110.8302,1.41,2.21,
2015-11-06,2.34,,70.435,3.17,14.33,111.7603,1.44,2.26,
2015-11-09,2.36,,80.894,3.15,16.52,111.9112,1.47,2.22,
2015-11-10,2.32,,83.13,3.18,15.29,111.9919,1.45,2.19,
2015-11-11,,,,,16.06,,,,4492012.0
2015-11-12,2.32,,73.228,3.19,18.37,111.7965,1.43,2.18,
2015-11-13,2.28,,60.117,3.2,20.08,112.0264,1.42,2.14,
2015-11-16,2.27,,67.873,3.24,18.16,112.2199,1.39,2.12,
2015-11-17,2.25,,86.157,3.23,18.84,112.3141,1.39,2.11,
2015-11-18,2.27,,121.961,3.21,16.85,112.3663,1.37,2.15,4486721.0
2015-11-19,2.24,,120.822,3.2,16.99,111.5749,1.33,2.13,
2015-11-20,2.26,,122.99,3.2,15.47,111.7799,1.33,2.14,
2015-11-23,2.25,,147.598,3.19,15.62,112.1125,1.31,2.11,
2015-11-24,2.24,,95.918,3.2,15.93,111.7638,1.31,2.08,
2015-11-25,2.23,,100.152,3.21,15.19,111.8936,1.3,2.04,4477088.0
2015-11-26,,,,,,,,,
2015-11-27,2.22,,81.785,3.22,15.12,112.2824,1.3,2.04,
2015-11-30,2.21,,139.594,3.2,16.13,112.34,1.27,1.99,
2015-12-01,2.15,,88.983,3.21,14.67,112.1134,1.24,1.94,
2015-12-02,2.18,,84.184,3.17,15.91,112.3715,1.24,1.97,4478069.0
2015-12-03,2.33,,74.766,3.18,18.11,111.6407,1.37,2.12,
2015-12-04,2.28,,69.292,3.15,14.81,111.5463,1.32,2.05,
2015-12-07,2.23,,77.805,3.15,15.84,112.3056,1.29,1.94,
2015-12-08,2.24,,75.817,3.19,17.6,112.5485,1.3,1.97,
2015-12-09,2.22,,87.963,3.18,19.61,112.1918,1.29,1.96,4480436.0
2015-12-10,2.24,,86.714,3.19,19.34,112.2672,1.29,2.0,
2015-12-11,2.13,,89.317,3.24,24.39,112.7147,1.25,1.9,
2015-12-14,2.23,,86.38,3.23,22.73,112.7521,1.26,1.97,
2015-12-15,2.28,,95.404,3.21,20.95,112.8609,1.3,2.03,
2015-12-16,2.3,,102.004,3.21,17.86,112.9864,1.28,2.03,4489593.0
2015-12-17,2.24,,105.185,3.21,18.94,113.8177,1.24,2.01,
2015-12-18,2.19,,143.223,3.25,20.7,113.2837,1.22,2.0,
2015-12-21,2.2,,160.606,3.27,18.7,113.4144,1.24,1.96,
2015-12-22,2.24,,185.35,3.26,16.6,113.211,1.25,2.03,
2015-12-23,2.27,,178.331,3.26,15.57,113.1847,1.26,2.07,4496523.0
2015-12-24,2.25,,161.879,3.22,15.74,113.0496,1.22,2.05,
2015-12-25,,,,,,,,,
2015-12-28,2.24,,177.196,3.21,16.91,113.0461,1.19,2.01,
2015-12-29,2.32,,222.513,3.22,16.08,113.1664,1.23,2.09,
2015-12-30,2.31,,277.446,3.23,17.29,113.4707,1.23,2.1,4486587.0
2015-12-31,2.27,,474.591,3.23,18.21,113.3429,1.21,2.11,
2016-01-01,,,,,,,,,
2016-01-04,2.24,,199.67,3.24,20.7,114.1595,1.22,2.02,
2016-01-05,2.25,,169.615,3.25,19.34,114.2649,1.21,2.05,
2016-01-06,2.18,,126.584,3.26,20.59,114.6177,1.19,1.97,4486606.0
2016-01-07,2.16,,116.843,3.28,24.99,114.6516,1.2,1.96,
2016-01-08,2.13,,99.971,3.31,27.01,115.0095,1.19,1.93,
2016-01-11,2.17,,97.39,3.3,24.3,115.0139,1.23,1.96,
2016-01-12,2.12,,86.191,3.29,22.47,115.3128,1.19,1.91,
2016-01-13,2.08,,84.416,3.28,25.22,115.1425,1.17,1.86,4501695.0
2016-01-14,2.1,,78.422,3.36,23.95,115.3846,1.2,1.85,
2016-01-15,2.03,,90.534,3.38,27.02,115.7404,1.18,1.79,
2016-01-18,,,,,,,,,
2016-01-19,2.06,,90.221,3.35,26.05,115.8155,1.18,1.8,
2016-01-20,2.01,,106.627,3.4,27.59,116.3498,1.16,1.75,4488840.0
2016-01-21,2.02,,90.44,3.45,26.69,115.9833,1.18,1.74,
2016-01-22,2.07,,60.316,3.42,22.34,,1.19,1.76,
2016-01-25,2.03,,80.17,3.44,24.15,,1.15,1.72,
2016-01-26,2.01,,83.819,3.46,22.5,,1.16,1.7,
2016-01-27,2.02,,89.304,3.46,23.11,115.5087,1.18,1.7,4482349.0
2016-01-28,2.0,,63.251,3.48,22.42,115.2224,1.17,1.65,
2016-01-29,1.94,,114.573,3.48,20.2,115.5731,1.18,1.61,
2016-02-01,1.97,,76.79,3.49,19.98,115.3331,1.16,1.62,
2016-02-02,1.87,,80.127,3.49,21.98,115.553,1.12,1.53,
2016-02-03,1.88,,62.461,3.52,21.65,114.6144,1.16,1.55,4483495.0
2016-02-04,1.87,,55.893,3.53,21.84,113.6012,1.17,1.58,
2016-02-05,1.86,,50.888,3.52,23.38,114.2935,1.12,1.56,
2016-02-08,1.75,,39.132,3.53,26.0,114.4351,1.09,1.43,
2016-02-09,1.74,,44.123,3.54,26.54,114.127,1.05,1.44,
2016-02-10,1.71,,47.974,3.56,26.29,114.2877,1.0,1.4,4486278.0
2016-02-11,1.63,,44.482,3.63,28.14,114.1845,0.99,1.35,
2016-02-12,1.74,,35.233,3.6,25.4,114.2992,1.03,1.44,
2016-02-15,,,,,,,,,
2016-02-16,1.78,,34.728,3.59,24.11,114.4905,1.04,1.48,
2016-02-17,1.81,,52.098,3.62,22.31,113.8634,1.07,1.51,4483629.0
2016-02-18,1.75,,71.581,3.62,21.64,113.8897,1.04,1.45,
2016-02-19,1.76,,59.088,3.56,20.53,113.9558,1.0,1.45,
2016-02-22,1.77,,54.405,3.57,19.38,113.8232,0.99,1.44,
2016-02-23,1.74,,64.808,3.58,20.98,114.177,0.98,1.42,
2016-02-24,1.75,,41.065,3.56,20.72,114.1716,1.0,1.42,4489796.0
2016-02-25,1.71,,43.818,3.56,19.11,113.9222,0.99,1.39,
2016-02-26,1.76,,56.919,3.56,19.81,114.3708,0.96,1.43,
2016-02-29,1.74,,94.123,3.55,20.55,114.2418,0.96,1.41,
2016-03-01,1.83,,38.763,3.54,17.7,113.9265,0.98,1.5,
2016-03-02,1.84,,44.546,3.5,17.09,113.7965,0.99,1.48,4478485.0
2016-03-03,1.83,,50.384,3.47,16.7,113.2482,0.98,1.55,
2016-03-04,1.88,,51.368,3.43,16.86,112.6387,1.0,1.59,
2016-03-07,1.91,,53.724,3.39,17.35,112.6219,1.0,1.59,
2016-03-08,1.83,,49.332,3.38,18.67,112.8465,0.95,1.54,
2016-03-09,1.9,,47.346,3.36,18.34,112.4268,1.0,1.6,4481083.0
2016-03-10,1.93,,35.428,3.3,18.05,112.4191,1.0,1.61,
2016-03-11,1.98,,39.73,3.26,16.5,111.741,1.01,1.65,
2016-03-14,1.97,,40.518,3.22,16.92,112.1688,1.0,1.63,
2016-03-15,1.97,,38.299,3.19,16.84,112.5545,0.99,1.63,
2016-03-16,1.94,,48.389,3.22,14.99,112.7759,1.07,1.63,4486333.0
2016-03-17,1.91,,34.869,3.2,14.44,110.445,1.04,1.62,
2016-03-18,1.88,,67.622,3.17,14.02,110.4002,1.04,1.58,
2016-03-21,1.92,,55.751,3.15,13.79,110.737,1.05,1.61,
2016-03-22,1.94,,68.284,3.1,14.17,110.7877,1.03,1.64,
2016-03-23,1.88,,70.075,3.07,14.94,111.5473,1.01,1.58,4492857.0
2016-03-24,1.91,,,3.06,14.74,111.816,1.02,1.61,
2016-03-25,,,,,,111.7698,,,
2016-03-28,1.89,,65.481,3.05,15.24,111.3578,1.0,1.6,
2016-03-29,1.81,,104.77,3.09,13.82,111.3736,1.03,1.58,
2016-03-30,1.83,,127.119,3.11,13.56,110.2301,1.07,1.63,4482840.0
2016-03-31,1.78,,303.849,3.12,13.95,109.9191,1.05,1.57,
2016-04-01,1.79,,89.118,3.1,13.1,110.2977,1.03,1.56,
2016-04-04,1.78,,65.692,3.1,14.12,110.3987,1.03,1.55,
2016-04-05,1.73,,44.369,3.08,15.42,110.9478,1.01,1.5,
2016-04-06,1.76,,27.455,3.08,14.09,110.5347,1.03,1.53,4484069.0
2016-04-07,1.7,,34.065,3.06,16.16,110.8876,1.0,1.47,
2016-04-08,1.72,,21.618,3.07,15.36,110.4213,1.02,1.49,
2016-04-11,1.73,,22.151,3.05,16.26,109.9758,1.03,1.5,
2016-04-12,1.79,,18.711,3.03,14.85,109.816,1.05,1.57,
2016-04-13,1.77,,16.61,3.01,13.84,110.1436,1.02,1.54,4499729.0
2016-04-14,1.8,,18.241,2.99,13.72,110.1691,1.03,1.58,
2016-04-15,1.76,,23.479,2.99,13.62,110.1933,1.02,1.54,
2016-04-18,1.78,,38.607,2.99,13.35,109.9892,1.03,1.56,
2016-04-19,1.79,,40.049,2.96,13.24,109.2782,1.02,1.58,
2016-04-20,1.85,,31.971,2.93,13.28,109.3926,1.05,1.62,4490131.0
2016-04-21,1.88,,36.555,2.91,13.95,109.8533,1.06,1.65,
2016-04-22,1.89,,19.084,2.89,13.22,110.2331,1.05,1.66,
2016-04-25,1.91,,24.148,2.88,14.08,110.1865,1.06,1.66,
2016-04-26,1.94,,29.563,2.85,13.96,109.7496,1.08,1.7,
2016-04-27,1.87,,31.432,2.86,13.77,109.8483,1.04,1.63,4474665.0
2016-04-28,1.84,,25.526,2.89,15.22,109.2148,1.06,1.62,
2016-04-29,1.83,,65.558,2.86,15.7,108.8274,1.06,1.61,
2016-05-02,1.88,,38.947,2.86,14.68,108.671,1.08,1.66,
2016-05-03,1.81,,38.536,2.85,15.6,109.3613,1.06,1.6,
2016-05-04,1.79,,35.592,2.85,16.05,109.9952,1.04,1.6,4477270.0
2016-05-05,1.76,,30.222,2.86,15.91,110.2417,1.04,1.56,
2016-05-06,1.79,,28.294,2.87,14.72,110.3801,1.05,1.6,
2016-05-09,1.77,,23.238,2.89,14.57,110.9466,1.05,1.53,
2016-05-10,1.77,,31.035,2.89,13.63,110.8225,1.05,1.53,
2016-05-11,1.73,,31.533,2.9,14.69,110.2806,0.99,1.47,4478411.0
2016-05-12,1.75,,34.843,2.91,14.41,110.6935,0.99,1.48,
2016-05-13,1.71,,17.088,2.9,15.04,111.2521,0.95,1.42,
2016-05-16,1.75,,20.123,2.9,14.68,111.1217,0.96,1.47,
2016-05-17,1.76,,21.115,2.89,15.57,111.0867,0.94,1.48,
2016-05-18,1.87,,63.92,2.87,15.95,111.4995,0.97,1.57,4473741.0
2016-05-19,1.85,,63.293,2.85,16.33,112.2331,0.96,1.54,
2016-05-20,1.85,,60.342,2.86,15.2,112.1822,0.96,1.52,
2016-05-23,1.84,,78.109,2.86,15.82,112.284,0.93,1.49,
2016-05-24,1.86,,57.676,2.85,14.42,112.2912,0.94,1.51,
2016-05-25,1.87,,65.797,2.87,13.9,112.2001,0.95,1.54,4461111.0
2016-05-26,1.83,,58.671,2.86,13.43,111.8979,0.96,1.52,
2016-05-27,1.85,,40.472,2.85,13.12,112.0822,0.95,1.53,
2016-05-30,,,,,,,,,
2016-05-31,1.84,,102.627,2.84,14.19,112.4276,0.97,1.5,
2016-06-01,1.85,,61.186,2.82,14.2,112.462,0.94,1.55,4461393.0
2016-06-02,1.81,,62.973,2.83,13.63,112.4564,0.92,1.52,
2016-06-03,1.71,,58.183,2.86,13.47,111.4451,0.93,1.41,
2016-06-06,1.73,,53.352,2.86,13.65,111.2295,0.93,1.45,
2016-06-07,1.72,,49.906,2.86,14.05,110.8378,0.94,1.44,
2016-06-08,1.71,,41.445,2.85,14.08,110.1916,0.93,1.47,4463542.0
2016-06-09,1.68,,41.435,2.85,14.64,110.6168,0.91,1.42,
2016-06-10,1.64,,40.5,2.86,17.03,111.1027,0.91,1.38,
2016-06-13,1.62,,46.016,2.86,20.97,111.5036,0.89,1.35,
2016-06-14,1.62,,34.936,2.88,20.5,111.9826,0.88,1.35,
2016-06-15,1.6,,28.313,2.9,20.14,111.7671,0.91,1.34,4472817.0
2016-06-16,1.57,,35.1,2.9,19.37,112.2347,0.87,1.3,
2016-06-17,1.62,,58.606,2.89,19.41,111.5332,0.92,1.35,
2016-06-20,1.67,,67.757,2.87,18.37,110.8693,0.93,1.39,
2016-06-21,1.71,,86.546,2.86,18.48,111.0077,0.95,1.44,
2016-06-22,1.69,,90.386,2.86,21.17,110.7681,0.94,1.42,4482009.0
2016-06-23,1.74,,91.509,2.86,17.25,110.262,0.96,1.43,
2016-06-24,1.57,,87.498,2.98,25.76,112.1355,0.93,1.3,
2016-06-27,1.46,,116.639,2.96,23.85,113.1301,0.85,1.19,
2016-06-28,1.46,,129.102,2.95,18.75,112.7545,0.85,1.2,
2016-06-29,1.5,,143.206,2.9,16.64,111.8597,0.88,1.24,4466482.0
2016-06-30,1.49,,278.809,2.92,15.63,112.1618,0.91,1.23,
2016-07-01,1.46,,113.428,2.86,14.77,111.6509,0.87,1.18,
2016-07-04,,,,,,,,,
2016-07-05,1.37,,111.242,2.83,15.58,112.4231,0.81,1.09,
2016-07-06,1.38,,83.401,2.83,14.96,112.5438,0.8,1.11,4470605.0
2016-07-07,1.4,,76.407,2.79,14.76,112.5775,0.82,1.11,
2016-07-08,1.37,,67.516,2.78,13.2,112.3963,0.76,1.09,
2016-07-11,1.43,,61.876,2.75,13.54,112.5254,0.77,1.12,
2016-07-12,1.53,,62.64,2.7,13.55,112.1102,0.84,1.24,
2016-07-13,1.48,,48.357,2.69,13.04,112.0266,0.8,1.17,4472202.0
2016-07-14,1.53,,30.358,2.7,12.82,111.7692,0.85,1.21,
2016-07-15,1.6,,41.162,2.66,12.67,112.2833,0.89,1.28,
2016-07-18,1.59,,80.813,2.67,12.44,112.2463,0.91,1.27,
2016-07-19,1.56,,82.273,2.67,11.97,112.638,0.86,1.25,
2016-07-20,1.59,,79.368,2.66,11.77,112.6743,0.86,1.27,4480973.0
2016-07-21,1.57,,70.517,2.68,12.74,112.6239,0.87,1.25,
2016-07-22,1.57,,44.897,2.66,12.02,112.989,0.86,1.24,
2016-07-25,1.58,,49.132,2.65,12.87,113.1784,0.86,1.26,
2016-07-26,1.57,,69.799,2.65,13.05,113.0593,0.82,1.26,
2016-07-27,1.52,,67.687,2.67,12.83,113.217,0.79,1.21,4464498.0
2016-07-28,1.52,,45.194,2.68,12.72,112.7393,0.8,1.27,
2016-07-29,1.46,,110.518,2.71,11.87,111.874,0.79,1.18,
2016-08-01,1.51,,72.911,2.73,12.44,111.9757,0.84,1.22,
2016-08-02,1.55,,80.535,2.75,13.37,111.7124,0.88,1.26,
2016-08-03,1.55,,68.075,2.76,12.86,111.9419,0.88,1.27,4466793.0
2016-08-04,1.51,,50.263,2.76,12.42,111.9149,0.87,1.25,
2016-08-05,1.59,,56.235,2.73,11.39,112.3589,0.87,1.31,
2016-08-08,1.59,,60.625,2.71,11.5,112.1456,0.85,1.28,
2016-08-09,1.55,,66.881,2.7,11.66,111.722,0.84,1.26,
2016-08-10,1.5,,80.174,2.71,12.05,111.3238,0.81,1.22,4468929.0
2016-08-11,1.57,,80.145,2.7,11.68,111.1954,0.81,1.29,
2016-08-12,1.51,,37.278,2.71,11.55,111.1787,0.8,1.22,
2016-08-15,1.55,,56.95,2.7,11.81,110.9212,0.83,1.24,
2016-08-16,1.57,,76.397,2.7,12.64,110.4295,0.81,1.3,
2016-08-17,1.56,,81.337,2.69,12.19,110.9459,0.82,1.26,4466476.0
2016-08-18,1.53,,95.089,2.7,11.43,110.3134,0.82,1.23,
2016-08-19,1.58,,101.468,2.67,11.34,110.8163,0.82,1.28,
2016-08-22,1.55,,116.124,2.65,12.27,110.9997,0.79,1.26,
2016-08-23,1.55,,121.654,2.64,12.38,110.9414,0.81,1.25,
2016-08-24,1.56,,95.35,2.64,13.45,111.2958,0.8,1.25,4473840.0
2016-08-25,1.58,,72.817,2.63,13.63,111.1726,0.8,1.25,
2016-08-26,1.62,,76.532,2.63,13.65,111.2035,0.78,1.28,
2016-08-29,1.57,,79.731,2.59,12.94,111.8775,0.76,1.24,
2016-08-30,1.57,,101.422,2.62,13.12,112.2928,0.77,1.24,
2016-08-31,1.58,,171.368,2.61,13.42,112.4036,0.78,1.25,4457907.0
2016-09-01,1.57,,90.607,2.62,13.48,112.1733,0.79,1.24,
2016-09-02,1.6,,96.194,2.63,11.98,112.0009,0.8,1.27,
2016-09-05,,,,,,,,,
2016-09-06,1.55,,92.733,2.64,12.02,110.9613,0.81,1.23,
2016-09-07,1.54,,79.08,2.65,11.94,110.9717,0.8,1.2,4459394.0
2016-09-08,1.61,,60.729,2.67,12.51,111.2609,0.83,1.26,
2016-09-09,1.67,,78.784,2.67,17.5,111.9879,0.88,1.32,
2016-09-12,1.68,,86.056,2.68,15.16,112.1516,0.89,1.31,
2016-09-13,1.73,,83.109,2.7,17.85,112.5207,0.93,1.37,
2016-09-14,1.7,,64.485,2.7,18.14,112.4678,0.93,1.37,4481635.0
2016-09-15,1.71,,55.994,2.72,16.3,112.4753,0.97,1.42,
2016-09-16,1.7,,100.761,2.71,15.37,113.1765,0.93,1.4,
2016-09-19,1.7,,125.636,2.7,15.53,112.903,0.91,1.4,
2016-09-20,1.69,,156.685,2.7,15.92,113.1848,0.9,1.39,
2016-09-21,1.66,,176.835,2.7,13.3,112.9842,0.87,1.44,4473032.0
2016-09-22,1.63,,194.053,2.69,12.02,112.2592,0.84,1.45,
2016-09-23,1.62,,174.726,2.68,12.29,112.7166,0.85,1.44,
2016-09-26,1.59,,200.068,2.7,14.5,112.7112,0.83,1.34,
2016-09-27,1.56,,239.7,2.69,13.1,112.5515,0.81,1.3,
2016-09-28,1.57,,272.277,2.69,12.39,112.6283,0.82,1.3,4452002.0
2016-09-29,1.56,,271.847,2.67,14.02,112.2879,0.83,1.3,
2016-09-30,1.6,,412.523,2.69,13.29,112.2795,0.83,1.31,
2016-10-03,1.63,,320.889,2.66,13.57,112.5077,0.83,1.31,
2016-10-04,1.69,,306.041,2.66,13.63,112.6579,0.87,1.36,
2016-10-05,1.72,,297.964,2.64,12.99,112.7946,0.87,1.4,4459407.0
2016-10-06,1.75,,237.619,2.61,12.84,113.0066,0.89,1.42,
2016-10-07,1.73,,226.065,2.63,13.48,113.2915,0.9,1.4,
2016-10-10,,,,,13.38,,,,
2016-10-11,1.77,,201.546,2.6,15.36,113.4461,0.9,1.42,
2016-10-12,1.79,,188.671,2.6,15.91,113.7442,0.92,1.42,4457698.0
2016-10-13,1.75,,180.971,2.59,16.69,113.6238,0.9,1.45,
2016-10-14,1.8,,133.359,2.63,16.12,113.7119,0.96,1.48,
2016-10-17,1.77,,124.407,2.62,16.21,113.5488,0.96,1.43,
2016-10-18,1.75,,174.966,2.62,15.28,113.1393,0.93,1.41,
2016-10-19,1.76,,191.81,2.62,14.41,113.0547,0.95,1.41,4467382.0
2016-10-20,1.76,,172.312,2.59,13.75,113.4033,0.92,1.41,
2016-10-21,1.74,,181.285,2.6,13.34,113.9015,0.9,1.4,
2016-10-24,1.77,,142.574,2.59,13.02,113.8571,0.93,1.44,
2016-10-25,1.77,,132.403,2.58,13.46,113.6801,0.91,1.43,
2016-10-26,1.79,,142.065,2.6,14.24,113.8131,0.93,1.46,4454326.0
2016-10-27,1.85,,135.113,2.59,15.36,114.1998,0.98,1.55,
2016-10-28,1.86,,129.983,2.6,16.19,114.0931,1.0,1.56,
2016-10-31,1.84,,214.798,2.61,17.06,114.0188,0.98,1.5,
2016-11-01,1.83,,171.89,2.61,18.56,113.9915,1.0,1.48,
2016-11-02,1.81,,176.232,2.63,19.32,113.9206,1.0,1.44,4453087.0
2016-11-03,1.82,,148.543,2.67,22.08,113.7664,1.01,1.44,
2016-11-04,1.79,,136.483,2.67,22.51,113.5828,0.99,1.41,
2016-11-07,1.83,,128.671,2.66,18.71,113.5443,1.01,1.42,
2016-11-08,1.88,,127.33,2.62,18.74,113.3017,1.01,1.45,
2016-11-09,2.07,,130.993,2.66,14.38,114.6956,1.17,1.62,4455087.0
2016-11-10,2.15,,99.936,2.6,14.74,115.9375,1.23,1.67,
2016-11-11,,,,,14.17,,,,
2016-11-14,2.23,,81.448,2.6,14.48,117.2245,1.23,1.68,
2016-11-15,2.23,,102.247,2.59,13.37,116.7724,1.21,1.72,
2016-11-16,2.22,,116.044,2.55,13.72,116.8062,1.22,1.75,4453633.0
2016-11-17,2.29,,92.397,2.54,13.35,116.8952,1.25,1.85,
2016-11-18,2.34,,116.091,2.52,12.85,117.5936,1.27,1.9,
2016-11-21,2.33,,135.387,2.52,12.42,117.4762,1.25,1.87,
2016-11-22,2.31,,128.222,2.53,12.41,117.4508,1.24,1.82,
2016-11-23,2.36,,119.371,2.49,12.43,118.0356,1.24,1.85,4465782.0
2016-11-24,,,,,,,,,
2016-11-25,2.36,,121.165,2.48,12.34,118.02,1.24,1.87,
2016-11-28,2.32,,146.903,2.47,13.15,117.7278,1.21,1.84,
2016-11-29,2.3,,138.401,2.46,12.9,117.644,1.21,1.82,
2016-11-30,2.37,,208.524,2.45,13.33,117.7636,1.26,1.89,4446307.0
2016-12-01,2.45,,159.215,2.42,14.07,117.6642,1.31,1.97,
2016-12-02,2.4,,167.881,2.42,14.12,117.3116,1.29,1.91,
2016-12-05,2.39,,168.369,2.42,12.14,117.1008,1.26,1.9,
2016-12-06,2.39,,185.55,2.44,11.79,116.9225,1.27,1.9,
2016-12-07,2.34,,185.812,2.44,12.22,116.672,1.24,1.82,4448618.0
2016-12-08,2.4,,186.313,2.43,12.64,117.0327,1.28,1.89,
2016-12-09,2.47,,185.799,2.43,11.75,117.2834,1.32,1.93,
2016-12-12,2.49,,189.33,2.41,12.64,116.9161,1.34,1.98,
2016-12-13,2.48,,238.46,2.39,12.72,116.8029,1.31,1.94,
2016-12-14,2.54,,169.563,2.32,13.19,116.7332,1.27,1.99,4470973.0
2016-12-15,2.6,,199.654,2.24,12.79,118.8072,1.31,2.09,
2016-12-16,2.6,,213.706,2.28,12.2,118.3584,1.32,2.09,
2016-12-19,2.54,,237.525,2.28,11.71,118.3875,1.3,2.02,
2016-12-20,2.57,,277.354,2.28,11.45,118.63,1.32,2.05,
2016-12-21,2.55,,307.477,2.26,11.27,118.581,1.34,2.03,4469089.0
2016-12-22,2.55,,312.338,2.27,11.43,118.8209,1.33,2.04,
2016-12-23,2.55,,280.643,2.25,11.44,118.7856,1.33,2.03,
2016-12-26,,,,,,,,,
2016-12-27,2.57,,294.061,2.25,11.99,118.9506,1.29,2.06,
2016-12-28,2.51,,323.912,2.26,12.95,119.2305,1.25,1.98,4451451.0
2016-12-29,2.49,,346.472,2.27,13.37,118.6637,1.27,2.02,
2016-12-30,2.45,,468.355,2.28,14.04,118.3466,1.25,1.94,
2017-01-02,,,,,,,,,
2017-01-03,2.45,,287.236,2.27,12.85,119.0903,1.23,1.92,
2017-01-04,2.46,,266.468,2.25,11.85,118.8803,1.22,1.93,4453101.0
2017-01-05,2.37,,233.43,2.25,11.67,117.9999,1.2,1.85,
2017-01-06,2.42,,209.205,2.24,11.32,118.3495,1.2,1.89,
2017-01-09,2.38,,191.97,2.24,11.56,118.4111,1.17,1.88,
2017-01-10,2.38,,180.715,2.24,11.49,118.5386,1.19,1.86,
2017-01-11,2.38,,158.82,2.22,11.26,119.0219,1.18,1.86,4452509.0
2017-01-12,2.36,,141.218,2.25,11.54,117.8001,1.18,1.84,
2017-01-13,2.4,,88.201,2.23,11.23,117.9884,1.19,1.87,
2017-01-16,,,,,,,,,
2017-01-17,2.33,,96.798,2.26,11.87,117.2656,1.16,1.78,
2017-01-18,2.42,,130.118,2.22,12.48,117.7242,1.19,1.89,4460758.0
2017-01-19,2.47,,138.637,2.21,12.78,118.3182,1.22,1.95,
2017-01-20,2.48,,148.785,2.21,11.54,,1.28,1.98,
2017-01-23,2.41,,156.316,2.21,11.77,117.2479,1.25,1.9,
2017-01-24,2.47,,110.193,2.22,11.07,117.0516,1.26,1.96,
2017-01-25,2.53,,108.36,2.21,10.81,116.9355,1.3,2.03,4452838.0
2017-01-26,2.51,,94.67,2.2,10.63,117.2766,1.3,2.0,
2017-01-27,2.49,,108.772,2.19,10.58,117.0735,1.27,1.97,
2017-01-30,2.49,,101.514,2.21,11.88,116.7325,1.27,1.98,
2017-01-31,2.45,,180.162,2.23,11.99,116.2241,1.26,1.93,
2017-02-01,2.48,,133.73,2.23,11.81,116.3914,1.26,1.97,4453881.0
2017-02-02,2.48,,111.12,2.23,11.93,115.903,1.27,1.96,
2017-02-03,2.49,,117.361,2.24,10.97,115.6259,1.28,1.98,
2017-02-06,2.42,,125.66,2.25,11.37,116.0504,1.26,1.89,
2017-02-07,2.4,,131.659,2.24,11.29,116.4082,1.24,1.87,
2017-02-08,2.34,,122.934,2.25,11.45,116.1382,1.19,1.8,4456236.0
2017-02-09,2.4,,83.894,2.24,10.88,116.306,1.2,1.86,
2017-02-10,2.41,,74.169,2.23,10.85,116.148,1.21,1.86,
2017-02-13,2.43,,98.103,2.23,11.07,116.3427,1.23,1.91,
2017-02-14,2.47,,87.998,2.21,10.74,116.3949,1.22,1.93,
2017-02-15,2.51,,105.123,2.19,11.97,116.2162,1.24,1.97,4454676.0
2017-02-16,2.45,,104.978,2.2,11.76,116.0067,1.23,1.92,
2017-02-17,2.42,,147.243,2.21,11.49,116.4035,1.21,1.89,
2017-02-20,,,,,,,,,
2017-02-21,2.43,,163.259,2.2,11.57,116.5921,1.21,1.9,
2017-02-22,2.42,,177.833,2.21,11.74,116.2136,1.2,1.9,4468702.0
2017-02-23,2.38,,187.176,2.23,11.71,115.6527,1.2,1.87,
2017-02-24,2.31,,160.882,2.23,11.47,115.8143,1.19,1.79,
2017-02-27,2.36,,153.382,2.21,12.09,115.6764,1.16,1.86,
2017-02-28,2.36,,204.651,2.19,12.92,116.0032,1.14,1.83,
2017-03-01,2.46,,156.01,2.18,12.54,116.438,1.17,1.83,4458018.0
2017-03-02,2.49,,168.142,2.16,11.81,116.8429,1.17,1.82,
2017-03-03,2.49,,193.272,2.16,10.96,116.6438,1.17,1.78,
2017-03-06,2.49,,205.21,2.17,11.24,116.4313,1.18,1.75,
2017-03-07,2.52,,208.765,2.15,11.45,116.4303,1.2,1.76,
2017-03-08,2.57,,212.124,2.15,11.86,116.875,1.21,1.84,4459840.0
2017-03-09,2.6,,217.831,2.17,12.3,116.9959,1.23,1.87,
2017-03-10,2.58,,233.046,2.18,11.66,116.616,1.22,1.83,
2017-03-13,2.62,,232.962,2.17,11.35,116.4004,1.22,1.83,
2017-03-14,2.6,,200.798,2.18,12.3,116.5646,1.2,1.82,
2017-03-15,2.51,,226.51,2.2,11.63,116.3584,1.18,1.78,4469577.0
2017-03-16,2.53,,209.114,2.21,11.21,115.4456,1.18,1.8,
2017-03-17,2.5,,240.669,2.22,11.28,115.2783,1.17,1.77,
2017-03-20,2.47,,235.827,2.23,11.34,115.0426,1.17,1.71,
2017-03-21,2.43,,237.331,2.23,12.47,114.8119,1.16,1.66,
2017-03-22,2.4,,251.013,2.23,12.81,114.7937,1.13,1.63,4478236.0
2017-03-23,2.41,,231.463,2.24,13.12,114.7899,1.15,1.65,
2017-03-24,2.4,,200.237,2.22,12.96,114.6372,1.14,1.62,
2017-03-27,2.38,,215.473,2.23,12.5,114.2347,1.11,1.6,
2017-03-28,2.42,,224.475,2.22,11.53,114.419,1.12,1.64,
2017-03-29,2.39,,260.357,2.23,11.42,114.7167,1.13,1.61,4469618.0
2017-03-30,2.42,,224.134,2.23,11.54,114.5245,1.14,1.64,
2017-03-31,2.4,,346.853,2.24,12.37,114.7938,1.13,1.64,
2017-04-03,2.35,,233.582,2.26,12.38,114.8734,1.11,1.56,
2017-04-04,2.36,,207.711,2.26,11.79,115.0038,1.11,1.57,
2017-04-05,2.34,,174.644,2.29,12.89,114.9494,1.1,1.54,4474634.0
2017-04-06,2.34,,117.337,2.27,12.39,115.0181,1.1,1.55,
2017-04-07,2.38,,117.774,2.24,12.87,115.0547,1.09,1.56,
2017-04-10,2.37,,120.504,2.24,14.05,115.11,1.08,1.55,
2017-04-11,2.32,,114.753,2.24,15.07,115.009,1.08,1.5,
2017-04-12,2.28,,105.528,2.28,15.77,114.9162,1.04,1.47,4484492.0
2017-04-13,2.24,,,2.28,15.96,114.5059,1.03,1.43,
2017-04-14,,,,,,114.5368,,,
2017-04-17,2.26,,64.37,2.29,14.66,114.3283,1.05,1.43,
2017-04-18,2.18,,109.402,2.29,14.42,114.2575,1.0,1.36,
2017-04-19,2.21,,116.567,2.29,14.93,114.7923,1.02,1.4,4479270.0
2017-04-20,2.24,,128.726,2.28,14.15,114.6205,1.03,1.45,
2017-04-21,2.24,,136.521,2.29,14.63,114.8128,1.04,1.45,
2017-04-24,2.28,,118.667,2.28,10.84,114.3659,1.03,1.47,
2017-04-25,2.35,,116.956,2.26,10.76,114.5111,1.06,1.53,
2017-04-26,2.32,,122.323,2.27,10.85,114.9479,1.04,1.49,4470142.0
2017-04-27,2.3,,127.826,2.28,10.36,114.9946,1.05,1.49,
2017-04-28,2.29,,181.976,2.28,10.82,114.7877,1.01,1.49,
2017-05-01,2.33,,162.198,2.29,10.11,114.5921,1.05,1.5,
2017-05-02,2.29,,183.851,2.3,10.59,114.6792,1.02,1.47,
2017-05-03,2.33,,186.667,2.23,10.68,114.6637,1.03,1.48,4471246.0
2017-05-04,2.36,,152.793,2.25,10.46,114.9076,1.04,1.5,
2017-05-05,2.36,,156.789,2.24,10.57,114.7725,1.04,1.46,
2017-05-08,2.39,,162.58,2.23,9.77,115.0895,1.06,1.48,
2017-05-09,2.42,,167.302,2.22,9.96,115.3933,1.05,1.51,
2017-05-10,2.41,,187.269,2.22,10.21,115.1145,1.06,1.51,4473459.0
2017-05-11,2.39,,161.232,2.24,10.6,115.0669,1.04,1.5,
2017-05-12,2.33,,167.696,2.25,10.4,114.7479,1.04,1.45,
2017-05-15,2.34,,144.99,2.25,10.42,114.3504,1.03,1.44,
2017-05-16,2.33,,157.693,2.24,10.65,113.9923,1.04,1.43,
2017-05-17,2.22,,167.158,2.26,15.59,113.7506,0.96,1.32,4467108.0
2017-05-18,2.23,,185.287,2.26,14.66,114.2683,0.96,1.3,
2017-05-19,2.23,,182.273,2.26,12.04,113.7001,0.95,1.31,
2017-05-22,2.25,,185.031,2.24,10.93,113.5442,0.96,1.32,
2017-05-23,2.29,,198.865,2.22,10.72,113.6862,0.98,1.37,
2017-05-24,2.26,,184.946,2.25,10.02,113.675,0.97,1.33,4470852.0
2017-05-25,2.25,,153.451,2.24,9.99,113.3719,0.95,1.31,
2017-05-26,2.25,,168.041,2.24,9.81,113.4839,0.95,1.31,
2017-05-29,,,,,,,,,
2017-05-30,2.21,,182.065,2.25,10.38,113.5552,0.93,1.28,
2017-05-31,2.21,,256.176,2.23,10.41,113.2956,0.93,1.23,4459914.0
2017-06-01,2.21,,163.755,2.24,9.89,113.3017,0.93,1.23,
2017-06-02,2.15,,170.496,2.24,9.75,113.1908,0.87,1.17,
2017-06-05,2.18,,164.208,2.24,10.07,112.9755,0.86,1.22,
2017-06-06,2.14,,160.949,2.25,10.45,112.7095,0.84,1.17,
2017-06-07,2.18,,165.138,2.23,10.39,112.8191,0.86,1.18,4462443.0
2017-06-08,2.19,,151.582,2.23,10.16,112.8351,0.86,1.18,
2017-06-09,2.21,,155.344,2.21,10.7,112.9562,0.86,1.2,
2017-06-12,2.21,,152.198,2.22,11.46,112.9837,0.86,1.23,
2017-06-13,2.21,,172.973,2.21,10.42,112.6271,0.83,1.21,
2017-06-14,2.15,,163.056,2.19,10.64,112.0734,0.8,1.14,4476269.0
2017-06-15,2.16,,131.378,2.18,10.9,112.8708,0.81,1.14,
2017-06-16,2.16,,158.566,2.19,10.38,112.6155,0.84,1.13,
2017-06-19,2.19,,166.745,2.17,10.37,112.7576,0.83,1.17,
2017-06-20,2.16,,192.347,2.16,10.86,113.2698,0.8,1.15,
2017-06-21,2.16,,198.769,2.15,10.75,113.3327,0.8,1.17,4474257.0
2017-06-22,2.15,,195.144,2.16,10.48,113.1654,0.81,1.19,
2017-06-23,2.15,,201.475,2.15,10.02,112.8665,0.81,1.18,
2017-06-26,2.14,,185.227,2.15,9.9,112.7633,0.78,1.15,
2017-06-27,2.21,,212.664,2.12,11.06,112.55,0.83,1.21,
2017-06-28,2.22,,263.699,2.14,10.03,112.0747,0.88,1.2,4463347.0
2017-06-29,2.27,,269.565,2.11,11.44,111.998,0.89,1.23,
2017-06-30,2.31,,398.875,2.09,11.18,111.9896,0.93,1.28,
2017-07-03,2.35,,255.693,2.07,11.22,112.4268,0.94,1.29,
2017-07-04,,,,,,,,,
2017-07-05,2.33,,240.029,2.08,11.07,112.6534,0.92,1.28,4467272.0
2017-07-06,2.37,,189.992,2.07,12.54,112.4199,0.97,1.33,
2017-07-07,2.39,,189.214,2.08,11.19,112.3137,0.99,1.34,
2017-07-10,2.38,,189.721,2.08,11.11,112.1587,0.98,1.34,
2017-07-11,2.37,,173.774,2.08,10.89,112.1434,1.0,1.32,
2017-07-12,2.33,,179.172,2.09,10.3,111.5904,0.98,1.28,4466702.0
2017-07-13,2.35,,162.379,2.09,9.9,111.5365,0.98,1.3,
2017-07-14,2.33,,136.231,2.09,9.51,110.9075,0.98,1.29,
2017-07-17,2.31,,122.436,2.09,9.82,110.9304,0.95,1.24,
2017-07-18,2.27,,157.322,2.08,9.89,110.4356,0.91,1.2,
2017-07-19,2.27,,144.731,2.07,9.79,110.4339,0.9,1.16,4476903.0
2017-07-20,2.27,,126.676,2.05,9.58,110.2512,0.9,1.12,
2017-07-21,2.24,,122.712,2.05,9.36,110.191,0.88,1.08,
2017-07-24,2.26,,95.123,2.06,9.43,110.2004,0.89,1.09,
2017-07-25,2.33,,74.54,2.05,9.43,110.2835,0.93,1.15,
2017-07-26,2.29,,103.311,2.07,9.6,110.3811,0.93,1.16,4465284.0
2017-07-27,2.32,,95.636,2.07,10.11,110.216,0.96,1.21,
2017-07-28,2.3,,108.479,2.05,10.29,109.92,0.96,1.22,
2017-07-31,2.3,,204.622,2.06,10.26,109.8177,0.96,1.23,
2017-08-01,2.26,,98.069,2.06,10.09,109.8495,0.92,1.18,
2017-08-02,2.27,,119.334,2.05,10.28,109.7503,0.91,1.19,4466846.0
2017-08-03,2.24,,87.844,2.05,10.44,109.8332,0.9,1.16,
2017-08-04,2.27,,93.778,2.05,10.03,110.2808,0.91,1.19,
2017-08-07,2.26,,104.061,2.06,9.93,110.373,0.9,1.24,
2017-08-08,2.29,,103.612,2.07,10.96,110.396,0.93,1.23,
2017-08-09,2.24,,103.95,2.09,11.11,110.3671,0.91,1.18,4469083.0
2017-08-10,2.2,,90.273,2.11,16.04,110.1886,0.87,1.15,
2017-08-11,2.19,,95.534,2.12,15.51,110.0422,0.89,1.16,
2017-08-14,2.22,,74.682,2.11,12.33,110.095,0.89,1.2,
2017-08-15,2.27,,71.382,2.09,12.04,110.4846,0.92,1.23,
2017-08-16,2.23,,92.84,2.09,11.74,110.4394,0.9,1.21,4462871.0
2017-08-17,2.19,,78.582,2.11,15.55,110.1673,0.87,1.19,
2017-08-18,2.19,,129.105,2.12,14.26,110.041,0.86,1.17,
2017-08-21,2.18,,144.1,2.12,13.19,109.7349,0.86,1.18,
2017-08-22,2.22,,166.094,2.1,11.35,109.8386,0.89,1.22,
2017-08-23,2.17,,169.793,2.12,12.25,109.8095,0.85,1.17,4463837.0
2017-08-24,2.19,,130.879,2.12,12.23,109.7524,0.86,1.17,
2017-08-25,2.17,,122.167,2.12,11.28,109.3415,0.82,1.14,
2017-08-28,2.16,,121.947,2.13,11.32,109.1815,0.83,1.18,
2017-08-29,2.13,,127.243,2.15,11.7,109.0946,0.8,1.1,
2017-08-30,2.15,,146.086,2.14,11.22,109.4052,0.82,1.12,4452360.0
2017-08-31,2.12,,213.486,2.14,10.59,109.3686,0.79,1.11,
2017-09-01,2.16,,124.952,2.15,10.13,109.0504,0.81,1.14,
2017-09-04,,,,,,,,,
2017-09-05,2.07,,136.131,2.16,12.23,108.8664,0.77,1.04,
2017-09-06,2.1,,145.128,2.17,11.63,108.4897,0.8,1.03,4453474.0
2017-09-07,2.05,,126.607,2.17,11.55,107.9224,0.78,1.0,
2017-09-08,2.06,,113.842,2.17,12.12,107.808,0.79,1.02,
2017-09-11,2.14,,115.972,2.15,10.73,108.153,0.82,1.09,
2017-09-12,2.17,,127.019,2.16,10.58,108.3239,0.84,1.14,
2017-09-13,2.2,,125.668,2.13,10.5,108.6628,0.85,1.16,4471174.0
2017-09-14,2.2,,97.564,2.11,10.44,108.618,0.83,1.15,
2017-09-15,2.2,,109.645,2.1,10.17,108.3147,0.81,1.15,
2017-09-18,2.23,,138.909,2.1,10.15,108.6401,0.83,1.18,
2017-09-19,2.24,,156.728,2.09,10.18,108.6142,0.84,1.2,
2017-09-20,2.28,,168.025,2.06,9.78,108.4329,0.83,1.24,4458576.0
2017-09-21,2.27,,152.866,2.05,9.67,108.9267,0.82,1.23,
2017-09-22,2.26,,157.33,2.05,9.59,108.7542,0.8,1.23,
2017-09-25,2.22,,158.503,2.06,10.21,109.3302,0.78,1.17,
2017-09-26,2.24,,173.715,2.04,10.17,109.7769,0.79,1.18,
2017-09-27,2.31,,220.083,2.06,9.87,110.0722,0.84,1.24,4455661.0
2017-09-28,2.31,,208.936,2.05,9.55,110.2415,0.86,1.25,
2017-09-29,2.33,,316.09,2.0,9.51,110.0867,0.86,1.27,
2017-10-02,2.34,,190.377,1.99,9.45,110.3686,0.85,1.33,
2017-10-03,2.33,,181.605,2.0,9.51,110.3281,0.86,1.26,
2017-10-04,2.33,,178.738,2.01,9.63,110.2425,0.86,1.25,4460422.0
2017-10-05,2.35,,132.827,2.0,9.19,110.5823,0.86,1.28,
2017-10-06,2.37,,119.529,1.98,9.65,110.7841,0.83,1.3,
2017-10-09,,,,,10.33,,,,
2017-10-10,2.35,,121.913,1.97,10.08,110.3034,0.84,1.27,
2017-10-11,2.35,,129.805,1.97,9.85,110.3037,0.84,1.25,4459415.0
2017-10-12,2.33,,102.807,1.97,9.91,110.3152,0.82,1.24,
2017-10-13,2.28,,99.961,1.97,9.61,110.2669,0.77,1.19,
2017-10-16,2.3,,78.531,1.97,9.91,110.5432,0.76,1.2,
2017-10-17,2.3,,91.188,1.95,10.31,110.9141,0.76,1.21,
2017-10-18,2.34,,121.457,1.95,10.07,110.7214,0.75,1.25,4469723.0
2017-10-19,2.33,,102.612,1.94,10.05,110.4577,0.75,1.23,
2017-10-20,2.39,,102.488,1.94,9.97,111.0375,0.79,1.28,
2017-10-23,2.38,,110.26,1.94,11.07,111.2134,0.8,1.29,
2017-10-24,2.42,,97.202,1.92,11.16,111.4027,0.82,1.3,
2017-10-25,2.44,,112.057,1.93,11.23,111.3904,0.83,1.32,4461117.0
2017-10-26,2.46,,98.412,1.91,11.3,111.6418,0.83,1.35,
2017-10-27,2.42,,105.903,1.93,9.8,112.1495,0.83,1.32,
2017-10-30,2.37,,102.147,1.92,10.5,111.901,0.79,1.25,
2017-10-31,2.38,,173.605,1.91,10.18,111.8052,0.78,1.23,
2017-11-01,2.37,,87.165,1.92,10.2,111.7942,0.76,1.19,4455887.0
2017-11-02,2.35,,58.758,1.91,9.93,111.5474,0.74,1.18,
2017-11-03,2.34,,60.915,1.91,9.14,111.9383,0.71,1.16,
2017-11-06,2.32,,70.365,1.92,9.4,111.7197,0.71,1.13,
2017-11-07,2.32,,58.971,1.9,9.89,111.9446,0.69,1.1,
2017-11-08,2.32,,74.546,1.92,9.78,111.6935,0.67,1.09,4458552.0
2017-11-09,2.33,,46.378,1.93,10.5,111.5626,0.7,1.09,
2017-11-10,2.4,,39.671,,11.29,,0.73,1.17,
2017-11-13,2.4,,35.243,1.93,11.5,111.7833,0.7,1.16,
2017-11-14,2.38,,32.219,1.93,11.59,111.5097,0.7,1.12,
2017-11-15,2.33,,35.038,1.95,13.13,111.4809,0.65,1.08,4448289.0
2017-11-16,2.37,,20.709,1.92,11.76,111.2568,0.65,1.1,
2017-11-17,2.35,,38.838,1.93,11.43,111.0016,0.62,1.06,
2017-11-20,2.37,,34.576,1.91,10.65,111.2599,0.6,1.07,
2017-11-21,2.36,,42.899,1.88,9.73,110.9828,0.59,1.06,
2017-11-22,2.32,,51.634,1.91,9.88,110.5632,0.58,1.03,4450615.0
2017-11-23,,,,,,,,,
2017-11-24,2.34,,40.488,1.9,9.67,110.0253,0.59,1.05,
2017-11-27,2.32,,39.381,1.93,9.87,110.1136,0.58,1.05,
2017-11-28,2.34,,50.834,1.91,10.03,110.3018,0.59,1.04,
2017-11-29,2.37,,67.019,1.92,10.7,110.3265,0.59,1.08,4438592.0
2017-11-30,2.42,,102.719,1.88,11.28,110.4648,0.64,1.15,
2017-12-01,2.37,,59.03,1.87,11.43,110.1413,0.59,1.1,
2017-12-04,2.37,,72.389,1.87,11.68,110.397,0.57,1.08,
2017-12-05,2.36,,68.297,1.84,11.33,110.4905,0.53,1.06,
2017-12-06,2.33,,76.368,1.86,11.02,110.8711,0.55,1.03,4437148.0
2017-12-07,2.37,,63.552,1.88,10.16,111.0178,0.57,1.08,
2017-12-08,2.38,,82.714,1.87,9.58,111.2273,0.58,1.1,
2017-12-11,2.39,,107.473,1.85,9.34,111.0827,0.57,1.06,
2017-12-12,2.4,,119.09,1.84,9.92,111.5214,0.57,1.06,
2017-12-13,2.36,,143.392,1.83,10.18,111.2759,0.57,1.06,4452726.0
2017-12-14,2.35,,107.679,1.82,10.49,111.0893,0.53,1.03,
2017-12-15,2.35,,80.206,1.8,9.42,111.1286,0.51,1.04,
2017-12-18,2.39,,117.276,1.81,9.53,110.9086,0.55,1.01,
2017-12-19,2.46,,112.628,1.81,10.03,111.1255,0.59,1.09,
2017-12-20,2.49,,127.582,1.82,9.72,110.8361,0.62,1.11,4447470.0
2017-12-21,2.48,,116.978,1.79,9.62,110.8786,0.59,1.13,
2017-12-22,2.48,,113.852,1.79,9.9,111.0997,0.57,1.15,
2017-12-25,,,,,,,,,
2017-12-26,2.47,,119.456,1.78,10.25,110.9758,0.55,1.0,
2017-12-27,2.42,,147.749,1.76,10.47,110.8553,0.53,0.98,4448680.0
2017-12-28,2.43,,158.478,1.76,10.18,110.5154,0.52,1.04,
2017-12-29,2.4,,319.595,1.77,11.04,110.0783,0.51,1.01,
2018-01-01,,,,,,,,,
2018-01-02,2.46,,136.967,1.78,9.77,109.6445,0.54,1.02,
2018-01-03,2.44,,131.622,1.77,9.15,109.6751,0.5,1.03,4443718.0
2018-01-04,2.46,,76.624,1.75,9.22,109.4777,0.5,1.05,
2018-01-05,2.47,,63.804,1.76,9.22,109.3496,0.51,1.08,
2018-01-08,2.49,,63.531,1.74,9.52,109.5681,0.53,1.04,
2018-01-09,2.55,,56.468,1.74,10.08,109.9025,0.57,1.11,
2018-01-10,2.55,,57.954,1.73,9.82,109.628,0.57,1.13,4446062.0
2018-01-11,2.54,,33.597,1.69,9.88,109.4888,0.56,1.11,
2018-01-12,2.55,,21.59,1.68,10.16,108.901,0.56,1.12,
2018-01-15,,,,,,,,,
2018-01-16,2.54,,22.003,1.66,11.66,108.3218,0.51,1.09,
2018-01-17,2.57,,20.548,1.66,11.91,108.1526,0.52,1.13,4439145.0
2018-01-18,2.62,,22.804,1.64,12.22,108.0655,0.57,1.17,
2018-01-19,2.64,,22.196,1.64,11.27,107.9455,0.58,1.2,
2018-01-22,2.66,,28.706,1.64,11.03,108.107,0.58,1.22,
2018-01-23,2.63,,31.791,1.64,11.1,107.9979,0.57,1.19,
2018-01-24,2.65,,36.371,1.65,11.47,107.0802,0.57,1.22,4441317.0
2018-01-25,2.63,,19.891,1.61,11.58,106.5052,0.55,1.21,
2018-01-26,2.66,,21.427,1.6,11.08,106.6911,0.53,1.25,
2018-01-29,2.7,,23.98,1.59,13.84,107.1142,0.59,1.26,
2018-01-30,2.73,,31.766,1.59,14.79,107.1064,0.6,1.29,
2018-01-31,2.72,,65.797,1.56,13.54,106.7696,0.58,1.26,4419225.0
2018-02-01,2.78,,31.825,1.56,13.47,106.4877,0.62,1.3,
2018-02-02,2.84,,43.931,1.58,17.31,107.1151,0.69,1.36,
2018-02-05,2.77,,59.008,1.63,37.32,107.33,0.69,1.26,
2018-02-06,2.79,,49.214,1.61,29.98,107.5204,0.69,1.27,
2018-02-07,2.84,,48.12,1.62,27.73,107.7175,0.69,1.29,4420745.0
2018-02-08,2.85,,33.272,1.63,33.46,108.3025,0.72,1.3,
2018-02-09,2.83,,36.567,1.67,29.06,108.2582,0.78,1.28,
2018-02-12,2.86,,30.631,1.64,25.61,108.0332,0.77,1.24,
2018-02-13,2.83,,43.137,1.69,24.97,107.7574,0.73,1.24,
2018-02-14,2.91,,38.518,1.66,19.26,107.4691,0.74,1.33,4434863.0
2018-02-15,2.9,,29.08,1.63,19.13,106.9867,0.71,1.32,
2018-02-16,2.87,,29.615,1.66,19.46,107.0359,0.66,1.25,
2018-02-19,,,,,,,,,
2018-02-20,2.88,,32.495,1.67,20.6,107.6249,0.63,1.22,
2018-02-21,2.94,,45.171,1.67,20.02,107.8679,0.68,1.3,4411660.0
2018-02-22,2.92,,36.32,1.68,18.72,107.8668,0.67,1.29,
2018-02-23,2.88,,15.875,1.68,16.49,107.6804,0.63,1.24,
2018-02-26,2.86,,9.36,1.7,15.8,107.7347,0.64,1.2,
2018-02-27,2.9,,19.729,1.69,18.59,108.1731,0.63,1.24,
2018-02-28,2.87,,44.51,1.68,19.85,108.3903,0.62,1.22,4393401.0
2018-03-01,2.81,,14.334,1.72,22.47,108.5358,0.59,1.18,
2018-03-02,2.86,,15.642,1.72,19.59,,0.61,1.21,
2018-03-05,2.88,,15.23,1.72,18.73,108.3614,0.64,1.18,
2018-03-06,2.88,,11.205,1.75,18.36,107.7969,0.63,1.2,
2018-03-07,2.89,,14.295,1.77,17.76,108.0911,0.64,1.21,4396097.0
2018-03-08,2.86,,6.963,1.78,16.54,108.2671,0.61,1.19,
2018-03-09,2.9,,3.247,1.77,14.64,107.923,0.63,1.23,
2018-03-12,2.87,,1.77,1.79,15.78,107.9438,0.6,1.16,
2018-03-13,2.84,,2.145,1.8,16.35,107.7384,0.58,1.11,
2018-03-14,2.81,,4.97,1.8,17.23,107.8623,0.55,1.05,4407258.0
2018-03-15,2.82,,3.746,1.81,16.59,108.2032,0.53,1.05,
2018-03-16,2.85,,10.28,1.79,15.8,108.4332,0.54,1.07,
2018-03-19,2.85,,7.82,1.8,19.02,108.3145,0.54,1.05,
2018-03-20,2.89,,11.95,1.79,18.2,108.4953,0.55,1.08,
2018-03-21,2.89,,20.586,1.82,17.86,,0.58,1.15,4401222.0
2018-03-22,2.83,,11.592,1.84,23.34,107.9935,0.54,1.11,
2018-03-23,2.82,,10.45,1.87,24.87,107.7495,0.54,1.08,
2018-03-26,2.85,,5.921,1.84,21.03,107.1819,0.52,1.06,
2018-03-27,2.78,,9.62,1.86,22.5,107.3359,0.52,1.01,
2018-03-28,2.77,,17.898,1.86,22.87,107.5733,0.49,1.04,4392198.0
2018-03-29,2.74,,,1.85,19.97,107.665,0.47,1.01,
2018-03-30,,,,,,107.4784,,,
2018-04-02,2.73,,3.823,1.86,23.62,107.7033,0.48,0.96,
2018-04-03,2.79,1.83,8.695,1.84,21.1,107.5624,0.51,1.04,
2018-04-04,2.79,1.74,4.57,1.85,20.06,107.6361,0.51,1.08,4386104.0
2018-04-05,2.83,1.75,4.645,1.84,18.94,107.7281,0.53,1.11,
2018-04-06,2.77,1.75,4.895,1.84,21.49,107.7886,0.5,1.04,
2018-04-09,2.78,1.75,4.07,1.83,21.77,107.5316,0.49,1.02,
2018-04-10,2.8,1.75,3.99,1.8,20.47,107.3659,0.48,1.06,
2018-04-11,2.79,1.76,2.361,1.8,20.24,107.1224,0.47,1.06,4383684.0
2018-04-12,2.83,1.73,4.12,1.79,18.49,107.2905,0.49,1.08,
2018-04-13,2.82,1.72,3.471,1.79,17.41,107.2368,0.45,1.06,
2018-04-16,2.83,1.77,3.372,1.77,16.56,107.0595,0.44,1.04,
2018-04-17,2.82,1.76,3.971,1.76,15.25,107.0344,0.41,1.02,
2018-04-18,2.87,1.75,14.021,1.76,15.6,107.1096,0.45,1.06,4385903.0
2018-04-19,2.92,1.73,13.92,1.77,15.96,107.5197,0.48,1.1,
2018-04-20,2.96,1.72,12.02,1.78,16.88,108.1787,0.5,1.15,
2018-04-23,2.98,1.7,10.821,1.76,16.34,108.9332,0.49,1.11,
2018-04-24,3.0,1.71,9.532,1.77,18.02,108.7906,0.52,1.13,
2018-04-25,3.03,1.71,3.57,1.8,17.84,109.3447,0.54,1.18,4372886.0
2018-04-26,3.0,1.72,3.795,1.8,16.24,109.3646,0.51,1.18,
2018-04-27,2.96,1.72,2.92,1.8,15.41,109.1735,0.47,1.14,
2018-04-30,2.95,1.77,13.83,1.79,15.93,109.3363,0.46,1.08,
2018-05-01,2.97,1.76,3.82,1.82,15.49,109.7445,0.47,1.12,
2018-05-02,2.97,1.75,6.52,1.83,15.97,110.1625,0.48,1.13,4356129.0
2018-05-03,2.94,1.74,5.775,1.86,15.9,110.1803,0.45,1.1,
2018-05-04,2.95,1.72,5.415,1.86,14.77,110.25,0.44,1.11,
2018-05-07,2.95,1.71,3.22,1.87,14.75,110.5721,0.46,1.09,
2018-05-08,2.97,1.72,3.921,1.87,14.71,111.063,0.46,1.1,
2018-05-09,3.0,1.72,2.72,1.86,13.42,110.8818,0.46,1.12,4358207.0
2018-05-10,2.97,1.73,4.645,1.84,13.23,110.405,0.43,1.07,
2018-05-11,2.97,1.73,3.222,1.82,12.65,110.2847,0.43,1.05,
2018-05-14,3.0,1.75,3.859,1.81,12.93,110.408,0.45,1.07,
2018-05-15,3.08,1.79,2.095,1.81,14.63,111.2292,0.5,1.16,
2018-05-16,3.09,1.75,2.545,1.8,13.42,111.3068,0.51,1.17,4337609.0
2018-05-17,3.11,1.74,1.896,1.82,13.43,111.3547,0.54,1.19,
2018-05-18,3.06,1.73,9.12,1.83,13.42,111.7171,0.51,1.15,
2018-05-21,3.06,1.69,5.404,1.83,13.08,111.6394,0.48,1.13,
2018-05-22,3.06,1.65,3.951,1.83,13.22,111.1945,0.47,1.13,
2018-05-23,3.01,1.67,2.929,1.84,12.58,111.6933,0.48,1.09,4337301.0
2018-05-24,2.98,1.74,6.62,1.84,12.53,111.4885,0.48,1.07,
2018-05-25,2.93,1.73,0.02,1.85,13.22,111.5843,0.45,1.03,
2018-05-28,,,,,,,,,
2018-05-29,2.77,1.72,0.88,1.96,17.02,112.2127,0.45,0.84,
2018-05-30,2.84,1.72,3.92,1.91,14.94,111.6731,0.42,0.9,4327519.0
2018-05-31,2.83,1.81,21.475,1.89,15.43,111.9894,0.43,0.9,
2018-06-01,2.89,1.81,12.546,1.9,13.46,111.8265,0.42,0.97,
2018-06-04,2.94,1.8,11.166,1.88,12.74,111.8247,0.42,1.0,
2018-06-05,2.92,1.75,6.635,1.9,12.4,112.264,0.43,0.98,
2018-06-06,2.97,1.73,16.772,1.91,11.64,111.7525,0.45,1.02,4319191.0
2018-06-07,2.93,1.71,5.771,1.89,12.13,112.0725,0.43,0.99,
2018-06-08,2.93,1.69,2.771,1.9,12.18,112.1066,0.43,1.0,
2018-06-11,2.96,1.69,4.836,1.89,12.35,112.1106,0.44,1.02,
2018-06-12,2.96,1.67,1.308,1.88,12.34,112.2138,0.42,1.04,
2018-06-13,2.98,1.71,3.025,1.87,12.94,112.2577,0.39,1.04,4324906.0
2018-06-14,2.94,1.9,2.935,1.88,12.12,112.8593,0.35,1.0,
2018-06-15,2.93,1.91,0.27,1.87,11.98,113.3379,0.38,0.99,
2018-06-18,2.92,1.9,0.37,1.9,12.31,113.4899,0.36,0.98,
2018-06-19,2.89,1.88,0.195,1.91,13.35,113.639,0.35,0.95,
2018-06-20,2.93,1.87,0.32,1.92,12.79,113.4784,0.37,0.99,4315896.0
2018-06-21,2.9,1.87,1.37,1.95,14.64,113.6109,0.34,0.96,
2018-06-22,2.9,1.92,1.43,1.97,13.77,113.3047,0.34,0.97,
2018-06-25,2.87,1.91,12.73,1.99,17.33,113.286,0.33,0.94,
2018-06-26,2.88,1.9,10.385,1.99,15.92,113.3016,0.35,0.95,
2018-06-27,2.83,1.9,20.68,1.98,17.91,113.8971,0.31,0.9,4305491.0
2018-06-28,2.84,1.93,20.419,2.0,16.85,113.8405,0.32,0.91,
2018-06-29,2.85,2.12,96.97,1.99,16.09,113.2586,0.33,0.92,
2018-07-02,2.87,2.04,32.139,1.97,15.6,114.1673,0.3,0.89,
2018-07-03,2.83,2.0,4.852,1.99,16.14,113.3222,0.3,0.85,
2018-07-04,,,,,,,,,4289764.0
2018-07-05,2.84,1.97,8.205,1.95,14.97,112.9759,0.29,0.88,
2018-07-06,2.82,1.93,4.195,1.96,13.37,112.6428,0.29,0.85,
2018-07-09,2.86,1.89,3.596,1.93,12.69,112.6425,0.29,0.88,
2018-07-10,2.87,1.89,1.955,1.91,12.64,112.5794,0.28,0.88,
2018-07-11,2.85,1.89,1.23,1.91,13.63,112.8582,0.27,0.88,4291201.0
2018-07-12,2.85,1.9,2.455,1.9,12.58,112.779,0.25,0.87,
2018-07-13,2.83,1.9,0.871,1.9,12.18,113.0705,0.24,0.85,
2018-07-16,2.85,1.95,0.87,1.91,12.83,112.8437,0.26,0.84,
2018-07-17,2.86,1.92,1.22,1.9,12.06,113.1504,0.24,0.84,
2018-07-18,2.88,1.9,6.021,1.89,12.1,113.3348,0.28,0.88,4291615.0
2018-07-19,2.84,1.9,3.62,1.9,12.87,113.9463,0.24,0.84,
2018-07-20,2.89,1.88,1.17,1.91,12.86,113.3213,0.29,0.9,
2018-07-23,2.96,1.87,2.27,1.91,12.62,113.4246,0.32,0.97,
2018-07-24,2.95,1.9,4.895,1.88,12.41,113.2045,0.32,0.93,
2018-07-25,2.94,1.87,0.72,1.87,12.29,112.9221,0.28,0.93,4277681.0
2018-07-26,2.98,1.9,1.571,1.85,12.14,112.9179,0.29,0.99,
2018-07-27,2.96,1.88,1.47,1.84,13.03,112.8125,0.29,0.96,
2018-07-30,2.98,1.88,1.995,1.84,14.26,112.6044,0.32,0.94,
2018-07-31,2.96,1.93,9.045,1.83,12.83,112.7299,0.29,0.93,
2018-08-01,3.0,1.88,0.795,1.83,13.15,112.8899,0.33,0.97,4255653.0
2018-08-02,2.98,1.91,1.817,1.84,12.19,113.1679,0.32,0.96,
2018-08-03,2.95,1.86,1.673,1.84,11.64,113.012,0.32,0.94,
2018-08-06,2.94,1.86,2.095,1.82,11.27,113.229,0.3,0.89,
2018-08-07,2.98,1.87,2.337,1.82,10.93,112.9759,0.3,0.92,
2018-08-08,2.96,1.88,1.659,1.84,10.85,113.1411,0.28,0.9,4258030.0
2018-08-09,2.93,1.91,1.745,1.85,11.27,113.3806,0.29,0.87,
2018-08-10,2.87,1.9,2.47,1.87,13.16,114.3005,0.26,0.82,
2018-08-13,2.88,1.91,1.383,1.91,14.78,114.851,0.27,0.82,
2018-08-14,2.89,1.93,0.685,1.9,13.31,114.658,0.26,0.81,
2018-08-15,2.86,1.98,0.315,1.9,14.64,115.1526,0.25,0.79,4228924.0
2018-08-16,2.87,1.99,0.532,1.89,13.45,114.6416,0.24,0.8,
2018-08-17,2.87,1.9,4.016,1.89,12.64,114.5339,0.26,0.82,
2018-08-20,2.82,1.9,1.646,1.89,12.49,114.3504,0.22,0.76,
2018-08-21,2.85,1.9,1.466,1.88,12.86,113.8604,0.24,0.77,
2018-08-22,2.82,1.9,1.126,1.91,12.25,113.663,0.22,0.73,4228818.0
2018-08-23,2.82,1.94,2.416,1.9,12.41,114.0932,0.21,0.74,
2018-08-24,2.82,1.95,4.665,1.9,11.99,113.5985,0.19,0.73,
2018-08-27,2.85,1.95,0.996,1.89,12.16,113.2721,0.18,0.73,
2018-08-28,2.88,1.95,1.415,1.9,12.5,113.3444,0.21,0.75,
2018-08-29,2.89,1.93,0.84,1.88,12.25,113.6461,0.22,0.76,4218914.0
2018-08-30,2.86,1.93,0.985,1.9,13.53,114.0899,0.22,0.75,
2018-08-31,2.86,1.97,0.39,1.92,12.86,114.2755,0.24,0.75,
2018-09-03,,,,,,,,,
2018-09-04,2.9,1.95,0.595,1.94,13.16,114.8584,0.24,0.77,
2018-09-05,2.9,1.95,0.01,1.95,13.91,114.7477,0.24,0.76,4208496.0
2018-09-06,2.88,1.94,0.815,1.93,14.65,114.6479,0.24,0.75,
2018-09-07,2.94,1.94,0.015,1.93,14.88,114.5816,0.23,0.8,
2018-09-10,2.94,1.94,0.015,1.92,14.16,114.6802,0.21,0.8,
2018-09-11,2.98,1.94,1.241,1.9,13.22,114.7051,0.22,0.83,
2018-09-12,2.97,1.94,1.315,1.89,13.14,114.2192,0.23,0.81,4210812.0
2018-09-13,2.97,1.94,1.791,1.87,12.37,113.9268,0.21,0.82,
2018-09-14,2.99,1.95,1.315,1.88,12.07,114.0657,0.21,0.83,
2018-09-17,2.99,2.0,0.715,1.88,13.68,113.9158,0.21,0.83,
2018-09-18,3.05,1.94,10.115,1.88,12.79,113.7739,0.24,0.88,
2018-09-19,3.08,1.92,8.915,1.88,11.75,113.6532,0.27,0.92,4208059.0
2018-09-20,3.07,1.92,17.868,1.85,11.8,113.4989,0.26,0.9,
2018-09-21,3.07,1.92,17.465,1.83,11.68,113.5099,0.26,0.89,
2018-09-24,3.08,1.95,9.34,1.84,12.2,113.5301,0.25,0.86,
2018-09-25,3.1,1.93,3.44,1.83,12.42,113.7202,0.27,0.89,
2018-09-26,3.06,1.92,5.625,1.84,12.89,113.6739,0.23,0.86,4192909.0
2018-09-27,3.06,2.16,30.056,1.83,12.41,113.9784,0.23,0.88,
2018-09-28,3.05,2.25,48.43,1.84,12.12,113.8077,0.24,0.86,
2018-10-01,3.09,2.22,4.185,1.83,12.0,113.8235,0.27,0.86,
2018-10-02,3.05,2.2,3.295,1.84,12.05,113.8954,0.23,0.82,
2018-10-03,3.15,2.2,2.954,1.83,11.61,114.1569,0.3,0.92,4174704.0
2018-10-04,3.19,2.18,3.265,1.84,14.22,114.6867,0.32,0.97,
2018-10-05,3.23,2.16,1.565,1.85,14.82,114.561,0.35,1.0,
2018-10-08,,,,,15.69,,,,
2018-10-09,3.21,2.15,2.39,1.84,15.95,114.6583,0.33,0.96,
2018-10-10,3.22,2.15,2.39,1.86,22.96,114.6072,0.34,0.95,4176906.0
2018-10-11,3.14,2.17,2.016,1.88,24.98,114.4074,0.29,0.87,
2018-10-12,3.15,2.18,0.96,1.88,21.31,114.3691,0.3,0.87,
2018-10-15,3.16,2.21,0.366,1.89,21.3,114.045,0.31,0.85,
2018-10-16,3.16,2.18,0.466,1.88,17.62,113.8963,0.29,0.86,
2018-10-17,3.19,2.18,0.174,1.88,17.4,114.1755,0.3,0.88,4175446.0
2018-10-18,3.17,2.19,10.29,1.92,20.06,114.8164,0.3,0.85,
2018-10-19,3.2,2.19,3.916,1.92,19.89,114.8567,0.28,0.89,
2018-10-22,3.2,2.18,3.189,1.92,19.64,115.1782,0.28,0.86,
2018-10-23,3.17,2.17,4.466,1.96,20.71,115.1651,0.28,0.84,
2018-10-24,3.1,2.18,6.444,1.99,25.23,115.3755,0.26,0.76,4173070.0
2018-10-25,3.14,2.19,1.944,1.98,24.22,115.4831,0.28,0.8,
2018-10-26,3.08,2.19,2.004,2.02,24.16,115.473,0.27,0.75,
2018-10-29,3.08,2.18,1.748,2.02,24.7,115.8936,0.27,0.74,
2018-10-30,3.12,2.18,0.715,2.03,23.35,116.2357,0.28,0.79,
2018-10-31,3.15,2.22,4.815,2.03,21.23,116.5281,0.28,0.81,4139731.0
2018-11-01,3.14,2.22,4.64,2.04,19.34,115.8657,0.3,0.82,
2018-11-02,3.22,2.25,1.51,2.02,19.51,115.643,0.31,0.89,
2018-11-05,3.2,2.24,1.465,2.02,19.96,115.703,0.29,0.84,
2018-11-06,3.22,2.22,2.54,1.98,19.91,115.5622,0.29,0.87,
2018-11-07,3.22,2.18,1.875,1.96,16.36,115.2519,0.26,0.85,4141936.0
2018-11-08,3.24,2.21,1.166,1.96,16.72,115.6478,0.26,0.89,
2018-11-09,3.19,2.2,0.401,1.98,17.36,116.4778,0.25,0.83,
2018-11-12,,,,,20.45,,,,
2018-11-13,3.14,2.2,1.065,2.04,20.02,116.6694,0.25,0.76,
2018-11-14,3.12,2.2,0.66,2.09,21.25,116.498,0.26,0.74,4145892.0
2018-11-15,3.11,2.28,0.494,2.13,19.98,116.3861,0.25,0.74,
2018-11-16,3.08,2.26,18.565,2.13,18.14,115.9258,0.27,0.72,
2018-11-19,3.06,2.24,16.295,2.16,20.1,115.9859,0.27,0.68,
2018-11-20,3.06,2.2,15.235,2.17,22.48,116.2367,0.27,0.67,
2018-11-21,3.06,2.18,16.205,2.17,20.8,116.092,0.25,0.65,4106198.0
2018-11-22,,,,,,,,,
2018-11-23,3.05,2.23,13.105,2.18,21.52,116.4713,0.24,0.64,
2018-11-26,3.07,2.2,0.615,2.16,18.9,116.6208,0.23,0.66,
2018-11-27,3.06,2.19,0.44,2.2,19.02,116.9001,0.23,0.65,
2018-11-28,3.06,2.19,1.464,2.22,18.49,116.8343,0.25,0.66,4097170.0
2018-11-29,3.03,2.24,1.814,2.26,18.79,116.1961,0.22,0.66,
2018-11-30,3.01,2.28,2.49,2.27,18.07,116.413,0.21,0.64,
2018-12-03,2.98,2.23,2.21,2.26,16.44,115.9057,0.15,0.6,
2018-12-04,2.91,2.27,,2.25,20.74,116.0028,0.11,0.49,
2018-12-05,,,,,,,,,4086044.0
2018-12-06,2.87,2.34,3.36,2.29,21.19,116.3991,0.12,0.46,
2018-12-07,2.85,2.3,5.635,2.31,23.23,116.0847,0.13,0.45,
2018-12-10,2.85,2.22,1.424,2.31,22.64,116.6746,0.13,0.44,
2018-12-11,2.89,2.19,0.352,2.26,21.76,116.7564,0.11,0.48,
2018-12-12,2.91,2.2,0.461,2.24,21.46,116.2214,0.14,0.48,4088314.0
2018-12-13,2.91,2.21,0.415,2.25,20.65,116.3974,0.16,0.48,
2018-12-14,2.89,2.21,0.315,2.25,21.63,116.79,0.16,0.47,
2018-12-17,2.86,2.31,0.415,2.25,24.52,116.4532,0.16,0.46,
2018-12-18,2.82,2.32,6.216,2.26,25.58,116.4127,0.17,0.43,
2018-12-19,2.77,2.3,5.982,2.27,25.58,116.0676,0.14,0.37,4084274.0
2018-12-20,2.79,2.41,9.521,2.28,28.38,116.0183,0.12,0.4,
2018-12-21,2.79,2.4,8.805,2.31,30.11,116.2227,0.16,0.4,
2018-12-24,2.74,2.41,7.96,2.35,36.07,116.2182,0.19,0.29,
2018-12-25,,,,,,,,,
2018-12-26,2.81,2.44,1.005,2.33,30.41,116.1162,0.2,0.37,4075636.0
2018-12-27,2.77,2.44,3.1,2.36,29.96,115.9927,0.21,0.36,
2018-12-28,2.72,2.46,3.21,2.44,28.34,115.7232,0.2,0.32,
2018-12-31,2.69,3.0,41.848,2.45,25.42,115.5674,0.21,0.24,
2019-01-01,,,,,,,,,
2019-01-02,2.66,3.15,19.481,2.45,23.22,115.7689,0.16,0.24,4058378.0
2019-01-03,2.56,2.7,7.198,2.48,25.45,115.4622,0.17,0.15,
2019-01-04,2.67,2.45,2.86,2.45,21.38,114.9821,0.17,0.25,
2019-01-07,2.7,2.41,2.786,2.42,21.4,114.5628,0.17,0.25,
2019-01-08,2.73,2.42,2.811,2.39,20.47,114.7281,0.15,0.27,
2019-01-09,2.74,2.45,2.537,2.39,19.98,114.1406,0.18,0.29,4056563.0
2019-01-10,2.74,2.43,2.216,2.42,19.5,114.0496,0.18,0.31,
2019-01-11,2.71,2.41,2.016,2.42,18.19,114.0404,0.16,0.28,
2019-01-14,2.71,2.4,1.205,2.46,19.07,,0.18,0.26,
2019-01-15,2.72,2.46,2.016,2.46,18.6,114.3402,0.19,0.27,
2019-01-16,2.73,2.43,1.316,2.45,19.04,114.137,0.18,0.3,4050044.0
2019-01-17,2.75,2.41,2.065,2.43,18.06,114.4115,0.19,0.33,
2019-01-18,2.79,2.42,13.165,2.38,17.8,114.558,0.17,0.38,
2019-01-21,,,,,,,,,
2019-01-22,2.74,2.41,10.465,2.38,20.8,114.7541,0.16,0.31,
2019-01-23,2.76,2.4,11.415,2.37,19.52,114.5759,0.18,0.35,4047052.0
2019-01-24,2.72,2.41,15.06,2.37,18.89,114.617,0.16,0.35,
2019-01-25,2.76,2.4,1.515,2.34,17.42,114.0197,0.16,0.37,
2019-01-28,2.75,2.39,1.265,2.36,18.87,114.0522,0.15,0.33,
2019-01-29,2.72,2.4,1.84,2.36,19.13,114.026,0.16,0.3,
2019-01-30,2.7,2.39,0.99,2.37,17.66,114.0731,0.18,0.28,4039678.0
2019-01-31,2.63,2.58,1.051,2.38,16.57,113.5504,0.18,0.22,
2019-02-01,2.7,2.47,0.665,2.31,16.14,113.7548,0.18,0.3,
2019-02-04,2.73,2.4,4.515,2.3,15.73,113.8766,0.2,0.31,
2019-02-05,2.71,2.4,1.686,2.27,15.57,114.0431,0.18,0.29,
2019-02-06,2.7,2.38,1.926,2.28,15.38,114.2305,0.18,0.28,4026350.0
2019-02-07,2.65,2.38,2.32,2.31,16.37,114.4339,0.17,0.23,
2019-02-08,2.63,2.37,2.016,2.3,15.72,114.5003,0.18,0.2,
2019-02-11,2.65,2.4,2.006,2.3,15.97,115.031,0.17,0.2,
2019-02-12,2.68,2.39,1.658,2.3,15.43,114.7297,0.18,0.25,
2019-02-13,2.71,2.38,1.697,2.27,15.65,114.9407,0.18,0.27,4028431.0
2019-02-14,2.66,2.39,1.341,2.3,16.22,115.1007,0.16,0.23,
2019-02-15,2.66,2.43,5.271,2.28,14.91,114.9923,0.14,0.23,
2019-02-18,,,,,,,,,
2019-02-19,2.65,2.4,1.967,2.28,14.88,114.57,0.15,0.2,
2019-02-20,2.65,2.39,2.275,2.23,14.02,,0.15,0.2,3981420.0
2019-02-21,2.69,2.39,1.725,2.23,14.46,114.5091,0.16,0.24,
2019-02-22,2.65,2.4,6.665,2.25,13.51,114.2716,0.17,0.19,
2019-02-25,2.67,2.38,1.375,2.23,14.85,114.1457,0.16,0.2,
2019-02-26,2.64,2.38,1.815,2.24,15.17,114.0687,0.16,0.19,
2019-02-27,2.69,2.37,1.915,2.25,14.7,114.0363,0.19,0.24,3974590.0
2019-02-28,2.73,2.58,3.415,2.22,14.78,114.1991,0.21,0.28,
2019-03-01,2.76,2.38,2.015,2.22,13.57,114.537,0.21,0.32,
2019-03-04,2.72,2.38,2.917,2.22,14.63,114.6925,0.17,0.26,
2019-03-05,2.72,2.38,3.119,2.22,14.74,114.804,0.17,0.26,
2019-03-06,2.69,2.38,2.115,2.25,15.74,114.9714,0.17,0.22,3969134.0
2019-03-07,2.64,2.38,0.717,2.25,16.59,115.4919,0.17,0.19,
2019-03-08,2.62,2.39,0.015,2.27,16.05,115.3599,0.17,0.16,
2019-03-11,2.64,2.38,0.019,2.27,14.33,115.2967,0.17,0.18,
2019-03-12,2.61,2.39,0.027,2.25,13.77,114.939,0.16,0.15,
2019-03-13,2.61,2.4,0.016,2.26,13.41,114.7372,0.16,0.16,3971559.0
2019-03-14,2.63,2.42,0.019,2.27,13.5,114.79,0.17,0.18,
2019-03-15,2.59,2.46,0.015,2.28,12.88,114.5815,0.16,0.14,
2019-03-18,2.6,2.41,3.169,2.27,13.1,114.4375,0.15,0.16,
2019-03-19,2.61,2.42,2.515,2.27,13.56,114.2324,0.15,0.15,
2019-03-20,2.54,2.47,0.617,2.29,13.91,114.1509,0.14,0.06,3962748.0
2019-03-21,2.54,2.44,0.411,2.28,13.63,114.1684,0.13,0.05,
2019-03-22,2.44,2.4,5.016,2.3,16.48,114.6856,0.13,-0.02,
2019-03-25,2.43,2.4,0.129,2.28,16.33,114.4171,0.17,-0.03,
2019-03-26,2.41,2.4,0.566,2.3,14.68,114.6414,0.17,-0.05,
2019-03-27,2.39,2.4,0.166,2.28,15.15,115.1243,0.17,-0.05,3955617.0
2019-03-28,2.39,2.43,0.515,2.27,14.43,115.2581,0.16,-0.04,
2019-03-29,2.41,2.65,0.731,2.26,13.71,115.1371,0.14,0.01,
2019-04-01,2.49,2.46,0.011,2.24,13.4,114.9362,0.16,0.06,
2019-04-02,2.48,2.46,0.019,2.24,13.36,115.1173,0.18,0.06,
2019-04-03,2.52,2.47,0.016,2.23,13.74,114.7211,0.19,0.08,3935509.0
2019-04-04,2.51,2.46,0.615,2.22,13.58,114.9697,0.18,0.07,
2019-04-05,2.5,2.46,0.015,2.22,12.82,114.9726,0.15,0.06,
2019-04-08,2.52,2.46,0.284,2.21,13.18,114.6893,0.16,0.09,
2019-04-09,2.51,2.45,0.41,2.19,14.28,114.5321,0.16,0.09,
2019-04-10,2.48,2.45,2.731,2.21,13.3,114.4269,0.17,0.05,3936784.0
2019-04-11,2.51,2.44,0.122,2.2,13.02,114.6303,0.16,0.08,
2019-04-12,2.56,2.44,0.016,2.15,12.01,114.3531,0.16,0.12,
2019-04-15,2.55,2.47,0.018,2.15,12.32,114.495,0.15,0.12,
2019-04-16,2.6,2.47,0.7,2.12,12.18,114.6756,0.19,0.17,
2019-04-17,2.59,2.5,0.015,2.13,12.6,114.5141,0.19,0.15,3931827.0
2019-04-18,2.57,2.5,,2.12,12.09,114.7073,0.19,0.15,
2019-04-19,,,,,,114.6977,,,
2019-04-22,2.59,2.46,1.117,2.14,12.42,114.7694,0.21,0.15,
2019-04-23,2.57,2.46,5.69,2.14,12.28,115.1578,0.21,0.12,
2019-04-24,2.53,2.44,9.515,2.14,13.14,115.4187,0.21,0.09,3928273.0
2019-04-25,2.54,2.45,0.61,2.14,13.25,115.7709,0.21,0.11,
2019-04-26,2.51,2.46,0.915,2.13,12.73,115.4767,0.23,0.09,
2019-04-29,2.54,2.48,0.615,2.13,13.11,115.5227,0.24,0.1,
2019-04-30,2.51,2.76,0.015,2.14,13.12,115.3281,0.24,0.08,
2019-05-01,2.52,2.54,0.027,2.11,14.8,115.0022,0.21,0.09,3889691.0
2019-05-02,2.55,2.5,0.023,2.12,14.42,115.5617,0.2,0.08,
2019-05-03,2.54,2.43,0.01,2.11,12.87,115.2646,0.21,0.11,
2019-05-06,2.51,2.42,0.067,2.14,15.44,115.3811,0.2,0.07,
2019-05-07,2.45,2.44,0.961,2.17,19.32,115.6116,0.17,0.02,
2019-05-08,2.49,2.43,0.021,2.17,19.4,115.5171,0.19,0.06,3892216.0
2019-05-09,2.45,2.41,0.516,2.21,19.1,115.8421,0.19,0.02,
2019-05-10,2.47,2.4,0.271,2.2,16.04,115.5334,0.21,0.04,
2019-05-13,2.4,2.38,0.111,2.25,20.55,115.915,0.22,-0.01,
2019-05-14,2.42,2.39,1.37,2.24,18.06,115.9425,0.22,0.01,
2019-05-15,2.37,2.48,0.46,2.26,16.44,115.8565,0.21,-0.05,3864749.0
2019-05-16,2.4,2.43,1.75,2.24,15.29,116.0346,0.2,0.0,
2019-05-17,2.39,2.42,9.7,2.24,15.96,116.448,0.19,0.0,
2019-05-20,2.41,2.39,8.105,2.24,16.31,116.3119,0.2,0.02,
2019-05-21,2.43,2.38,3.705,2.23,14.95,116.2844,0.17,0.04,
2019-05-22,2.39,2.37,3.751,2.26,14.75,116.2412,0.16,0.01,3860435.0
2019-05-23,2.31,2.37,4.93,2.28,16.92,116.2368,0.19,-0.06,
2019-05-24,2.32,2.37,5.956,2.31,15.85,116.0806,0.16,-0.03,
2019-05-27,,,,,,,,,
2019-05-28,2.26,2.41,1.52,2.32,17.5,116.3174,0.14,-0.11,
2019-05-29,2.25,2.4,2.226,2.33,17.9,116.5535,0.16,-0.12,3851444.0
2019-05-30,2.22,2.4,1.026,2.33,17.3,116.3989,0.16,-0.16,
2019-05-31,2.14,2.49,0.855,2.37,18.71,116.7273,0.19,-0.21,
2019-06-03,2.07,2.4,1.255,2.42,18.86,116.4764,0.25,-0.28,
2019-06-04,2.12,2.39,1.891,2.42,16.97,116.091,0.24,-0.23,
2019-06-05,2.12,2.4,2.255,2.45,16.09,116.03,0.29,-0.23,3847645.0
2019-06-06,2.12,2.4,2.21,2.44,15.93,115.9771,0.24,-0.21,
2019-06-07,2.09,2.39,1.91,2.42,16.3,115.7368,0.24,-0.19,
2019-06-10,2.15,2.39,2.105,2.39,15.94,115.5001,0.25,-0.14,
2019-06-11,2.15,2.38,1.007,2.38,15.99,115.3794,0.22,-0.12,
2019-06-12,2.13,2.37,1.705,2.41,15.91,115.438,0.25,-0.11,3849955.0
2019-06-13,2.1,2.35,1.655,2.42,15.82,115.6275,0.27,-0.09,
2019-06-14,2.09,2.35,1.657,2.42,15.28,115.9057,0.25,-0.11,
2019-06-17,2.09,2.41,2.269,2.41,15.35,115.9684,0.23,-0.14,
2019-06-18,2.06,2.39,18.006,2.4,15.15,115.8797,0.2,-0.16,
2019-06-19,2.03,2.36,22.357,2.41,14.33,115.7889,0.29,-0.15,3844016.0
2019-06-20,2.01,2.36,27.43,2.38,14.75,114.8046,0.29,-0.13,
2019-06-21,2.07,2.37,21.355,2.35,15.4,114.8377,0.3,-0.04,
2019-06-24,2.02,2.39,11.156,2.33,15.26,114.6559,0.3,-0.11,
2019-06-25,2.0,2.41,6.4,2.34,16.28,114.6363,0.29,-0.12,
2019-06-26,2.05,2.43,7.784,2.32,16.21,114.5608,0.28,-0.1,3826817.0
2019-06-27,2.01,2.42,16.794,2.31,15.82,114.665,0.27,-0.13,
2019-06-28,2.0,2.5,44.307,2.31,15.08,114.5821,0.25,-0.12,
2019-07-01,2.03,2.42,15.837,2.29,14.06,114.7239,0.25,-0.18,
2019-07-02,1.98,2.51,8.16,2.29,12.93,114.8258,0.21,-0.22,
2019-07-03,1.96,2.56,6.849,2.26,12.57,114.8135,0.19,-0.25,3813198.0
2019-07-04,,,,,,,,,
2019-07-05,2.04,2.59,6.155,2.26,13.28,115.1132,0.17,-0.19,
2019-07-08,2.05,2.48,6.5,2.23,13.96,115.0254,0.17,-0.21,
2019-07-09,2.07,2.45,6.576,2.22,14.09,115.1017,0.15,-0.19,
2019-07-10,2.07,2.46,6.252,2.25,13.03,115.0879,0.25,-0.13,3815038.0
2019-07-11,2.13,2.41,4.95,2.25,12.93,114.8361,0.28,-0.04,
2019-07-12,2.12,2.36,5.15,2.25,12.39,114.7685,0.28,-0.02,
2019-07-15,2.09,2.46,5.557,2.25,12.68,114.6819,0.26,-0.07,
2019-07-16,2.13,2.47,3.007,2.23,12.86,115.0111,0.26,-0.02,
2019-07-17,2.06,2.47,1.96,2.24,13.97,114.8819,0.23,-0.08,3808110.0
2019-07-18,2.04,2.46,16.662,2.27,13.53,114.8744,0.27,-0.01,
2019-07-19,2.05,2.41,14.255,2.26,14.45,114.8695,0.25,-0.01,
2019-07-22,2.05,2.4,14.16,2.24,13.53,115.0018,0.25,-0.04,
2019-07-23,2.08,2.4,14.755,2.23,12.61,115.2995,0.25,0.02,
2019-07-24,2.05,2.41,8.255,2.15,12.07,115.2436,0.22,-0.05,3803436.0
2019-07-25,2.08,2.42,3.355,2.14,12.74,115.2982,0.22,-0.02,
2019-07-26,2.08,2.41,3.25,2.13,12.16,115.5449,0.22,-0.04,
2019-07-29,2.06,2.4,3.928,2.13,12.83,115.5885,0.21,-0.06,
2019-07-30,2.06,2.39,2.306,2.14,13.94,115.6211,0.21,-0.02,
2019-07-31,2.02,2.55,7.367,2.13,16.12,115.4946,0.13,-0.06,3779102.0
2019-08-01,1.9,2.19,6.044,2.17,17.87,116.0499,0.17,-0.17,
2019-08-02,1.86,2.19,3.335,2.18,17.61,116.1864,0.14,-0.2,
2019-08-05,1.75,2.13,3.474,2.24,24.59,116.5851,0.16,-0.3,
2019-08-06,1.73,2.11,3.41,2.25,20.17,116.6904,0.13,-0.32,
2019-08-07,1.71,2.1,3.622,2.23,19.49,116.7987,0.12,-0.31,3781543.0
2019-08-08,1.72,2.09,3.056,2.25,16.91,116.474,0.1,-0.3,
2019-08-09,1.74,2.11,2.72,2.23,17.97,116.4419,0.11,-0.26,
2019-08-12,1.65,2.12,5.43,2.23,21.09,116.7548,0.07,-0.35,
2019-08-13,1.68,2.16,5.001,2.22,17.52,116.7267,0.02,-0.32,
2019-08-14,1.59,2.13,2.744,2.23,22.1,117.0913,0.01,-0.37,3786018.0
2019-08-15,1.52,2.18,3.51,2.27,21.18,117.2239,0.04,-0.39,
2019-08-16,1.55,2.13,11.843,2.26,18.47,117.0786,0.07,-0.32,
2019-08-19,1.6,2.11,13.403,2.29,16.88,117.3886,0.07,-0.34,
2019-08-20,1.55,2.13,15.98,2.3,17.5,117.3726,0.05,-0.39,
2019-08-21,1.59,2.1,15.153,2.25,15.8,117.1764,0.03,-0.38,3764866.0
2019-08-22,1.62,2.09,14.611,2.25,16.68,117.3558,0.01,-0.38,
2019-08-23,1.52,2.1,9.046,2.27,19.87,117.3009,0.01,-0.45,
2019-08-26,1.54,2.1,3.676,2.27,19.32,117.6658,0.0,-0.47,
2019-08-27,1.49,2.15,1.555,2.26,20.31,117.75,-0.04,-0.49,
2019-08-28,1.47,2.12,4.255,2.26,19.35,117.8767,-0.03,-0.52,3759946.0
2019-08-29,1.5,2.12,0.102,2.27,17.88,118.0625,-0.03,-0.49,
2019-08-30,1.5,2.16,12.089,2.26,18.98,118.1575,0.0,-0.49,
2019-09-02,,,,,,,,,
2019-09-03,1.47,2.17,1.754,2.28,19.66,118.3113,0.0,-0.51,
2019-09-04,1.47,2.21,1.425,2.29,17.33,117.6729,0.04,-0.5,3761508.0
2019-09-05,1.57,2.21,1.075,2.28,16.27,117.4776,0.02,-0.4,
2019-09-06,1.55,2.15,0.88,2.26,15.0,117.1292,0.02,-0.41,
2019-09-09,1.63,2.12,2.787,2.23,15.27,117.0601,0.05,-0.33,
2019-09-10,1.72,2.14,3.608,2.22,15.2,117.0887,0.05,-0.23,
2019-09-11,1.75,2.15,3.612,2.22,14.61,117.3125,0.07,-0.21,3769673.0
2019-09-12,1.79,2.2,3.469,2.22,14.22,116.8375,0.07,-0.16,
2019-09-13,1.9,2.2,2.675,2.21,13.74,116.7677,0.11,-0.06,
2019-09-16,1.84,2.43,2.202,2.2,14.67,117.0251,0.1,-0.15,
2019-09-17,1.81,5.25,1.825,2.21,14.44,116.9826,0.09,-0.18,
2019-09-18,1.8,2.55,18.91,2.18,13.95,116.9766,0.03,-0.15,3844695.0
2019-09-19,1.79,1.95,5.004,2.17,14.05,117.0861,0.05,-0.14,
2019-09-20,1.74,1.86,7.552,2.19,15.32,117.1819,0.05,-0.17,
2019-09-23,1.72,1.85,7.485,2.17,14.91,117.2986,0.04,-0.22,
2019-09-24,1.64,1.96,0.101,2.2,17.05,117.2227,0.04,-0.28,
2019-09-25,1.73,2.01,0.133,2.2,15.96,117.6527,0.05,-0.16,3857715.0
2019-09-26,1.7,1.85,5.18,2.18,16.07,117.7267,0.04,-0.13,
2019-09-27,1.69,1.82,5.33,2.19,17.22,117.7218,0.06,-0.11,
2019-09-30,1.68,2.35,7.057,2.2,16.24,117.9461,0.05,-0.2,
2019-10-01,1.65,1.88,2.706,2.22,18.56,117.9595,0.09,-0.17,
2019-10-02,1.6,1.85,3.054,2.26,20.56,117.9671,0.12,-0.19,3945831.0
2019-10-03,1.54,1.84,3.297,2.29,19.12,117.6608,0.15,-0.16,
2019-10-04,1.52,1.82,5.325,2.29,17.04,117.5288,0.12,-0.19,
2019-10-07,1.56,1.83,5.65,2.28,17.86,117.5533,0.1,-0.19,
2019-10-08,1.54,1.85,3.976,2.3,20.28,117.7407,0.12,-0.18,
2019-10-09,1.59,1.85,1.469,2.29,18.64,117.6835,0.12,-0.1,3949955.0
2019-10-10,1.67,1.85,1.1,2.27,17.57,117.2801,0.14,-0.01,
2019-10-11,1.76,1.85,2.95,2.22,15.58,116.8239,0.13,0.08,
2019-10-14,,,,,14.57,,,,
2019-10-15,1.77,2.0,1.726,2.21,13.54,116.8111,0.16,0.1,
2019-10-16,1.75,2.05,1.803,2.22,13.68,116.6425,0.17,0.09,3966471.0
2019-10-17,1.76,1.95,1.001,2.21,13.79,116.2615,0.16,0.1,
2019-10-18,1.76,1.88,20.1,2.21,14.25,116.1344,0.18,0.1,
2019-10-21,1.8,1.86,18.758,2.19,14.0,116.0436,0.18,0.13,
2019-10-22,1.78,1.87,20.7,2.17,14.46,115.9851,0.18,0.13,
2019-10-23,1.77,1.87,18.29,2.18,14.01,116.0586,0.19,0.12,3968700.0
2019-10-24,1.77,1.86,0.425,2.17,13.71,116.1278,0.19,0.1,
2019-10-25,1.8,1.84,0.005,2.16,12.65,116.0774,0.17,0.14,
2019-10-28,1.85,1.82,0.036,2.16,13.11,116.0222,0.21,0.2,
2019-10-29,1.84,1.81,0.081,2.15,13.2,115.9797,0.2,0.21,
2019-10-30,1.78,1.82,0.196,2.17,12.33,116.1636,0.17,0.16,4019823.0
2019-10-31,1.69,1.76,2.851,2.18,13.22,115.9125,0.17,0.15,
2019-11-01,1.73,1.58,2.1,2.16,12.3,115.7312,0.17,0.21,
2019-11-04,1.79,1.56,3.085,2.16,12.83,115.8624,0.19,0.26,
2019-11-05,1.86,1.58,1.836,2.15,13.1,116.1138,0.23,0.3,
2019-11-06,1.81,1.57,1.65,2.14,12.62,116.1004,0.2,0.25,4039443.0
2019-11-07,1.92,1.56,1.055,2.13,12.73,116.1172,0.24,0.36,
2019-11-08,1.94,1.56,0.805,2.11,12.07,116.3436,0.26,0.39,
2019-11-11,,,,,12.69,,,,
2019-11-12,1.92,1.57,1.301,2.1,12.68,116.5837,0.26,0.33,
2019-11-13,1.88,1.57,1.762,2.11,13.0,116.8397,0.25,0.31,4047882.0
2019-11-14,1.82,1.58,1.867,2.13,13.05,116.8022,0.24,0.25,
2019-11-15,1.84,1.59,0.002,2.13,12.05,116.4401,0.23,0.27,
2019-11-18,1.81,1.56,27.055,2.14,12.46,116.3625,0.21,0.24,
2019-11-19,1.79,1.57,26.726,2.13,12.86,116.5391,0.19,0.22,
2019-11-20,1.73,1.57,26.026,2.16,12.78,116.828,0.17,0.16,4030249.0
2019-11-21,1.77,1.58,25.719,2.15,13.13,116.7435,0.17,0.19,
2019-11-22,1.77,1.58,0.375,2.14,12.34,116.9137,0.16,0.19,
2019-11-25,1.76,1.56,0.0,2.13,11.87,117.0098,0.15,0.15,
2019-11-26,1.74,1.54,2.205,2.11,11.54,117.0513,0.16,0.14,
2019-11-27,1.77,1.55,0.506,2.09,11.75,117.1273,0.14,0.15,4052875.0
2019-11-28,,,,,,,,,
2019-11-29,1.78,1.65,0.75,2.08,12.62,117.1204,0.17,0.19,
2019-12-02,1.83,1.63,0.015,2.11,14.91,116.9647,0.22,0.23,
2019-12-03,1.72,1.55,0.151,2.11,15.96,116.8898,0.19,0.15,
2019-12-04,1.77,1.54,0.0,2.11,14.8,116.692,0.19,0.22,4065696.0
2019-12-05,1.8,1.55,0.001,2.09,14.52,116.3838,0.22,0.26,
2019-12-06,1.84,1.55,1.0,2.07,13.62,116.5381,0.23,0.31,
2019-12-09,1.83,1.56,0.115,2.05,15.86,116.3283,0.2,0.29,
2019-12-10,1.85,1.55,0.001,2.01,15.68,116.2542,0.2,0.29,
2019-12-11,1.79,1.54,0.605,2.04,14.99,116.1478,0.18,0.22,4095491.0
2019-12-12,1.9,1.53,0.6,2.02,13.94,115.8741,0.24,0.34,
2019-12-13,1.82,1.54,0.0,2.02,12.63,115.6967,0.21,0.25,
2019-12-16,1.89,1.62,1.328,2.0,12.14,115.555,0.24,0.32,
2019-12-17,1.89,1.54,0.826,1.99,12.29,115.5553,0.26,0.33,
2019-12-18,1.92,1.53,13.362,1.98,12.58,115.6618,0.29,0.36,4137052.0
2019-12-19,1.92,1.53,8.936,1.96,12.5,115.5988,0.3,0.35,
2019-12-20,1.92,1.53,13.051,1.96,12.51,115.7598,0.29,0.34,
2019-12-23,1.93,1.52,7.652,1.96,12.61,115.8059,0.29,0.34,
2019-12-24,1.9,1.52,4.423,1.97,12.67,,0.28,0.32,
2019-12-25,,,,,,,,,4165591.0
2019-12-26,1.9,1.52,3.192,1.97,12.65,115.634,0.26,0.32,
2019-12-27,1.88,1.53,0.825,1.96,13.43,115.22,0.29,0.31,
2019-12-30,1.9,1.54,6.525,1.97,14.82,114.9631,0.32,0.33,
2019-12-31,1.92,1.55,64.087,1.98,13.78,114.669,0.34,0.37,
2020-01-01,,,,,,,,,4173626.0
2020-01-02,1.88,1.54,3.1,1.98,12.47,114.9745,0.3,0.34,
2020-01-03,1.8,1.55,4.251,1.99,14.02,114.9867,0.27,0.28,
2020-01-06,1.81,1.55,3.825,2.02,13.85,114.9557,0.27,0.25,
2020-01-07,1.83,1.56,1.602,2.03,13.79,115.1477,0.29,0.29,
2020-01-08,1.87,1.55,0.876,2.05,13.45,115.1328,0.29,0.33,4149544.0
2020-01-09,1.85,1.55,0.401,2.03,12.54,115.2331,0.27,0.31,
2020-01-10,1.83,1.55,0.627,1.99,12.56,115.0677,0.27,0.29,
2020-01-13,1.85,1.54,1.0,1.99,12.32,115.0342,0.27,0.28,
2020-01-14,1.82,1.55,0.656,1.99,12.39,115.0239,0.24,0.25,
2020-01-15,1.79,1.56,0.675,2.01,12.42,114.9528,0.23,0.22,4175850.0
2020-01-16,1.81,1.55,0.3,2.0,12.32,115.0006,0.23,0.26,
2020-01-17,1.84,1.54,16.15,1.98,12.1,115.0656,0.26,0.28,
2020-01-20,,,,,,,,,
2020-01-21,1.78,1.54,13.381,1.97,12.85,115.1876,0.25,0.22,
2020-01-22,1.77,1.54,15.604,1.97,12.91,115.2273,0.24,0.22,4145912.0
2020-01-23,1.74,1.54,12.904,1.98,12.98,115.5545,0.23,0.19,
2020-01-24,1.7,1.53,0.0,1.98,14.56,115.5556,0.21,0.16,
2020-01-27,1.61,1.53,0.002,2.04,18.23,115.8004,0.17,0.06,
2020-01-28,1.65,1.53,0.002,2.04,16.28,115.7239,0.2,0.08,
2020-01-29,1.6,1.53,0.3,2.05,16.39,115.7003,0.18,0.04,4151630.0
2020-01-30,1.57,1.58,4.14,2.08,15.49,115.8077,0.16,0.0,
2020-01-31,1.51,1.6,4.5,2.13,18.84,115.7345,0.18,-0.04,
2020-02-03,1.54,1.59,6.16,2.1,17.97,116.1172,0.18,-0.03,
2020-02-04,1.61,1.6,2.112,2.09,16.05,115.9291,0.2,0.04,
2020-02-05,1.66,1.59,4.112,2.07,15.15,116.009,0.22,0.09,4166707.0
2020-02-06,1.65,1.59,0.403,2.05,14.96,116.1518,0.21,0.08,
2020-02-07,1.59,1.58,1.1,2.05,15.47,116.5086,0.18,0.03,
2020-02-10,1.56,1.58,0.83,2.06,15.04,116.5711,0.19,-0.02,
2020-02-11,1.59,1.58,0.228,2.05,15.18,116.3585,0.18,0.02,
2020-02-12,1.62,1.57,0.309,2.06,13.74,116.2794,0.18,0.04,4182689.0
2020-02-13,1.61,1.57,0.45,2.05,14.15,116.3999,0.17,0.02,
2020-02-14,1.59,1.58,0.0,2.04,13.68,116.4223,0.17,0.01,
2020-02-17,,,,,,,,,
2020-02-18,1.55,1.6,9.454,2.05,14.83,116.6039,0.14,-0.03,
2020-02-19,1.56,1.59,0.095,2.05,14.38,116.7829,0.14,-0.02,4171570.0
2020-02-20,1.52,1.6,3.6,2.05,15.56,117.2454,0.13,-0.06,
2020-02-21,1.46,1.58,4.532,2.09,17.08,117.0473,0.12,-0.1,
2020-02-24,1.38,1.58,0.592,2.13,25.03,117.4018,0.12,-0.15,
2020-02-25,1.33,1.59,0.111,2.19,27.85,117.2425,0.13,-0.2,
2020-02-26,1.33,1.58,2.3,2.2,27.56,117.405,0.17,-0.2,4158637.0
2020-02-27,1.3,1.58,0.275,2.27,39.16,117.3678,0.19,-0.15,
2020-02-28,1.13,1.6,2.187,2.38,40.11,117.6568,0.27,-0.14,
2020-03-02,1.1,1.59,2.525,2.44,33.42,116.8144,0.26,-0.03,
2020-03-03,1.02,1.64,0.627,2.48,36.82,116.4958,0.31,0.07,
2020-03-04,1.02,1.23,5.025,2.47,31.99,116.7802,0.35,0.3,4241507.0
2020-03-05,0.92,1.12,0.85,2.52,39.62,116.7901,0.33,0.3,
2020-03-06,0.74,1.1,2.93,2.55,41.94,116.7106,0.25,0.29,
2020-03-09,0.54,1.09,2.504,2.93,54.46,117.1871,0.16,0.21,
2020-03-10,0.76,1.11,0.151,2.93,47.3,117.9027,0.26,0.32,
2020-03-11,0.82,1.15,1.325,2.99,53.9,118.2505,0.32,0.4,4311911.0
2020-03-12,0.88,1.2,21.05,3.2,75.47,120.4883,0.38,0.55,
2020-03-13,0.94,1.1,15.1,3.3,57.83,120.4388,0.45,0.66,
2020-03-16,0.73,0.26,1.425,3.38,82.69,120.9352,0.37,0.49,
2020-03-17,1.02,0.54,5.7,3.49,75.91,122.4816,0.55,0.83,
2020-03-18,1.18,0.1,0.477,3.81,76.45,124.1623,0.64,1.16,4668212.0
2020-03-19,1.12,0.06,1.195,4.01,72.0,125.0587,0.68,1.08,
2020-03-20,0.92,0.04,12.203,4.23,66.04,124.9362,0.55,0.87,
2020-03-23,0.76,0.02,26.944,4.31,61.59,126.1262,0.48,0.74,
2020-03-24,0.84,0.01,41.516,4.19,61.67,125.5001,0.46,0.83,
2020-03-25,0.88,0.01,97.411,4.13,63.95,124.7916,0.54,0.88,5254278.0
2020-03-26,0.83,0.01,138.48,4.04,61.0,122.4308,0.53,0.83,
2020-03-27,0.72,0.01,210.794,3.98,65.54,122.4007,0.47,0.69,
2020-03-30,0.7,0.01,237.497,3.89,57.08,123.2883,0.47,0.58,
2020-03-31,0.7,0.01,284.908,3.93,53.54,122.5301,0.47,0.59,
2020-04-01,0.62,0.01,207.828,3.97,57.06,123.7933,0.39,0.53,5811607.0
2020-04-02,0.63,0.01,182.627,3.92,50.91,123.5916,0.4,0.54,
2020-04-03,0.62,0.01,148.117,3.92,46.8,124.4152,0.39,0.52,
2020-04-06,0.67,0.01,144.294,3.91,45.24,124.16,0.4,0.52,
2020-04-07,0.75,0.01,88.36,3.79,46.7,123.0956,0.47,0.61,
2020-04-08,0.77,0.01,53.483,3.75,43.35,123.2216,0.5,0.55,6083141.0
2020-04-09,0.73,0.01,5.525,3.61,41.67,122.476,0.5,0.48,
2020-04-10,,,,,,122.1592,,,
2020-04-13,0.76,0.02,6.1,3.41,41.17,122.5203,0.51,0.5,
2020-04-14,0.76,0.06,9.9,3.36,37.76,122.1121,0.53,0.56,
2020-04-15,0.63,0.03,3.15,3.33,40.84,123.0752,0.43,0.49,6367887.0
2020-04-16,0.61,0.03,1.525,3.28,40.11,123.4615,0.41,0.47,
2020-04-17,0.65,0.03,1.726,3.27,38.15,122.871,0.45,0.53,
2020-04-20,0.63,0.02,31.0,3.28,43.83,123.1033,0.43,0.51,
2020-04-21,0.58,0.01,12.528,3.29,45.41,123.9116,0.38,0.47,
2020-04-22,0.63,0.01,10.825,3.3,41.98,123.9256,0.41,0.51,6573136.0
2020-04-23,0.61,0.01,1.45,3.26,41.38,123.7542,0.39,0.5,
2020-04-24,0.6,0.03,1.5,3.25,35.93,124.1615,0.38,0.48,
2020-04-27,0.67,0.03,16.476,3.24,33.29,123.8843,0.43,0.55,
2020-04-28,0.62,0.01,7.131,3.25,33.57,123.3693,0.42,0.51,
2020-04-29,0.63,0.01,1.45,3.24,31.23,122.7782,0.43,0.53,6655929.0
2020-04-30,0.64,0.04,1.775,3.23,34.15,122.327,0.44,0.55,
2020-05-01,0.64,0.03,0.251,3.25,37.19,123.1492,0.44,0.52,
2020-05-04,0.64,0.05,4.85,3.28,35.97,123.2117,0.45,0.51,
2020-05-05,0.66,0.05,1.925,3.28,33.61,122.803,0.47,0.53,
2020-05-06,0.72,0.05,1.175,3.31,34.12,123.609,0.55,0.6,6721420.0
2020-05-07,0.63,0.05,0.982,3.34,31.44,123.1249,0.5,0.52,
2020-05-08,0.69,0.06,0.68,3.37,27.98,122.5379,0.53,0.57,
2020-05-11,0.73,0.06,0.123,3.41,27.57,123.2333,0.56,0.61,
2020-05-12,0.69,0.06,0.825,3.4,33.04,123.0592,0.52,0.56,
2020-05-13,0.64,0.04,13.825,3.43,35.28,123.5408,0.48,0.51,6934227.0
2020-05-14,0.63,0.02,0.133,3.41,32.61,123.6429,0.47,0.51,
2020-05-15,0.64,0.05,1.15,3.41,31.89,123.5991,0.48,0.52,
2020-05-18,0.73,0.04,0.578,3.38,29.3,122.7968,0.55,0.6,
2020-05-19,0.7,0.04,0.09,3.3,30.53,122.5655,0.53,0.57,
2020-05-20,0.68,0.01,9.726,3.24,27.99,122.1007,0.52,0.56,7037258.0
2020-05-21,0.68,0.02,0.003,3.18,29.53,122.0914,0.51,0.56,
2020-05-22,0.66,0.04,0.001,3.18,28.16,122.3211,0.49,0.54,
2020-05-25,,,,,,,,,
2020-05-26,0.69,0.06,0.001,3.14,28.01,121.3864,0.51,0.55,
2020-05-27,0.68,0.06,4.326,3.11,27.62,121.5677,0.49,0.53,7097316.0
2020-05-28,0.7,0.06,0.0,3.1,28.59,121.0138,0.53,0.55,
2020-05-29,0.65,0.06,1.325,3.08,27.51,120.9458,0.49,0.51,
2020-06-01,0.66,0.06,0.0,3.1,28.23,120.2686,0.52,0.52,
2020-06-02,0.68,0.07,2.013,3.08,26.84,119.6854,0.51,0.53,
2020-06-03,0.77,0.06,0.013,3.02,25.66,119.2556,0.58,0.61,7165217.0
2020-06-04,0.82,0.07,0.0,2.99,25.81,119.3014,0.63,0.67,
2020-06-05,0.91,0.07,0.0,2.86,24.52,118.8138,0.69,0.76,
2020-06-08,0.88,0.07,0.0,2.81,25.81,118.6621,0.66,0.71,
2020-06-09,0.84,0.08,1.252,2.8,27.57,118.5893,0.64,0.65,
2020-06-10,0.75,0.07,0.012,2.86,27.57,118.5231,0.58,0.58,7168936.0
2020-06-11,0.66,0.08,0.375,2.91,40.79,119.2347,0.47,0.49,
2020-06-12,0.71,0.08,0.0,2.91,36.09,119.6645,0.52,0.55,
2020-06-15,0.71,0.09,0.003,2.93,34.4,119.9539,0.52,0.53,
2020-06-16,0.75,0.09,4.0,2.89,33.67,119.567,0.54,0.58,
2020-06-17,0.74,0.09,0.001,2.87,33.47,119.9105,0.55,0.57,7094690.0
2020-06-18,0.71,0.09,0.001,2.86,32.94,120.2173,0.52,0.55,
2020-06-19,0.7,0.09,0.001,2.87,35.12,120.2186,0.51,0.55,
2020-06-22,0.71,0.08,0.01,2.86,31.77,119.7532,0.52,0.55,
2020-06-23,0.72,0.07,0.011,2.87,31.37,119.3285,0.54,0.56,
2020-06-24,0.69,0.08,0.001,2.89,33.84,119.9744,0.5,0.54,7082302.0
2020-06-25,0.68,0.09,0.001,2.92,32.22,120.2997,0.51,0.52,
2020-06-26,0.64,0.08,0.2,2.92,34.73,120.533,0.47,0.5,
2020-06-29,0.64,0.08,0.25,2.94,31.78,120.6658,0.48,0.5,
2020-06-30,0.66,0.1,0.95,2.93,30.43,120.4649,0.5,0.5,
2020-07-01,0.69,0.11,0.002,2.89,28.62,120.0808,0.52,0.55,7009040.0
2020-07-02,0.68,0.11,0.0,2.87,27.68,119.8555,0.52,0.54,
2020-07-03,,,,,,,,,
2020-07-06,0.69,0.1,0.0,2.83,27.94,119.2852,0.53,0.54,
2020-07-07,0.65,0.1,0.003,2.81,29.43,119.5717,0.49,0.5,
2020-07-08,0.67,0.1,0.001,2.77,28.08,119.5525,0.51,0.52,6920716.0
2020-07-09,0.62,0.1,0.0,2.73,29.26,119.5129,0.46,0.49,
2020-07-10,0.65,0.1,0.0,2.74,27.29,119.3509,0.49,0.52,
2020-07-13,0.64,0.1,0.001,2.74,32.19,119.1891,0.48,0.5,
2020-07-14,0.63,0.11,0.001,2.71,29.52,119.3901,0.49,0.48,
2020-07-15,0.64,0.13,0.001,2.71,27.76,119.0331,0.48,0.48,6958604.0
2020-07-16,0.62,0.12,0.001,2.69,28.0,118.9275,0.46,0.51,
2020-07-17,0.64,0.12,0.0,2.68,25.68,119.124,0.5,0.53,
2020-07-20,0.62,0.12,0.003,2.66,24.46,119.0483,0.46,0.49,
2020-07-21,0.61,0.11,0.0,2.63,24.84,118.4042,0.47,0.48,
2020-07-22,0.6,0.1,0.0,2.61,24.32,118.1337,0.46,0.47,6964755.0
2020-07-23,0.59,0.1,0.0,2.58,26.08,118.0613,0.43,0.47,
2020-07-24,0.59,0.1,0.0,2.58,25.84,118.1329,0.45,0.48,
2020-07-27,0.62,0.1,0.0,2.56,24.74,117.3869,0.47,0.51,
2020-07-28,0.59,0.1,0.0,2.57,25.44,117.3189,0.45,0.48,
2020-07-29,0.58,0.09,0.001,2.61,24.1,117.2126,0.46,0.47,6949032.0
2020-07-30,0.55,0.1,0.307,2.6,24.76,117.4008,0.44,0.46,
2020-07-31,0.55,0.1,0.15,2.6,24.46,117.2082,0.44,0.46,
2020-08-03,0.56,0.1,0.0,2.63,24.28,117.8074,0.45,0.46,
2020-08-04,0.52,0.09,0.005,2.62,23.76,117.7833,0.41,0.43,
2020-08-05,0.55,0.09,0.0,2.59,22.99,116.8736,0.44,0.45,6945237.0
2020-08-06,0.55,0.09,0.0,2.57,22.65,117.0422,0.44,0.45,
2020-08-07,0.57,0.09,0.0,2.57,22.21,117.6239,0.44,0.47,
2020-08-10,0.59,0.09,0.008,2.56,22.13,117.5821,0.45,0.48,
2020-08-11,0.64,0.1,0.0,2.59,24.03,117.3781,0.48,0.53,
2020-08-12,0.69,0.09,0.103,2.55,22.28,117.2559,0.53,0.58,6957277.0
2020-08-13,0.71,0.09,0.126,2.59,22.13,117.1193,0.55,0.61,
2020-08-14,0.71,0.09,0.001,2.61,22.05,116.9395,0.57,0.61,
2020-08-17,0.69,0.1,0.054,2.64,21.35,116.749,0.55,0.59,
2020-08-18,0.67,0.09,0.002,2.64,21.51,116.5593,0.53,0.58,
2020-08-19,0.68,0.09,0.112,2.65,22.54,116.567,0.54,0.57,7010637.0
2020-08-20,0.65,0.07,0.15,2.65,22.72,116.8126,0.52,0.54,
2020-08-21,0.64,0.07,0.0,2.64,22.54,117.0572,0.48,0.54,
2020-08-24,0.65,0.08,0.0,2.63,22.37,116.912,0.51,0.53,
2020-08-25,0.69,0.08,0.012,2.63,22.03,116.8206,0.54,0.58,
2020-08-26,0.69,0.07,0.009,2.66,23.27,116.6243,0.53,0.58,6990418.0
2020-08-27,0.74,0.07,0.002,2.71,24.47,116.649,0.58,0.63,
2020-08-28,0.74,0.07,0.0,2.71,22.96,115.9374,0.6,0.64,
2020-08-31,0.72,0.09,0.011,2.67,26.41,115.7586,0.58,0.61,
2020-09-01,0.68,0.09,0.008,2.67,26.12,115.5687,0.55,0.56,
2020-09-02,0.66,0.09,0.014,2.64,26.57,116.0304,0.52,0.54,7017492.0
2020-09-03,0.63,0.1,0.0,2.64,33.6,116.0685,0.5,0.52,
2020-09-04,0.72,0.09,0.0,2.68,30.75,116.0347,0.58,0.61,
2020-09-07,,,,,,,,,
2020-09-08,0.69,0.09,0.0,2.67,31.46,116.4618,0.55,0.56,
2020-09-09,0.71,0.09,0.001,2.69,28.81,116.1291,0.57,0.59,7010614.0
2020-09-10,0.68,0.09,0.01,2.69,29.71,115.8806,0.54,0.56,
2020-09-11,0.67,0.09,0.0,2.69,26.87,116.0866,0.54,0.56,
2020-09-14,0.68,0.09,0.001,2.66,25.85,115.6428,0.54,0.57,
2020-09-15,0.68,0.1,0.002,2.68,25.59,115.5908,0.54,0.57,
2020-09-16,0.69,0.1,0.055,2.67,26.04,115.3537,0.55,0.57,7064475.0
2020-09-17,0.69,0.1,0.001,2.65,26.46,115.4392,0.56,0.6,
2020-09-18,0.7,0.09,0.0,2.66,25.83,115.2395,0.56,0.6,
2020-09-21,0.68,0.08,0.054,2.66,27.78,116.378,0.54,0.58,
2020-09-22,0.68,0.07,0.0,2.66,26.86,116.5438,0.55,0.58,
2020-09-23,0.68,0.06,0.001,2.68,28.58,117.2526,0.54,0.57,7093161.0
2020-09-24,0.67,0.07,0.004,2.7,28.51,117.5473,0.53,0.57,
2020-09-25,0.66,0.08,0.0,2.74,26.38,117.8679,0.54,0.56,
2020-09-28,0.67,0.08,0.0,2.76,26.19,117.6178,0.53,0.56,
2020-09-29,0.66,0.07,1.301,2.74,26.27,117.526,0.55,0.57,
2020-09-30,0.69,0.08,0.85,2.75,26.37,116.946,0.56,0.59,7056129.0
2020-10-01,0.68,0.08,0.001,2.75,26.7,116.7227,0.54,0.59,
2020-10-02,0.7,0.1,0.0,2.76,27.63,116.7321,0.57,0.61,
2020-10-05,0.78,0.09,0.0,2.74,27.96,116.1767,0.64,0.68,
2020-10-06,0.76,0.1,0.0,2.7,29.48,116.2681,0.62,0.66,
2020-10-07,0.81,0.09,0.011,2.69,28.06,116.3447,0.65,0.71,7074649.0
2020-10-08,0.78,0.08,0.212,2.68,26.36,116.1657,0.65,0.69,
2020-10-09,0.79,0.09,0.0,2.67,25.0,115.2757,0.63,0.69,
2020-10-12,,,,,25.07,,,,
2020-10-13,0.74,0.09,0.0,2.65,26.07,115.9107,0.58,0.63,
2020-10-14,0.73,0.09,0.0,2.64,26.4,115.6872,0.59,0.61,7151426.0
2020-10-15,0.74,0.1,0.001,2.65,26.97,116.0964,0.6,0.63,
2020-10-16,0.76,0.09,0.002,2.64,27.41,115.7679,0.62,0.65,
2020-10-19,0.78,0.09,0.004,2.61,29.18,115.4031,0.62,0.67,
2020-10-20,0.81,0.08,0.007,2.64,29.35,115.2485,0.67,0.71,
2020-10-21,0.83,0.07,0.0,2.63,28.65,114.9108,0.69,0.73,7177265.0
2020-10-22,0.87,0.07,0.001,2.61,28.11,115.1158,0.71,0.78,
2020-10-23,0.85,0.08,0.0,2.6,27.55,115.0126,0.67,0.75,
2020-10-26,0.81,0.09,0.001,2.6,32.46,115.2797,0.65,0.7,
2020-10-27,0.79,0.09,0.0,2.6,33.35,115.0131,0.63,0.69,
2020-10-28,0.79,0.08,0.005,2.62,40.28,115.8023,0.63,0.69,7146306.0
2020-10-29,0.85,0.09,0.014,2.61,37.59,116.3069,0.69,0.76,
2020-10-30,0.88,0.09,0.001,2.61,38.02,116.1354,0.74,0.79,
2020-11-02,0.87,0.11,0.0,2.6,37.13,116.2361,0.71,0.78,
2020-11-03,0.9,0.1,0.0,2.58,35.55,115.4802,0.73,0.8,
2020-11-04,0.78,0.1,0.0,2.58,29.57,115.1677,0.64,0.68,7157479.0
2020-11-05,0.79,0.11,0.0,2.52,27.58,114.4556,0.65,0.69,
2020-11-06,0.83,0.1,0.0,2.51,24.86,113.9919,0.67,0.73,
2020-11-09,0.96,0.1,0.0,2.47,25.75,114.0895,0.79,0.85,
2020-11-10,0.98,0.1,0.0,2.44,24.8,114.0757,0.79,0.88,
2020-11-11,,,,,23.45,,,,7175417.0
2020-11-12,0.88,0.09,0.0,2.45,25.35,114.2843,0.71,0.78,
2020-11-13,0.89,0.09,0.003,2.44,23.1,114.2397,0.72,0.8,
2020-11-16,0.91,0.1,0.013,2.42,22.45,113.8312,0.72,0.82,
2020-11-17,0.87,0.09,0.0,2.42,22.71,113.682,0.69,0.78,
2020-11-18,0.88,0.07,0.103,2.39,23.84,113.46,0.72,0.79,7243080.0
2020-11-19,0.86,0.06,2.0,2.35,23.11,113.694,0.68,0.79,
2020-11-20,0.83,0.05,0.0,2.35,23.7,113.489,0.67,0.76,
2020-11-23,0.86,0.05,0.485,2.33,22.66,113.7548,0.7,0.78,
2020-11-24,0.88,0.07,0.001,2.31,21.64,113.4316,0.72,0.79,
2020-11-25,0.88,0.08,0.0,2.32,21.25,113.1823,0.71,0.79,7216480.0
2020-11-26,,,,,,,,,
2020-11-27,0.84,0.08,0.0,2.32,20.84,,0.68,0.75,
2020-11-30,0.84,0.09,0.006,2.29,20.57,113.2256,0.68,0.76,
2020-12-01,0.92,0.08,0.002,2.28,20.77,112.8063,0.75,0.83,
2020-12-02,0.95,0.08,0.001,2.24,21.17,112.6115,0.79,0.86,7222414.0
2020-12-03,0.92,0.08,0.0,2.23,21.28,112.0236,0.76,0.84,
2020-12-04,0.97,0.09,0.0,2.23,20.79,111.7778,0.81,0.88,
2020-12-07,0.94,0.08,0.001,2.22,21.3,111.8385,0.8,0.86,
2020-12-08,0.92,0.07,0.001,2.22,20.68,111.8639,0.78,0.83,
2020-12-09,0.95,0.08,0.003,2.24,22.27,112.0305,0.79,0.87,7242658.0
2020-12-10,0.92,0.08,0.001,2.22,22.52,111.9788,0.78,0.84,
2020-12-11,0.9,0.08,0.0,2.23,23.31,112.1417,0.79,0.82,
2020-12-14,0.9,0.08,0.1,2.24,24.72,112.1708,0.77,0.81,
2020-12-15,0.92,0.09,0.001,2.26,22.89,111.8601,0.81,0.84,
2020-12-16,0.92,0.09,0.026,2.25,22.5,111.7157,0.79,0.83,7362592.0
2020-12-17,0.94,0.09,0.014,2.23,21.93,111.2226,0.81,0.86,
2020-12-18,0.95,0.09,0.032,2.24,21.57,111.6071,0.82,0.87,
2020-12-21,0.95,0.09,0.435,2.23,25.16,111.9415,0.82,0.86,
2020-12-22,0.93,0.07,0.406,2.22,24.23,112.1947,0.8,0.84,
2020-12-23,0.96,0.06,0.857,2.24,23.31,111.9807,0.83,0.87,7404039.0
2020-12-24,0.94,0.08,0.01,2.23,21.53,,0.81,0.85,
2020-12-25,,,,,,,,,
2020-12-28,0.94,0.09,0.901,2.22,21.7,111.9752,0.81,0.83,
2020-12-29,0.94,0.1,0.257,2.22,23.08,111.5172,0.82,0.84,
2020-12-30,0.93,0.09,0.652,2.2,22.77,111.3084,0.81,0.85,7363351.0
2020-12-31,0.93,0.07,9.651,2.18,22.75,111.3169,0.8,0.84,
2021-01-01,,,,,,,,,
2021-01-04,0.93,0.1,0.001,2.19,26.97,111.2075,0.82,0.84,
2021-01-05,0.96,0.11,0.005,2.23,25.34,110.9574,0.83,0.87,
2021-01-06,1.04,0.1,0.004,2.27,25.07,110.8502,0.9,0.95,7334809.0
2021-01-07,1.08,0.1,0.001,2.23,22.37,111.3042,0.94,0.99,
2021-01-08,1.13,0.09,0.0,2.19,21.56,111.2847,0.99,1.05,
2021-01-11,1.15,0.09,0.0,2.15,24.08,111.8257,1.01,1.07,
2021-01-12,1.15,0.08,0.0,2.16,23.33,111.5501,1.01,1.06,
2021-01-13,1.1,0.08,0.0,2.13,22.21,111.3622,0.96,1.01,7333968.0
2021-01-14,1.15,0.08,0.6,2.12,23.25,111.1567,0.99,1.06,
2021-01-15,1.11,0.08,0.0,2.13,24.34,111.5106,0.98,1.02,
2021-01-18,,,,,,,,,
2021-01-19,1.1,0.07,0.004,2.11,23.24,111.4527,0.96,1.01,
2021-01-20,1.1,0.06,1.806,2.11,21.58,,0.97,1.02,7414942.0
2021-01-21,1.12,0.04,1.201,2.12,21.32,111.1973,0.99,1.03,
2021-01-22,1.1,0.05,0.0,2.14,21.91,111.5516,0.97,1.02,
2021-01-25,1.05,0.06,2.2,2.15,23.19,111.8676,0.92,0.96,
2021-01-26,1.05,0.03,1.631,2.16,23.02,111.6572,0.94,0.98,
2021-01-27,1.04,0.03,1.152,2.16,37.21,112.0782,0.92,0.96,7404926.0
2021-01-28,1.07,0.04,2.655,2.17,30.21,112.0059,0.95,1.0,
2021-01-29,1.11,0.06,7.1,2.17,33.09,111.9511,1.0,1.05,
2021-02-01,1.09,0.07,0.012,2.19,30.24,112.4189,0.98,1.02,
2021-02-02,1.12,0.07,0.011,2.18,25.56,112.2862,1.01,1.05,
2021-02-03,1.15,0.07,0.178,2.17,22.91,112.2567,1.04,1.11,7410598.0
2021-02-04,1.15,0.05,0.5,2.19,21.77,112.7469,1.04,1.11,
2021-02-05,1.19,0.02,0.01,2.18,20.87,112.2379,1.1,1.16,
2021-02-08,1.19,0.02,0.002,2.14,21.24,112.0428,1.08,1.14,
2021-02-09,1.18,0.05,0.001,2.15,21.63,111.7675,1.07,1.14,
2021-02-10,1.15,0.06,0.0,2.16,21.99,111.5834,1.04,1.1,7442225.0
2021-02-11,1.16,0.06,0.108,2.18,21.25,111.5272,1.05,1.11,
2021-02-12,1.2,0.05,0.001,2.19,19.97,111.4889,1.09,1.16,
2021-02-15,,,,,,,,,
2021-02-16,1.3,0.06,0.004,2.15,21.46,111.7879,1.17,1.26,
2021-02-17,1.29,0.06,0.05,2.13,21.5,112.0204,1.18,1.25,7557402.0
2021-02-18,1.29,0.03,0.0,2.13,22.49,112.1603,1.18,1.26,
2021-02-19,1.34,0.02,0.002,2.14,22.05,111.7058,1.23,1.3,
2021-02-22,1.37,0.03,1.1,2.16,23.45,111.918,1.26,1.34,
2021-02-23,1.37,0.01,0.435,2.2,23.11,111.8981,1.26,1.33,
2021-02-24,1.38,0.02,0.001,2.22,21.34,111.7212,1.26,1.35,7590111.0
2021-02-25,1.54,0.03,9.976,2.12,28.89,111.9253,1.37,1.5,
2021-02-26,1.44,0.01,11.2,2.12,27.95,112.8306,1.3,1.4,
2021-03-01,1.45,0.02,0.0,2.13,23.35,112.5263,1.32,1.4,
2021-03-02,1.42,0.04,0.005,2.15,24.1,112.5342,1.29,1.38,
2021-03-03,1.47,0.04,0.507,2.14,26.67,112.7617,1.33,1.42,7557524.0
2021-03-04,1.54,0.02,2.1,2.13,28.57,112.7037,1.4,1.5,
2021-03-05,1.56,0.02,1.0,2.13,24.66,113.7487,1.42,1.52,
2021-03-08,1.59,0.02,0.025,2.14,25.47,114.2678,1.42,1.54,
2021-03-09,1.55,0.02,0.0,2.16,24.03,113.928,1.38,1.5,
2021-03-10,1.53,0.02,0.1,2.17,22.56,113.5881,1.37,1.49,7579901.0
2021-03-11,1.54,0.01,11.051,2.18,21.91,112.9214,1.4,1.5,
2021-03-12,1.64,0.01,6.8,2.19,20.69,113.0269,1.5,1.6,
2021-03-15,1.62,0.01,0.003,2.18,20.03,113.1928,1.48,1.58,
2021-03-16,1.62,0.01,0.702,2.19,19.79,112.9839,1.47,1.6,
2021-03-17,1.63,0.01,0.0,2.23,19.23,113.1589,1.5,1.61,7693506.0
2021-03-18,1.71,0.01,26.57,2.17,21.58,112.7744,1.55,1.7,
2021-03-19,1.74,0.01,18.908,2.1,20.95,112.9756,1.58,1.73,
2021-03-22,1.69,0.01,22.242,2.08,18.88,113.0023,1.54,1.66,
2021-03-23,1.63,0.01,19.526,2.11,20.3,113.2916,1.48,1.62,
2021-03-24,1.62,0.01,21.902,2.1,21.2,113.6565,1.48,1.6,7719622.0
2021-03-25,1.63,0.01,10.1,2.11,19.81,114.0016,1.49,1.61,
2021-03-26,1.67,0.01,11.45,2.09,18.86,113.7406,1.53,1.65,
2021-03-29,1.73,0.01,40.354,2.08,20.74,113.9314,1.59,1.7,
2021-03-30,1.73,0.01,104.725,2.04,19.61,114.203,1.57,1.71,
2021-03-31,1.74,0.01,134.307,2.03,19.4,113.8234,1.58,1.71,7688988.0
2021-04-01,1.69,0.01,9.575,1.98,17.33,113.7389,1.52,1.67,
2021-04-02,1.72,,,,,113.7315,1.53,1.7,
2021-04-05,1.73,0.01,3.45,1.93,17.91,113.394,1.56,1.7,
2021-04-06,1.67,0.01,18.951,1.95,18.12,113.1464,1.51,1.65,
2021-04-07,1.68,0.01,35.035,1.96,17.16,113.2436,1.52,1.66,7708882.0
2021-04-08,1.64,0.01,27.64,1.98,16.95,113.0917,1.5,1.63,
2021-04-09,1.67,0.01,31.265,1.96,16.69,113.2028,1.51,1.65,
2021-04-12,1.69,0.01,30.221,1.95,16.91,113.1815,1.51,1.67,
2021-04-13,1.64,0.01,37.543,1.97,16.65,113.0391,1.48,1.61,
2021-04-14,1.64,0.01,50.856,1.98,16.99,112.7849,1.48,1.62,7793104.0
2021-04-15,1.56,0.01,28.626,1.95,16.57,112.6181,1.4,1.54,
2021-04-16,1.59,0.01,39.94,1.97,16.25,112.4814,1.43,1.57,
2021-04-19,1.61,0.01,53.798,1.99,17.29,112.1835,1.45,1.59,
2021-04-20,1.58,0.01,67.747,2.0,18.68,112.2354,1.43,1.55,
2021-04-21,1.57,0.01,81.329,2.01,17.5,112.1771,1.42,1.54,7820948.0
2021-04-22,1.57,0.01,102.644,1.99,18.71,112.2297,1.41,1.54,
2021-04-23,1.58,0.01,73.794,1.99,17.33,112.0889,1.42,1.55,
2021-04-26,1.58,0.01,100.916,1.98,17.64,111.8109,1.4,1.55,
2021-04-27,1.63,0.01,142.172,1.97,17.56,111.9097,1.46,1.62,
2021-04-28,1.63,0.01,166.732,1.98,17.28,111.7909,1.46,1.62,7780962.0
2021-04-29,1.65,0.01,173.469,1.97,17.61,111.7464,1.49,1.64,
2021-04-30,1.65,0.01,183.234,1.96,18.61,112.0839,1.49,1.64,
2021-05-03,1.63,0.01,129.724,1.96,18.31,112.005,1.47,1.59,
2021-05-04,1.61,0.01,147.806,1.97,19.48,112.2896,1.45,1.59,
2021-05-05,1.59,0.01,162.8,1.98,19.15,112.1514,1.43,1.57,7810486.0
2021-05-06,1.58,0.01,154.921,1.96,18.39,111.8401,1.42,1.56,
2021-05-07,1.6,0.01,161.856,1.97,16.69,111.0249,1.46,1.58,
2021-05-10,1.63,0.01,175.548,1.98,19.66,110.7905,1.47,1.61,
2021-05-11,1.64,0.01,181.753,2.01,21.84,110.8921,1.48,1.63,
2021-05-12,1.69,0.01,209.257,2.02,27.59,111.5636,1.53,1.67,7830663.0
2021-05-13,1.66,0.01,235.217,2.04,23.13,111.5955,1.5,1.64,
2021-05-14,1.63,0.01,241.185,2.03,18.81,111.1353,1.47,1.62,
2021-05-17,1.64,0.01,208.96,2.02,19.72,111.079,1.48,1.62,
2021-05-18,1.64,0.01,243.47,2.03,21.34,110.8317,1.48,1.62,
2021-05-19,1.68,0.01,293.998,2.02,22.18,110.8807,1.52,1.67,7922883.0
2021-05-20,1.63,0.01,351.121,2.02,20.67,110.8605,1.48,1.62,
2021-05-21,1.63,0.01,369.046,2.01,20.15,111.0576,1.46,1.62,
2021-05-24,1.61,0.01,394.941,2.0,18.4,110.9118,1.46,1.59,
2021-05-25,1.56,0.01,432.955,2.01,18.84,110.842,1.41,1.54,
2021-05-26,1.58,0.01,450.283,1.98,17.36,110.8677,1.44,1.56,7903541.0
2021-05-27,1.61,0.01,485.329,1.98,16.74,110.8688,1.47,1.59,
2021-05-28,1.58,0.01,479.498,1.99,16.76,110.7576,1.44,1.57,
2021-05-31,,,,,,,,,
2021-06-01,1.62,0.01,447.985,1.97,17.9,110.5046,1.46,1.6,
2021-06-02,1.59,0.01,438.778,1.98,17.48,110.5799,1.46,1.57,7935703.0
2021-06-03,1.63,0.01,479.102,1.96,18.04,111.1782,1.47,1.61,
2021-06-04,1.56,0.01,483.349,1.98,16.42,110.7521,1.42,1.54,
2021-06-07,1.57,0.01,486.097,1.98,16.42,110.5155,1.41,1.55,
2021-06-08,1.53,0.01,497.428,1.98,17.07,110.649,1.39,1.51,
2021-06-09,1.5,0.01,502.904,1.96,17.89,110.5707,1.34,1.47,7952327.0
2021-06-10,1.45,0.01,534.943,2.0,16.1,110.5456,1.31,1.42,
2021-06-11,1.47,0.01,547.808,1.97,15.65,111.0933,1.31,1.44,
2021-06-14,1.51,0.01,583.892,1.96,16.39,110.9659,1.35,1.48,
2021-06-15,1.51,0.01,509.559,1.96,17.02,111.3507,1.35,1.48,
2021-06-16,1.57,0.01,520.942,1.91,18.15,111.1165,1.36,1.53,8064257.0
2021-06-17,1.52,0.05,755.8,1.84,17.75,112.5772,1.29,1.48,
2021-06-18,1.45,0.05,747.121,1.85,20.7,113.0408,1.19,1.4,
2021-06-21,1.5,0.05,765.141,1.88,17.89,112.8391,1.23,1.45,
2021-06-22,1.48,0.05,791.605,1.9,16.66,112.9174,1.23,1.44,
2021-06-23,1.5,0.05,813.65,1.89,16.32,112.3819,1.24,1.45,8101945.0
2021-06-24,1.49,0.05,813.048,1.88,15.97,112.326,1.23,1.44,
2021-06-25,1.54,0.05,770.83,1.9,15.62,111.9655,1.26,1.48,
2021-06-28,1.49,0.05,803.019,1.88,15.76,112.0248,1.24,1.44,
2021-06-29,1.49,0.05,841.246,1.87,16.02,112.2613,1.22,1.45,
2021-06-30,1.45,0.05,991.939,1.87,15.83,112.5533,1.2,1.4,8078544.0
2021-07-01,1.48,0.05,742.647,1.86,15.48,112.74,1.23,1.43,
2021-07-02,1.44,0.05,731.504,1.87,15.07,112.5425,1.2,1.39,
2021-07-05,,,,,,,,,
2021-07-06,1.37,0.05,772.581,1.9,16.44,112.9516,1.15,1.32,
2021-07-07,1.33,0.05,785.72,1.89,16.2,113.1048,1.11,1.28,8097773.0
2021-07-08,1.3,0.05,793.399,1.91,19.0,113.0776,1.11,1.24,
2021-07-09,1.37,0.05,780.596,1.91,16.18,112.8375,1.14,1.31,
2021-07-12,1.38,0.05,776.472,1.91,16.17,112.7611,1.15,1.33,
2021-07-13,1.42,0.05,798.267,1.91,17.12,113.0063,1.16,1.37,
2021-07-14,1.37,0.05,859.975,1.91,16.33,112.8801,1.14,1.31,8201651.0
2021-07-15,1.31,0.05,776.261,1.92,17.01,113.0041,1.08,1.26,
2021-07-16,1.31,0.05,817.566,1.93,18.45,113.0428,1.06,1.26,
2021-07-19,1.19,0.05,860.468,1.97,22.5,113.5472,0.98,1.14,
2021-07-20,1.23,0.05,848.102,1.98,19.73,113.7502,1.03,1.18,
2021-07-21,1.3,0.05,886.206,1.96,17.91,113.3926,1.08,1.25,8240530.0
2021-07-22,1.27,0.05,898.197,1.95,17.69,113.4695,1.07,1.22,
2021-07-23,1.3,0.05,877.251,1.93,17.2,113.4398,1.08,1.25,
2021-07-26,1.29,0.05,891.203,1.94,17.58,113.2238,1.07,1.24,
2021-07-27,1.25,0.05,927.419,1.95,19.36,113.2227,1.05,1.2,
2021-07-28,1.26,0.05,965.189,1.96,18.31,113.1807,1.06,1.21,8221473.0
2021-07-29,1.28,0.05,987.283,1.94,17.7,112.4834,1.08,1.22,
2021-07-30,1.24,0.05,1039.394,1.95,18.24,112.6714,1.05,1.18,
2021-08-02,1.2,0.05,921.317,1.95,19.46,112.6691,1.03,1.15,
2021-08-03,1.19,0.05,909.442,1.97,18.04,112.8228,1.02,1.14,
2021-08-04,1.19,0.05,931.755,1.96,17.97,112.8953,1.02,1.14,8235073.0
2021-08-05,1.23,0.05,944.335,1.95,17.28,112.7674,1.02,1.18,
2021-08-06,1.31,0.05,952.134,1.94,16.15,113.3088,1.1,1.25,
2021-08-09,1.33,0.05,981.765,1.95,16.72,113.4521,1.1,1.27,
2021-08-10,1.36,0.05,998.654,1.95,16.79,113.4973,1.12,1.31,
2021-08-11,1.35,0.05,1000.46,1.99,16.06,113.282,1.12,1.3,8257159.0
2021-08-12,1.36,0.05,1087.342,1.99,15.59,113.2691,1.13,1.3,
2021-08-13,1.29,0.05,1050.941,1.98,15.45,113.0615,1.06,1.23,
2021-08-16,1.26,0.05,1036.418,1.97,16.12,113.1698,1.05,1.2,
2021-08-17,1.26,0.05,1053.454,1.98,17.91,113.6174,1.03,1.19,
2021-08-18,1.27,0.05,1115.656,1.97,21.57,113.6959,1.04,1.2,8342598.0
2021-08-19,1.24,0.05,1109.938,1.98,21.67,114.1106,1.02,1.18,
2021-08-20,1.26,0.05,1111.905,1.96,18.56,114.5009,1.03,1.21,
2021-08-23,1.25,0.05,1135.697,1.97,17.15,113.9418,1.02,1.2,
2021-08-24,1.29,0.05,1129.737,1.95,17.22,113.6795,1.05,1.24,
2021-08-25,1.35,0.05,1147.089,1.93,16.79,113.6322,1.12,1.29,8332743.0
2021-08-26,1.34,0.05,1091.792,1.92,18.84,113.7883,1.09,1.29,
2021-08-27,1.31,0.05,1120.015,1.92,16.39,113.3404,1.09,1.26,
2021-08-30,1.29,0.05,1140.711,1.92,16.19,113.246,1.09,1.24,
2021-08-31,1.3,0.05,1189.616,1.94,16.48,113.1076,1.1,1.26,
2021-09-01,1.31,0.05,1084.115,1.92,16.11,112.8732,1.11,1.26,8349173.0
2021-09-02,1.29,0.05,1066.987,1.92,16.41,112.7863,1.09,1.24,
2021-09-03,1.33,0.05,1074.707,1.91,16.41,112.5476,1.12,1.28,
2021-09-06,,,,,,,,,
2021-09-07,1.38,0.05,1079.945,1.91,18.14,112.9795,1.16,1.33,
2021-09-08,1.35,0.05,1115.229,1.91,17.96,113.2319,1.13,1.3,8357314.0
2021-09-09,1.3,0.05,1107.659,1.9,18.8,113.043,1.07,1.26,
2021-09-10,1.35,0.05,1099.323,1.88,20.95,112.9425,1.12,1.3,
2021-09-13,1.33,0.05,1087.108,1.87,19.37,113.0341,1.12,1.27,
2021-09-14,1.28,0.05,1169.28,1.87,19.46,113.0061,1.07,1.24,
2021-09-15,1.31,0.05,1081.342,1.85,18.18,112.9773,1.1,1.27,8448770.0
2021-09-16,1.34,0.05,1147.494,1.84,18.69,113.3036,1.11,1.3,
2021-09-17,1.37,0.05,1218.303,1.83,20.81,113.5989,1.14,1.33,
2021-09-20,1.31,0.05,1224.289,1.84,25.71,113.9422,1.08,1.27,
2021-09-21,1.33,0.05,1240.494,1.83,24.36,113.8179,1.11,1.3,
2021-09-22,1.32,0.05,1283.281,1.83,20.87,113.6223,1.07,1.29,8489824.0
2021-09-23,1.41,0.05,1352.483,1.81,18.63,113.513,1.14,1.38,
2021-09-24,1.47,0.05,1313.657,1.8,17.75,113.7597,1.18,1.44,
2021-09-27,1.48,0.05,1297.05,1.78,18.76,113.7432,1.17,1.44,
2021-09-28,1.54,0.05,1365.185,1.8,23.25,114.2469,1.23,1.5,
2021-09-29,1.55,0.05,1415.84,1.81,22.56,114.7092,1.25,1.51,8447981.0
2021-09-30,1.52,0.05,1604.881,1.85,23.14,114.6403,1.24,1.48,
2021-10-01,1.48,0.05,1385.991,1.85,21.15,114.3798,1.21,1.44,
2021-10-04,1.49,0.05,1399.173,1.85,22.96,114.2739,1.22,1.45,
2021-10-05,1.54,0.05,1431.18,1.84,21.3,114.3654,1.26,1.5,
2021-10-06,1.53,0.05,1451.175,1.84,21.0,114.7185,1.23,1.49,8464032.0
2021-10-07,1.58,0.05,1375.863,1.85,19.54,114.5044,1.26,1.53,
2021-10-08,1.61,0.05,1371.958,1.84,18.77,114.5986,1.29,1.56,
2021-10-11,,,,,20.0,,,,
2021-10-12,1.59,0.05,1367.051,1.82,19.85,114.7542,1.24,1.53,
2021-10-13,1.56,0.05,1364.701,1.79,18.64,114.4705,1.19,1.51,8480942.0
2021-10-14,1.52,0.05,1445.66,1.81,16.86,114.2053,1.16,1.47,
2021-10-15,1.59,0.05,1462.297,1.76,16.3,114.0905,1.18,1.54,
2021-10-18,1.59,0.05,1477.114,1.72,16.31,113.9899,1.15,1.53,
2021-10-19,1.65,0.03,1470.739,1.72,15.7,113.647,1.24,1.6,
2021-10-20,1.65,0.03,1493.961,1.75,15.49,113.5083,1.25,1.6,8564943.0
2021-10-21,1.68,0.03,1458.605,1.74,15.01,113.6188,1.23,1.62,
2021-10-22,1.66,0.05,1403.02,1.72,15.43,113.67,1.18,1.6,
2021-10-25,1.64,0.04,1413.188,1.73,15.24,113.605,1.17,1.58,
2021-10-26,1.63,0.05,1423.198,1.71,15.98,113.674,1.16,1.57,
2021-10-27,1.54,0.05,1433.37,1.69,16.98,113.6218,1.04,1.48,8556181.0
2021-10-28,1.57,0.05,1384.684,1.69,16.53,113.4389,1.07,1.51,
2021-10-29,1.55,0.05,1502.296,1.69,16.26,114.1349,1.07,1.5,
2021-11-01,1.58,0.05,1358.606,1.69,16.41,114.2067,1.08,1.53,
2021-11-02,1.56,0.05,1329.913,1.71,16.03,114.2847,1.1,1.51,
2021-11-03,1.6,0.05,1343.985,1.7,15.1,114.3593,1.13,1.55,8574871.0
2021-11-04,1.53,0.05,1348.539,1.73,15.44,114.3558,1.12,1.49,
2021-11-05,1.45,0.05,1354.059,1.73,16.48,114.0732,1.06,1.4,
2021-11-08,1.51,0.05,1354.382,1.67,17.22,113.8256,1.06,1.45,
2021-11-09,1.46,0.05,1377.197,1.67,17.78,113.762,1.05,1.42,
2021-11-10,1.56,0.05,1448.623,1.66,18.73,114.1484,1.05,1.51,8663117.0
2021-11-11,,,,,17.66,,,,
2021-11-12,1.58,0.05,1417.643,1.69,16.29,114.5144,1.05,1.53,
2021-11-15,1.63,0.05,1391.657,1.7,16.49,114.5876,1.1,1.58,
2021-11-16,1.63,0.05,1466.857,1.72,16.37,115.136,1.09,1.58,
2021-11-17,1.6,0.05,1520.0,1.74,17.11,115.0263,1.08,1.55,8674970.0
2021-11-18,1.59,0.05,1584.097,1.73,17.59,115.0678,1.07,1.54,
2021-11-19,1.54,0.05,1575.384,1.73,17.91,115.2187,1.02,1.49,
2021-11-22,1.63,0.05,1573.769,1.71,19.17,115.6481,1.0,1.58,
2021-11-23,1.67,0.05,1571.98,1.73,19.38,116.0118,1.07,1.61,
2021-11-24,1.64,0.05,1452.897,1.72,18.58,116.2711,1.0,1.58,8681771.0
2021-11-25,,,,,,,,,
2021-11-26,1.48,0.05,1451.108,1.82,28.62,116.5103,0.98,1.42,
2021-11-29,1.52,0.05,1459.339,1.81,22.96,116.581,1.01,1.46,
2021-11-30,1.43,0.05,1517.956,1.81,27.19,116.2071,0.91,1.38,
2021-12-01,1.43,0.05,1427.347,1.81,31.12,115.889,0.87,1.37,8650402.0
2021-12-02,1.44,0.05,1448.585,1.8,27.95,116.018,0.81,1.39,
2021-12-03,1.35,0.05,1475.464,1.81,30.67,116.2377,0.75,1.29,
2021-12-06,1.43,0.05,1487.996,1.79,27.18,116.1538,0.78,1.38,
2021-12-07,1.48,0.05,1455.038,1.75,21.89,115.8555,0.78,1.42,
2021-12-08,1.52,0.05,1484.192,1.79,19.9,115.4418,0.84,1.45,8664524.0
2021-12-09,1.49,0.05,1500.027,1.81,21.58,115.7784,0.79,1.43,
2021-12-10,1.48,0.05,1507.147,1.83,18.69,115.5732,0.81,1.42,
2021-12-13,1.42,0.05,1599.768,1.82,20.31,115.842,0.76,1.37,
2021-12-14,1.44,0.05,1584.488,1.82,21.89,116.2397,0.77,1.39,
2021-12-15,1.47,0.05,1621.097,1.83,19.29,116.4219,0.78,1.42,8756666.0
2021-12-16,1.44,0.05,1657.626,1.87,20.57,115.7146,0.8,1.39,
2021-12-17,1.41,0.05,1704.586,1.87,21.57,115.791,0.75,1.36,
2021-12-20,1.43,0.04,1758.041,1.89,22.87,116.0092,0.78,1.36,
2021-12-21,1.48,0.05,1748.285,1.88,21.01,116.1089,0.78,1.41,
2021-12-22,1.46,0.05,1699.277,1.86,18.63,115.7485,0.78,1.38,8790495.0
2021-12-23,1.5,0.05,1577.78,1.86,17.96,115.5337,0.79,1.43,
2021-12-24,,,,,,,,,
2021-12-27,1.48,0.05,1580.347,1.86,17.68,115.4684,0.72,1.42,
2021-12-28,1.49,0.05,1637.064,1.86,17.54,115.4192,0.75,1.43,
2021-12-29,1.55,0.05,1642.506,1.85,16.95,115.3678,0.8,1.5,8757460.0
2021-12-30,1.52,0.05,1696.476,1.85,17.33,115.283,0.79,1.47,
2021-12-31,1.52,0.05,1904.582,,17.22,,0.79,1.46,
2022-01-03,1.63,0.05,1579.526,1.82,16.6,115.4101,0.85,1.55,
2022-01-04,1.66,0.05,1495.692,1.84,16.91,115.3103,0.89,1.58,
2022-01-05,1.71,0.05,1492.787,1.8,19.73,115.137,0.88,1.62,8765721.0
2022-01-06,1.73,0.05,1510.553,1.78,19.61,115.4046,0.85,1.63,
2022-01-07,1.76,0.05,1530.096,1.78,18.76,115.0451,0.89,1.66,
2022-01-10,1.78,0.05,1560.421,1.76,19.4,115.2216,0.86,1.65,
2022-01-11,1.75,0.05,1527.02,1.76,18.41,114.8332,0.85,1.64,
2022-01-12,1.74,0.05,1536.981,1.77,17.62,114.355,0.82,1.62,8788278.0
2022-01-13,1.7,0.05,1636.742,1.8,20.31,114.177,0.79,1.58,
2022-01-14,1.78,0.05,1598.887,1.79,19.19,114.3825,0.79,1.65,
2022-01-17,,,,,,,,,
2022-01-18,1.87,0.05,1597.137,1.78,22.79,114.7373,0.81,1.71,
2022-01-19,1.83,0.05,1656.576,1.77,23.85,114.6109,0.79,1.66,8867834.0
2022-01-20,1.83,0.04,1678.931,1.79,25.59,114.4642,0.75,1.66,
2022-01-21,1.75,0.05,1706.127,1.84,28.85,114.6125,0.74,1.58,
2022-01-24,1.75,0.04,1614.002,1.89,29.9,115.2034,0.76,1.56,
2022-01-25,1.78,0.05,1599.502,1.91,31.16,115.1654,0.76,1.59,
2022-01-26,1.85,0.04,1613.046,1.84,31.96,115.0922,0.72,1.66,8860485.0
2022-01-27,1.81,0.04,1583.895,1.86,30.49,115.978,0.63,1.61,
2022-01-28,1.78,0.05,1615.021,1.91,27.66,116.0393,0.63,1.59,
2022-01-31,1.79,0.05,1654.85,1.93,24.83,115.566,0.61,1.57,
2022-02-01,1.81,0.05,1584.109,1.92,21.96,115.3685,0.63,1.62,
2022-02-02,1.78,0.05,1626.895,1.91,22.09,115.1538,0.62,1.59,8873211.0
2022-02-03,1.82,0.05,1640.397,1.92,24.35,114.9065,0.63,1.62,
2022-02-04,1.93,0.05,1642.892,1.92,23.22,115.1362,0.62,1.7,
2022-02-07,1.92,0.05,1679.932,1.93,22.86,115.0098,0.62,1.65,
2022-02-08,1.96,0.05,1674.61,1.91,21.44,115.0892,0.61,1.71,
2022-02-09,1.94,0.04,1653.153,1.92,19.96,114.8232,0.58,1.68,8878009.0
2022-02-10,2.03,0.05,1634.146,1.91,23.91,114.5527,0.42,1.63,
2022-02-11,1.92,0.05,1635.826,2.0,27.36,114.8413,0.42,1.56,
2022-02-14,1.98,0.05,1666.232,2.0,28.33,115.1946,0.4,1.55,
2022-02-15,2.05,0.05,1608.494,1.99,25.7,114.93,0.47,1.65,
2022-02-16,2.03,0.05,1644.134,2.05,24.29,114.6886,0.51,1.65,8911033.0
2022-02-17,1.97,0.05,1647.202,2.12,28.11,114.6755,0.48,1.61,
2022-02-18,1.92,0.05,1674.929,2.13,27.75,114.7982,0.45,1.57,
2022-02-21,,,,,,,,,
2022-02-22,1.94,0.05,1699.432,2.13,28.81,114.7002,0.38,1.57,
2022-02-23,1.99,0.05,1738.322,2.1,31.02,114.6668,0.41,1.65,8928129.0
2022-02-24,1.96,0.05,1650.399,2.24,30.32,115.9419,0.42,1.64,
2022-02-25,1.97,0.05,1603.349,2.2,27.59,115.2577,0.42,1.64,
2022-02-28,1.83,0.05,1596.052,2.34,30.15,115.2224,0.39,1.48,
2022-03-01,1.72,0.05,1552.95,2.25,33.32,115.7962,0.41,1.4,
2022-03-02,1.86,0.05,1526.211,2.24,30.74,115.7623,0.36,1.52,8904455.0
2022-03-03,1.86,0.05,1533.992,2.24,30.48,115.9495,0.33,1.48,
2022-03-04,1.74,0.05,1483.061,2.31,31.98,116.6503,0.24,1.4,
2022-03-07,1.78,0.05,1461.227,2.32,36.45,117.3278,0.23,1.4,
2022-03-08,1.86,0.05,1525.099,2.35,35.13,117.6176,0.23,1.5,
2022-03-09,1.94,0.05,1542.504,2.32,32.45,116.5961,0.26,1.56,8910748.0
2022-03-10,1.98,0.05,1568.735,2.38,30.23,116.7401,0.26,1.59,
2022-03-11,2.0,0.05,1557.823,2.35,30.75,117.0192,0.25,1.6,
2022-03-14,2.14,0.05,1608.021,2.33,31.77,117.1506,0.27,1.69,
2022-03-15,2.15,0.05,1583.471,2.36,29.83,117.246,0.3,1.69,
2022-03-16,2.19,0.05,1613.637,2.23,26.67,116.8073,0.24,1.75,8954306.0
2022-03-17,2.2,0.3,1659.977,2.17,25.67,116.0467,0.26,1.8,
2022-03-18,2.14,0.3,1715.148,2.14,23.87,116.1378,0.17,1.72,
2022-03-21,2.32,0.29,1728.893,2.07,23.53,115.9398,0.18,1.78,
2022-03-22,2.38,0.28,1763.183,2.05,22.94,116.0824,0.2,1.87,
2022-03-23,2.32,0.27,1803.186,2.03,23.57,116.005,0.19,1.82,8962474.0
2022-03-24,2.34,0.27,1707.655,2.01,21.67,115.9599,0.21,1.82,
2022-03-25,2.48,0.28,1676.974,1.96,20.81,115.7921,0.18,1.93,
2022-03-28,2.46,0.28,1688.632,1.94,19.63,116.1911,0.11,1.87,
2022-03-29,2.41,0.28,1718.87,1.91,18.9,115.5679,0.06,1.86,
2022-03-30,2.35,0.27,1785.939,1.93,19.33,115.0818,0.04,1.8,8937142.0
2022-03-31,2.32,0.29,1871.97,1.93,20.56,115.2218,0.04,1.8,
2022-04-01,2.39,0.3,1666.063,1.81,19.63,115.4814,-0.05,1.86,
2022-04-04,2.42,0.3,1692.936,1.81,18.57,115.4112,-0.01,1.76,
2022-04-05,2.54,0.3,1710.834,1.77,21.03,115.73,0.03,1.89,
2022-04-06,2.61,0.3,1731.472,1.77,22.1,115.9995,0.11,1.94,8937592.0
2022-04-07,2.66,0.3,1734.424,1.78,21.55,116.3512,0.19,1.98,
2022-04-08,2.72,0.3,1750.498,1.78,21.16,116.4176,0.19,2.02,
2022-04-11,2.79,0.3,1758.958,1.82,24.37,116.5401,0.29,2.02,
2022-04-12,2.72,0.29,1710.414,1.92,24.26,116.3866,0.33,1.98,
2022-04-13,2.7,0.29,1815.555,1.94,21.82,116.2796,0.33,1.95,8965487.0
2022-04-14,2.83,0.29,1706.935,1.93,22.7,116.7558,0.36,2.04,
2022-04-15,,,,,,116.7017,,,
2022-04-18,2.85,0.29,1738.379,1.94,22.17,116.8441,0.39,2.04,
2022-04-19,2.93,0.28,1817.292,1.91,21.37,117.1324,0.32,2.12,
2022-04-20,2.85,0.27,1866.56,1.91,20.32,116.7306,0.25,2.03,8955851.0
2022-04-21,2.9,0.26,1854.7,1.93,22.68,117.1432,0.22,2.07,
2022-04-22,2.9,0.27,1765.031,1.96,28.21,118.0186,0.18,2.07,
2022-04-25,2.81,0.27,1783.609,2.03,27.02,118.6271,0.18,1.9,
2022-04-26,2.77,0.27,1819.343,2.06,33.52,118.9624,0.23,1.94,
2022-04-27,2.82,0.28,1803.162,2.05,31.6,119.4708,0.24,2.0,8939199.0
2022-04-28,2.85,0.28,1818.416,2.06,29.99,120.0675,0.22,2.03,
2022-04-29,2.89,0.28,1906.802,2.05,33.4,119.4933,0.19,2.04,
2022-05-02,2.99,0.3,1796.302,2.08,32.34,119.8825,0.26,2.09,
2022-05-03,2.97,0.3,1796.252,2.05,29.25,119.7043,0.19,2.06,
2022-05-04,2.93,0.3,1815.656,2.08,25.42,119.5592,0.27,2.04,8939972.0
2022-05-05,3.05,0.79,1844.762,2.1,31.2,120.0068,0.34,2.2,
2022-05-06,3.12,0.78,1861.866,2.09,30.19,119.8577,0.4,2.27,
2022-05-09,3.05,0.78,1858.995,2.17,34.75,120.4972,0.44,2.13,
2022-05-10,2.99,0.78,1864.225,2.16,32.99,120.7742,0.37,2.1,
2022-05-11,2.91,0.78,1876.119,2.17,32.56,120.3925,0.25,2.0,8942008.0
2022-05-12,2.84,0.79,1900.069,2.2,31.77,121.2796,0.28,1.88,
2022-05-13,2.93,0.79,1865.287,2.24,28.87,120.8442,0.32,1.9,
2022-05-16,2.88,0.8,1833.152,2.29,27.47,120.6881,0.3,1.81,
2022-05-17,2.98,0.8,1877.483,2.27,26.1,119.8871,0.27,1.92,
2022-05-18,2.89,0.79,1973.373,2.31,30.96,120.0274,0.21,1.86,8945898.0
2022-05-19,2.84,0.79,1981.005,2.37,29.35,119.4278,0.21,1.79,
2022-05-20,2.78,0.78,1987.987,2.36,29.43,119.3677,0.18,1.75,
2022-05-23,2.86,0.78,2044.658,2.33,28.48,118.7169,0.21,1.79,
2022-05-24,2.76,0.78,1987.865,2.34,29.45,118.6245,0.26,1.7,
2022-05-25,2.75,0.78,1995.75,2.29,28.37,118.9598,0.27,1.69,8914281.0
2022-05-26,2.75,0.78,2007.702,2.25,27.5,118.7687,0.29,1.68,
2022-05-27,2.74,0.78,2006.688,2.26,25.72,118.2834,0.27,1.66,
2022-05-30,,,,,26.54,,,,
2022-05-31,2.85,0.79,1978.538,2.18,26.19,118.0704,0.32,1.69,
2022-06-01,2.94,0.8,1965.015,2.08,25.69,118.6954,0.28,1.79,8915050.0
2022-06-02,2.92,0.79,1985.239,2.1,24.72,118.0658,0.27,1.75,
2022-06-03,2.96,0.78,2031.228,2.09,24.79,118.2153,0.3,1.75,
2022-06-06,3.04,0.78,2040.093,2.08,25.07,118.3081,0.31,1.78,
2022-06-07,2.98,0.77,2091.395,2.07,24.02,118.4414,0.23,1.72,
2022-06-08,3.03,0.76,2140.277,2.07,23.96,118.3951,0.25,1.75,8918254.0
2022-06-09,3.04,0.75,2142.318,2.07,26.09,118.9226,0.21,1.74,
2022-06-10,3.15,0.75,2162.885,2.04,27.75,119.9981,0.09,1.76,
2022-06-13,3.43,0.73,2212.62,1.98,34.02,121.1523,0.03,1.7,
2022-06-14,3.49,0.69,2223.857,1.99,32.69,121.6669,0.04,1.66,
2022-06-15,3.33,0.7,2162.924,2.1,29.62,121.6403,0.13,1.59,8932420.0
2022-06-16,3.28,1.45,2178.382,2.13,32.95,120.6714,0.14,1.69,
2022-06-17,3.25,1.45,2229.279,2.13,31.13,121.2369,0.08,1.62,
2022-06-20,,,,,31.03,,,,
2022-06-21,3.31,1.45,2188.627,2.13,30.19,120.6427,0.1,1.61,
2022-06-22,3.16,1.45,2259.458,2.17,28.95,120.5197,0.1,1.55,8934346.0
2022-06-23,3.09,1.44,2285.442,2.2,29.05,120.7622,0.08,1.44,
2022-06-24,3.13,1.46,2180.984,2.22,27.23,120.4853,0.09,1.4,
2022-06-27,3.2,1.5,2155.942,2.19,26.95,120.1736,0.12,1.41,
2022-06-28,3.2,1.52,2213.784,2.22,28.36,120.62,0.1,1.41,
2022-06-29,3.1,1.51,2226.976,2.24,28.16,120.9616,0.04,1.32,8913553.0
2022-06-30,2.98,1.5,2329.743,2.31,28.71,120.9652,0.06,1.26,
2022-07-01,2.88,1.52,2167.085,2.42,26.7,121.5058,0.04,1.15,
2022-07-04,,,,,27.53,,,,
2022-07-05,2.82,1.54,2138.28,2.41,27.54,122.6203,0.0,0.92,
2022-07-06,2.93,1.54,2168.026,2.39,26.73,123.0073,-0.04,1.03,8891851.0
2022-07-07,3.01,1.54,2172.457,2.33,26.08,122.7257,-0.02,1.06,
2022-07-08,3.09,1.53,2144.921,2.31,24.64,122.4662,-0.03,1.11,
2022-07-11,2.99,1.53,2164.266,2.32,26.17,123.2974,-0.08,0.81,
2022-07-12,2.96,1.54,2146.132,2.31,27.29,123.4524,-0.07,0.74,
2022-07-13,2.91,1.53,2155.29,2.32,26.82,123.2834,-0.22,0.52,8895867.0
2022-07-14,2.96,1.53,2207.121,2.31,26.4,124.0622,-0.19,0.56,
2022-07-15,2.93,1.54,2153.75,2.3,24.23,123.4765,-0.2,0.56,
2022-07-18,2.96,1.54,2190.375,2.28,25.3,122.7727,-0.19,0.46,
2022-07-19,3.01,1.54,2211.821,2.26,24.5,122.4819,-0.22,0.49,
2022-07-20,3.04,1.53,2240.204,2.2,23.88,122.5997,-0.21,0.53,8899213.0
2022-07-21,2.91,1.53,2271.756,2.23,23.11,122.9032,-0.19,0.43,
2022-07-22,2.77,1.52,2228.959,2.28,23.03,122.451,-0.21,0.28,
2022-07-25,2.81,1.53,2192.367,2.31,23.36,122.4594,-0.19,0.19,
2022-07-26,2.81,1.53,2189.474,2.29,24.69,122.7581,-0.21,0.26,
2022-07-27,2.78,1.53,2188.994,2.3,23.24,122.8169,-0.18,0.34,8890004.0
2022-07-28,2.68,2.28,2239.883,2.42,22.33,122.1161,-0.17,0.26,
2022-07-29,2.67,2.27,2300.2,2.36,21.33,121.7678,-0.22,0.26,
2022-08-01,2.6,2.28,2161.885,2.38,22.84,121.4109,-0.3,0.04,
2022-08-02,2.75,2.3,2156.013,2.29,23.93,121.9486,-0.31,0.19,
2022-08-03,2.73,2.29,2182.238,2.29,21.95,122.3888,-0.37,0.21,8874620.0
2022-08-04,2.68,2.29,2191.546,2.32,21.44,121.8333,-0.35,0.18,
2022-08-05,2.83,2.28,2194.927,2.29,21.15,122.321,-0.41,0.25,
2022-08-08,2.77,2.28,2195.692,2.26,21.29,121.8783,-0.44,0.12,
2022-08-09,2.8,2.29,2186.568,2.26,21.77,121.8614,-0.48,0.13,
2022-08-10,2.78,2.28,2177.646,2.29,19.74,120.7543,-0.45,0.13,8879138.0
2022-08-11,2.87,2.28,2199.247,2.29,20.2,120.7163,-0.36,0.25,
2022-08-12,2.84,2.28,2213.193,2.27,19.53,121.018,-0.41,0.21,
2022-08-15,2.79,2.29,2175.857,2.27,19.95,121.4315,-0.41,0.07,
2022-08-16,2.82,2.29,2165.332,2.27,19.69,121.6807,-0.43,0.12,
2022-08-17,2.89,2.29,2199.631,2.24,19.9,122.0711,-0.39,0.21,8849762.0
2022-08-18,2.88,2.28,2218.161,2.24,19.56,122.3627,-0.34,0.17,
2022-08-19,2.98,2.28,2221.68,2.25,20.6,123.0501,-0.27,0.24,
2022-08-22,3.03,2.28,2235.665,2.24,23.8,123.605,-0.29,0.21,
2022-08-23,3.05,2.27,2250.718,2.24,24.11,123.0547,-0.24,0.25,
2022-08-24,3.11,2.27,2237.072,2.23,22.82,123.109,-0.25,0.29,8851436.0
2022-08-25,3.03,2.28,2187.907,2.21,21.78,123.0586,-0.32,0.15,
2022-08-26,3.04,2.28,2182.452,2.19,25.56,123.0656,-0.33,0.15,
2022-08-29,3.12,2.28,2205.188,2.19,26.21,123.4686,-0.3,0.15,
2022-08-30,3.11,2.29,2188.975,2.17,26.21,123.6848,-0.35,0.14,
2022-08-31,3.15,2.29,2251.025,2.18,25.87,123.535,-0.3,0.19,8826093.0
2022-09-01,3.26,2.29,2173.156,2.22,25.56,124.4006,-0.25,0.29,
2022-09-02,3.2,2.29,2173.413,2.24,25.47,123.7743,-0.2,0.26,
2022-09-05,,,,,25.99,,,,
2022-09-06,3.33,2.29,2188.796,2.27,26.91,124.767,-0.17,0.29,
2022-09-07,3.27,2.28,2206.987,2.24,24.64,124.8408,-0.18,0.2,8822401.0
2022-09-08,3.29,2.28,2210.466,2.25,23.61,124.578,-0.19,0.23,
2022-09-09,3.33,2.28,2209.714,2.2,22.79,123.7874,-0.23,0.25,
2022-09-12,3.37,2.28,2218.546,2.2,23.87,123.3332,-0.21,0.2,
2022-09-13,3.42,2.28,2202.719,2.18,27.27,124.4242,-0.33,0.14,
2022-09-14,3.41,2.27,2225.579,2.15,26.16,124.4509,-0.37,0.17,8832759.0
2022-09-15,3.45,2.28,2176.188,2.12,26.27,124.8843,-0.42,0.23,
2022-09-16,3.45,2.27,2186.833,2.18,26.3,124.8794,-0.4,0.25,
2022-09-19,3.49,2.27,2217.542,2.15,25.76,125.0104,-0.46,0.12,
2022-09-20,3.57,2.26,2238.87,2.13,27.16,125.1248,-0.39,0.22,
2022-09-21,3.51,2.25,2315.9,2.12,27.99,125.7399,-0.51,0.2,8816802.0
2022-09-22,3.7,2.99,2359.227,2.08,27.35,126.1667,-0.41,0.41,
2022-09-23,3.69,2.99,2319.361,2.09,29.92,127.2853,-0.51,0.45,
2022-09-26,3.88,2.99,2299.011,2.01,32.26,128.4539,-0.39,0.49,
2022-09-27,3.97,2.98,2327.111,2.08,32.6,128.4386,-0.33,0.62,
2022-09-28,3.72,2.98,2366.798,2.25,30.18,128.0884,-0.35,0.32,8795567.0
2022-09-29,3.76,2.96,2371.763,2.27,31.84,127.5437,-0.4,0.4,
2022-09-30,3.83,2.98,2425.91,2.24,31.62,127.5148,-0.39,0.5,
2022-10-03,3.67,3.0,2252.523,2.29,30.1,127.0813,-0.45,0.21,
2022-10-04,3.62,3.04,2233.616,2.27,29.07,126.1819,-0.48,0.17,
2022-10-05,3.76,3.04,2230.799,2.22,28.55,126.8616,-0.39,0.3,8759053.0
2022-10-06,3.83,3.05,2232.801,2.16,30.52,127.2493,-0.4,0.37,
2022-10-07,3.89,3.05,2226.95,2.17,31.36,127.3111,-0.41,0.44,
2022-10-10,,,,,32.45,,,,
2022-10-11,3.93,3.05,2222.479,2.23,33.63,127.6641,-0.37,0.26,
2022-10-12,3.91,3.04,2247.206,2.27,33.57,128.1481,-0.37,0.21,8758969.0
2022-10-13,3.97,3.04,2244.1,2.28,31.94,127.7286,-0.5,0.18,
2022-10-14,4.0,3.04,2222.052,2.28,32.02,128.3325,-0.48,0.19,
2022-10-17,4.02,3.05,2172.301,2.28,31.37,127.6448,-0.43,0.05,
2022-10-18,4.01,3.04,2226.725,2.28,30.5,127.9153,-0.42,-0.03,
2022-10-19,4.14,3.04,2241.835,2.25,30.76,128.3968,-0.41,0.07,8743922.0
2022-10-20,4.24,3.03,2234.071,2.24,29.98,128.0052,-0.38,0.15,
2022-10-21,4.21,3.02,2265.809,2.36,29.69,127.6735,-0.28,0.12,
2022-10-24,4.25,3.01,2242.044,2.34,29.85,128.0304,-0.25,0.09,
2022-10-25,4.1,3.02,2195.616,2.37,28.46,127.3771,-0.32,-0.04,
2022-10-26,4.04,3.03,2186.856,2.33,27.28,126.4723,-0.35,-0.07,8723090.0
2022-10-27,3.96,3.04,2152.485,2.34,27.39,126.7028,-0.34,-0.17,
2022-10-28,4.02,3.05,2183.29,2.3,25.75,127.2135,-0.39,-0.16,
2022-10-31,4.1,3.05,2275.459,2.28,25.88,127.6219,-0.41,-0.12,
2022-11-01,4.07,3.05,2200.51,2.22,25.81,127.3987,-0.47,-0.16,
2022-11-02,4.1,3.05,2229.861,2.18,25.86,127.3115,-0.51,-0.12,8676870.0
2022-11-03,4.14,3.8,2219.791,2.19,25.3,128.1743,-0.57,-0.11,
2022-11-04,4.17,3.8,2230.84,2.22,24.55,127.1468,-0.49,-0.04,
2022-11-07,4.22,3.78,2241.317,2.22,24.35,126.3062,-0.5,-0.07,
2022-11-08,4.14,3.78,2232.555,2.23,25.54,125.633,-0.53,-0.14,
2022-11-09,4.12,3.78,2237.812,2.33,26.09,125.9861,-0.49,-0.17,8678886.0
2022-11-10,3.82,3.78,2200.586,2.36,23.53,124.7044,-0.52,-0.46,
2022-11-11,,,,,22.52,,,,
2022-11-14,3.88,3.79,2165.018,2.27,23.73,123.4277,-0.52,-0.46,
2022-11-15,3.8,3.8,2086.574,2.23,24.54,123.039,-0.57,-0.51,
2022-11-16,3.67,3.81,2099.07,2.24,24.11,123.2817,-0.68,-0.65,8625620.0
2022-11-17,3.77,3.8,2114.439,2.18,23.93,123.977,-0.66,-0.55,
2022-11-18,3.82,3.8,2113.413,2.13,23.12,123.8524,-0.69,-0.52,
2022-11-21,3.83,3.8,2125.426,2.08,22.36,124.7009,-0.65,-0.58,
2022-11-22,3.76,3.8,2103.932,2.07,21.29,124.2365,-0.71,-0.64,
2022-11-23,3.71,3.79,2069.174,2.02,20.35,123.7574,-0.75,-0.69,8621390.0
2022-11-24,,,,,20.42,,,,
2022-11-25,3.68,3.8,2031.066,2.06,20.5,123.3386,-0.74,-0.73,
2022-11-28,3.69,3.8,2054.914,2.05,22.21,123.6032,-0.77,-0.72,
2022-11-29,3.75,3.81,2064.377,2.06,21.89,123.6615,-0.73,-0.63,
2022-11-30,3.68,3.82,2115.913,2.15,20.58,123.5175,-0.7,-0.69,8584576.0
2022-12-01,3.53,3.82,2050.286,2.09,19.84,122.0045,-0.72,-0.8,
2022-12-02,3.51,3.81,2049.763,2.03,19.06,122.0102,-0.77,-0.83,
2022-12-05,3.6,3.81,2093.647,1.99,20.75,122.6384,-0.81,-0.76,
2022-12-06,3.51,3.8,2111.465,1.97,22.17,123.0191,-0.83,-0.86,
2022-12-07,3.42,3.8,2151.549,1.95,22.68,122.7608,-0.84,-0.87,8582735.0
2022-12-08,3.48,3.8,2175.973,1.91,22.29,122.4152,-0.83,-0.8,
2022-12-09,3.57,3.8,2146.748,1.9,22.83,122.4201,-0.76,-0.74,
2022-12-12,3.61,3.8,2158.517,1.88,25.0,122.7714,-0.78,-0.77,
2022-12-13,3.51,3.8,2180.676,1.91,22.55,121.8493,-0.71,-0.84,
2022-12-14,3.49,3.8,2192.864,1.95,21.14,121.8226,-0.74,-0.84,8583413.0
2022-12-15,3.44,4.32,2123.995,1.97,22.83,122.5519,-0.79,-0.9,
2022-12-16,3.48,4.32,2126.54,1.98,22.62,122.6505,-0.69,-0.83,
2022-12-19,3.57,4.3,2134.765,1.98,22.42,122.5275,-0.68,-0.8,
2022-12-20,3.69,4.3,2159.408,1.99,21.48,122.1357,-0.56,-0.66,
2022-12-21,3.68,4.3,2206.965,2.01,20.07,122.2828,-0.53,-0.65,8564411.0
2022-12-22,3.67,4.3,2222.898,1.99,21.97,122.2419,-0.57,-0.68,
2022-12-23,3.75,4.3,2216.348,2.0,20.87,121.9743,-0.56,-0.59,
2022-12-26,,,,,,,,,
2022-12-27,3.84,4.3,2221.259,2.02,21.65,121.7539,-0.48,-0.62,
2022-12-28,3.88,4.3,2293.003,2.01,22.14,122.0075,-0.43,-0.58,8551169.0
2022-12-29,3.83,4.3,2308.319,2.01,21.44,121.6577,-0.51,-0.62,
2022-12-30,3.88,4.3,2553.716,1.99,21.67,121.4256,-0.53,-0.54,
2023-01-02,,,,,,,,,
2023-01-03,3.79,4.31,2188.272,2.03,22.9,122.0905,-0.61,-0.74,
2023-01-04,3.69,4.3,2229.542,2.07,22.01,121.5008,-0.67,-0.86,8507429.0
2023-01-05,3.71,4.31,2242.486,2.03,22.46,122.1017,-0.74,-0.95,
2023-01-06,3.55,4.31,2208.265,2.07,21.13,121.0852,-0.69,-1.12,
2023-01-09,3.53,4.31,2199.121,2.02,21.97,120.1508,-0.66,-1.17,
2023-01-10,3.61,4.31,2192.942,2.02,20.58,120.2483,-0.63,-1.12,
2023-01-11,3.54,4.3,2199.17,1.99,21.09,120.1614,-0.66,-1.18,8508587.0
2023-01-12,3.43,4.3,2202.989,1.97,18.83,119.4218,-0.69,-1.23,
2023-01-13,3.49,4.3,2179.781,1.95,18.35,119.1673,-0.73,-1.18,
2023-01-16,,,,,19.49,,,,
2023-01-17,3.53,4.31,2093.328,1.91,19.36,119.2121,-0.65,-1.18,
2023-01-18,3.37,4.3,2131.678,1.96,20.34,119.0755,-0.69,-1.32,8489039.0
2023-01-19,3.39,4.31,2110.145,1.99,20.52,119.6107,-0.7,-1.32,
2023-01-20,3.48,4.3,2090.523,1.98,19.85,119.3486,-0.66,-1.24,
2023-01-23,3.52,4.3,2135.499,1.96,19.81,119.1434,-0.69,-1.21,
2023-01-24,3.46,4.3,2048.386,1.94,19.2,119.0958,-0.66,-1.26,
2023-01-25,3.46,4.31,2031.561,1.96,19.08,118.9686,-0.65,-1.26,8470557.0
2023-01-26,3.49,4.3,2024.069,1.91,18.73,119.021,-0.68,-1.22,
2023-01-27,3.52,4.3,2003.634,1.88,18.51,118.9223,-0.67,-1.21,
2023-01-30,3.55,4.3,2048.714,1.87,19.94,118.8953,-0.7,-1.17,
2023-01-31,3.52,4.31,2061.572,1.9,19.4,118.9802,-0.69,-1.18,
2023-02-01,3.39,4.31,2038.262,1.91,17.87,118.6259,-0.7,-1.27,8433610.0
2023-02-02,3.4,4.56,2050.063,1.88,18.73,118.3421,-0.69,-1.26,
2023-02-03,3.53,4.55,2041.217,1.83,18.33,119.5095,-0.77,-1.17,
2023-02-06,3.63,4.55,2072.261,1.77,19.43,120.541,-0.81,-1.08,
2023-02-07,3.67,4.55,2057.958,1.78,18.66,120.3475,-0.8,-1.04,
2023-02-08,3.63,4.55,2059.604,1.83,19.63,120.1436,-0.82,-1.09,8435369.0
2023-02-09,3.67,4.55,2058.942,1.84,20.71,119.9781,-0.81,-1.1,
2023-02-10,3.74,4.55,2042.893,1.85,20.53,120.1419,-0.76,-1.05,
2023-02-13,3.72,4.55,2107.775,1.84,20.34,119.9828,-0.8,-1.09,
2023-02-14,3.77,4.55,2076.548,1.81,18.91,119.9229,-0.83,-1.03,
2023-02-15,3.81,4.55,2011.998,1.82,18.23,120.4557,-0.81,-0.98,8384767.0
2023-02-16,3.86,4.55,2032.457,1.84,20.17,120.4651,-0.76,-0.98,
2023-02-17,3.82,4.55,2059.662,1.89,20.02,120.5526,-0.78,-1.02,
2023-02-20,,,,,21.23,,,,
2023-02-21,3.95,4.55,2046.064,1.87,22.87,120.6256,-0.72,-0.91,
2023-02-22,3.93,4.55,2113.849,1.85,22.29,120.8389,-0.73,-0.91,8382190.0
2023-02-23,3.88,4.55,2147.417,1.86,21.14,121.0896,-0.78,-0.96,
2023-02-24,3.95,4.55,2142.141,1.86,21.67,121.5681,-0.83,-0.91,
2023-02-27,3.92,4.55,2162.435,1.87,20.95,121.3941,-0.86,-0.97,
2023-02-28,3.92,4.55,2188.035,1.9,20.7,121.3341,-0.89,-0.96,
2023-03-01,4.01,4.55,2133.95,1.84,20.58,120.6347,-0.88,-0.89,8339684.0
2023-03-02,4.08,4.55,2192.355,1.82,19.59,121.1302,-0.81,-0.83,
2023-03-03,3.97,4.55,2186.15,1.79,18.49,120.7742,-0.89,-0.94,
2023-03-06,3.98,4.55,2190.793,1.79,18.61,120.485,-0.91,-0.95,
2023-03-07,3.97,4.55,2170.195,1.79,19.59,121.4623,-1.03,-1.07,
2023-03-08,3.98,4.55,2193.237,1.79,19.11,121.4511,-1.07,-1.08,8342283.0
2023-03-09,3.93,4.55,2229.623,1.85,22.61,121.4458,-0.97,-1.12,
2023-03-10,3.7,4.55,2188.375,1.96,24.8,121.2421,-0.9,-1.31,
2023-03-13,3.55,4.55,2126.677,2.14,26.52,120.8897,-0.48,-1.32,
2023-03-14,3.64,4.55,2042.579,2.11,23.73,121.0141,-0.56,-1.24,
2023-03-15,3.51,4.58,2055.823,2.22,26.14,122.1079,-0.42,-1.24,8639300.0
2023-03-16,3.56,4.57,2066.319,2.16,22.99,121.7221,-0.58,-1.18,
2023-03-17,3.39,4.55,2106.166,2.21,25.51,121.5643,-0.42,-1.13,
2023-03-20,3.47,4.55,2098.393,2.19,24.15,121.0141,-0.45,-1.34,
2023-03-21,3.59,4.55,2194.631,2.11,21.38,120.8958,-0.58,-1.19,
2023-03-22,3.48,4.55,2279.608,2.16,22.26,120.6217,-0.48,-1.31,8733787.0
2023-03-23,3.38,4.8,2233.956,2.26,22.61,119.7587,-0.38,-1.35,
2023-03-24,3.38,4.8,2218.458,2.24,21.74,120.4598,-0.38,-1.36,
2023-03-27,3.53,4.81,2220.131,2.19,20.6,120.2541,-0.41,-1.38,
2023-03-28,3.55,4.84,2231.749,2.19,19.97,119.7138,-0.47,-1.25,
2023-03-29,3.57,4.83,2264.862,2.15,19.12,119.7258,-0.51,-1.23,8705942.0
2023-03-30,3.55,4.82,2271.531,2.11,19.02,119.4078,-0.55,-1.42,
2023-03-31,3.48,4.87,2375.171,2.11,18.7,119.3602,-0.58,-1.37,
2023-04-03,3.43,4.84,2221.01,2.11,18.55,119.3204,-0.54,-1.47,
2023-04-04,3.35,4.83,2219.375,2.1,19.0,119.142,-0.49,-1.53,
2023-04-05,3.3,4.81,2243.011,2.14,19.08,119.2953,-0.49,-1.56,8632384.0
2023-04-06,3.3,4.81,2173.663,2.11,18.4,119.3072,-0.52,-1.61,
2023-04-07,3.39,,,,,119.3547,-0.58,-1.56,
2023-04-10,3.41,4.81,2239.655,2.09,18.97,119.7948,-0.59,-1.67,
2023-04-11,3.43,4.8,2297.208,2.05,19.1,119.5248,-0.6,-1.61,
2023-04-12,3.41,4.8,2303.862,2.08,19.09,119.003,-0.54,-1.61,8614797.0
2023-04-13,3.45,4.8,2321.699,2.07,17.8,118.3915,-0.51,-1.65,
2023-04-14,3.52,4.8,2253.786,2.05,17.07,118.8567,-0.56,-1.62,
2023-04-17,3.6,4.8,2256.845,2.02,16.95,119.2787,-0.58,-1.61,
2023-04-18,3.58,4.8,2238.994,2.01,16.83,119.1049,-0.61,-1.62,
2023-04-19,3.6,4.8,2294.677,2.01,16.46,119.303,-0.64,-1.56,8593263.0
2023-04-20,3.54,4.8,2277.259,2.05,17.17,119.1199,-0.6,-1.58,
2023-04-21,3.57,4.8,2290.023,2.04,16.77,119.3117,-0.6,-1.57,
2023-04-24,3.52,4.8,2308.538,2.04,16.89,119.2039,-0.6,-1.68,
2023-04-25,3.4,4.8,2275.402,2.09,18.76,119.613,-0.46,-1.72,
2023-04-26,3.43,4.8,2279.561,2.11,18.84,119.3228,-0.47,-1.73,8562768.0
2023-04-27,3.53,4.81,2273.926,2.07,17.03,119.4298,-0.54,-1.65,
2023-04-28,3.44,4.81,2325.479,2.08,15.78,119.2248,-0.6,-1.66,
2023-05-01,3.59,4.81,2239.866,2.06,16.08,119.4435,-0.55,-1.68,
2023-05-02,3.44,4.81,2267.13,2.16,17.78,119.6105,-0.53,-1.8,
2023-05-03,3.38,4.81,2258.222,2.2,18.34,119.1233,-0.51,-1.88,8503994.0
2023-05-04,3.37,5.06,2242.399,2.24,20.09,119.0465,-0.38,-1.89,
2023-05-05,3.44,5.06,2207.415,2.2,17.19,118.5548,-0.48,-1.82,
2023-05-08,3.52,5.06,2217.601,2.2,16.98,118.5759,-0.48,-1.79,
2023-05-09,3.53,5.06,2222.864,2.21,17.71,118.8239,-0.48,-1.76,
2023-05-10,3.43,5.06,2233.149,2.26,16.94,118.5864,-0.47,-1.81,8503017.0
2023-05-11,3.39,5.05,2242.243,2.25,16.93,119.0303,-0.5,-1.81,
2023-05-12,3.46,5.05,2229.199,2.21,17.03,119.3671,-0.52,-1.79,
2023-05-15,3.5,5.06,2220.927,2.27,17.12,119.1608,-0.49,-1.71,
2023-05-16,3.54,5.05,2203.214,2.28,17.99,119.1743,-0.52,-1.69,
2023-05-17,3.57,5.05,2213.676,2.26,16.87,119.607,-0.55,-1.69,8456760.0
2023-05-18,3.65,5.05,2238.266,2.2,16.05,120.0886,-0.59,-1.66,
2023-05-19,3.7,5.05,2276.72,2.18,16.81,119.7751,-0.58,-1.59,
2023-05-22,3.72,5.05,2275.311,2.19,17.21,120.0875,-0.57,-1.68,
2023-05-23,3.7,5.05,2256.689,2.19,18.53,120.3204,-0.56,-1.64,
2023-05-24,3.73,5.05,2250.709,2.18,20.03,120.4752,-0.58,-1.64,8436255.0
2023-05-25,3.83,5.06,2197.638,2.1,19.14,120.8413,-0.67,-1.55,
2023-05-26,3.8,5.06,2189.681,2.1,17.95,120.6304,-0.74,-1.54,
2023-05-29,,,,,17.46,,,,
2023-05-30,3.69,5.06,2200.479,2.14,17.46,120.5546,-0.77,-1.86,
2023-05-31,3.64,5.08,2254.859,2.16,17.94,120.9662,-0.76,-1.88,8385854.0
2023-06-01,3.61,5.08,2160.055,2.15,15.65,120.0491,-0.72,-1.89,
2023-06-02,3.69,5.07,2142.102,2.11,14.6,120.0049,-0.81,-1.81,
2023-06-05,3.69,5.06,2131.417,2.1,14.73,120.0048,-0.77,-1.77,
2023-06-06,3.7,5.05,2134.638,2.08,13.96,119.9718,-0.81,-1.74,
2023-06-07,3.79,5.05,2161.556,2.06,13.94,119.859,-0.77,-1.63,8389325.0
2023-06-08,3.73,5.05,2141.798,2.07,13.65,119.5712,-0.79,-1.65,
2023-06-09,3.75,5.05,2127.652,2.05,13.83,119.4322,-0.84,-1.62,
2023-06-12,3.73,5.05,2126.87,2.1,15.01,119.6376,-0.82,-1.67,
2023-06-13,3.84,5.05,2074.52,2.0,14.61,119.1899,-0.83,-1.52,
2023-06-14,3.83,5.05,2109.105,1.94,13.88,118.776,-0.91,-1.53,8388323.0
2023-06-15,3.72,5.06,1992.14,2.02,14.5,118.5521,-0.9,-1.61,
2023-06-16,3.77,5.05,2011.556,1.96,13.54,118.4184,-0.93,-1.57,
2023-06-19,,,,,14.19,,,,
2023-06-20,3.74,5.05,1989.489,1.95,13.88,118.938,-0.94,-1.65,
2023-06-21,3.72,5.05,2037.102,1.96,13.2,118.727,-0.96,-1.68,8362060.0
2023-06-22,3.8,5.05,1994.711,1.94,12.91,118.7552,-0.97,-1.6,
2023-06-23,3.74,5.05,1969.38,1.96,13.44,119.152,-0.97,-1.67,
2023-06-26,3.72,5.05,1961.027,1.98,14.25,119.0761,-0.93,-1.78,
2023-06-27,3.77,5.05,1951.098,1.94,13.74,118.8949,-0.97,-1.67,
2023-06-28,3.71,5.06,1945.211,1.96,13.43,119.3382,-1.0,-1.73,8340914.0
2023-06-29,3.85,5.06,1934.684,1.92,13.54,119.527,-1.02,-1.61,
2023-06-30,3.81,5.09,2034.319,1.88,13.59,119.3606,-1.06,-1.62,
2023-07-03,3.86,5.06,1909.639,1.85,13.57,119.2119,-1.08,-1.58,
2023-07-04,,,,,13.7,,,,
2023-07-05,3.95,5.06,1867.061,1.83,14.18,119.3483,-0.99,-1.49,8298312.0
2023-07-06,4.05,5.06,1854.256,1.8,15.44,119.8193,-0.94,-1.41,
2023-07-07,4.06,5.06,1822.303,1.81,14.83,119.0761,-0.88,-1.4,
2023-07-10,4.01,5.06,1811.981,1.86,15.07,118.9548,-0.84,-1.47,
2023-07-11,3.99,5.06,1775.796,1.84,14.84,118.7344,-0.89,-1.5,
2023-07-12,3.86,5.05,1820.146,1.88,13.54,117.6385,-0.86,-1.61,8296923.0
2023-07-13,3.76,5.06,1767.432,1.91,13.61,117.1831,-0.83,-1.71,
2023-07-14,3.83,5.05,1740.777,1.87,13.34,117.0463,-0.91,-1.66,
2023-07-17,3.81,5.06,1728.322,1.9,13.48,117.1267,-0.93,-1.68,
2023-07-18,3.8,5.06,1716.862,1.89,13.3,117.0264,-0.94,-1.69,
2023-07-19,3.75,5.05,1732.804,1.87,13.76,117.3462,-0.99,-1.74,8274552.0
2023-07-20,3.85,5.06,1721.001,1.85,13.99,117.5947,-0.95,-1.64,
2023-07-21,3.84,5.05,1770.752,1.85,13.6,117.9418,-0.98,-1.66,
2023-07-24,3.86,5.05,1770.867,1.84,13.91,117.8124,-0.95,-1.65,
2023-07-25,3.91,5.06,1720.716,1.81,13.86,117.8565,-0.94,-1.6,
2023-07-26,3.86,5.06,1749.733,1.83,13.19,117.76,-0.96,-1.65,8243344.0
2023-07-27,4.01,5.31,1735.783,1.78,14.41,117.8938,-0.9,-1.5,
2023-07-28,3.96,5.3,1730.227,1.8,13.33,117.788,-0.91,-1.56,
2023-07-31,3.97,5.31,1821.124,1.77,13.63,117.8241,-0.91,-1.58,
2023-08-01,4.05,5.31,1739.554,1.77,13.93,118.5738,-0.87,-1.49,
2023-08-02,4.08,5.3,1770.186,1.82,16.09,119.1268,-0.8,-1.45,8206764.0
2023-08-03,4.2,5.3,1776.774,1.84,15.92,119.3963,-0.7,-1.34,
2023-08-04,4.05,5.3,1793.804,1.9,17.1,118.821,-0.73,-1.49,
2023-08-07,4.09,5.3,1810.583,1.9,15.77,119.0809,-0.67,-1.47,
2023-08-08,4.02,5.3,1778.351,1.93,15.99,119.6407,-0.72,-1.55,
2023-08-09,4.0,5.3,1796.519,1.92,15.96,119.476,-0.79,-1.55,8208241.0
2023-08-10,4.09,5.3,1759.897,1.89,15.85,119.1581,-0.73,-1.45,
2023-08-11,4.16,5.3,1773.236,1.87,14.84,119.6268,-0.73,-1.38,
2023-08-14,4.19,5.3,1799.311,1.84,14.82,120.0725,-0.77,-1.37,
2023-08-15,4.21,5.3,1743.784,1.86,16.46,120.2127,-0.71,-1.35,
2023-08-16,4.28,5.3,1796.725,1.84,16.78,120.3551,-0.69,-1.28,8145727.0
2023-08-17,4.3,5.3,1794.12,1.87,17.89,120.5242,-0.64,-1.26,
2023-08-18,4.26,5.3,1819.201,1.89,17.3,120.4321,-0.66,-1.29,
2023-08-21,4.34,5.3,1824.788,1.88,17.13,120.4627,-0.63,-1.23,
2023-08-22,4.34,5.3,1812.294,1.82,16.97,120.3554,-0.68,-1.23,
2023-08-23,4.19,5.3,1816.533,1.83,15.98,120.0307,-0.76,-1.38,8139066.0
2023-08-24,4.23,5.3,1731.623,1.8,17.2,120.2354,-0.75,-1.35,
2023-08-25,4.25,5.3,1687.379,1.76,15.68,120.5137,-0.78,-1.36,
2023-08-28,4.2,5.3,1708.605,1.82,15.08,120.3155,-0.78,-1.38,
2023-08-29,4.12,5.3,1693.278,1.84,14.45,120.2669,-0.75,-1.44,
2023-08-30,4.12,5.3,1696.819,1.82,13.88,119.7937,-0.78,-1.44,8121316.0
2023-08-31,4.09,5.31,1651.602,1.83,13.57,120.225,-0.76,-1.47,
2023-09-01,4.18,5.31,1574.065,1.82,13.09,120.759,-0.69,-1.35,
2023-09-04,,,,,13.82,,,,
2023-09-05,4.27,5.31,1568.49,1.84,14.01,121.4345,-0.67,-1.28,
2023-09-06,4.3,5.3,1606.244,1.79,14.45,121.8671,-0.71,-1.25,8101318.0
2023-09-07,4.27,5.31,1535.289,1.81,14.4,121.9528,-0.67,-1.26,
2023-09-08,4.26,5.3,1525.403,1.79,13.84,121.9475,-0.72,-1.29,
2023-09-11,4.29,5.3,1549.111,1.8,13.8,121.3386,-0.68,-1.26,
2023-09-12,4.27,5.3,1493.781,1.79,14.23,121.2913,-0.71,-1.29,
2023-09-13,4.25,5.3,1546.225,1.81,13.48,121.0549,-0.71,-1.3,8098779.0
2023-09-14,4.29,5.3,1492.427,1.8,12.82,121.2395,-0.71,-1.26,
2023-09-15,4.33,5.31,1401.403,1.78,13.79,121.199,-0.69,-1.23,
2023-09-18,4.32,5.31,1452.942,1.77,14.0,121.1938,-0.73,-1.23,
2023-09-19,4.37,5.31,1453.324,1.75,14.11,121.1645,-0.71,-1.17,
2023-09-20,4.35,5.3,1486.984,1.73,15.14,120.9648,-0.77,-1.21,8024090.0
2023-09-21,4.49,5.3,1454.115,1.66,17.54,121.5528,-0.63,-1.08,
2023-09-22,4.44,5.3,1427.575,1.73,17.2,121.5306,-0.66,-1.12,
2023-09-25,4.55,5.31,1437.31,1.75,16.9,122.1143,-0.54,-1.03,
2023-09-26,4.56,5.31,1438.301,1.77,18.94,122.4742,-0.48,-1.02,
2023-09-27,4.61,5.32,1442.805,1.77,18.22,122.9895,-0.49,-0.97,8002064.0
2023-09-28,4.59,5.31,1453.366,1.8,17.34,122.5342,-0.45,-0.97,
2023-09-29,4.59,5.31,1557.569,1.78,17.52,122.3077,-0.44,-0.96,
2023-10-02,4.69,5.32,1365.739,1.78,17.61,123.0545,-0.43,-0.93,
2023-10-03,4.81,5.33,1348.465,1.82,19.78,123.7848,-0.34,-0.81,
2023-10-04,4.73,5.32,1342.031,1.83,18.58,123.5946,-0.32,-0.88,7955782.0
2023-10-05,4.72,5.32,1265.132,1.85,18.49,123.8993,-0.31,-0.89,
2023-10-06,4.78,5.31,1283.461,1.84,17.45,123.3563,-0.3,-0.85,
2023-10-09,,,,,17.7,,,,
2023-10-10,4.66,5.31,1222.44,1.83,17.03,122.9282,-0.3,-0.95,
2023-10-11,4.58,5.31,1239.382,1.82,16.09,122.7697,-0.41,-1.03,7952054.0
2023-10-12,4.7,5.31,1157.319,1.83,16.69,123.2101,-0.36,-0.93,
2023-10-13,4.63,5.31,1151.818,1.82,19.32,123.5954,-0.41,-0.99,
2023-10-16,4.71,5.31,1108.819,1.83,17.21,123.3185,-0.38,-0.9,
2023-10-17,4.83,5.31,1082.502,1.8,17.88,123.1202,-0.36,-0.79,
2023-10-18,4.91,5.3,1150.781,1.78,19.22,123.8148,-0.28,-0.7,7933162.0
2023-10-19,4.98,5.3,1114.179,1.82,21.4,123.798,-0.16,-0.62,
2023-10-20,4.93,5.3,1138.756,1.88,21.71,123.612,-0.14,-0.65,
2023-10-23,4.86,5.3,1157.976,1.85,20.37,123.2846,-0.19,-0.72,
2023-10-24,4.83,5.3,1097.875,1.84,18.97,123.6416,-0.19,-0.75,
2023-10-25,4.95,5.3,1100.617,1.83,20.19,123.7871,-0.13,-0.64,7907830.0
2023-10-26,4.86,5.31,1089.85,1.82,20.68,124.0064,-0.16,-0.73,
2023-10-27,4.84,5.31,1091.858,1.88,21.27,123.62,-0.15,-0.75,
2023-10-30,4.88,5.31,1138.035,1.86,19.75,123.4076,-0.15,-0.72,
2023-10-31,4.88,5.35,1137.697,1.85,18.14,123.8364,-0.19,-0.71,
2023-11-01,4.77,5.32,1079.462,1.91,16.87,123.7922,-0.18,-0.8,7866664.0
2023-11-02,4.67,5.33,1054.986,1.84,15.66,122.8818,-0.31,-0.87,
2023-11-03,4.57,5.32,1071.139,1.86,14.91,121.7564,-0.26,-0.96,
2023-11-06,4.67,5.32,1062.878,1.84,14.89,121.6484,-0.26,-0.89,
2023-11-07,4.58,5.32,1008.685,1.83,14.81,122.0777,-0.33,-0.97,
2023-11-08,4.49,5.32,1024.451,1.84,14.45,122.0926,-0.44,-1.05,7860691.0
2023-11-09,4.62,5.32,993.314,1.83,15.29,122.1281,-0.41,-0.92,
2023-11-10,4.61,5.32,1032.72,1.8,14.17,,-0.43,-0.92,
2023-11-13,4.63,5.32,1020.272,1.79,14.76,122.4264,-0.39,-0.92,
2023-11-14,4.44,5.32,988.298,1.83,14.16,121.35,-0.36,-1.08,
2023-11-15,4.53,5.32,944.241,1.8,14.18,121.0749,-0.37,-1.0,7814991.0
2023-11-16,4.45,5.32,912.01,1.81,14.32,121.1754,-0.38,-1.06,
2023-11-17,4.44,5.32,935.803,1.78,13.8,120.8477,-0.44,-1.06,
2023-11-20,4.42,5.31,953.088,1.76,13.41,120.2533,-0.47,-1.12,
2023-11-21,4.41,5.31,931.155,1.77,13.35,120.2241,-0.45,-1.12,
2023-11-22,4.42,5.31,931.604,1.71,12.85,120.6802,-0.47,-1.12,7810814.0
2023-11-23,,,,,12.8,,,,
2023-11-24,4.47,5.32,865.907,1.72,12.46,120.2105,-0.45,-1.07,
2023-11-27,4.39,5.32,867.22,1.71,12.69,120.173,-0.45,-1.1,
2023-11-28,4.34,5.32,873.344,1.75,12.69,119.5904,-0.39,-1.13,
2023-11-29,4.27,5.31,914.187,1.72,12.98,119.8159,-0.37,-1.18,7796145.0
2023-11-30,4.37,5.33,887.822,1.67,12.92,120.2434,-0.36,-1.08,
2023-12-01,4.22,5.39,768.543,1.71,12.63,119.9424,-0.34,-1.21,
2023-12-04,4.28,5.37,815.847,1.67,13.08,120.4727,-0.36,-1.18,
2023-12-05,4.18,5.33,834.428,1.65,12.85,120.7913,-0.39,-1.27,
2023-12-06,4.12,5.32,846.498,1.63,12.97,120.5334,-0.48,-1.33,7737385.0
2023-12-07,4.14,5.32,825.734,1.63,13.06,120.6013,-0.44,-1.3,
2023-12-08,4.23,5.32,821.408,1.61,12.35,120.7607,-0.48,-1.21,
2023-12-11,4.23,5.32,838.507,1.61,12.63,120.9279,-0.48,-1.24,
2023-12-12,4.2,5.31,837.803,1.6,12.07,120.6817,-0.53,-1.26,
2023-12-13,4.04,5.31,823.329,1.61,12.19,121.1571,-0.42,-1.4,7739566.0
2023-12-14,3.92,5.31,769.346,1.57,12.48,119.5683,-0.45,-1.51,
2023-12-15,3.91,5.32,683.254,1.57,12.28,119.7382,-0.53,-1.53,
2023-12-18,3.95,5.32,724.704,1.58,12.56,119.9102,-0.48,-1.51,
2023-12-19,3.93,5.31,773.082,1.57,12.53,119.4632,-0.48,-1.5,
2023-12-20,3.86,5.31,779.143,1.63,13.67,119.5435,-0.48,-1.58,7724063.0
2023-12-21,3.89,5.31,778.402,1.64,13.65,119.3168,-0.44,-1.53,
2023-12-22,3.9,5.32,772.258,1.65,13.03,119.0625,-0.41,-1.54,
2023-12-25,,,,,,,,,
2023-12-26,3.89,5.35,793.937,1.64,12.99,118.8875,-0.37,-1.56,
2023-12-27,3.79,5.39,818.869,1.64,12.43,118.4729,-0.41,-1.65,7712781.0
2023-12-28,3.84,5.4,829.573,1.62,12.47,118.4104,-0.42,-1.61,
2023-12-29,3.88,5.38,1018.483,1.61,12.45,118.4208,-0.35,-1.52,
2024-01-01,,,,,,,,,
2024-01-02,3.95,5.4,704.864,1.62,13.2,119.2686,-0.38,-1.51,
2024-01-03,3.91,5.39,719.897,1.66,14.04,119.6958,-0.42,-1.57,7681024.0
2024-01-04,3.99,5.32,664.899,1.65,14.13,119.6208,-0.39,-1.49,
2024-01-05,4.05,5.31,694.478,1.65,13.35,119.388,-0.35,-1.42,
2024-01-08,4.01,5.31,691.485,1.65,13.08,119.2506,-0.35,-1.48,
2024-01-09,4.02,5.31,676.05,1.63,12.76,119.6666,-0.34,-1.45,
2024-01-10,4.04,5.31,679.961,1.59,12.69,119.7614,-0.33,-1.42,7686710.0
2024-01-11,3.98,5.31,626.37,1.63,12.44,119.8916,-0.28,-1.48,
2024-01-12,3.96,5.31,603.116,1.64,12.7,119.534,-0.18,-1.49,
2024-01-15,,,,,13.25,,,,
2024-01-16,4.07,5.32,583.103,1.65,13.84,120.5759,-0.15,-1.38,
2024-01-17,4.1,5.32,590.191,1.63,14.79,121.0402,-0.24,-1.37,7673741.0
2024-01-18,4.14,5.31,618.234,1.62,14.13,120.8895,-0.2,-1.31,
2024-01-19,4.15,5.31,625.182,1.59,13.3,120.6442,-0.24,-1.3,
2024-01-22,4.11,5.31,647.103,1.59,13.19,120.6178,-0.26,-1.35,
2024-01-23,4.14,5.31,621.195,1.62,12.55,121.1001,-0.17,-1.31,
2024-01-24,4.18,5.31,639.56,1.61,13.14,120.4916,-0.16,-1.26,7677230.0
2024-01-25,4.14,5.32,557.687,1.6,13.45,120.8311,-0.14,-1.3,
2024-01-26,4.15,5.32,570.828,1.58,13.26,120.6173,-0.19,-1.29,
2024-01-29,4.08,5.31,581.41,1.6,13.6,120.8538,-0.21,-1.34,
2024-01-30,4.06,5.31,577.755,1.58,13.31,120.6025,-0.3,-1.36,
2024-01-31,3.99,5.32,615.379,1.61,14.35,120.4331,-0.28,-1.43,7630124.0
2024-02-01,3.87,5.32,503.548,1.63,13.88,120.3335,-0.33,-1.55,
2024-02-02,4.03,5.32,513.422,1.59,13.85,120.902,-0.33,-1.4,
2024-02-05,4.17,5.31,552.289,1.56,13.67,121.349,-0.29,-1.25,
2024-02-06,4.09,5.31,532.439,1.58,13.06,120.9588,-0.3,-1.35,
2024-02-07,4.09,5.31,553.055,1.6,12.83,120.9049,-0.32,-1.34,7631300.0
2024-02-08,4.15,5.31,535.705,1.6,12.79,121.0798,-0.31,-1.29,
2024-02-09,4.17,5.31,569.175,1.59,12.93,121.039,-0.31,-1.27,
2024-02-12,4.17,5.31,581.568,1.58,13.93,120.9378,-0.29,-1.26,
2024-02-13,4.31,5.31,553.684,1.54,15.85,121.5202,-0.33,-1.14,
2024-02-14,4.27,5.3,575.332,1.56,14.38,121.4002,-0.29,-1.16,7633874.0
2024-02-15,4.24,5.31,493.065,1.57,14.01,121.2121,-0.32,-1.19,
2024-02-16,4.3,5.3,532.125,1.53,14.24,121.1505,-0.34,-1.14,
2024-02-19,,,,,14.71,,,,
2024-02-20,4.27,5.3,530.879,1.56,15.42,121.0199,-0.32,-1.17,
2024-02-21,4.32,5.3,574.882,1.54,15.34,121.0379,-0.32,-1.12,7581683.0
2024-02-22,4.33,5.3,553.245,1.49,14.54,121.102,-0.36,-1.12,
2024-02-23,4.26,5.31,520.107,1.49,13.75,121.0369,-0.41,-1.2,
2024-02-26,4.28,5.31,524.959,1.53,13.74,121.0592,-0.41,-1.19,
2024-02-27,4.31,5.31,519.725,1.53,13.43,120.9647,-0.39,-1.14,
2024-02-28,4.27,5.31,569.855,1.55,13.84,121.128,-0.37,-1.18,7567807.0
2024-02-29,4.25,5.32,502.074,1.55,13.4,121.1824,-0.39,-1.2,
2024-03-01,4.19,5.31,441.265,1.57,13.11,121.0111,-0.35,-1.23,
2024-03-04,4.22,5.31,439.793,1.57,13.49,120.872,-0.39,-1.26,
2024-03-05,4.13,5.31,444.474,1.59,14.46,120.8846,-0.41,-1.34,
2024-03-06,4.11,5.31,456.847,1.57,14.5,120.4649,-0.44,-1.36,7538857.0
2024-03-07,4.09,5.31,436.754,1.59,14.44,120.1909,-0.41,-1.38,
2024-03-08,4.09,5.31,444.803,1.59,14.74,119.975,-0.39,-1.37,
2024-03-11,4.1,5.31,478.728,1.59,15.22,120.0394,-0.41,-1.38,
2024-03-12,4.16,5.31,476.862,1.55,13.84,120.1668,-0.42,-1.32,
2024-03-13,4.19,5.31,521.738,1.55,13.75,119.9642,-0.42,-1.29,7541969.0
2024-03-14,4.29,5.31,483.573,1.53,14.4,120.241,-0.39,-1.19,
2024-03-15,4.31,5.31,413.877,1.49,14.41,120.4003,-0.41,-1.17,
2024-03-18,4.34,5.31,440.596,1.49,14.33,120.5752,-0.39,-1.14,
2024-03-19,4.3,5.31,446.978,1.5,13.82,120.9332,-0.38,-1.18,
2024-03-20,4.27,5.31,496.245,1.56,13.04,120.9289,-0.32,-1.2,7514348.0
2024-03-21,4.27,5.31,460.631,1.53,12.92,120.8086,-0.35,-1.21,
2024-03-22,4.22,5.31,478.531,1.53,13.06,121.1842,-0.37,-1.24,
2024-03-25,4.25,5.31,473.787,1.53,13.19,121.0295,-0.29,-1.21,
2024-03-26,4.24,5.32,496.062,1.53,13.24,121.0742,-0.32,-1.22,
2024-03-27,4.2,5.33,518.357,1.54,12.78,121.0089,-0.34,-1.25,7484739.0
2024-03-28,4.2,5.34,594.428,1.5,13.01,121.0635,-0.39,-1.26,
2024-03-29,,,,,,121.0191,,,
2024-04-01,4.33,5.35,441.903,1.49,13.65,121.5151,-0.39,-1.11,
2024-04-02,4.36,5.34,448.424,1.51,14.61,121.3035,-0.34,-1.06,
2024-04-03,4.36,5.32,436.631,1.49,14.33,121.0198,-0.32,-1.06,7439558.0
2024-04-04,4.31,5.32,438.764,1.51,16.35,120.7613,-0.34,-1.1,
2024-04-05,4.39,5.32,438.319,1.49,16.03,120.9646,-0.34,-1.04,
2024-04-08,4.42,5.31,448.597,1.46,15.19,120.7359,-0.36,-1.01,
2024-04-09,4.36,5.31,441.792,1.44,14.98,120.7048,-0.38,-1.07,
2024-04-10,4.55,5.31,445.816,1.4,15.8,121.5727,-0.42,-0.9,7438176.0
2024-04-11,4.56,5.31,455.361,1.41,14.91,121.6081,-0.37,-0.89,
2024-04-12,4.5,5.31,407.322,1.45,17.31,122.2885,-0.38,-0.95,
2024-04-15,4.63,5.32,327.066,1.46,19.23,122.425,-0.3,-0.82,
2024-04-16,4.67,5.31,371.554,1.46,18.4,123.1234,-0.3,-0.78,
2024-04-17,4.59,5.31,440.508,1.48,18.21,123.0207,-0.34,-0.86,7405506.0
2024-04-18,4.64,5.3,433.006,1.47,18.0,123.0017,-0.34,-0.82,
2024-04-19,4.62,5.31,397.234,1.46,18.71,123.1075,-0.35,-0.83,
2024-04-22,4.62,5.31,409.816,1.46,16.94,123.0609,-0.35,-0.8,
2024-04-23,4.61,5.31,435.88,1.46,15.69,122.7227,-0.25,-0.84,
2024-04-24,4.65,5.31,441.215,1.48,15.97,122.89,-0.24,-0.81,7402434.0
2024-04-25,4.7,5.31,443.928,1.47,15.37,122.8384,-0.26,-0.77,
2024-04-26,4.67,5.32,464.912,1.45,15.03,122.9471,-0.29,-0.79,
2024-04-29,4.63,5.32,505.53,1.45,14.67,122.5449,-0.34,-0.82,
2024-04-30,4.69,5.34,534.234,1.44,15.65,122.9853,-0.35,-0.77,
2024-05-01,4.63,5.32,438.148,1.43,15.39,123.0168,-0.33,-0.83,7362474.0
2024-05-02,4.58,5.31,428.68,1.47,14.68,122.4384,-0.29,-0.88,
2024-05-03,4.5,5.31,450.165,1.49,13.49,122.1375,-0.31,-0.95,
2024-05-06,4.49,5.31,468.97,1.47,13.49,121.8913,-0.33,-0.96,
2024-05-07,4.47,5.31,475.325,1.45,13.23,122.093,-0.35,-0.98,
2024-05-08,4.48,5.31,493.427,1.47,13.0,122.1926,-0.36,-0.97,7353408.0
2024-05-09,4.45,5.31,458.55,1.48,12.69,122.1634,-0.35,-1.01,
2024-05-10,4.5,5.31,486.434,1.48,12.55,122.014,-0.37,-0.97,
2024-05-13,4.48,5.31,492.068,1.48,13.6,122.0261,-0.37,-0.97,
2024-05-14,4.45,5.31,468.344,1.48,13.42,121.9256,-0.36,-0.99,
2024-05-15,4.36,5.31,443.779,1.49,12.45,121.3543,-0.37,-1.09,7304272.0
2024-05-16,4.38,5.31,410.121,1.47,12.42,121.2236,-0.4,-1.07,
2024-05-17,4.42,5.31,449.373,1.48,11.99,121.2354,-0.41,-1.04,
2024-05-20,4.44,5.31,489.728,1.47,12.15,121.2289,-0.38,-1.01,
2024-05-21,4.41,5.31,491.72,1.48,11.86,121.3793,-0.41,-1.04,
2024-05-22,4.43,5.31,496.382,1.46,12.29,121.5462,-0.43,-1.02,7299566.0
2024-05-23,4.47,5.31,467.398,1.45,12.77,121.7477,-0.44,-0.99,
2024-05-24,4.46,5.32,431.239,1.46,11.93,121.6172,-0.47,-1.0,
2024-05-27,,,,,12.36,,,,
2024-05-28,4.54,5.32,417.836,1.45,12.92,121.43,-0.4,-0.92,
2024-05-29,4.61,5.33,459.314,1.47,14.28,122.1641,-0.35,-0.85,7284319.0
2024-05-30,4.55,5.33,452.034,1.46,14.47,121.9601,-0.37,-0.91,
2024-05-31,4.51,5.34,439.806,1.46,12.92,122.098,-0.38,-0.95,
2024-06-03,4.41,5.35,387.069,1.47,13.11,122.3509,-0.41,-1.11,
2024-06-04,4.33,5.33,377.825,1.49,13.16,122.7256,-0.44,-1.19,
2024-06-05,4.29,5.33,371.841,1.53,12.63,122.5339,-0.43,-1.22,7255687.0
2024-06-06,4.28,5.33,378.125,1.5,12.58,122.3713,-0.44,-1.23,
2024-06-07,4.43,5.33,395.462,1.46,12.22,123.549,-0.44,-1.09,
2024-06-10,4.47,5.32,416.481,1.46,12.74,123.9125,-0.4,-1.05,
2024-06-11,4.39,5.32,410.449,1.48,12.85,124.0349,-0.42,-1.13,
2024-06-12,4.31,5.31,447.574,1.48,12.04,123.8295,-0.44,-1.2,7258974.0
2024-06-13,4.24,5.31,429.864,1.51,11.94,124.0235,-0.44,-1.27,
2024-06-14,4.2,5.31,386.885,1.53,12.66,124.1694,-0.47,-1.31,
2024-06-17,4.28,5.33,333.429,1.52,12.75,124.239,-0.47,-1.24,
2024-06-18,4.22,5.33,375.542,1.52,12.3,123.9776,-0.47,-1.28,
2024-06-19,,,,,12.48,,,,7252542.0
2024-06-20,4.25,5.32,388.841,1.54,13.28,124.192,-0.45,-1.25,
2024-06-21,4.25,5.31,421.04,1.55,13.2,124.1086,-0.45,-1.24,
2024-06-24,4.25,5.31,435.916,1.53,13.33,123.7125,-0.46,-1.25,
2024-06-25,4.23,5.33,466.31,1.55,12.84,123.9417,-0.42,-1.26,
2024-06-26,4.32,5.34,490.156,1.55,12.55,124.26,-0.39,-1.18,7231163.0
2024-06-27,4.29,5.34,531.692,1.55,12.24,124.3379,-0.41,-1.2,
2024-06-28,4.36,5.33,664.57,1.55,12.44,124.2103,-0.35,-1.12,
2024-07-01,4.48,5.4,451.783,1.55,12.22,124.4667,-0.29,-0.99,
2024-07-02,4.43,5.35,443.369,1.56,12.03,124.2917,-0.31,-1.04,
2024-07-03,4.36,5.33,425.898,1.53,12.09,123.7768,-0.35,-1.11,7221520.0
2024-07-04,,,,,12.26,,,,
2024-07-05,4.28,5.32,390.632,1.56,12.48,123.4762,-0.32,-1.18,
2024-07-08,4.28,5.32,415.257,1.54,12.37,123.3576,-0.34,-1.18,
2024-07-09,4.3,5.34,423.152,1.56,12.51,123.4071,-0.32,-1.16,
2024-07-10,4.28,5.34,422.147,1.56,12.85,123.1895,-0.34,-1.18,7224079.0
2024-07-11,4.2,5.34,403.708,1.58,12.92,122.769,-0.3,-1.24,
2024-07-12,4.18,5.34,406.59,1.58,12.46,122.4404,-0.27,-1.25,
2024-07-15,4.23,5.34,413.28,1.58,13.12,122.6347,-0.21,-1.2,
2024-07-16,4.17,5.35,409.594,1.56,13.19,122.7264,-0.26,-1.26,
2024-07-17,4.16,5.35,399.401,1.56,14.48,122.518,-0.26,-1.27,7208247.0
2024-07-18,4.2,5.34,391.652,1.57,15.93,122.7909,-0.26,-1.23,
2024-07-19,4.25,5.34,379.801,1.57,16.52,123.147,-0.24,-1.18,
2024-07-22,4.26,5.33,395.901,1.58,14.91,123.2172,-0.24,-1.17,
2024-07-23,4.25,5.34,389.837,1.59,14.72,123.3843,-0.15,-1.16,
2024-07-24,4.28,5.34,399.121,1.65,18.04,123.5575,-0.09,-1.12,7205455.0
2024-07-25,4.27,5.35,377.433,1.62,18.46,123.5286,-0.14,-1.12,
2024-07-26,4.2,5.35,381.257,1.65,16.39,123.672,-0.16,-1.18,
2024-07-29,4.17,5.33,385.281,1.66,16.6,124.1392,-0.19,-1.24,
2024-07-30,4.15,5.33,367.054,1.65,17.69,124.2855,-0.2,-1.25,
2024-07-31,4.09,5.38,413.2,1.68,16.36,123.6373,-0.2,-1.32,7178391.0
2024-08-01,3.99,5.35,348.885,1.71,18.59,123.8693,-0.17,-1.38,
2024-08-02,3.8,5.35,338.473,1.8,23.39,123.4681,-0.08,-1.49,
2024-08-05,3.78,5.32,316.246,1.85,38.57,123.5787,-0.11,-1.57,
2024-08-06,3.9,5.33,291.958,1.78,27.71,123.6532,-0.09,-1.44,
2024-08-07,3.96,5.33,286.66,1.8,27.85,123.5698,-0.04,-1.38,7175256.0
2024-08-08,3.99,5.34,303.159,1.78,23.79,123.4466,-0.05,-1.35,
2024-08-09,3.94,5.34,312.198,1.77,20.37,122.9276,-0.11,-1.39,
2024-08-12,3.9,5.34,328.641,1.78,20.71,123.2204,-0.11,-1.43,
2024-08-13,3.85,5.34,324.494,1.8,18.12,123.0146,-0.08,-1.47,
2024-08-14,3.83,5.33,328.472,1.74,16.19,122.4297,-0.11,-1.49,7177688.0
2024-08-15,3.92,5.35,307.141,1.68,15.23,122.5844,-0.16,-1.42,
2024-08-16,3.89,5.32,330.317,1.69,14.8,122.3972,-0.17,-1.44,
2024-08-19,3.86,5.32,333.583,1.68,14.65,121.8788,-0.2,-1.45,
2024-08-20,3.82,5.32,310.819,1.69,15.88,121.7728,-0.17,-1.47,
2024-08-21,3.79,5.31,321.329,1.69,16.27,121.8535,-0.13,-1.47,7139952.0
2024-08-22,3.86,5.31,316.777,1.7,17.55,122.3626,-0.13,-1.42,
2024-08-23,3.81,5.33,312.896,1.7,15.86,121.4597,-0.09,-1.44,
2024-08-26,3.82,5.34,353.557,1.7,16.15,121.6943,-0.09,-1.42,
2024-08-27,3.83,5.35,344.045,1.71,15.43,121.8672,0.0,-1.4,
2024-08-28,3.84,5.35,388.89,1.71,17.11,121.8943,0.01,-1.37,7123238.0
2024-08-29,3.87,5.33,383.434,1.69,15.65,122.2333,0.0,-1.35,
2024-08-30,3.91,5.32,433.13,1.69,15.0,122.3262,0.0,-1.3,
2024-09-02,,,,,15.55,,,,
2024-09-03,3.84,5.34,349.808,1.73,20.72,122.7811,-0.04,-1.35,
2024-09-04,3.77,5.35,337.312,1.73,21.32,122.5144,0.01,-1.41,7112567.0
2024-09-05,3.73,5.35,291.091,1.73,19.9,122.4533,-0.02,-1.42,
2024-09-06,3.72,5.34,299.271,1.73,22.38,122.4991,0.06,-1.41,
2024-09-09,3.7,5.34,292.158,1.73,19.45,122.7156,0.02,-1.41,
2024-09-10,3.65,5.33,281.392,1.74,19.08,123.0071,0.06,-1.41,
2024-09-11,3.65,5.32,279.215,1.75,17.69,122.7754,0.03,-1.45,7115001.0
2024-09-12,3.68,5.33,294.464,1.74,17.07,122.4423,0.04,-1.38,
2024-09-13,3.66,5.33,284.951,1.72,16.56,121.6551,0.09,-1.31,
2024-09-16,3.63,5.38,239.386,1.7,17.14,121.4976,0.07,-1.33,
2024-09-17,3.65,5.38,256.337,1.68,17.61,121.6031,0.06,-1.3,
2024-09-18,3.7,5.33,305.831,1.67,18.23,121.5618,0.09,-1.14,7109137.0
2024-09-19,3.73,4.82,311.777,1.67,16.33,121.3059,0.14,-1.07,
2024-09-20,3.73,4.83,339.316,1.67,16.15,121.4052,0.18,-1.02,
2024-09-23,3.75,4.83,380.372,1.65,15.89,121.4303,0.18,-0.97,
2024-09-24,3.74,4.84,388.977,1.66,15.39,121.1291,0.25,-0.95,
2024-09-25,3.79,4.84,416.193,1.65,15.41,121.4447,0.26,-0.9,7080059.0
2024-09-26,3.79,4.83,424.916,1.65,15.37,121.0785,0.19,-0.89,
2024-09-27,3.75,4.84,436.518,1.66,16.96,121.1111,0.2,-0.93,
2024-09-30,3.81,4.96,465.638,1.63,16.73,121.2864,0.15,-0.92,
2024-10-01,3.74,5.05,375.221,1.65,19.26,121.6881,0.13,-0.97,
2024-10-02,3.79,4.92,383.398,1.64,18.9,121.5724,0.16,-0.9,7046925.0
2024-10-03,3.85,4.85,341.248,1.62,20.49,122.1197,0.15,-0.83,
2024-10-04,3.98,4.83,330.012,1.57,19.21,122.2197,0.05,-0.75,
2024-10-07,4.03,4.83,322.948,1.54,22.64,122.4241,0.04,-0.74,
2024-10-08,4.04,4.84,325.355,1.55,21.42,122.6625,0.06,-0.71,
2024-10-09,4.06,4.83,343.448,1.54,20.86,122.8821,0.07,-0.69,7046840.0
2024-10-10,4.09,4.82,322.587,1.54,20.93,123.0951,0.11,-0.66,
2024-10-11,4.08,4.81,331.735,1.54,20.46,122.9805,0.13,-0.65,
2024-10-14,,,,,19.7,,,,
2024-10-15,4.03,4.86,286.398,1.53,20.64,123.5124,0.08,-0.7,
2024-10-16,4.02,4.86,272.028,1.51,19.58,123.9235,0.09,-0.7,7039284.0
2024-10-17,4.09,4.85,262.21,1.53,19.11,124.1122,0.13,-0.65,
2024-10-18,4.08,4.84,259.892,1.53,18.03,123.9185,0.13,-0.65,
2024-10-21,4.19,4.82,261.044,1.54,18.37,124.4757,0.17,-0.54,
2024-10-22,4.2,4.83,237.76,1.55,18.2,124.4107,0.17,-0.52,
2024-10-23,4.24,4.83,270.839,1.54,19.24,124.6931,0.17,-0.49,7029408.0
2024-10-24,4.21,4.83,202.798,1.52,19.08,124.5127,0.14,-0.49,
2024-10-25,4.25,4.83,227.0,1.51,20.33,124.6105,0.14,-0.48,
2024-10-28,4.28,4.82,251.032,1.51,19.8,124.8076,0.16,-0.42,
2024-10-29,4.28,4.82,244.841,1.49,19.34,124.8612,0.17,-0.42,
2024-10-30,4.29,4.81,228.946,1.44,20.35,124.8153,0.14,-0.38,7013490.0
2024-10-31,4.28,4.9,201.278,1.46,23.16,124.7988,0.12,-0.36,
2024-11-01,4.37,4.86,155.476,1.46,21.88,124.8076,0.16,-0.24,
2024-11-04,4.31,4.82,171.885,1.46,21.98,124.5903,0.14,-0.34,
2024-11-05,4.26,4.82,144.243,1.45,20.49,124.5532,0.07,-0.38,
2024-11-06,4.42,4.81,177.871,1.4,16.27,125.7035,0.15,-0.22,6994299.0
2024-11-07,4.31,4.82,159.002,1.44,15.2,124.775,0.1,-0.32,
2024-11-08,4.3,4.6,163.621,1.38,14.94,125.5811,0.04,-0.33,
2024-11-11,,,,,14.97,,,,
2024-11-12,4.43,4.6,178.814,1.36,14.71,126.7762,0.09,-0.2,
2024-11-13,4.44,4.59,238.106,1.41,14.02,126.9572,0.17,-0.16,6967108.0
2024-11-14,4.43,4.58,214.509,1.39,14.31,127.0015,0.09,-0.18,
2024-11-15,4.43,4.57,172.4,1.41,16.14,126.8848,0.12,-0.17,
2024-11-18,4.42,4.57,200.03,1.42,15.58,126.6045,0.13,-0.21,
2024-11-19,4.39,4.57,200.664,1.42,16.35,126.3994,0.12,-0.23,
2024-11-20,4.41,4.56,217.793,1.43,17.16,126.88,0.1,-0.21,6923731.0
2024-11-21,4.43,4.57,188.567,1.43,16.87,127.1047,0.09,-0.2,
2024-11-22,4.41,4.57,204.254,1.43,15.24,127.4712,0.04,-0.22,
2024-11-25,4.27,4.58,186.749,1.42,14.6,126.9948,0.06,-0.35,
2024-11-26,4.3,4.58,148.823,1.43,14.1,127.4301,0.09,-0.31,
2024-11-27,4.25,4.57,169.815,1.43,14.1,126.8205,0.06,-0.35,6905140.0
2024-11-28,,,,,13.9,,,,
2024-11-29,4.18,4.59,197.627,1.44,13.51,126.5798,0.05,-0.4,
2024-12-02,4.19,4.64,135.858,1.41,13.34,127.1272,0.02,-0.32,
2024-12-03,4.23,4.64,161.572,1.4,13.3,126.9565,0.06,-0.26,
2024-12-04,4.19,4.59,162.866,1.39,13.45,126.7574,0.06,-0.28,6895827.0
2024-12-05,4.17,4.59,131.964,1.4,13.54,126.4286,0.02,-0.29,
2024-12-06,4.15,4.6,130.014,1.42,12.77,126.688,0.05,-0.27,
2024-12-09,4.2,4.63,153.029,1.42,14.19,126.5981,0.07,-0.22,
2024-12-10,4.22,4.64,174.842,1.41,14.18,126.957,0.07,-0.19,
2024-12-11,4.26,4.62,180.12,1.42,13.58,126.8483,0.11,-0.12,6897485.0
2024-12-12,4.32,4.62,165.025,1.44,13.92,126.9556,0.14,-0.03,
2024-12-13,4.4,4.6,135.777,1.42,13.81,127.3096,0.15,0.06,
2024-12-16,4.39,4.65,110.753,1.42,14.69,127.2687,0.14,0.02,
2024-12-17,4.4,4.62,118.093,1.39,15.87,127.5043,0.15,0.02,
2024-12-18,4.5,4.57,131.651,1.37,27.62,127.6418,0.15,0.14,6889332.0
2024-12-19,4.57,4.3,112.417,1.4,24.09,128.6366,0.25,0.22,
2024-12-20,4.52,4.3,98.356,1.43,18.36,127.893,0.22,0.18,
2024-12-23,4.59,4.31,116.004,1.42,16.78,128.3021,0.29,0.23,
2024-12-24,4.59,4.4,180.989,1.39,14.27,128.3377,0.3,0.19,
2024-12-25,,,,,,,,,6885963.0
2024-12-26,4.58,4.53,196.818,1.4,14.73,128.3329,0.28,0.23,
2024-12-27,4.62,4.46,268.739,1.4,15.95,128.45,0.31,0.31,
2024-12-30,4.55,4.37,260.743,1.43,17.4,128.8205,0.31,0.18,
2024-12-31,4.58,4.49,473.46,1.42,17.35,129.2775,0.33,0.21,
2025-01-01,,,,,,,,,6852491.0
2025-01-02,4.57,4.4,239.858,1.45,17.93,129.4598,0.32,0.21,
2025-01-03,4.6,4.31,237.377,1.44,16.13,129.4535,0.32,0.26,
2025-01-06,4.62,4.27,231.926,1.44,16.04,128.538,0.34,0.27,
2025-01-07,4.67,4.27,208.296,1.47,17.82,128.613,0.37,0.32,
2025-01-08,4.67,4.29,185.144,1.48,17.7,129.0785,0.39,0.32,6853554.0
2025-01-09,4.68,4.3,168.225,1.46,18.07,129.2827,0.41,0.33,
2025-01-10,4.77,4.3,178.8,1.42,19.54,129.8664,0.37,0.41,
2025-01-13,4.79,4.29,183.669,1.44,19.19,130.0413,0.39,0.42,
2025-01-14,4.78,4.28,160.219,1.44,18.71,129.3812,0.41,0.42,
2025-01-15,4.66,4.28,119.977,1.44,16.12,129.2092,0.39,0.31,6834070.0
2025-01-16,4.61,4.29,94.489,1.46,16.6,129.436,0.38,0.27,
2025-01-17,4.61,4.29,118.327,1.46,15.97,129.4859,0.34,0.27,
2025-01-20,,,,,15.81,,,,
2025-01-21,4.57,4.29,96.015,1.46,15.06,128.4151,0.28,0.21,
2025-01-22,4.6,4.3,123.981,1.43,15.1,128.3402,0.31,0.24,6831760.0
2025-01-23,4.65,4.35,132.031,1.43,15.02,128.2162,0.36,0.29,
2025-01-24,4.63,4.34,104.972,1.43,14.85,127.4611,0.36,0.28,
2025-01-27,4.53,4.34,92.863,1.45,17.9,128.0912,0.36,0.21,
2025-01-28,4.55,4.35,112.76,1.45,16.41,128.2817,0.36,0.24,
2025-01-29,4.55,4.35,121.842,1.45,16.56,128.3418,0.34,0.24,6818186.0
2025-01-30,4.52,4.36,125.965,1.45,15.84,128.1004,0.34,0.22,
2025-01-31,4.58,4.38,187.913,1.45,16.43,128.4828,0.36,0.27,
2025-02-03,4.54,4.35,97.781,1.46,18.62,129.109,0.28,0.2,
2025-02-04,4.52,4.33,85.654,1.46,17.21,128.1083,0.31,0.19,
2025-02-05,4.43,4.33,78.788,1.45,15.77,127.9751,0.26,0.1,6810935.0
2025-02-06,4.45,4.36,79.983,1.44,15.5,128.2017,0.24,0.11,
2025-02-07,4.49,4.35,95.248,1.45,16.54,128.4292,0.2,0.14,
2025-02-10,4.51,4.35,99.653,1.45,15.81,128.6382,0.23,0.16,
2025-02-11,4.54,4.34,76.446,1.46,16.02,128.4322,0.25,0.19,
2025-02-12,4.62,4.32,67.67,1.45,15.89,128.3288,0.26,0.27,6813513.0
2025-02-13,4.52,4.33,67.82,1.44,15.1,127.8931,0.21,0.18,
2025-02-14,4.47,4.33,58.77,1.46,14.77,127.1491,0.21,0.13,
2025-02-17,,,,,15.37,,,,
2025-02-18,4.55,4.37,77.817,1.44,15.35,127.2906,0.26,0.21,
2025-02-19,4.53,4.35,73.196,1.46,15.27,127.7317,0.25,0.19,6782332.0
2025-02-20,4.5,4.33,63.207,1.47,15.66,127.1126,0.22,0.17,
2025-02-21,4.42,4.34,68.983,1.49,18.21,127.1408,0.23,0.1,
2025-02-24,4.4,4.34,76.818,1.48,18.98,127.1921,0.27,0.09,
2025-02-25,4.3,4.33,96.0,1.5,19.43,127.3752,0.23,0.0,
2025-02-26,4.25,4.33,126.058,1.51,19.1,127.2822,0.2,-0.06,6766101.0
2025-02-27,4.29,4.36,182.148,1.52,21.13,127.9704,0.22,-0.03,
2025-02-28,4.24,4.39,234.422,1.57,19.63,128.2805,0.25,-0.08,
2025-03-03,4.16,4.33,119.987,1.61,22.78,127.75,0.2,-0.19,
2025-03-04,4.22,4.33,135.257,1.61,23.51,127.9966,0.26,-0.12,
2025-03-05,4.28,4.34,139.493,1.57,21.93,126.504,0.29,-0.07,6756764.0
2025-03-06,4.29,4.35,129.269,1.59,24.87,126.1099,0.33,-0.05,
2025-03-07,4.32,4.34,136.305,1.61,23.37,125.9814,0.33,-0.02,
2025-03-10,4.22,4.33,129.054,1.64,27.86,126.268,0.33,-0.11,
2025-03-11,4.28,4.32,137.31,1.68,26.92,126.0457,0.34,-0.06,
2025-03-12,4.32,4.31,131.055,1.65,24.23,125.8664,0.31,-0.03,6759571.0
2025-03-13,4.27,4.3,113.435,1.7,24.66,126.0031,0.33,-0.07,
2025-03-14,4.31,4.3,126.234,1.65,21.77,125.6942,0.29,-0.02,
2025-03-17,4.31,4.32,89.496,1.63,20.51,125.3688,0.25,-0.03,
2025-03-18,4.29,4.31,149.503,1.63,21.7,125.488,0.25,-0.05,
2025-03-19,4.25,4.29,193.378,1.64,19.9,125.8006,0.26,-0.08,6755982.0
2025-03-20,4.24,4.29,192.64,1.64,19.8,125.985,0.29,-0.09,
2025-03-21,4.25,4.3,200.85,1.68,19.28,126.2679,0.31,-0.08,
2025-03-24,4.34,4.31,196.565,1.64,17.48,126.1956,0.3,0.01,
2025-03-25,4.31,4.33,214.786,1.66,17.15,126.0535,0.35,-0.02,
2025-03-26,4.35,4.35,241.371,1.66,18.33,126.2364,0.37,0.02,6740253.0
2025-03-27,4.38,4.36,291.785,1.68,18.69,126.3626,0.41,0.05,
2025-03-28,4.27,4.34,286.575,1.73,21.65,126.4187,0.38,-0.06,
2025-03-31,4.23,4.41,399.167,1.76,22.28,126.7075,0.34,-0.09,
2025-04-01,4.17,4.39,230.063,1.73,21.77,126.4338,0.3,-0.15,
2025-04-02,4.2,4.37,233.488,1.73,21.51,126.3811,0.29,-0.12,6723452.0
2025-04-03,4.06,4.39,196.265,1.89,30.02,124.7316,0.35,-0.25,
2025-04-04,4.01,4.35,184.499,1.94,45.31,125.8129,0.33,-0.27,
2025-04-07,4.15,4.33,148.146,2.02,46.98,126.8282,0.42,-0.14,
2025-04-08,4.26,4.4,156.911,2.0,52.33,126.8668,0.55,-0.05,
2025-04-09,4.34,4.42,168.115,2.02,33.62,126.628,0.43,-0.01,6727416.0
2025-04-10,4.4,4.37,129.95,1.97,40.72,125.089,0.56,0.06,
2025-04-11,4.48,4.33,98.531,1.9,37.56,124.0163,0.52,0.14,
2025-04-14,4.38,4.33,102.838,1.9,30.89,123.6598,0.54,0.05,
2025-04-15,4.35,4.36,88.878,1.9,30.12,123.776,0.51,0.02,
2025-04-16,4.29,4.31,54.772,1.92,32.64,123.2724,0.52,-0.04,6727113.0
2025-04-17,4.34,4.32,58.6,1.92,29.65,123.1298,0.53,0.0,
2025-04-18,,,,,,122.9865,,,
2025-04-21,4.42,4.32,114.114,1.96,33.82,122.3145,0.67,0.08,
2025-04-22,4.41,4.3,137.951,1.93,30.57,122.4175,0.65,0.08,
2025-04-23,4.4,4.28,171.78,1.86,28.45,123.0252,0.59,0.07,6726930.0
2025-04-24,4.32,4.29,130.004,1.86,26.47,122.9251,0.55,0.0,
2025-04-25,4.29,4.33,94.021,1.84,24.84,122.8858,0.55,-0.03,
2025-04-28,4.23,4.36,148.649,1.87,25.15,122.7176,0.56,-0.09,
2025-04-29,4.19,4.36,157.537,1.88,24.17,122.5944,0.54,-0.12,
2025-04-30,4.17,4.41,250.601,1.96,24.7,122.5921,0.57,-0.14,6709277.0
2025-05-01,4.25,4.39,157.353,1.95,24.6,123.1405,0.55,-0.06,
2025-05-02,4.33,4.36,147.882,1.9,22.68,122.4962,0.5,0.0,
2025-05-05,4.36,4.33,124.69,1.91,23.64,122.2613,0.53,0.03,
2025-05-06,4.3,4.32,129.858,1.95,24.76,122.0417,0.52,-0.03,
2025-05-07,4.26,4.3,154.859,1.95,23.55,122.117,0.48,-0.08,6710889.0
2025-05-08,4.37,4.29,139.768,1.89,22.48,122.7568,0.47,0.03,
2025-05-09,4.37,4.28,142.272,1.89,21.9,122.5191,0.49,0.03,
2025-05-12,4.45,4.28,147.505,1.82,18.39,123.4863,0.47,0.03,
2025-05-13,4.49,4.3,144.214,1.82,18.22,122.9583,0.47,0.08,
2025-05-14,4.53,4.29,165.024,1.8,18.62,122.6746,0.48,0.12,6713270.0
2025-05-15,4.45,4.31,109.436,1.83,17.83,122.8174,0.49,0.07,
2025-05-16,4.43,4.3,136.799,1.82,17.24,123.0737,0.45,0.06,
2025-05-19,4.46,4.29,180.417,1.84,18.14,122.4186,0.49,0.07,
2025-05-20,4.48,4.27,136.033,1.82,18.09,122.3199,0.51,0.1,
2025-05-21,4.58,4.26,162.802,1.85,20.87,121.7496,0.58,0.22,6688726.0
2025-05-22,4.54,4.26,173.018,1.87,20.28,122.0429,0.54,0.17,
2025-05-23,4.51,4.26,154.841,1.88,22.29,121.3837,0.51,0.15,
2025-05-26,,,,,20.57,,,,
2025-05-27,4.43,4.31,138.066,1.84,18.96,121.6099,0.51,0.08,
2025-05-28,4.47,4.33,173.641,1.83,19.31,121.9888,0.51,0.12,6673244.0
2025-05-29,4.43,4.33,165.66,1.81,19.18,121.5617,0.51,0.07,
2025-05-30,4.41,4.35,315.657,1.84,18.57,121.7674,0.52,0.05,
2025-06-02,4.46,4.35,135.841,1.84,18.36,121.1881,0.52,0.02,
2025-06-03,4.46,4.32,153.177,1.81,17.69,121.4592,0.5,0.03,
2025-06-04,4.37,4.28,168.882,1.8,17.61,121.0539,0.5,-0.07,6672885.0
2025-06-05,4.4,4.29,152.727,1.77,18.48,120.9596,0.48,-0.04,
2025-06-06,4.51,4.29,149.284,1.73,16.77,121.161,0.47,0.08,
2025-06-09,4.49,4.29,179.315,1.72,17.16,120.9103,0.48,0.05,
2025-06-10,4.47,4.28,182.725,1.71,16.95,121.0485,0.46,0.02,
2025-06-11,4.41,4.28,204.625,1.74,17.26,120.587,0.47,-0.04,6677155.0
2025-06-12,4.36,4.28,181.417,1.73,18.02,120.1723,0.46,-0.1,
2025-06-13,4.41,4.28,168.645,1.75,20.82,120.3245,0.45,-0.04,
2025-06-16,4.46,4.32,140.759,1.74,19.11,120.1565,0.49,0.03,
2025-06-17,4.39,4.31,168.939,1.74,21.6,120.5048,0.45,-0.03,
2025-06-18,4.38,4.28,205.05,1.77,20.14,120.7305,0.44,-0.04,6681056.0
2025-06-19,,,,,22.17,,,,
2025-06-20,4.38,4.29,138.283,1.76,20.62,121.0408,0.48,-0.01,
2025-06-23,4.34,4.29,165.319,1.77,19.83,121.1694,0.5,-0.04,
2025-06-24,4.3,4.3,187.367,1.78,17.48,120.3645,0.55,-0.08,
2025-06-25,4.29,4.36,210.879,1.79,16.76,120.3336,0.55,-0.09,6662200.0
2025-06-26,4.26,4.4,252.432,1.8,16.59,119.6451,0.56,-0.13,
2025-06-27,4.29,4.39,285.742,1.79,16.32,119.659,0.56,-0.1,
2025-06-30,4.24,4.45,460.731,1.75,16.73,119.4088,0.52,-0.17,
2025-07-01,4.26,4.44,245.53,1.72,16.83,119.3436,0.48,-0.14,
2025-07-02,4.3,4.4,237.307,1.7,16.64,119.3037,0.52,-0.11,6659598.0
2025-07-03,4.35,4.35,214.665,1.67,16.38,119.2382,0.47,-0.07,
2025-07-04,,,,,17.48,,,,
2025-07-07,4.4,4.33,218.03,1.71,17.79,119.6201,0.5,-0.02,
2025-07-08,4.42,4.34,219.415,1.71,16.81,119.8371,0.52,0.0,
2025-07-09,4.34,4.32,227.273,1.73,15.94,119.7311,0.48,-0.08,6661912.0
2025-07-10,4.35,4.31,183.339,1.7,15.78,119.8343,0.49,-0.07,
2025-07-11,4.43,4.31,181.637,1.72,16.4,119.9214,0.53,0.02,
2025-07-14,4.43,4.33,217.841,1.73,17.2,120.2209,0.53,0.01,
2025-07-15,4.5,4.37,198.277,1.7,17.38,120.5105,0.55,0.08,
2025-07-16,4.46,4.34,197.086,1.73,17.16,120.4175,0.58,0.05,6659273.0
2025-07-17,4.47,4.34,193.66,1.71,16.52,120.6384,0.56,0.06,
2025-07-18,4.44,4.3,199.298,1.73,16.41,120.356,0.56,0.04,
2025-07-21,4.38,4.28,213.666,1.73,16.65,119.9961,0.53,-0.03,
2025-07-22,4.35,4.28,196.374,1.73,16.5,119.681,0.52,-0.06,
2025-07-23,4.4,4.28,189.632,1.71,15.37,119.5697,0.52,-0.01,6657715.0
2025-07-24,4.43,4.3,132.186,1.68,15.39,119.5664,0.52,0.01,
2025-07-25,4.4,4.36,150.509,1.69,14.93,119.9857,0.49,-0.02,
2025-07-28,4.42,4.36,170.463,1.69,15.03,120.6149,0.51,0.02,
2025-07-29,4.34,4.36,171.018,1.7,15.98,120.9674,0.48,-0.06,
2025-07-30,4.38,4.32,155.481,1.69,15.48,121.4042,0.44,-0.03,6642578.0
2025-07-31,4.37,4.39,214.445,1.67,16.72,121.721,0.43,-0.04,
2025-08-01,4.23,4.34,97.426,1.75,20.38,121.2122,0.54,-0.12,
2025-08-04,4.22,4.33,125.73,1.74,17.52,120.9859,0.53,-0.13,
2025-08-05,4.22,4.34,84.356,1.72,17.85,120.9082,0.5,-0.12,
2025-08-06,4.22,4.34,91.966,1.75,16.77,120.5082,0.53,-0.1,6640843.0
2025-08-07,4.23,4.35,77.961,1.74,16.57,120.5043,0.51,-0.09,
2025-08-08,4.27,4.35,80.303,1.74,15.15,120.3329,0.51,-0.05,
2025-08-11,4.27,4.34,82.214,1.72,16.25,120.6892,0.51,-0.07,
2025-08-12,4.29,4.36,57.492,1.73,14.73,120.2736,0.57,-0.04,
2025-08-13,4.24,4.33,57.202,1.71,14.49,120.13,0.57,-0.05,6643615.0
2025-08-14,4.29,4.34,28.818,1.71,14.83,120.6446,0.55,-0.01,
2025-08-15,4.33,4.36,33.757,1.69,15.09,120.3377,0.58,0.03,
2025-08-18,4.34,4.34,38.24,1.7,14.99,120.5622,0.57,0.01,
2025-08-19,4.3,4.33,22.344,1.71,15.57,120.7224,0.55,0.0,
2025-08-20,4.29,4.31,34.999,1.73,15.69,120.7757,0.55,-0.01,6618415.0
2025-08-21,4.33,4.32,25.358,1.72,16.6,121.0843,0.54,0.01,
2025-08-22,4.26,4.36,36.275,1.73,14.22,120.2774,0.58,-0.01,
2025-08-25,4.28,4.37,47.567,1.7,14.79,120.4214,0.55,-0.01,
2025-08-26,4.26,4.38,28.574,1.75,14.62,120.5274,0.65,-0.02,
2025-08-27,4.24,4.36,34.744,1.77,14.85,120.7274,0.65,-0.02,6603384.0
2025-08-28,4.22,4.34,31.966,1.75,14.43,120.2595,0.6,-0.04,
2025-08-29,4.23,4.34,77.898,1.8,15.36,120.2082,0.64,0.0,
2025-09-01,,,,,16.12,,,,
2025-09-02,4.28,4.39,21.066,1.81,17.17,120.6837,0.62,0.08,
2025-09-03,4.22,4.39,17.923,1.78,16.35,120.5052,0.61,0.04,6602071.0
2025-09-04,4.17,4.41,20.128,1.8,15.3,120.7629,0.58,0.01,
2025-09-05,4.1,4.42,20.997,1.78,15.18,120.1282,0.59,0.03,
2025-09-08,4.05,4.4,19.416,1.76,15.11,120.0971,0.56,-0.05,
2025-09-09,4.08,4.4,22.915,1.75,15.04,120.1569,0.54,-0.02,
2025-09-10,4.04,4.39,29.4,1.75,15.35,120.1223,0.5,-0.05,6605962.0
2025-09-11,4.01,4.41,26.897,1.74,14.71,119.9534,0.49,-0.07,
2025-09-12,4.06,4.42,17.331,1.7,14.76,120.0611,0.5,-0.02,
2025-09-15,4.05,4.51,16.954,1.68,15.69,119.5644,0.51,-0.01,
2025-09-16,4.04,4.39,18.817,1.69,16.36,119.1348,0.53,0.0,
2025-09-17,4.06,4.38,13.963,1.7,15.72,119.1582,0.54,0.04,6608597.0
2025-09-18,4.11,4.14,13.707,1.68,15.7,119.6616,0.54,0.08,
2025-09-19,4.14,4.14,11.363,1.68,15.45,119.7858,0.57,0.11,
2025-09-22,4.15,4.14,14.173,1.67,16.1,119.8152,0.54,0.15,
2025-09-23,4.12,4.12,14.402,1.69,16.64,119.6202,0.59,0.12,
2025-09-24,4.16,4.13,29.172,1.68,16.18,120.1707,0.59,0.14,6608395.0
2025-09-25,4.18,4.18,25.369,1.67,16.74,120.5419,0.54,0.14,
2025-09-26,4.2,4.16,48.073,1.65,15.29,120.4349,0.57,0.18,
2025-09-29,4.15,4.13,56.22,1.64,16.12,120.115,0.52,0.11,
2025-09-30,4.16,4.24,49.071,1.67,16.28,120.1368,0.56,0.14,
2025-10-01,4.12,4.2,10.179,1.69,16.29,120.1502,0.57,0.11,6587119.0
2025-10-02,4.1,4.2,8.436,1.68,16.63,120.4296,0.55,0.08,
2025-10-03,4.13,4.18,25.392,1.66,16.65,120.0881,0.55,0.1,
2025-10-06,4.18,4.15,21.776,1.65,16.37,120.2722,0.58,0.16,
2025-10-07,4.14,4.14,4.622,1.67,17.24,120.4884,0.57,0.13,
2025-10-08,4.13,4.12,5.231,1.68,16.3,120.7766,0.55,0.12,6590815.0
2025-10-09,4.14,4.13,4.496,1.69,16.43,121.0902,0.54,0.11,
2025-10-10,4.05,4.15,4.124,1.72,21.66,121.1163,0.53,0.03,
2025-10-13,,,,,19.03,,,,
2025-10-14,4.03,4.19,3.516,1.71,20.81,121.1822,0.55,0.01,
2025-10-15,4.05,4.29,5.484,1.68,20.64,120.8642,0.55,0.02,6596454.0
2025-10-16,3.99,4.3,6.96,1.71,25.31,120.6698,0.58,-0.03,
2025-10-17,4.02,4.18,4.102,1.7,20.78,120.7028,0.56,0.02,
2025-10-20,4.0,4.16,5.931,1.68,18.23,120.6209,0.54,0.03,
2025-10-21,3.98,4.23,4.699,1.67,17.87,120.8895,0.53,0.02,
2025-10-22,3.97,4.21,4.005,1.69,18.6,120.8958,0.52,0.01,6589533.0
2025-10-23,4.01,4.24,6.941,1.66,17.3,120.9531,0.53,0.06,
2025-10-24,4.02,4.24,2.435,1.65,16.37,120.9345,0.54,0.09,
2025-10-27,4.01,4.27,10.642,1.63,15.79,120.7988,0.53,0.12,
2025-10-28,3.99,4.31,14.096,1.65,16.42,120.6361,0.52,0.1,
2025-10-29,4.08,4.27,19.504,1.61,16.92,120.5312,0.49,0.15,6587034.0
2025-10-30,4.11,4.04,19.166,1.64,16.91,121.2832,0.5,0.19,
2025-10-31,4.11,4.22,51.802,1.69,17.44,121.3859,0.51,0.22,
2025-11-03,4.13,4.13,23.792,1.71,17.17,121.4512,0.53,0.15,
2025-11-04,4.1,4.0,16.983,1.72,19.0,121.8271,0.52,0.14,
2025-11-05,4.17,3.91,12.814,1.7,18.01,121.8482,0.54,0.21,6572732.0
2025-11-06,4.11,3.92,10.754,1.72,19.5,121.6948,0.54,0.18,
2025-11-07,4.11,3.93,4.903,1.75,19.08,121.388,0.56,0.19,
2025-11-10,4.13,3.95,7.152,1.73,17.6,121.2984,0.55,0.18,
2025-11-11,,,,,17.28,,,,
2025-11-12,4.08,3.98,5.886,1.75,17.51,121.0458,0.52,0.13,6580462.0
2025-11-13,4.11,4.0,3.761,1.77,20.0,120.7725,0.53,0.15,
2025-11-14,4.14,3.95,1.559,1.77,19.83,120.9666,0.52,0.19,
2025-11-17,4.13,4.0,3.172,1.77,22.38,121.1146,0.53,0.16,
2025-11-18,4.12,3.94,0.905,1.79,24.69,121.2127,0.54,0.18,
2025-11-19,4.13,3.91,1.129,1.79,23.66,121.4978,0.55,0.18,6555283.0
2025-11-20,4.1,3.91,6.52,1.8,26.42,121.6889,0.55,0.16,
2025-11-21,4.06,3.93,2.503,1.82,23.43,121.8653,0.55,0.16,
2025-11-24,4.04,3.96,1.077,1.8,20.52,121.9171,0.58,0.13,
2025-11-25,4.01,4.01,2.314,1.79,18.56,121.6335,0.58,0.11,
2025-11-26,4.0,4.05,2.217,1.78,17.19,121.2437,0.55,0.08,6552419.0
2025-11-27,,,,,17.21,,,,
2025-11-28,4.02,4.12,7.561,1.78,16.35,121.0527,0.55,0.14,
2025-12-01,4.09,4.12,3.24,1.78,17.24,120.9862,0.55,0.28,
2025-12-02,4.09,4.01,5.62,1.76,16.59,121.1467,0.58,0.32,
2025-12-03,4.06,3.95,2.514,1.77,16.08,120.7336,0.57,0.34,6535781.0
2025-12-04,4.11,3.92,2.233,1.76,15.78,120.6766,0.59,0.4,
2025-12-05,4.14,3.93,1.485,1.74,15.41,120.6863,0.58,0.43,
2025-12-08,4.17,3.95,1.703,1.73,16.66,120.776,0.6,0.44,
2025-12-09,4.18,3.93,3.211,1.73,16.93,120.6832,0.57,0.45,
2025-12-10,4.13,3.9,5.045,1.76,15.77,120.6752,0.59,0.44,6539303.0
2025-12-11,4.14,3.66,2.874,1.73,14.85,119.98,0.62,0.48,
2025-12-12,4.19,3.67,0.838,1.76,15.74,120.1442,0.67,0.56,
2025-12-15,4.18,3.75,2.601,1.77,16.5,119.9561,0.67,0.53,
2025-12-16,4.15,3.69,1.554,1.78,16.48,119.8902,0.67,0.51,
2025-12-17,4.16,3.69,10.361,1.78,17.62,120.155,0.67,0.52,6556861.0
2025-12-18,4.12,3.66,11.708,1.78,16.87,120.0528,0.66,0.5,
2025-12-19,4.16,3.66,3.047,1.76,14.91,120.1652,0.68,0.54,
2025-12-22,4.17,3.68,1.523,1.76,14.08,119.9912,0.73,0.53,
2025-12-23,4.18,3.66,5.893,1.74,14.0,119.7057,0.7,0.53,
2025-12-24,4.15,3.66,4.803,1.73,13.47,119.4372,0.68,0.46,6581231.0
2025-12-25,,,,,,,,,
2025-12-26,4.14,3.76,20.339,1.75,13.6,119.4723,0.68,0.5,
2025-12-29,4.12,3.77,10.551,1.76,14.2,119.5899,0.67,0.44,
2025-12-30,4.14,3.71,12.605,1.75,14.33,119.4939,0.69,0.49,
2025-12-31,4.18,3.87,105.993,1.72,14.95,119.7456,0.71,0.51,6640618.0
2026-01-01,,,,,,,,,
2026-01-02,4.19,3.75,5.667,1.74,14.51,119.6059,0.72,0.54,
2026-01-05,4.17,3.7,6.485,1.75,14.9,119.6192,0.71,0.53,
2026-01-06,4.18,3.66,2.582,1.74,14.75,119.7807,0.71,0.55,
2026-01-07,4.15,3.65,4.582,1.73,15.38,119.8719,0.68,0.53,6573602.0
2026-01-08,4.19,3.64,3.083,1.73,15.45,120.0904,0.7,0.57,
2026-01-09,4.18,3.64,3.28,1.7,14.49,120.2215,0.64,0.56,
2026-01-12,4.19,3.64,3.402,1.7,15.12,119.9958,0.65,0.52,
2026-01-13,4.18,3.65,3.277,1.69,15.98,120.1401,0.65,0.51,
2026-01-14,4.15,3.64,3.223,1.68,16.75,119.9537,0.64,0.48,6581700.0
2026-01-15,4.17,3.66,2.003,1.65,15.84,119.9951,0.61,0.49,
2026-01-16,4.24,3.65,1.222,1.63,15.86,120.0838,0.65,0.57,
2026-01-19,,,,,18.84,,,,
2026-01-20,4.3,3.64,3.506,1.65,20.09,119.4455,0.7,0.6,
2026-01-21,4.26,3.63,3.344,1.62,16.9,119.3431,0.66,0.56,6584580.0
2026-01-22,4.26,3.64,2.058,1.59,15.64,119.1962,0.65,0.55,
2026-01-23,4.24,3.65,0.927,1.61,16.09,118.8976,0.64,0.54,
2026-01-26,4.22,3.66,1.489,1.61,16.15,118.0525,0.66,0.55,
2026-01-27,4.24,3.66,1.253,1.61,16.35,117.4523,0.71,0.57,
2026-01-28,4.26,3.64,1.103,1.62,16.35,117.5117,0.7,0.58,6587568.0
2026-01-29,4.24,3.65,2.852,1.63,16.88,117.4396,0.71,0.57,
2026-01-30,4.26,3.68,9.629,1.62,17.44,117.8996,0.74,0.59,
2026-02-02,4.29,3.69,10.415,1.61,16.34,118.3609,0.72,0.6,
2026-02-03,4.28,3.69,1.785,1.63,18.0,117.9764,0.71,0.59,
2026-02-04,4.29,3.65,2.414,1.64,18.64,118.2602,0.72,0.6,6605909.0
2026-02-05,4.21,3.65,1.748,1.67,21.77,118.5034,0.74,0.54,
2026-02-06,4.22,3.64,3.111,1.65,17.76,118.2407,0.72,0.54,
2026-02-09,4.22,3.63,1.306,1.64,17.36,117.6392,0.74,0.53,
2026-02-10,4.16,3.65,1.447,1.66,17.79,117.5216,0.71,0.47,
2026-02-11,4.18,3.65,1.048,1.67,17.65,117.4601,0.66,0.48,6622382.0
2026-02-12,4.09,3.65,2.844,1.68,20.82,117.5376,0.62,0.39,
2026-02-13,4.04,3.66,0.377,1.72,20.6,117.5258,0.64,0.36,
2026-02-16,,,,,21.2,,,,
2026-02-17,4.05,3.71,0.441,1.7,20.29,117.7375,0.62,0.36,
2026-02-18,4.09,3.73,0.856,1.67,19.62,117.8426,0.62,0.39,6613395.0
2026-02-19,4.08,3.67,0.632,1.68,20.23,118.2354,0.61,0.39,
2026-02-20,4.08,3.66,0.496,1.69,19.09,117.9917,0.6,0.39,
2026-02-23,4.03,3.66,0.877,1.73,21.01,117.9395,0.6,0.34,
2026-02-24,4.04,3.67,0.917,1.73,19.55,117.9463,0.61,0.35,
2026-02-25,4.05,3.67,1.159,1.73,17.93,117.769,0.6,0.36,6613797.0
2026-02-26,4.02,3.67,3.796,1.75,18.63,117.9042,0.6,0.34,
2026-02-27,3.97,3.68,16.318,1.8,19.86,117.8223,0.59,0.3,
2026-03-02,4.05,3.71,0.627,1.78,21.44,118.667,0.58,0.33,
2026-03-03,4.06,3.7,1.203,1.78,23.57,119.4341,0.55,0.35,
2026-03-04,4.09,3.67,0.877,1.74,21.15,119.0705,0.55,0.38,6628894.0
2026-03-05,4.13,3.66,2.793,1.76,23.75,119.5683,0.56,0.43,
2026-03-06,4.15,3.65,1.512,1.75,29.49,119.491,0.59,0.46,
2026-03-09,4.12,3.65,0.332,1.78,25.5,119.5151,0.56,0.41,
2026-03-10,4.15,3.64,0.278,1.77,24.93,118.7255,0.58,0.44,
2026-03-11,4.21,3.64,0.552,1.84,24.23,119.2885,0.57,0.5,6646344.0
2026-03-12,4.27,3.65,0.137,1.84,27.29,119.8227,0.51,0.55,
2026-03-13,4.28,3.65,0.427,1.83,27.19,120.5518,0.55,0.56,
2026-03-16,4.23,3.7,0.582,1.85,23.51,120.097,0.55,0.51,
2026-03-17,4.2,3.65,0.797,1.85,22.37,119.8328,0.52,0.48,
2026-03-18,4.26,3.62,0.698,1.81,25.09,119.9276,0.5,0.53,6655939.0
2026-03-19,4.25,3.62,0.637,1.81,24.06,120.1802,0.46,0.52,
2026-03-20,4.39,3.62,0.822,1.79,26.78,120.2757,0.51,0.65,
2026-03-23,4.34,3.62,0.857,1.79,26.15,119.9371,0.51,0.6,
2026-03-24,4.39,3.63,1.123,1.75,26.95,120.1295,0.49,0.65,
2026-03-25,4.33,3.64,0.777,1.76,25.33,120.1282,0.49,0.6,6657161.0
2026-03-26,4.42,3.65,0.885,1.73,27.44,120.389,0.46,0.69,
2026-03-27,4.44,3.63,0.992,1.78,31.05,120.8851,0.56,0.71,
2026-03-30,4.35,3.63,0.752,1.79,30.61,121.2851,0.53,0.64,
2026-03-31,4.3,3.68,15.782,1.79,25.25,121.035,0.51,0.6,
2026-04-01,4.33,3.65,2.107,1.75,24.54,120.1198,0.52,0.63,6675344.0
2026-04-02,4.31,3.66,0.327,1.74,23.87,120.503,0.52,0.61,
2026-04-03,4.35,,,,,120.6565,0.51,0.64,
2026-04-06,4.34,3.65,0.227,1.7,24.17,120.4302,0.5,0.62,
2026-04-07,4.33,3.62,15.345,1.75,25.78,120.32,0.52,0.62,
2026-04-08,4.29,3.59,0.177,1.73,21.04,119.0596,0.5,0.6,6693871.0
2026-04-09,4.29,3.57,0.402,1.73,19.49,118.8998,0.51,0.61,
2026-04-10,4.31,3.61,0.507,1.72,19.23,118.8552,0.5,0.62,
2026-04-13,4.3,3.63,0.227,1.72,19.12,118.9916,0.52,0.59,
2026-04-14,4.26,3.66,0.306,1.7,18.36,118.3581,0.5,0.55,
2026-04-15,4.29,3.72,0.223,1.69,18.17,118.3623,0.53,0.58,6705696.0
2026-04-16,4.32,3.67,0.158,1.71,17.94,118.3616,0.54,0.62,
2026-04-17,4.26,3.65,0.137,1.72,17.48,118.0795,0.55,0.56,
2026-04-20,4.26,3.63,0.503,1.72,18.87,118.2374,0.54,0.55,
2026-04-21,4.3,3.63,0.807,1.7,19.5,118.4331,0.52,0.61,
2026-04-22,4.3,3.64,0.538,1.69,18.92,118.6004,0.51,0.61,6707419.0
2026-04-23,4.34,3.65,0.114,1.68,19.31,118.7155,0.51,0.65,
2026-04-24,4.31,3.66,0.082,1.7,18.71,118.7294,0.53,0.62,
2026-04-27,4.35,3.66,0.363,1.7,18.02,118.5458,0.57,0.67,
2026-04-28,4.36,3.64,0.643,1.7,17.83,118.7717,0.52,0.68,
2026-04-29,4.42,3.63,0.747,1.69,18.81,119.0975,0.5,0.74,6699950.0
2026-04-30,4.4,3.66,8.261,1.7,16.89,118.671,0.52,0.72,
2026-05-01,4.39,3.64,0.607,1.69,16.99,118.3926,0.51,0.71,
2026-05-04,4.45,3.63,0.618,1.69,18.29,118.8264,0.5,0.75,
2026-05-05,4.43,3.62,1.122,1.65,17.38,118.6207,0.5,0.74,
2026-05-06,4.36,3.61,1.633,1.66,17.39,118.0982,0.49,0.67,6709505.0
2026-05-07,4.41,3.6,0.773,1.65,17.08,118.0116,0.49,0.72,
2026-05-08,4.38,3.6,0.787,1.65,17.19,118.0392,0.48,0.69,
2026-05-11,4.42,3.6,1.133,1.65,18.38,118.0562,0.47,0.72,
2026-05-12,4.46,3.6,1.199,1.66,17.99,118.5238,0.46,0.76,
2026-05-13,4.46,3.59,3.719,1.66,17.87,118.4737,0.48,0.77,6728502.0
2026-05-14,4.47,3.56,2.034,1.62,17.26,118.6696,0.47,0.78,
2026-05-15,4.59,3.55,0.647,1.62,18.43,119.2825,0.5,0.9,
2026-05-18,4.61,3.53,7.193,1.59,17.82,119.0574,0.54,0.93,
2026-05-19,4.67,3.51,12.911,1.57,18.06,119.451,0.54,1.0,
2026-05-20,4.57,3.5,24.867,1.59,17.44,119.1624,0.53,0.92,6713643.0
2026-05-21,4.57,3.51,3.281,1.59,16.76,119.369,0.49,0.89,
2026-05-22,4.56,3.55,0.965,1.57,16.7,119.2868,0.43,0.88,
2026-05-25,,,,,16.59,,,,
2026-05-26,4.5,3.63,1.787,1.56,17.01,119.1696,0.49,0.82,
2026-05-27,4.48,3.63,1.853,1.57,16.29,119.1829,0.48,0.8,6704383.0
2026-05-28,4.45,3.62,1.163,1.57,15.74,119.0318,0.46,0.76,
2026-05-29,4.45,3.63,11.677,1.57,15.32,118.8783,0.47,0.76,
2026-06-01,4.47,3.65,1.302,1.54,16.05,119.1653,0.42,0.69,
2026-06-02,4.46,3.63,2.502,1.54,15.77,119.0359,0.41,0.69,
2026-06-03,4.49,3.61,2.062,1.54,16.06,119.3848,0.41,0.71,6711495.0
2026-06-04,4.47,3.62,1.122,1.54,15.4,119.3615,0.42,0.69,
2026-06-05,4.55,3.63,0.761,1.51,21.51,120.0831,0.38,0.77,
2026-06-08,4.56,3.63,1.832,1.52,18.92,120.034,0.41,0.76,
2026-06-09,4.53,3.6,0.577,1.53,19.87,119.9617,0.4,0.74,
2026-06-10,4.55,3.59,0.387,1.53,22.22,119.9134,0.42,0.76,6725397.0
2026-06-11,4.45,3.6,0.46,1.55,19.44,120.1174,0.4,0.67,
2026-06-12,4.48,3.65,0.454,1.53,17.68,119.5073,0.39,0.7,
2026-06-15,4.47,3.69,0.581,1.53,16.2,119.3158,0.4,0.68,
2026-06-16,4.43,3.63,10.721,1.55,16.41,119.256,0.38,0.64,
2026-06-17,4.49,3.63,6.828,1.5,18.44,119.3871,0.29,0.66,6736424.0
2026-06-18,4.46,3.62,0.251,1.51,16.4,120.3958,0.27,0.63,
2026-06-19,,,,,16.78,,,,
2026-06-22,4.51,3.61,3.925,1.51,17.28,120.5463,0.27,0.66,
2026-06-23,4.5,3.62,6.484,1.51,19.49,121.0552,0.34,0.65,
2026-06-24,4.41,3.62,4.534,1.52,18.63,121.412,0.3,0.56,6735645.0
2026-06-25,4.4,3.64,5.718,1.54,18.89,121.0559,0.31,0.56,
2026-06-26,4.38,3.62,6.426,1.56,18.41,120.8866,0.31,0.55,
2026-06-29,4.38,3.62,3.546,1.55,17.65,120.9525,0.28,0.51,
2026-06-30,4.44,3.68,26.9,1.53,16.45,120.9248,0.3,0.57,
2026-07-01,4.48,3.66,1.001,1.54,16.59,121.1455,0.31,0.63,6724564.0
2026-07-02,4.49,3.64,2.175,1.54,16.15,120.6902,0.35,0.67,
2026-07-03,,,,,15.81,,,,
2026-07-06,4.48,3.63,2.719,1.56,15.57,120.835,0.35,0.61,
2026-07-07,4.55,3.62,4.484,1.55,16.13,120.8145,0.36,0.69,
2026-07-08,4.56,3.58,3.347,1.56,16.9,121.1307,0.35,0.69,6735609.0
2026-07-09,4.54,3.53,5.772,1.56,15.84,120.753,0.38,0.71,
2026-07-10,4.56,3.55,0.545,1.58,15.03,120.5046,0.35,0.71,
2026-07-13,4.62,3.6,0.795,1.56,17.16,120.7413,0.36,0.73,
2026-07-14,4.58,3.63,0.278,1.6,16.5,120.4728,0.4,0.74,
2026-07-15,4.55,3.64,0.151,1.6,15.67,120.3088,0.42,0.72,6743028.0
2026-07-16,4.57,3.62,0.125,1.59,16.73,120.331,0.41,0.73,
2026-07-17,4.55,3.59,0.1,1.59,18.77,120.5315,0.37,0.7,
2026-07-20,4.6,3.57,0.03,1.61,18.65,120.5401,0.39,0.74,
2026-07-21,4.63,3.61,0.275,1.6,17.05,120.5779,0.37,0.76,
2026-07-22,4.67,3.62,0.376,1.58,16.64,120.5736,0.36,0.78,6747378.0
2026-07-23,4.71,3.64,0.904,1.58,18.7,120.9075,0.34,0.76,
2026-07-24,4.69,3.64,0.675,1.59,18.58,120.7105,0.36,0.73,
2026-07-27,4.65,3.64,1.38,1.61,18.67,,0.34,0.69,
2026-07-28,4.61,3.65,1.126,1.62,18.21,,0.35,0.71,
2026-07-29,4.67,3.65,2.576,1.6,20.66,,0.45,0.84,6738190.0
2026-07-30,4.68,3.65,1.076,1.64,17.09,,0.45,0.86,
2026-07-31,,,2.151,,,,0.47,0.92,
