observation_date,fwd_vol_bp,pred_logvol,pred_vol_bp,naive_vol_bp
2018-05-15,5.102287068887247,,,3.0760209300174486
2018-05-16,5.08826848647719,,,3.0355041944109313
2018-05-17,5.048809383456349,,,2.920371796291024
2018-05-18,4.986171353042879,,,3.071373199943955
2018-05-21,5.0938805490136625,,,2.976895154671289
2018-05-22,5.117663157191657,,,2.9576374097613263
2018-05-23,5.026122239053229,,,3.153984630212979
2018-05-24,5.026122239053229,,,3.144912747673113
2018-05-25,4.928536921894455,,,3.2608792270389273
2018-05-29,3.5657097069568575,,,4.678725915297548
2018-05-30,3.2249030993195222,,,4.986171353042876
2018-05-31,3.223426157131082,,,4.95311349893519
2018-06-01,2.96487372251785,,,5.162133187706389
2018-06-04,2.839349355381518,,,5.253570214625541
2018-06-05,2.83683257306802,,,5.2657925736371425
2018-06-06,2.5718253662110064,,,5.384280471007881
2018-06-07,2.652043237455602,,,5.437086054303852
2018-06-08,2.66726183834403,,,5.388258840602779
2018-06-11,2.5810665938532913,,,5.398853493809563
2018-06-12,2.5810665938532913,,,5.398853493809563
2018-06-13,2.532644016494696,,,5.374986157235837
2018-06-14,2.4813590746088168,,,5.102287068887247
2018-06-15,2.496664441476667,,,5.088268486477191
2018-06-18,2.542027687084746,,,5.048809383456349
2018-06-19,2.60585421512349,,,4.986171353042879
2018-06-20,2.6947921556041092,,,5.0938805490136625
2018-06-21,3.035504194410933,,,5.117663157191656
2018-06-22,3.0480282463384167,,,5.026122239053228
2018-06-25,2.9720924166879454,,,5.026122239053228
2018-06-26,3.076020930017451,,,4.928536921894455
2018-06-27,2.871866822751312,,,3.5657097069568575
2018-06-28,2.886751345948245,,,3.2249030993195222
2018-06-29,2.9431114083407435,,,3.2234261571310823
2018-07-02,3.0245031075566313,,,2.96487372251785
2018-07-03,2.9007388221427974,,,2.839349355381518
2018-07-05,3.0102997794082613,,,2.83683257306802
2018-07-06,2.976095236571492,,,2.5718253662110064
2018-07-09,2.976095236571492,,,2.652043237455602
2018-07-10,3.0260771399856163,,,2.66726183834403
2018-07-11,3.0736979434582885,,,2.5810665938532913
2018-07-12,3.374977954072717,,,2.5810665938532913
2018-07-13,3.345216912320763,,,2.532644016494696
2018-07-16,3.3259441910389045,,,2.4813590746088168
2018-07-17,3.3911649915627344,,,2.496664441476667
2018-07-18,3.3686227226597714,,,2.542027687084746
2018-07-19,3.244776021325988,,,2.60585421512349
2018-07-20,3.230067078766944,,,2.6947921556041092
2018-07-23,2.874352929253029,,,3.035504194410933
2018-07-24,2.923631140828091,,,3.048028246338417
2018-07-25,2.925259451252755,,,2.972092416687945
2018-07-26,2.736873433404787,,,3.076020930017451
2018-07-27,2.8393493553815254,,,2.871866822751312
2018-07-30,2.891695828040265,,,2.8867513459482446
2018-07-31,2.8867513459482526,,,2.9431114083407435
2018-08-01,2.7628487713470777,,,3.0245031075566313
2018-08-02,2.749025801469237,,,2.900738822142797
2018-08-03,2.8619008002509303,,,3.0102997794082613
2018-08-06,2.8569047519834267,,,2.976095236571492
2018-08-07,2.7132830228167286,,,2.976095236571492
2018-08-08,3.0315798175995488,,,3.0260771399856163
2018-08-09,2.957637409761341,,,3.073697943458289
2018-08-10,2.731648725935581,,,3.374977954072717
2018-08-13,2.7490258014692364,,,3.345216912320763
2018-08-14,2.747293039997693,,,3.325944191038905
2018-08-15,2.6547352123365813,,,3.391164991562735
2018-08-16,2.6565283467607803,,,3.3686227226597714
2018-08-17,2.903200204700343,,,3.2447760213259884
2018-08-20,2.60585421512349,,,3.230067078766944
2018-08-21,2.616795568557032,,,2.874352929253029
2018-08-22,2.4620935729385716,,,2.9236311408280913
2018-08-23,2.44754493124781,,,2.925259451252755
2018-08-24,2.435843454192816,,,2.736873433404787
2018-08-27,2.664582518894969,,,2.8393493553815254
2018-08-28,2.6322179675270228,,,2.891695828040265
2018-08-29,2.6627948081812196,,,2.8867513459482526
2018-08-30,2.6058542151234874,,,2.7628487713470777
2018-08-31,2.826743035805846,,,2.749025801469237
2018-09-04,3.400280100507225,,,2.8619008002509303
2018-09-05,3.4420370491352514,,,2.8569047519834263
2018-09-06,3.3960761671867714,,,2.7132830228167286
2018-09-07,3.333809489800876,,,3.0315798175995488
2018-09-10,3.321646178227596,,,2.9576374097613414
2018-09-11,3.8328157000404888,,,2.731648725935581
2018-09-12,3.8116363190330875,,,2.749025801469236
2018-09-13,3.806635810066004,,,2.7472930399976927
2018-09-14,3.8028811133015235,,,2.6547352123365813
2018-09-17,3.8272207994339333,,,2.6565283467607803
2018-09-18,3.6955571781726704,,,2.9032002047003433
2018-09-19,3.6955571781726704,,,2.60585421512349
2018-09-20,3.6807090414239125,,,2.616795568557032
2018-09-21,3.7632306283173054,,,2.4620935729385716
2018-09-24,4.097618355883925,,,2.44754493124781
2018-09-25,4.166761903673577,,,2.435843454192816
2018-09-26,4.288411849446935,,,2.664582518894969
2018-09-27,4.288411849446935,,,2.6322179675270228
2018-09-28,4.362720863559119,,,2.6627948081812196
2018-10-01,4.326001122779142,,,2.6058542151234874
2018-10-02,4.225771273642663,,,2.826743035805846
2018-10-03,4.016632088371302,,,3.400280100507225
2018-10-04,3.955707148869811,,,3.4420370491352514
2018-10-05,3.8791260675079546,,,3.3960761671867714
2018-10-09,3.8532608330633065,,,3.3338094898008763
2018-10-10,3.8717536324612483,,,3.3216461782275957
2018-10-11,3.6042303187333733,,,3.832815700040489
2018-10-12,3.7746018396143097,,,3.811636319033088
2018-10-15,3.7897103796867437,,,3.806635810066004
2018-10-16,3.7934781125606714,,,3.802881113301523
2018-10-17,3.763230628317304,,,3.8272207994339333
2018-10-18,3.763230628317304,,,3.6955571781726704
2018-10-19,3.678767909685798,,,3.6955571781726704
2018-10-22,3.678767909685798,,,3.6807090414239125
2018-10-23,3.6410359593312904,,,3.763230628317306
2018-10-24,3.365794323569417,,,4.097618355883925
2018-10-25,3.2322776872694163,,,4.166761903673577
2018-10-26,2.964873722517852,,,4.288411849446935
2018-10-29,3.031579817599542,,,4.288411849446935
2018-10-30,2.8916958280402603,,,4.362720863559119
2018-10-31,2.821684738220316,,,4.326001122779143
2018-11-01,3.1289736640753105,,,4.225771273642663
2018-11-02,2.3944379994758727,,,4.016632088371302
2018-11-05,2.3944379994758727,,,3.955707148869811
2018-11-06,2.27826165979171,,,3.879126067507955
2018-11-07,2.5801439605462995,,,3.8532608330633065
2018-11-08,2.5801439605462995,,,3.8717536324612487
2018-11-09,2.476556749467697,,,3.6042303187333733
2018-11-13,2.3370718349904096,,,3.7746018396143093
2018-11-14,2.3644187849187954,,,3.789710379686744
2018-11-15,2.4387740870403993,,,3.793478112560672
2018-11-16,2.5420276870847505,,,3.763230628317304
2018-11-19,2.6484496812826928,,,3.763230628317304
2018-11-20,2.6484496812826928,,,3.678767909685798
2018-11-21,2.749891772762237,,,3.678767909685798
2018-11-23,3.3209293019533086,,,3.6410359593312904
2018-11-26,3.295017884191757,,,3.365794323569417
2018-11-27,3.383433026915075,,,3.2322776872694163
2018-11-28,3.3749779540727163,,,2.964873722517852
2018-11-29,3.374977954072715,,,3.031579817599542
2018-11-30,3.8247315498701475,,,2.8916958280402603
2018-12-03,4.770943802006623,,,2.8216847382203154
2018-12-04,4.690415759823501,,,3.128973664075311
2018-12-06,4.715223571935268,,,2.3944379994758727
2018-12-07,4.718252299517843,,,2.3944379994758727
2018-12-10,4.718252299517843,,,2.27826165979171
2018-12-11,4.629100498862829,,,2.5801439605462995
2018-12-12,4.587768416956082,,,2.5801439605462995
2018-12-13,4.603311437484635,,,2.476556749467697
2018-12-14,4.614160399300923,,,2.3370718349904096
2018-12-17,4.621894066495403,,,2.3644187849187954
2018-12-18,4.650652795960163,,,2.4387740870403993
2018-12-19,4.650652795960163,,,2.5420276870847505
2018-12-20,4.650652795960162,,,2.6484496812826928
2018-12-21,4.725815626252675,,,2.6484496812826928
2018-12-24,4.68940040841863,,,2.749891772762237
2018-12-26,4.417497675640175,,,3.3209293019533086
2018-12-27,4.380693574136043,,,3.295017884191757
2018-12-28,4.265029447785422,,,3.383433026915075
2018-12-31,4.484895284651177,,,3.3749779540727163
2019-01-02,4.707643227975696,,,3.374977954072715
2019-01-03,4.1184833084407915,,,3.824731549870147
2019-01-04,3.4295633485774,,,4.770943802006623
2019-01-07,3.376388603226925,,,4.690415759823501
2019-01-08,3.470968027455703,,,4.715223571935268
2019-01-09,3.473025303954097,,,4.718252299517842
2019-01-10,3.5152727998184634,,,4.718252299517842
2019-01-11,3.539572209825943,,,4.629100498862829
2019-01-14,3.605551275464083,,,4.587768416956082
2019-01-15,3.7568984168175725,,,4.603311437484635
2019-01-16,3.746109092556436,,,4.614160399300923
2019-01-17,3.7097041340119614,,,4.621894066495403
2019-01-18,3.568379650952797,,,4.650652795960163
2019-01-22,3.5623694629385185,,,4.650652795960163
2019-01-23,3.6141257258022246,,,4.650652795960162
2019-01-24,3.562369462938522,,,4.725815626252675
2019-01-25,3.4723396805530964,,,4.68940040841863
2019-01-28,3.676178139629039,,,4.417497675640175
2019-01-29,3.734651127966274,,,4.380693574136043
2019-01-30,3.7568984168175774,,,4.265029447785422
2019-01-31,3.515272799818461,,,4.484895284651177
2019-02-01,3.1765509897492343,,,4.707643227975697
2019-02-04,3.172050561057536,,,4.1184833084407915
2019-02-05,3.321646178227596,,,3.4295633485773998
2019-02-06,3.338805032885225,,,3.376388603226925
2019-02-07,3.201190254830177,,,3.470968027455703
2019-02-08,3.2389004601063065,,,3.473025303954097
2019-02-11,3.203420790640127,,,3.5152727998184634
2019-02-12,3.1607714549579247,,,3.539572209825943
2019-02-13,3.1712998686884712,,,3.605551275464083
2019-02-14,3.0189875313234373,,,3.756898416817573
2019-02-15,3.031579817599539,,,3.7461090925564355
2019-02-19,3.3707424644884125,,,3.7097041340119614
2019-02-20,3.3707424644884125,,,3.568379650952797
2019-02-21,3.7897103796867424,,,3.562369462938518
2019-02-22,3.7346511279662677,,,3.6141257258022246
2019-02-25,3.672938359199193,,,3.562369462938522
2019-02-26,3.6553939270488254,,,3.4723396805530964
2019-02-27,3.384840152376998,,,3.6761781396290396
2019-02-28,3.2499084236183404,,,3.734651127966274
2019-03-01,3.7435659089010853,,,3.756898416817577
2019-03-04,3.691689508690043,,,3.515272799818461
2019-03-05,3.8532608330633096,,,3.1765509897492348
2019-03-06,3.824731549870151,,,3.1720505610575365
2019-03-07,3.7058512292500403,,,3.3216461782275957
2019-03-08,3.7365632286775856,,,3.338805032885225
2019-03-11,3.6942684049240047,,,3.201190254830177
2019-03-12,3.6942684049240038,,,3.2389004601063065
2019-03-13,3.7764937126791893,,,3.203420790640127
2019-03-14,3.9285281382897117,,,3.1607714549579247
2019-03-15,3.8421224293228162,,,3.1712998686884717
2019-03-18,4.000000000000088,,,3.0189875313234373
2019-03-19,3.9988093466026737,,,3.0315798175995394
2019-03-20,3.7052086889367173,,,3.3707424644884125
2019-03-21,3.7269929152705545,,,3.3707424644884125
2019-03-22,2.9576374097613374,,,3.7897103796867424
2019-03-25,3.1083604620290535,,,3.734651127966268
2019-03-26,3.0573876181504627,,,3.672938359199193
2019-03-27,3.1075943842695395,,,3.6553939270488254
2019-03-28,3.14869587516585,,,3.3848401523769986
2019-03-29,3.234486784932889,,,3.24990842361834
2019-04-01,2.743824234270877,,,3.7435659089010858
2019-04-02,2.7988092706245737,,,3.691689508690043
2019-04-03,2.6815063286289136,,,3.8532608330633096
2019-04-04,2.756809750418177,,,3.8247315498701506
2019-04-05,3.0480282463384265,,,3.7058512292500407
2019-04-08,3.1509635714447954,,,3.736563228677586
2019-04-09,3.2579572916609,,,3.6942684049240047
2019-04-10,3.232277687269422,,,3.694268404924004
2019-04-11,3.487392258107125,,,3.7764937126791898
2019-04-12,3.30655913803671,,,3.928528138289712
2019-04-15,3.4392690253267717,,,3.8421224293228162
2019-04-16,3.293572383843986,,,4.000000000000088
2019-04-17,3.293572383843986,,,3.9988093466026737
2019-04-18,3.345216912320769,,,3.7052086889367177
2019-04-22,3.345216912320769,,,3.7269929152705545
2019-04-23,3.410069123723468,,,2.9576374097613374
2019-04-24,3.694268404924007,,,3.1083604620290535
2019-04-25,3.6942684049240055,,,3.0573876181504627
2019-04-26,3.8290866746399814,,,3.10759438426954
2019-04-29,3.707778182095006,,,3.14869587516585
2019-04-30,3.707778182095005,,,3.2344867849328893
2019-05-01,3.9321628605521237,,,2.7438242342708774
2019-05-02,3.9261031206893233,,,2.7988092706245737
2019-05-03,4.230839160261324,,,2.6815063286289136
2019-05-06,4.246006527146675,,,2.756809750418177
2019-05-07,4.1541717414117105,,,3.0480282463384265
2019-05-08,3.9611205725750063,,,3.150963571444796
2019-05-09,4.284523644134038,,,3.2579572916609
2019-05-10,4.226334672255088,,,3.2322776872694217
2019-05-13,4.039094665180113,,,3.487392258107125
2019-05-14,3.9827006869592267,,,3.30655913803671
2019-05-15,3.902990306589817,,,3.4392690253267717
2019-05-16,3.7897103796867526,,,3.293572383843986
2019-05-17,3.8022549700333883,,,3.293572383843986
2019-05-20,3.7231579018227943,,,3.3452169123207693
2019-05-21,3.619392214170875,,,3.3452169123207693
2019-05-22,3.9827006869592285,,,3.4100691237234675
2019-05-23,3.7878251078448413,,,3.6942684049240064
2019-05-24,3.749920634080874,,,3.6942684049240055
2019-05-28,3.86005181312385,,,3.829086674639981
2019-05-29,3.9151719538957863,,,3.7077781820950055
2019-05-30,3.8919942250239496,,,3.7077781820950046
2019-05-31,3.6416898223085212,,,3.9321628605521237
2019-06-03,3.4867094598121504,,,3.9261031206893238
2019-06-04,3.2696293659185383,,,4.230839160261324
2019-06-05,3.787825107844833,,,4.246006527146675
2019-06-06,3.799122705748526,,,4.1541717414117105
2019-06-07,3.7802746183943903,,,3.9611205725750067
2019-06-10,3.5139179056460197,,,4.284523644134038
2019-06-11,3.7802746183943903,,,4.226334672255088
2019-06-12,3.7613320841983233,,,4.039094665180113
2019-06-13,3.761332084198325,,,3.982700686959227
2019-06-14,3.8551141049138127,,,3.902990306589817
2019-06-17,4.1627600733854555,,,3.7897103796867526
2019-06-18,4.1340629156408415,,,3.802254970033388
2019-06-19,4.085397923149817,,,3.7231579018227943
2019-06-20,4.057327292923929,,,3.6193922141708748
2019-06-21,3.8919942250239408,,,3.982700686959229
2019-06-24,3.7853099514533946,,,3.7878251078448413
2019-06-25,3.8010023740613113,,,3.7499206340808735
2019-06-26,3.6508316078082976,,,3.8600518131238495
2019-06-27,3.56236946293852,,,3.9151719538957868
2019-06-28,3.5516595718461534,,,3.8919942250239496
2019-07-01,3.6121488130501698,,,3.6416898223085212
2019-07-02,4.34138446208347,,,3.4867094598121504
2019-07-03,4.400216444892852,,,3.2696293659185383
2019-07-05,4.521904360733405,,,3.787825107844833
2019-07-08,4.490200971215599,,,3.7991227057485264
2019-07-09,4.417497675640188,,,3.7802746183943903
2019-07-10,4.442221666388799,,,3.5139179056460197
2019-07-11,4.174754056057934,,,3.7802746183943903
2019-07-12,4.448648805027988,,,3.7613320841983233
2019-07-15,4.587768416956091,,,3.761332084198325
2019-07-16,4.621378891320599,,,3.855114104913813
2019-07-17,4.6213788913205995,,,4.1627600733854555
2019-07-18,4.778423728943896,,,4.1340629156408415
2019-07-19,4.9928520335147315,,,4.085397923149817
2019-07-22,5.004759639345312,,,4.057327292923929
2019-07-23,5.062937223917959,,,3.891994225023941
2019-07-24,5.191109616220775,,,3.785309951453395
2019-07-25,5.332291564921603,,,3.8010023740613117
2019-07-26,5.399735443254939,,,3.650831607808297
2019-07-29,5.423493865976662,,,3.56236946293852
2019-07-30,5.390909455917946,,,3.5516595718461534
2019-07-31,5.528282261417693,,,3.6121488130501698
2019-08-01,5.09808554169866,,,4.34138446208347
2019-08-02,5.082181758710738,,,4.400216444892852
2019-08-05,4.640402281412039,,,4.521904360733405
2019-08-06,5.252663723338561,,,4.490200971215599
2019-08-07,5.252663723338561,,,4.417497675640188
2019-08-08,5.581858369498779,,,4.442221666388799
2019-08-09,5.932156116495663,,,4.174754056057934
2019-08-12,5.600170065444928,,,4.448648805027988
2019-08-13,5.626891216462733,,,4.58776841695609
2019-08-14,5.626891216462732,,,4.621378891320598
2019-08-15,5.555349202516924,,,4.6213788913205995
2019-08-16,5.629429472910808,,,4.778423728943896
2019-08-19,5.58100520046521,,,4.9928520335147315
2019-08-20,5.434019822246888,,,5.004759639345311
2019-08-21,5.551061674516541,,,5.062937223917959
2019-08-22,5.555349202516925,,,5.191109616220775
2019-08-23,5.381184150086626,,,5.332291564921603
2019-08-26,5.682470958172762,,,5.399735443254939
2019-08-27,5.594640292279806,,,5.423493865976662
2019-08-28,5.572039038594374,,,5.390909455917946
2019-08-29,5.570329561935461,,,5.528282261417693
2019-08-30,5.631543812693495,,,5.09808554169866
2019-09-03,5.713809503966659,,,5.082181758710738
2019-09-04,5.893499243516877,,,4.640402281412039
2019-09-05,5.4763561051557685,,,5.252663723338561
2019-09-06,5.536029176911888,,,5.252663723338561
2019-09-09,5.239956379316868,,,5.58185836949878
2019-09-10,4.94445336186112,,,5.932156116495662
2019-09-11,5.239047532483334,,,5.600170065444928
2019-09-12,5.552348280554102,,,5.626891216462733
2019-09-13,4.944453361861121,,,5.626891216462732
2019-09-16,4.801785382245186,,,5.555349202516924
2019-09-17,4.773937179150653,,,5.629429472910808
2019-09-18,4.770943802006628,,,5.581005200465211
2019-09-19,4.852588901567877,,,5.434019822246888
2019-09-20,4.739399198411698,,,5.551061674516542
2019-09-23,4.721279084154725,,,5.555349202516925
2019-09-24,4.329852081494208,,,5.381184150086626
2019-09-25,3.928528138289709,,,5.682470958172763
2019-09-26,3.9767179575985,,,5.594640292279806
2019-09-27,3.9767179575985,,,5.572039038594374
2019-09-30,4.226334672255079,,,5.570329561935461
2019-10-01,4.654235142524006,,,5.631543812693495
2019-10-02,4.565919299288999,,,5.713809503966659
2019-10-03,4.445436397239921,,,5.893499243516876
2019-10-04,4.554955438598684,,,5.476356105155769
2019-10-07,4.739399198411698,,,5.536029176911887
2019-10-08,5.134384555319696,,,5.239956379316869
2019-10-09,5.0826502273257015,,,4.94445336186112
2019-10-10,4.925637498020479,,,5.239047532483334
2019-10-11,4.707137437673087,,,5.552348280554101
2019-10-15,4.918381460447825,,,4.944453361861121
2019-10-16,4.9048081366291525,,,4.801785382245186
2019-10-17,4.958878521447856,,,4.773937179150653
2019-10-18,4.982827653910189,,,4.770943802006628
2019-10-21,5.072803301265882,,,4.852588901567877
2019-10-22,5.142724866023823,,,4.739399198411699
2019-10-23,5.138093031466119,,,4.721279084154725
2019-10-24,5.142724866023823,,,4.329852081494208
2019-10-25,5.110213861893298,,,3.9285281382897086
2019-10-28,5.0247008913585836,,,3.9767179575985
2019-10-29,5.0313304119573,,,3.9767179575985
2019-10-30,4.979003533888772,,,4.226334672255079
2019-10-31,5.179630433590038,,,4.654235142524006
2019-11-01,5.221293399331765,,,4.565919299289
2019-11-04,5.093880549013663,,,4.445436397239921
2019-11-05,4.928536921894457,,,4.554955438598684
2019-11-06,4.805255059877351,,,4.739399198411699
2019-11-07,4.1392430870068555,,,5.134384555319696
2019-11-08,4.279519332154773,,,5.0826502273257015
2019-11-12,4.968951216351081,,,4.925637498020479
2019-11-13,5.1975268844217055,,,4.707137437673087
2019-11-14,5.256741703121241,,,4.918381460447825
2019-11-15,5.243136102608521,,,4.9048081366291525
2019-11-18,5.2212933993317625,,,4.958878521447856
2019-11-19,5.191109616220768,,,4.982827653910188
2019-11-20,4.968951216351078,,,5.072803301265882
2019-11-21,4.918381460447823,,,5.142724866023823
2019-11-22,4.984738613771009,,,5.138093031466119
2019-11-25,4.973261840415605,,,5.142724866023823
2019-11-26,4.973261840415605,,,5.110213861893298
2019-11-27,4.9545553834445855,,,5.0247008913585836
2019-11-29,4.963197893831557,,,5.031330411957301
2019-12-02,4.958878521447856,,,4.979003533888772
2019-12-03,4.652700188881688,,,5.179630433590038
2019-12-04,4.534523653252391,,,5.221293399331765
2019-12-05,4.508721706711569,,,5.093880549013664
2019-12-06,4.508721706711569,,,4.928536921894457
2019-12-09,4.526640718068626,,,4.805255059877351
2019-12-10,4.526640718068626,,,4.1392430870068555
2019-12-11,4.337543742060288,,,4.279519332154773
2019-12-12,3.6259645678935866,,,4.968951216351081
2019-12-13,3.244776021325989,,,5.1975268844217055
2019-12-16,2.8544034486420715,,,5.256741703121241
2019-12-17,2.9479613617679745,,,5.243136102608521
2019-12-18,3.103761159196056,,,5.221293399331763
2019-12-19,3.1006911671894097,,,5.191109616220768
2019-12-20,3.135055251279017,,,4.968951216351078
2019-12-23,3.176550989749245,,,4.918381460447823
2019-12-24,3.5982800123975562,,,4.984738613771009
2019-12-26,3.776493712679191,,,4.973261840415605
2019-12-27,3.8643671323172737,,,4.973261840415605
2019-12-30,3.8022549700333825,,,4.9545553834445855
2019-12-31,3.8272207994339387,,,4.963197893831556
2020-01-02,3.943046924349208,,,4.958878521447856
2020-01-03,4.0853979231498245,,,4.652700188881688
2020-01-06,4.267819784654269,,,4.534523653252391
2020-01-07,4.222389303294063,,,4.508721706711568
2020-01-08,4.211096452627751,,,4.508721706711568
2020-01-09,4.224644251013301,,,4.526640718068626
2020-01-10,4.327651953261967,,,4.526640718068626
2020-01-13,4.369264948532749,,,4.337543742060288
2020-01-14,4.347413023856911,,,3.6259645678935866
2020-01-15,4.3298520814942085,,,3.244776021325989
2020-01-16,4.3232483378215605,,,2.8544034486420715
2020-01-17,4.246567241117704,,,2.9479613617679745
2020-01-21,4.158181837110648,,,3.103761159196056
2020-01-22,4.285079318041319,,,3.1006911671894097
2020-01-23,4.50713719718919,,,3.1350552512790166
2020-01-24,4.53767299289811,,,3.1765509897492454
2020-01-27,4.2347766568420155,,,3.5982800123975562
2020-01-28,4.0661201818605965,,,3.776493712679191
2020-01-29,5.233591137113879,,,3.864367132317274
2020-01-30,5.233591137113879,,,3.802254970033382
2020-01-31,5.322906474223841,,,3.8272207994339387
2020-02-03,5.211708430246796,,,3.943046924349208
2020-02-04,4.98139395292989,,,4.0853979231498245
2020-02-05,5.563058425688144,,,4.267819784654269
2020-02-06,6.458659745975671,,,4.222389303294063
2020-02-07,8.77767731507714,,,4.211096452627751
2020-02-10,9.042228970884642,,,4.224644251013301
2020-02-11,9.17320113415267,,,4.327651953261967
2020-02-12,9.300025601603307,,,4.369264948532749
2020-02-13,10.052955026354466,,,4.347413023856911
2020-02-14,12.394123031271171,,,4.3298520814942085
2020-02-18,13.041873952407181,,,4.32324833782156
2020-02-19,13.057200166593026,,,4.246567241117704
2020-02-20,13.628227009724052,,,4.158181837110648
2020-02-21,13.915219485632775,,,4.285079318041319
2020-02-24,14.083932080819745,,,4.50713719718919
2020-02-25,14.143145740201229,,,4.53767299289811
2020-02-26,14.147353782514234,,,4.2347766568420155
2020-02-27,14.272017243209769,,,4.0661201818605965
2020-02-28,13.894157730773744,,,5.233591137113879
2020-03-02,13.899297686950838,,,5.233591137113879
2020-03-03,13.899297686950838,,,5.322906474223841
2020-03-04,13.907860059282022,,,5.211708430246796
2020-03-05,13.782494072450877,,,4.98139395292989
2020-03-06,13.30538738005527,,,5.563058425688144
2020-03-09,12.621410380777606,,,6.458659745975671
2020-03-10,11.676798321784089,,,8.777677315077138
2020-03-11,11.625710423760932,,,9.042228970884644
2020-03-12,11.561018244823575,,,9.173201134152672
2020-03-13,11.46423008442225,,,9.30002560160331
2020-03-16,10.879425755153877,,,10.052955026354464
2020-03-17,8.529221479573607,,,12.394123031271173
2020-03-18,7.619836268707192,,,13.041873952407183
2020-03-19,7.578478299324615,,,13.057200166593027
2020-03-20,6.453496652793724,,,13.62822700972405
2020-03-23,5.696281159460072,,,13.915219485632775
2020-03-24,5.347006283003315,,,14.083932080819741
2020-03-25,5.218556633144272,,,14.14314574020123
2020-03-26,5.4488967865501845,,,14.147353782514237
2020-03-27,5.026122239053234,,,14.27201724320977
2020-03-30,5.023279141490553,,,13.894157730773744
2020-03-31,5.0313304119573035,,,13.89929768695084
2020-04-01,4.710676829339592,,,13.89929768695084
2020-04-02,4.70612569398861,,,13.90786005928202
2020-04-03,4.718252299517851,,,13.782494072450877
2020-04-06,4.773937179150654,,,13.30538738005527
2020-04-07,4.832922806867868,,,12.621410380777606
2020-04-08,5.0147401774787665,,,11.676798321784087
2020-04-09,5.029910535983788,,,11.625710423760934
2020-04-13,5.053051883103325,,,11.561018244823574
2020-04-14,5.153362286618667,,,11.46423008442225
2020-04-15,4.301162633521396,,,10.879425755153878
2020-04-16,4.281188086100882,,,8.529221479573607
2020-04-17,4.631157419870301,,,7.619836268707192
2020-04-20,4.6619023298792985,,,7.578478299324615
2020-04-21,4.534523653252396,,,6.453496652793724
2020-04-22,4.414801942383926,,,5.696281159460072
2020-04-23,4.414801942383926,,,5.347006283003315
2020-04-24,4.444900770224635,,,5.218556633144272
2020-04-27,4.188987830922852,,,5.4488967865501845
2020-04-28,4.043218896822151,,,5.026122239053234
2020-04-29,4.2060047777525025,,,5.023279141490552
2020-04-30,4.2060047777525025,,,5.0313304119573035
2020-05-01,4.226334672255079,,,4.710676829339592
2020-05-04,4.641941301612906,,,4.70612569398861
2020-05-05,4.731857583494759,,,4.718252299517851
2020-05-06,4.938671500563372,,,4.773937179150654
2020-05-07,4.490200971215591,,,4.832922806867868
2020-05-08,4.484895284651182,,,5.0147401774787665
2020-05-11,4.887788476445854,,,5.029910535983788
2020-05-12,5.208509520829555,,,5.053051883103324
2020-05-13,5.19935893484322,,,5.153362286618668
2020-05-14,5.191109616220769,,,4.301162633521396
2020-05-15,5.249943310351594,,,4.281188086100882
2020-05-18,4.883402404842319,,,4.631157419870301
2020-05-19,4.883402404842319,,,4.6619023298792985
2020-05-20,4.867286327151598,,,4.534523653252397
2020-05-21,4.8711981512326235,1.49279103302612,4.44949689741519,4.414801942383926
2020-05-22,4.849153092477739,1.4946193113017157,4.457639256911499,4.414801942383926
2020-05-26,4.85798312059652,1.4267102079082732,4.164974728062302,4.444900770224635
2020-05-27,4.85798312059652,1.3705468595968224,3.9375033683164076,4.188987830922852
2020-05-28,4.910629869404375,1.3516490548446582,3.863791884747061,4.043218896822151
2020-05-29,4.790367318653107,1.3932076735045846,4.027749057972321,4.2060047777525025
2020-06-01,4.8062459362792405,1.3471728723670247,3.846535497397381,4.2060047777525025
2020-06-02,4.8319374010452325,1.3561676862938197,3.8812904412605542,4.226334672255079
2020-06-03,4.3768873480069805,1.374598579713515,3.953489393503822,4.641941301612906
2020-06-04,4.212792310050399,1.4573958806214067,4.294760883326832,4.731857583494758
2020-06-05,3.6456105374102865,1.488159993029552,4.428938738887606,4.938671500563372
2020-06-08,3.6878177829172527,1.4820377624638819,4.4019065877321495,4.490200971215591
2020-06-09,3.7346511279662753,1.4651962208421971,4.328392477796353,4.484895284651182
2020-06-10,3.355876154137021,1.4499901681131864,4.263072600915479,4.887788476445854
2020-06-11,2.736873433404787,1.443997881725683,4.237603434480859,5.208509520829554
2020-06-12,2.47943926072404,1.5478380632887774,4.701295284944642,5.19935893484322
2020-06-15,2.4966644414766788,1.5446109001440296,4.686147892767522,5.191109616220769
2020-06-16,2.312491956228124,1.526965854955925,4.604185840049921,5.249943310351594
2020-06-17,2.3794757325733515,1.5270935879863539,4.604773984221848,4.883402404842319
2020-06-18,2.336052836975992,1.5148118879791654,4.548565406532009,4.883402404842319
2020-06-19,2.336052836975992,1.5030937629083863,4.495575823835973,4.867286327151598
2020-06-22,2.315578709935269,1.526057199891721,4.600004123426538,4.8711981512326235
2020-06-23,2.2907682221516374,1.4700764275806506,4.3495675552848985,4.849153092477739
2020-06-24,2.2275333357562768,1.47809469946735,4.38458376768147,4.85798312059652
2020-06-25,2.3482516292523754,1.5059039976204711,4.508227215430724,4.85798312059652
2020-06-26,2.2782616597917174,1.491826905371089,4.445209081738397,4.910629869404375
2020-06-29,2.2834810518781263,1.5111126442805218,4.531770238476477,4.790367318653107
2020-06-30,2.2938842084781617,1.49528238027567,4.460595959340332,4.8062459362792405
2020-07-01,2.152517905461894,1.466369934807789,4.333475755069307,4.8319374010452325
2020-07-02,2.181087540000076,1.4702132651553688,4.35016278028388,4.3768873480069805
2020-07-06,2.271982561972141,1.4230414888287584,4.149722600804064,4.212792310050399
2020-07-07,2.293884208478164,1.4198734604917203,4.13659696418609,3.645610537410286
2020-07-08,2.2264642052239667,1.4210031383700532,4.141272626767156,3.6878177829172527
2020-07-09,2.0470652628768122,1.4105999167884948,4.098413373697909,3.7346511279662753
2020-07-10,1.9784553859732184,1.4127218021495358,4.107118969911297,3.355876154137021
2020-07-13,2.2803508501984338,1.4099728463708896,4.095844185527282,2.736873433404787
2020-07-14,2.512824250576714,1.4167215968887312,4.123579500186482,2.47943926072404
2020-07-15,2.536401650633047,1.3618225296536473,3.903300704382729,2.4966644414766788
2020-07-16,2.4813590746088257,1.308521265546934,3.7006973155190552,2.312491956228124
2020-07-17,2.5080821737887504,1.3327420870966147,3.7914255657666738,2.3794757325733515
2020-07-20,2.5080821737887495,1.2912271161468827,3.6372471430631736,2.336052836975992
2020-07-21,2.4966644414766757,1.2526846085064909,3.4997257507841533,2.336052836975992
2020-07-22,2.586595482574904,1.1933269245563916,3.29803529017062,2.315578709935269
2020-07-23,2.586595482574904,1.1794922532037675,3.2527222242433353,2.2907682221516374
2020-07-24,2.5911938781740016,1.1906391109445185,3.289182688426514,2.2275333357562768
2020-07-27,2.6520432374556107,1.2375855810996288,3.447280230308518,2.3482516292523754
2020-07-28,2.5420276870847536,1.261641393686295,3.5312128435837953,2.2782616597917174
2020-07-29,2.7000881819816342,1.2500313750306087,3.4904524687969185,2.2834810518781263
2020-07-30,2.5671922776599514,1.2614801461461125,3.5306434901035644,2.2938842084781617
2020-07-31,2.63854216602757,1.2505174062854587,3.4921493501255987,2.152517905461894
2020-08-03,2.8385106758903613,1.2438591328893256,3.4689749015348372,2.181087540000076
2020-08-04,2.7080128015454488,1.287075372344369,3.622177529013329,2.271982561972141
2020-08-05,2.765432886117425,1.2870119811792864,3.6219479222372257,2.293884208478164
2020-08-06,3.340943693315626,1.2747766865031216,3.5779023270017474,2.2264642052239667
2020-08-07,3.4288690347027777,1.2857281026245386,3.6173007648046793,2.0470652628768122
2020-08-10,3.4288690347027777,1.31404539269062,3.7211970073316123,1.9784553859732184
2020-08-11,3.355876154137018,1.3111778445910194,3.710541580700673,2.2803508501984338
2020-08-12,3.176550989749244,1.3988624548473987,4.050589616517548,2.512824250576714
2020-08-13,3.1509635714447954,1.3943825005023454,4.0324837469814945,2.536401650633047
2020-08-14,3.1509635714447954,1.4313385461490493,4.184296318805247,2.4813590746088257
2020-08-17,3.130495168499819,1.4124789840317298,4.106121808082796,2.5080821737887504
2020-08-18,3.0968493974484614,1.3782945683612642,3.9681284817085545,2.5080821737887495
2020-08-19,3.0968493974484614,1.3834650301305274,3.988698671181505,2.4966644414766757
2020-08-20,3.054271014263818,1.3857117907466894,3.997670397151882,2.586595482574904
2020-08-21,3.0433377666479062,1.4043143401700044,4.072733274088523,2.586595482574904
2020-08-24,3.037856387088128,1.4411173384781877,4.225414398473024,2.5911938781740016
2020-08-25,2.9138421697952177,1.4055662626158827,4.07783521324014,2.6520432374556107
2020-08-26,2.9203717962910374,1.447066228734833,4.250625840718735,2.5420276870847536
2020-08-27,2.6894857005260406,1.521391357503393,4.578591222657712,2.7000881819816342
2020-08-28,2.6921402355040422,1.6395453147264718,5.152826065380687,2.5671922776599514
2020-08-31,2.7619868624908652,1.6251196588895804,5.079026751521381,2.63854216602757
2020-09-01,2.6267851073128736,1.5370975730539465,4.651071266944553,2.8385106758903613
2020-09-02,2.6195237662417687,1.482106745482377,4.4022102550095275,2.7080128015454488
2020-09-03,3.0189875313234418,1.412586411323032,4.1065629413208455,2.765432886117425
2020-09-04,2.400396792596063,1.4790765564246542,4.388890915914357,3.340943693315626
2020-09-08,2.501428163498516,1.580277451751627,4.856303014114589,3.4288690347027777
2020-09-09,2.5948667274706114,1.5401857032603719,4.665456581045559,3.4288690347027777
2020-09-10,2.4823184247605035,1.5481141976902986,4.702593653558394,3.3558761541370177
2020-09-11,2.74469184669865,1.507118037087878,4.513703704862805,3.1765509897492437
2020-09-14,2.7550818845320917,1.4561442394281596,4.289388746385395,3.150963571444796
2020-09-15,2.7593995205998034,1.4185573474376998,4.131156315961714,3.150963571444796
2020-09-16,2.780887148615356,1.4000168238951132,4.055268191677482,3.1304951684998183
2020-09-17,2.803059552907067,1.3317889418679858,3.7878135082601094,3.0968493974484614
2020-09-18,2.8569047519834245,1.3385929857078176,3.8136738350591086,3.0968493974484614
2020-09-21,2.813234031197266,1.3906617874942016,4.017507909921602,3.054271014263818
2020-09-22,2.896631870030587,1.4538703971063422,4.279646433158804,3.0433377666479062
2020-09-23,2.9600514796039388,1.4756057598351904,4.373684372965949,3.037856387088128
2020-09-24,3.119829055146137,1.5620037656332952,4.768366367504239,2.9138421697952177
2020-09-25,3.1539846302129875,1.5763480103899121,4.837257899022914,2.920371796291037
2020-09-28,3.1554940749656883,1.6806436154568953,5.369010437434534,2.6894857005260406
2020-09-29,3.3452169123207676,1.6794343739120396,5.362521930835356,2.6921402355040422
2020-09-30,3.3452169123207676,1.6473005786712465,5.192942949023859,2.761986862490865
2020-10-01,3.345216912320768,1.6540354847837713,5.2280349703229065,2.6267851073128736
2020-10-02,3.3686227226597745,1.6606220901954143,5.26258362803561,2.6195237662417687
2020-10-05,4.037325847637359,1.7329379901083064,5.657250462132814,3.0189875313234418
2020-10-06,4.016039271293564,1.7857039123685232,5.963776446429337,2.400396792596063
2020-10-07,3.961120572575,1.6871011166740275,5.403793012261304,2.501428163498516
2020-10-08,4.788378789169892,1.7274928151527678,5.6265294601208415,2.5948667274706114
2020-10-09,4.794838494722933,1.6582239945134434,5.249978569070774,2.4823184247605035
2020-10-13,5.208966628164748,1.4954984850636504,4.461560019649664,2.74469184669865
2020-10-14,5.195235912879884,1.4509013039096916,4.2669586090369895,2.7550818845320917
2020-10-15,5.202105800721997,1.383487720215741,3.9887891761210237,2.7593995205998034
2020-10-16,5.297348842761392,1.429064349757308,4.174791219542939,2.7808871486153555
2020-10-19,5.287901735273213,1.444569640610673,4.24002701468132,2.803059552907067
2020-10-20,5.2811434548284035,1.4075917937392912,4.086103366254456,2.8569047519834245
2020-10-21,5.310367218940767,1.3566892250018259,3.8833152124150567,2.8132340311972657
2020-10-22,5.277084332054941,1.367336967044081,3.9248846687475747,2.8966318700305864
2020-10-23,5.275279274936269,1.4512987829729767,4.268654972860204,2.9600514796039388
2020-10-26,5.189733454941017,1.4809145829709807,4.396965232057296,3.1198290551461367
2020-10-27,5.252663723338558,1.481156130722644,4.398027437404733,3.1539846302129875
2020-10-28,5.252663723338558,1.4557117795222396,4.287534158777974,3.155494074965688
2020-10-29,5.3789714010518805,1.567233438005665,4.793368681329324,3.3452169123207676
2020-10-30,5.3789714010518805,1.5980223999624346,4.943246986317081,3.3452169123207676
2020-11-02,5.421298386039721,1.564304765824783,4.779351012417364,3.3452169123207676
2020-11-03,5.489383693397103,1.5078435070882936,4.516979449575036,3.3686227226597745
2020-11-04,4.784399250739519,1.5319173973541234,4.627040196909793,4.037325847637359
2020-11-05,4.821578480914703,1.4395517987886373,4.218804519891069,4.016039271293564
2020-11-06,4.791361273911992,1.3560281850139428,3.880749034040803,3.9611205725750005
2020-11-09,3.906648789167701,1.3549505916965612,3.8765694171833327,4.788378789169892
2020-11-10,3.891994225023947,1.410839249274191,4.0993943745460495,4.794838494722933
2020-11-12,3.2078772093826924,1.4135352596701405,4.1104612959612155,5.208966628164748
2020-11-13,3.2293298729879125,1.4153369559720828,4.117873774389769,5.195235912879884
2020-11-16,3.2011902548301854,1.4236934540351809,4.152428957685491,5.202105800721997
2020-11-17,3.0876096471759547,1.358574908152755,3.8906448229705317,5.297348842761391
2020-11-18,3.0876096471759547,1.3579595087355618,3.88825125898845,5.287901735273213
2020-11-19,3.0425553170227726,1.3372742432400757,3.8086478961026478,5.2811434548284035
2020-11-20,2.9936440606567523,1.356864195284177,3.8839947366207688,5.310367218940767
2020-11-23,2.9936440606567514,1.3689209700466551,3.931106624344861,5.277084332054941
2020-11-24,3.01898753132344,1.3761289633274432,3.959544380934483,5.275279274936269
2020-11-25,3.01898753132344,1.3418874832599348,3.826258693182723,5.189733454941017
2020-11-27,2.856904751983419,1.346045252842762,3.8422005134353596,5.252663723338558
2020-11-30,2.8735244660770745,1.3231056479790948,3.7550651977410574,5.252663723338558
2020-12-01,2.2907682221516277,1.401954734177214,4.063134557296376,5.3789714010518805
2020-12-02,2.1887156486115042,1.4393566356116323,4.217981244936896,5.3789714010518805
2020-12-03,2.18217890236008,1.4552215719809298,4.285432892270141,5.421298386039721
2020-12-04,2.575525836277715,1.4159446065681363,4.120376763237566,5.489383693397103
2020-12-07,2.5755258362777136,1.435021494473596,4.199735278916829,4.784399250739519
2020-12-08,2.6645825188949717,1.3897381864814589,4.013799048565,4.821578480914703
2020-12-09,2.635833653252747,1.3929347464075104,4.026649926112443,4.791361273911992
2020-12-10,2.4880667576407323,1.4206947717840837,4.13999579354214,3.9066487891677006
2020-12-11,2.747293039997684,1.3681926792501455,3.9282446778613944,3.891994225023947
2020-12-14,2.8743529292530203,1.3524692600851187,3.8669622871115585,3.207877209382693
2020-12-15,3.0806616481653486,1.3625658010232202,3.9062029945040924,3.229329872987913
2020-12-16,3.1029939459451223,1.3371336716290843,3.808112545960591,3.2011902548301854
2020-12-17,3.096849397448453,1.3077439578134586,3.697821852581021,3.087609647175955
2020-12-18,3.1083604620290446,1.2543365643432889,3.505511921098414,3.087609647175955
2020-12-21,3.1645356237979643,1.2927686620761067,3.642858450523022,3.042555317022773
2020-12-22,3.3551665915634534,1.3849628755175254,3.9946776017251953,2.9936440606567523
2020-12-23,3.3101575275420845,1.4171514390992628,4.1253523697139265,2.993644060656751
2020-12-24,3.280534218981023,1.449922217543993,4.2627829325474105,3.01898753132344
2020-12-28,3.3237958793553664,1.390013981983904,4.0149061889554645,3.01898753132344
2020-12-29,3.400280100507225,1.4075085822700137,4.085763369735732,2.8569047519834196
2020-12-30,3.4337262835696234,1.3942661407269619,4.032014555376502,2.8735244660770745
2020-12-31,3.462726698784768,1.3293161235905426,3.77845850516368,2.2907682221516277
2021-01-04,3.485343461930216,1.2714113304374541,3.5658816499775092,2.1887156486115042
2021-01-05,3.462726698784767,1.3888685167439303,4.010309886429213,2.18217890236008
2021-01-06,3.1486958751658403,1.4587259733843183,4.300477114412243,2.575525836277715
2021-01-07,3.059722987772819,1.5536761134682986,4.7288219555869455,2.5755258362777136
2021-01-08,2.8966318700305824,1.5306984401725179,4.6214034691950046,2.6645825188949717
2021-01-11,2.9495762407506407,1.4960206257881934,4.463890190116424,2.635833653252747
2021-01-12,2.9576374097613334,1.5077332069777165,4.516481253718307,2.4880667576407323
2021-01-13,2.839349355381519,1.5063875185286173,4.5104075646277915,2.747293039997684
2021-01-14,3.393270651493395,1.4329492314866683,4.191041334124618,2.8743529292530203
2021-01-15,3.2447760213259915,1.4373408057265888,4.209487076564413,3.0806616481653486
2021-01-19,3.223426157131088,1.461880128769802,4.3140629020420205,3.102993945945123
2021-01-20,3.3359513528485585,1.4452701609229779,4.2429982803242865,3.0968493974484526
2021-01-21,3.3558761541370177,1.4311157291127465,4.183364090162547,3.1083604620290446
2021-01-22,3.2885081289676643,1.3921555275493676,4.0235135066921535,3.164535623797964
2021-01-25,2.959247008470828,1.4281360494836841,4.170917557950248,3.355166591563453
2021-01-26,4.293405796490011,1.4613703181667472,4.311864107564307,3.310157527542085
2021-01-27,5.028963729286273,1.458403267514506,4.299089549104205,3.280534218981023
2021-01-28,5.026122239053232,1.6155042983401269,5.030424118448608,3.3237958793553664
2021-01-29,5.10508616596287,1.584489409346963,4.8768006938556825,3.400280100507225
2021-02-01,5.095282598826632,1.5909758391389963,4.908536534045295,3.433726283569623
2021-02-02,5.215361924162187,1.6466388352862196,5.189507690133803,3.462726698784768
2021-02-03,5.210337709555856,1.585939441010681,4.883877338719036,3.485343461930216
2021-02-04,5.195235912879887,1.5786197274075646,4.848259271382071,3.462726698784767
2021-02-05,5.33987693812193,1.6488529964933774,5.201010826945669,3.1486958751658403
2021-02-08,5.389584311208034,1.558601681713499,4.752171548648199,3.059722987772819
2021-02-09,5.358571238146083,1.50105644425592,4.486426226843548,2.896631870030583
2021-02-10,5.534738777334848,1.4706193318064962,4.351929595013922,2.9495762407506407
2021-02-11,5.6090912599016844,1.4383770456307727,4.213851375889323,2.9576374097613334
2021-02-12,5.612486080160974,1.447134506084538,4.2509160720937285,2.839349355381519
2021-02-16,5.306330451182207,1.5192704915846496,4.568890934718814,3.3932706514933955
2021-02-17,5.449770637375549,1.5546814337538573,4.733578326663264,3.244776021325992
2021-02-18,5.43401982224689,1.5467122607239272,4.696005532821687,3.223426157131088
2021-02-19,5.606543795720679,1.5860670630189793,4.884500668727753,3.335951352848558
2021-02-22,5.838705009715502,1.5340877156308956,4.637093252035085,3.3558761541370177
2021-02-23,5.853366959443554,1.5591631439946283,4.75484046290345,3.2885081289676643
2021-02-24,5.853366959443554,1.5645368684352907,4.780460441009534,2.959247008470828
2021-02-25,4.831937401045232,1.6401902751444926,5.156150506184928,4.293405796490011
2021-02-26,4.306694677780134,1.608586180583858,4.995743153851854,5.028963729286274
2021-03-01,4.316634491514659,1.7625962245537803,5.82754739307076,5.026122239053233
2021-03-02,4.202606900711205,1.7063167239675492,5.508634244714834,5.10508616596287
2021-03-03,4.352886289305032,1.707167045758581,5.513320348517673,5.095282598826632
2021-03-04,4.162760073385459,1.6980730212599529,5.463409368013891,5.215361924162188
2021-03-05,4.154744849194166,1.6479963767996035,5.196557446342864,5.210337709555855
2021-03-08,4.375799246722791,1.7242600508554022,5.608369585676341,5.195235912879887
2021-03-09,4.260002235635533,1.7514163746247529,5.762759124141078,5.33987693812193
2021-03-10,4.343029445203596,1.7119037435150828,5.539497227683093,5.389584311208034
2021-03-11,4.37579924672279,1.6435863565044722,5.173690980388583,5.358571238146084
2021-03-12,3.8328157000404945,1.6439343113611284,5.175491504524441,5.534738777334848
2021-03-15,3.9737232151317383,1.6448581467440662,5.1802750159487525,5.6090912599016844
2021-03-16,3.9737232151317383,1.6263723247979858,5.085393061778315,5.6124860801609735
2021-03-17,4.339738855430596,1.6125655453561274,5.01566264534497,5.306330451182207
2021-03-18,3.9821028185047638,1.6734891566898118,5.330735156363943,5.449770637375549
2021-03-19,3.943046924349211,1.5537476465790647,4.729160235030634,5.43401982224689
2021-03-22,3.85511410491382,1.5137322647067317,4.543657319382219,5.606543795720678
2021-03-23,3.648874581879518,1.4949118642109354,4.458943543021405,5.838705009715502
2021-03-24,3.6456105374102847,1.550627912261309,4.71442950148626,5.853366959443553
2021-03-25,3.6456105374102847,1.5403088265124403,4.666031042596263,5.853366959443553
2021-03-26,3.5152727998184687,1.5740392018434564,4.826102479463668,4.831937401045232
2021-03-29,3.4295633485774055,1.5716214247947033,4.814448134135481,4.306694677780134
2021-03-30,3.4295633485774055,1.54557569660999,4.690671253403737,4.316634491514659
2021-03-31,3.457910186390555,1.5135437877720173,4.542801025476629,4.202606900711205
2021-04-01,3.295740396618863,1.523535006496275,4.588416642484132,4.352886289305032
2021-04-02,3.2337505867248884,1.4900746536197707,4.437426776610062,4.162760073385459
2021-04-05,3.2337505867248884,1.4685002928918571,4.342717450741546,4.154744849194166
2021-04-06,3.0079260375913073,1.4496559856349354,4.261648194767786,4.375799246722791
2021-04-07,2.993644060656754,1.4269203614330481,4.165850104160468,4.260002235635533
2021-04-08,2.9260732666673697,1.4335593810352099,4.193599276386855,4.343029445203596
2021-04-09,2.9260732666673683,1.4121857381960177,4.104917881493506,4.37579924672279
2021-04-12,2.8966318700305833,1.3978431908622049,4.046463099764839,3.832815700040494
2021-04-13,2.8966318700305815,1.3940898845674492,4.031303950601946,3.9737232151317388
2021-04-14,2.9816901566857794,1.3534391059610282,3.8707144637604274,3.9737232151317388
2021-04-15,2.456284456925545,1.351694945228858,3.8639691997096146,4.339738855430596
2021-04-16,2.3854719010034215,1.2829069685029335,3.60711025534464,3.9821028185047638
2021-04-19,2.351291438459324,1.2911099969256763,3.6368211764553684,3.943046924349211
2021-04-20,2.3794757325733427,1.279281379388657,3.5940560345888968,3.85511410491382
2021-04-21,2.648449681282694,1.2850570670010262,3.6148742413634247,3.648874581879518
2021-06-18,4.811197257192827,1.4645552605189545,4.325619038881766,4.011293580689017
2021-06-21,4.954555383444591,1.479008863731374,4.388593830123128,4.116748601459623
2021-06-22,4.969909455915745,1.4770333459197622,4.379932642825491,4.1248376591432585
2021-06-23,5.004759639345308,1.465533673607848,4.3298533522830125,4.154744849194169
2021-06-24,5.004759639345308,1.4166412584111918,4.123248231394418,4.029061098237907
2021-06-25,4.8525889015678825,1.3811852067617783,3.9796155006864447,4.16676190367358
2021-06-28,4.805255059877355,1.4311514844002216,4.183513670222326,4.2257712736426685
2021-06-29,4.847679857416405,1.4088733698620723,4.091343375782211,4.190124444111842
2021-06-30,4.847679857416405,1.4353463395337942,4.201099763787411,4.13060585893952
2021-07-01,4.799305505313667,1.4366007111376868,4.206372810524868,4.178744400164418
2021-07-02,4.760452159396784,1.4404727296458515,4.222691536716141,4.109802451514783
2021-07-06,4.574775560458914,1.4173838177855567,4.1263111250709406,4.109802451514783
2021-07-07,4.63269951128988,1.4481776693940096,4.255352785477756,4.138667832596881
2021-07-08,4.944453361861124,1.4382614810391314,4.213364432013108,4.109802451514783
2021-07-09,4.707643227975702,1.514197328231397,4.545770900106598,4.4438293225122605
2021-07-12,4.752943949856438,1.4905849956467518,4.439691959945781,4.3397388554305945
2021-07-13,4.661902329879302,1.4616060521094394,4.312880680106355,4.414801942383929
2021-07-14,4.543965123944041,1.5070254822543083,4.513285959100112,4.419653078391341
2021-07-15,4.614160399300931,1.4775933872476397,4.382386273121846,4.5659192992890025
2021-07-16,4.657303532139271,1.472240015656775,4.358988415539257,4.288411849446939
2021-07-19,3.7991227057485326,1.532263293442895,4.628640948847451,4.8329228068678685
2021-07-20,3.7097041340119676,1.598210290303959,4.9441758619422265,4.811197257192827
2021-07-21,3.4226138716318033,1.6011381380689145,4.958672868347014,4.95455538344459
2021-07-22,3.3981787839399753,1.5566935195871745,4.743112280905865,4.969909455915745
2021-07-23,3.3302366568273967,1.5428882064338136,4.6780820447550635,5.004759639345308
2021-07-26,3.4496376621321727,1.5071075806446586,4.513656507823063,5.004759639345308
2021-07-27,3.5583570312583133,1.5141103055154392,4.545375331988705,4.8525889015678825
2021-07-28,3.570380798685172,1.5000028425026795,4.481701809569361,4.805255059877355
2021-07-29,3.6233370569920966,1.491290144044549,4.442823705661019,4.847679857416405
2021-10-20,4.864350394647314,1.4118027547083951,4.103346066735609,3.9048199763394633
2021-10-21,5.243136102608523,1.375853853094678,3.9584552195847857,3.915780041490331
2021-10-22,5.305432974566707,1.3735627739457188,3.949396466491752,3.955707148869812
2021-10-25,5.329165037789756,1.3311121676065802,3.78525088082867,3.645610537410283
2021-10-26,6.372933838844273,1.3104256436992372,3.707751557475205,3.4914862437759795
2021-10-27,6.155524038656408,1.342320057853176,3.8279141935184393,4.0883108632155665
2021-10-28,6.405726604635422,1.3113859047274108,3.7113136768064647,3.927922024247952
2021-10-29,6.399776781821657,1.3020996621116772,3.6770090446683015,3.949683531626389
2021-11-01,6.358721045409529,1.3984611671195069,4.048964490707043,3.938817806688501
2021-11-02,6.610597552415418,1.4423729929184017,4.230723391256849,3.853260833063309
2021-11-03,6.816296997777125,1.4225212428217464,4.147564285666884,3.9321628605521237
2021-11-04,6.774250968961577,1.4654625733783742,4.329545509660048,4.116748601459622
2021-11-05,6.590397054300598,1.468957159636059,4.344701947214959,4.466275746930519
2021-11-08,6.495419631592471,1.3765213283462925,3.961098272466548,4.531372124791127
2021-11-09,6.402380509660205,1.3615850079228782,3.9023736957404185,4.573213937078217
2021-11-10,6.110100926607842,1.359827891893928,3.8955227930468026,5.121383741585096
2021-11-12,6.110100926607842,1.4631310374162336,4.319462777298628,5.0980855416986595
2021-11-15,6.032451921936626,1.5173449230949454,4.560101687166833,5.114870942839659
2021-11-16,6.049006215113097,1.5653624133490087,4.784408555260431,4.895089862495424
2021-11-17,6.049006215113097,1.6202378281862853,5.05429222678739,4.944453361861122
2021-11-18,6.081979627594693,1.553206990175588,4.726604075330819,4.755448003530943
2021-11-19,6.1248906695782255,1.5549179125613894,4.7346978499878665,4.864350394647314
2021-11-22,5.749948239932728,1.5771471016288992,4.841124854249997,5.243136102608523
2021-11-23,5.749948239932728,1.7027189316190867,5.488850932043975,5.305432974566707
2021-11-24,5.735021899738213,1.7480137524539652,5.743183954519949,5.329165037789756
2021-11-26,4.554955438598687,1.7749674146237295,5.900088876570533,6.372933838844273
2021-11-29,4.6613915764042115,1.8406002757569695,6.300319054943519,6.155524038656408
2021-11-30,4.237586914405834,1.7686387933506964,5.862867353286757,6.405726604635422
2021-12-01,4.237586914405834,1.7002385203955455,5.4752531955485,6.399776781821657
2021-12-02,4.82602074078395,1.6901752379041222,5.420430486787847,6.358721045409529
2021-12-03,4.2733949924978205,1.6512002079085444,5.21323303737358,6.610597552415419
2021-12-06,4.090639721771404,1.6455386812467807,5.183801571665973,6.816296997777125
2021-12-07,4.00773062491798,1.6199784457339717,5.052981402084709,6.774250968961576
2021-12-08,3.978513721048619,1.5686594133824334,4.800208782789743,6.590397054300599
2021-12-21,4.786886849956495,1.560440574316351,4.760918321479633,6.124890669578225
2021-12-22,4.737891835787279,1.5272719623201692,4.605595430973984,5.749948239932729
2021-12-23,4.715223571935273,1.466253543745031,4.3329714065721365,5.749948239932729
2021-12-27,4.805255059877352,1.4637348602458549,4.32207175513618,5.735021899738213
2021-12-28,4.966075388262392,1.4769559821295009,4.379593807742105,4.554955438598687
2021-12-29,4.9487853247516105,1.4652733117502388,4.328726170364993,4.6613915764042115
2021-12-30,4.85945323202996,1.4706899358485055,4.3522368696811595,4.237586914405834
2021-12-31,4.852588901567879,1.4332329211614618,4.192230457940841,4.237586914405834
2022-01-03,4.406164512848612,1.4498263519808852,4.262374298048477,4.82602074078395
2022-01-04,4.437395203323333,1.492699613759889,4.449090146266459,4.2733949924978205
2022-01-05,4.893630456789699,1.4959668051824089,4.4636499473073,4.090639721771404
2022-01-06,4.908204986599165,1.4478258249775662,4.253855826723921,4.00773062491798
2022-01-07,4.934330658520947,1.4583993650218996,4.299072771971762,3.978513721048619
2022-01-10,4.968951216351083,1.2861886853296267,3.6189672147155947,3.866215080362155
2022-01-11,5.199358934843221,1.358771266220387,3.891408857479528,3.951491580945911
2022-01-12,5.841966400842452,1.2882346831420626,3.6263791935808407,3.6279339522523637
2022-01-13,5.833809504374822,1.2752786401921008,3.5796987190886926,3.8197481841708996
2022-01-14,5.7805091224118295,1.3465187687455717,3.8440202872921834,4.081899651131255
2022-01-18,5.539898572219248,1.4129568648745374,4.108084513965533,4.2600022356355325
2022-01-19,5.642103626603644,1.4778835081547232,4.383657879453467,4.324349662088011
2022-01-20,5.775564289066786,1.454241686766832,4.281235716653995,4.346317543677277
2022-01-21,5.448896786550177,1.5475968430782898,4.700161374273027,4.786886849956495
2022-01-24,5.516209878945151,1.5402324114129682,4.665674500992758,4.737891835787279
2022-01-25,5.570329561935459,1.6212645178792906,5.059484081277759,4.715223571935273
2022-01-26,5.3904677772103895,1.6449470886056514,5.180735779742486,4.805255059877352
2022-01-27,6.196004857202489,1.6424161309993026,5.1676401363639854,4.966075388262393
2022-01-28,6.626785473688308,1.7490690087451246,5.749247684351071,4.9487853247516105
2022-01-31,7.323478226453193,1.7786480533808704,5.921844985988966,4.85945323202996
2022-02-01,7.313718355971664,1.7099933998060042,5.528924985526084,4.852588901567879
2022-02-02,7.762854163379952,1.645189704254776,5.1819928598041125,4.406164512848612
2022-02-03,7.762854163379952,1.598464978455142,4.945435245319832,4.437395203323333
2022-02-04,7.571877794400413,1.625603833082115,5.081486480618283,4.893630456789699
2022-02-07,7.783988450047757,1.6902483747144381,5.4208269342814654,4.908204986599165
2022-02-08,7.783988450047757,1.6344907448294672,5.1268464590461935,4.934330658520947
2022-02-09,7.779092859343331,1.666658713462017,5.294447942474589,4.968951216351084
2022-02-10,8.127847486383187,1.6392093573841162,5.151095226390454,5.199358934843221
2022-02-11,7.687032990073407,1.6064310262667536,4.98498814993605,5.841966400842452
2022-02-14,7.635443667528477,1.6225990533448447,5.0662406496589165,5.833809504374823
2022-02-15,7.5109443956327135,1.6319461724678332,5.1138174109520955,5.780509122411829
2022-02-16,7.63294862827633,1.6774255748014542,5.351760513931324,5.539898572219248
2022-02-17,8.368592075930934,1.6405416936537707,5.157962791326046,5.642103626603645
2022-02-18,8.274170941061435,1.6055896214059766,4.980795520772409,5.775564289066786
2022-02-22,8.465335478402817,1.5493020101364676,4.708182771584204,5.448896786550177
2022-02-23,8.434057939884811,1.5412727147116114,4.670530743110918,5.516209878945151
2022-02-24,8.772793441196793,1.6211944107848857,5.0591293879830355,5.57032956193546
2022-02-25,8.822320178577403,1.790202458601458,5.990665205313528,5.3904677772103895
2022-02-28,8.184770991938436,1.7335644671870916,5.660795710268684,6.196004857202488
2022-03-01,7.829431652425397,1.5856789144398717,4.8826051246337085,6.626785473688308
2022-03-02,7.50745661072413,1.6227212040890335,5.066859532522244,7.323478226453194
2022-03-03,7.560549236788651,1.731090875349862,5.646810516169404,7.313718355971663
2022-03-04,6.788996699842831,1.719666654340755,5.582667196193611,7.762854163379954
2022-03-07,7.053199206574256,1.763184481119379,5.830976494582925,7.762854163379954
2022-03-08,7.025463889106791,1.8002877100672605,6.051388259301934,7.571877794400413
2022-03-09,6.961116495013104,1.8334423073693011,6.255382589082534,7.783988450047756
2022-03-10,6.9829724875518036,1.7619420259322562,5.823736266352192,7.783988450047756
2022-03-11,7.0135922458093365,1.7010599612109882,5.479752639758763,7.779092859343331
2022-03-14,6.977856131397153,1.7382036362550495,5.68711810844654,8.127847486383187
2022-03-15,7.046106658830797,1.789110240700494,5.984125665488938,7.687032990073407
2022-03-16,7.399163401873192,1.7688422861180517,5.864060525785984,7.635443667528476
2022-03-17,7.388536809847863,1.747247880963796,5.738787097594985,7.510944395632714
2022-03-18,7.154752000627052,1.6754137311954864,5.341004432165812,7.632948628276329
2022-03-21,6.808957685424801,1.6572889390484882,5.245071842307213,8.368592075930932
2022-03-22,6.786892128353409,1.6516798476551648,5.215734110905888,8.274170941061437
2022-03-23,6.533794930243593,1.6867603811449636,5.401952061646772,8.465335478402816
2022-03-24,7.020717640702898,1.7040002716081901,5.495888524048582,8.43405793988481
2022-03-25,6.599061982404752,1.672589634900226,5.325942199943832,8.772793441196793
2022-03-28,6.596535887440194,1.6992135022018455,5.469643836746492,8.822320178577403
2022-03-29,6.417980694149591,1.7024763729634946,5.487519725195551,8.184770991938436
2022-03-30,6.152815847816634,1.6502393519426957,5.208226277081214,7.829431652425399
2022-03-31,6.217869792935954,1.5870575408141698,4.88934105493253,7.50745661072413
2022-04-01,6.252237694655957,1.5473837636733363,4.699159973376954,7.56054923678865
2022-04-04,6.423172335936777,1.607950117721622,4.992566557526993,6.788996699842831
2022-04-05,6.423172335936774,1.5464904197981086,4.694963882151283,7.053199206574256
2022-04-06,6.4231723359367745,1.578195834946824,4.8462045663469695,7.025463889106791
2022-04-07,6.710333183126758,1.5370599799362137,4.650896421961336,6.961116495013104
2022-04-08,6.849400390858046,1.5394274423630376,4.661920288637504,6.982972487551804
2022-04-11,7.004080443366104,1.5142307807628606,4.54592297019421,7.0135922458093365
2022-04-12,7.004080443366107,1.5344643133928293,4.6388398998468645,6.977856131397153
2022-04-13,7.210442163312657,1.5045496183748914,4.50212549900755,7.046106658830796
2022-04-14,6.7816278422276275,1.4877787074067117,4.427250370117851,7.399163401873193
2022-04-18,7.1026487346355385,1.5570335792902468,4.744725496539017,7.388536809847863
2022-04-19,7.187621634581603,1.5512472080131634,4.717350031891642,7.154752000627052
2022-04-20,7.053199206574263,1.6422423759266185,5.166742310679629,6.808957685424801
2022-04-21,7.068036704569638,1.595581766808575,4.931197044559717,6.786892128353409
2022-04-22,7.311764818558208,1.6605258946298025,5.262077415175038,6.533794930243593
2022-04-25,7.3749899112118795,1.8166735248890622,6.151362025684419,7.020717640702898
2022-04-26,7.327378534679166,1.751515192988565,5.763328618706566,6.599061982404752
2022-04-27,7.234178138070292,1.7740125627872183,5.894457854694786,6.5965358874401945
2022-04-28,7.1945746755388935,1.8023420304233864,6.063832527265862,6.417980694149591
2022-04-29,7.567159623128453,1.8376796683614725,6.281945141072736,6.152815847816635
2022-05-02,7.502697927444297,1.7718587188046508,5.8817757746276005,6.217869792935954
2022-05-03,7.502697927444297,1.7972925686194678,6.033290611546568,6.252237694655957
2022-05-04,7.505236267338437,1.7915748150585022,5.998892177267875,6.423172335936777
2022-05-05,7.2351654471490745,1.7312940328121513,5.647957824402067,6.4231723359367745
2022-05-06,7.157746386491641,1.8248390445070055,6.201796725517195,6.4231723359367745
2022-05-09,7.105665077280027,1.7805840543808693,5.933320788802169,6.710333183126758
2022-05-10,6.977856131397163,1.7265833641286306,5.621414733290306,6.849400390858046
2022-05-11,7.087211823317558,1.7315930654448324,5.649647000646392,7.004080443366103
2022-05-12,8.947731822194132,1.6706188844820404,5.315456432934687,7.004080443366107
2022-05-13,8.867543816262431,1.5943688742930178,4.925219658267962,7.210442163312657
2022-05-16,9.63475850390513,1.5651740406554517,4.783507388214097,6.7816278422276275
2022-05-17,9.578994877185375,1.542648695521978,4.676961727228374,7.102648734635538
2022-05-18,9.33885890857585,1.585536683383721,4.8819107159344775,7.187621634581602
2022-05-19,9.251512102920094,1.5912427271048433,4.909846738207236,7.053199206574262
2022-05-20,9.84184458127162,1.533242593078448,4.633175995464075,7.068036704569638
2022-05-23,9.914155344278049,1.5501432607567995,4.712145199725316,7.311764818558208
2022-05-24,9.596378285086358,1.5311499472997592,4.6234905369267265,7.3749899112118795
2022-05-25,9.639946650711934,1.4403824242867724,4.222310222258266,7.327378534679167
2022-05-26,9.639946650711934,1.4225596993777732,4.14772378977218,7.234178138070292
2022-05-27,9.98069565282333,1.3676857297006269,3.9262537606814756,7.1945746755388935
2022-05-31,10.170920265522678,1.3745276731582852,3.9532090751281133,7.567159623128453
2022-06-01,10.232999839455026,1.2767820700264023,3.585084592567743,7.502697927444296
2022-06-02,10.303489931178934,1.3617927802499148,3.9031845852414313,7.502697927444296
2022-06-03,10.565442320535963,1.3002038794345105,3.6700448380145767,7.505236267338437
2022-06-06,10.565442320535961,1.2465753411406122,3.4784101680593373,7.2351654471490745
2022-06-07,10.618940849345835,1.2250974765917637,3.404497925471551,7.157746386491641
2022-06-08,10.805642265127307,1.2704032608596112,3.5622888043914003,7.105665077280027
2022-06-09,10.818854793721002,1.2565714817633173,3.513355212046103,6.977856131397163
2022-06-10,10.537009605603116,1.366207157588073,3.920452800989562,7.087211823317558
2022-06-13,8.31808128058851,1.6197207174855872,5.051679273843654,8.947731822194132
2022-06-14,8.101440201182388,1.6514792604591308,5.214688006346421,8.86754381626243
2022-06-15,7.5822474366428425,1.6650159733499352,5.285757680343543,9.63475850390513
2022-06-16,7.682075612377585,1.6121962717938059,5.013810835665742,9.578994877185375
2022-06-17,7.726577508832792,1.689954596675643,5.419234648276847,9.338858908575851
2022-06-21,7.9743636856163596,1.6385281612830558,5.147587515261258,9.251512102920096
2022-06-22,7.894844610793312,1.5704070017383414,4.80860490611129,9.841844581271621
2022-06-23,7.901476655241986,1.5099345773468447,4.52643465326284,9.914155344278047
2022-06-24,7.814211717243493,1.554890735157723,4.734569174941694,9.59637828508636
2022-06-27,7.569676347110273,1.5415350235359602,4.67175602523336,9.639946650711936
2022-06-28,7.749961597447142,1.529885591441684,4.617648493570734,9.639946650711936
2022-06-29,7.559604424017154,1.5893501806150925,4.900563412331393,9.980695652823329
2022-06-30,7.304923323478859,1.641443065894093,5.162614131782424,10.170920265522678
2022-07-01,7.915024892419458,1.6447372448508237,5.179648748751015,10.232999839455028
2022-07-05,7.8266942483492645,1.6941102056429607,5.441801725876186,10.303489931178936
2022-07-06,7.427106082580572,1.7671467178340803,5.854126035426655,10.565442320535965
2022-07-07,7.995534467974734,1.8467411877260205,6.339127798215909,10.56544232053596
2022-07-08,7.801404025039682,1.7812814910517316,5.937460347672552,10.618940849345833
2022-07-11,7.608579117711585,1.7776395359628547,5.91587571273778,10.805642265127306
2022-07-12,7.597932049483729,1.7232295677933813,5.602593232540938,10.818854793721002
2022-07-13,7.826998451635555,1.6982130654398053,5.464174540275743,10.537009605603116
2022-07-14,7.7561035873138975,1.6983196292366076,5.4647568544874,8.31808128058851
2022-07-15,7.799572637865102,1.684973503278916,5.392308051974132,8.101440201182387
2022-07-18,7.799572637865102,1.6187674834456849,5.046866135589225,7.582247436642842
2022-07-19,7.883980140585307,1.5576751121313879,4.747770370356092,7.682075612377586
2022-07-20,7.841586331251914,1.5195796132025545,4.570303495991951,7.726577508832791
2022-07-21,7.650708028237256,1.5499535433470484,4.711251308539694,7.974363685616361
2022-07-22,6.96351033534645,1.5668398100159693,4.791482248552151,7.89484461079331
2022-07-25,6.937475868683945,1.577198039328949,4.8413714562963435,7.901476655241986
2022-07-26,7.0112155049708385,1.683107643223917,5.38225614042208,7.814211717243494
2022-07-27,7.249958948980704,1.6820659001366245,5.376652131769199,7.569676347110272
2022-07-28,6.7833830582008545,1.6782294280391816,5.356064273511776,7.749961597447143
2022-07-29,6.8868404532537335,1.7800140484723523,5.929939724600255,7.559604424017153
2022-08-01,6.607355208942798,1.7196523372506207,5.582587269216336,7.304923323478859
2022-08-02,5.965775405634784,1.7639393741857043,5.835379920157196,7.915024892419459
2022-08-03,6.209823247235418,1.7127514484686621,5.544195077837438,7.826694248349264
2022-08-04,6.27390665868607,1.7321575716713231,5.652837161903961,7.427106082580571
2022-08-05,6.086675533295635,1.7384608831080914,5.688581289874156,7.995534467974732
2022-08-08,6.086675533295635,1.742539871447766,5.711832334757478,7.801404025039682
2022-08-09,6.085501896584536,1.6270788934583071,5.088987510854176,7.608579117711584
2022-08-10,6.012289002336772,1.617234709744808,5.039136357418453,7.597932049483729
2022-08-11,5.843596413820831,1.5501371791514087,4.712116542404808,7.826998451635557
2022-08-12,5.735021899738204,1.4976437208973248,4.471141391554593,7.7561035873138975
2022-08-15,5.5269900531500555,1.4992595158982314,4.478371679221682,7.7995726378651
2022-08-16,5.531726674375787,1.4909812264846651,4.441451451370509,7.7995726378651
2022-08-17,5.4893836933970945,1.5379870248691752,4.655210011059572,7.883980140585306
2022-08-18,5.430513437095684,1.5091619371690477,4.522938698718943,7.841586331251915
2022-08-19,5.31619269420375,1.5296688134672518,4.616647597573681,7.650708028237256
2022-08-22,5.622658242707473,1.540540516128769,4.667112238784428,6.96351033534645
2022-08-23,6.700035536508506,1.5701618574732465,4.807426248671909,6.937475868683944
2022-08-24,6.722386197659045,1.5591891972123335,4.75496434341092,7.0112155049708385
2022-08-25,7.130751646749426,1.6339922613526463,5.124291447666546,7.249958948980704
2022-08-26,7.173363427092166,1.5482799195229981,4.703373040576042,6.783383058200854
2022-08-29,9.567056570783517,1.5287793661811566,4.612543158508845,6.886840453253734
2022-08-30,9.52840365383818,1.5506320672121574,4.714449089749811,6.607355208942799
2022-08-31,9.565065404401416,1.5437808616035409,4.682259823257095,5.965775405634784
2022-09-01,10.25902622316659,1.552902214995808,4.725163743223899,6.209823247235419
2022-09-02,10.222524150130472,1.7214239267578786,5.592486087978579,6.27390665868607
2022-09-06,10.278502762932922,1.660518133385716,5.262036575066302,6.086675533295634
2022-09-07,10.160380570300209,1.7658940605933042,5.846797413144156,6.086675533295634
2022-09-08,10.184722452211062,1.6602342468692985,5.260542965851535,6.085501896584536
2022-09-09,10.184722452211062,1.6623876402088524,5.2718831896356715,6.0122890023367725
2022-09-12,10.235093690687131,1.5728653921271325,4.820440876953377,5.843596413820831
2022-09-13,10.249274074178118,1.4440984346643368,4.238029559382742,5.735021899738203
2022-09-14,10.215767458292374,1.375861239466035,3.9584844583130216,5.5269900531500555
2022-09-15,10.213436528137157,1.3657701412887355,3.9187398735306176,5.531726674375787
2022-09-16,10.229043617725656,1.478788531110421,4.387626986259771,5.489383693397094
2022-09-19,10.47332211814746,1.5456281241172212,4.690917180051398,5.430513437095683
2022-09-20,10.529098003243462,1.457964730181981,4.297204651170318,5.3161926942037505
2022-09-21,10.417933256329396,1.5260283382585604,4.59987136171086,5.622658242707472
2022-09-22,9.785071233650763,1.6879684576749234,5.408481976672785,6.700035536508505
2022-09-23,10.495123584199462,2.03844422096434,7.678653612852466,6.722386197659044
2022-09-26,9.863593472486428,2.113123716491351,8.274046735424925,7.130751646749426
2022-09-27,9.851274996040855,1.9621764610377137,7.114795300807978,7.173363427092165
2022-09-28,8.090558871743257,2.1112395569503013,8.258471788775111,9.567056570783517
2022-09-29,8.200464562914695,2.1288166153273744,8.404914676796498,9.52840365383818
2022-09-30,8.162632628544056,2.17818699504879,8.830282391738178,9.565065404401414
2022-10-03,7.158744236779214,2.1717477104888907,8.77360436947348,10.259026223166588
2022-10-04,6.9829724875517964,2.0544854901957246,7.8028222111472285,10.222524150130472
2022-10-05,6.468973569865598,1.9724883745440023,7.18854203605192,10.278502762932924
2022-10-06,6.405354902624212,1.9452979577113472,6.9957159720484485,10.160380570300209
2022-10-07,6.675470377576802,1.9168288072010613,6.79936215604614,10.184722452211062
2022-10-11,6.677610065770296,1.8935343876768795,6.642805489123401,10.184722452211062
2022-10-12,9.48984419562005,1.826319541368797,6.210985266231296,10.235093690687131
2022-10-13,9.48984419562005,1.8021973908012612,6.062955520246999,10.249274074178118
2022-10-14,9.594145039951176,1.834720726664802,6.263384704824883,10.215767458292374
2022-10-17,9.916316520429048,1.8187972605631524,6.164439774588221,10.213436528137159
2022-10-18,10.23858249117387,1.6976902430781133,5.4613184943053055,10.229043617725655
2022-10-19,9.826591716455177,1.7396230673474533,5.695196312586585,10.473322118147458
2022-10-20,9.489342392790963,1.775160098549296,5.901225838390077,10.529098003243462
2022-10-21,9.551364898723747,1.7729940387864203,5.888457264289507,10.417933256329396
2022-10-24,9.463463576151362,1.7631334357643005,5.830678857913854,9.785071233650763
2022-10-25,9.027735042633928,1.8647809996393088,6.454522188509372,10.495123584199462
2022-10-26,9.00185166137134,1.8013090106262786,6.057571702553546,9.863593472486427
2022-10-27,9.027735042633928,1.6979331680902656,5.462645346323148,9.851274996040853
2022-10-28,8.969259671099934,1.671655573999978,5.320969768216436,8.090558871743257
2022-10-31,9.138615087325128,1.7440683971261364,5.720569693088829,8.200464562914695
2022-11-01,9.139657178107615,1.7669594696336088,5.853029963483141,8.162632628544056
2022-11-02,9.415286455951293,1.7138458694630885,5.550266082839518,7.158744236779213
2022-11-03,9.40212741883457,1.6634021325605235,5.277234188625299,6.9829724875517964
2022-11-04,9.383876749890936,1.900745579552772,6.6908811672365,6.468973569865598
2022-11-07,9.431961872373403,1.6859171415111753,5.397398841566182,6.405354902624213
2022-11-08,9.75265531608118,1.641254920765635,5.161642902452319,6.6754703775768025
2022-11-09,9.861903612241585,1.5855990515939133,4.882215201463159,6.677610065770296
2022-11-10,7.820607697737143,1.8344868268265155,6.261919871474119,9.489844195620051
2022-11-14,7.6307647997151715,1.7193486963944955,5.580892424963518,9.489844195620051
2022-11-15,7.537525171718261,1.6147032266489605,5.02639600171331,9.594145039951176
2022-11-16,7.1687151003842295,1.62007328124165,5.053460626864669,9.916316520429048
2022-11-17,7.095605615281877,1.7308735181237656,5.645583274479074,10.238582491173872
2022-11-18,7.539736006493843,1.6805949626240542,5.368749226221584,9.826591716455177
2022-11-21,7.530888773198446,1.654533983286376,5.230641787620454,9.489342392790965
2022-11-22,7.39304692648055,1.6251770931649088,5.07931847011947,9.551364898723746
2022-11-23,7.534049692025227,1.591611250040211,4.911656462781431,9.463463576151362
2022-11-25,7.732430160724171,1.5392289437636029,4.6609949958272345,9.02773504263393
2022-11-28,7.76469421100901,1.5246661516012012,4.593609744030627,9.001851661371342
2022-11-29,7.774806688762086,1.6131195468830932,5.018442099949195,9.02773504263393
2022-11-30,7.645104253548128,1.6377935642367367,5.14380750124043,8.969259671099932
2022-12-01,7.11269823558379,1.714235752594039,5.552430459857131,9.138615087325128
2022-12-02,7.498571292491124,1.6236919243405483,5.071780423699993,9.139657178107615
2022-12-05,7.270619283245776,1.6432070992344587,5.171729192506141,9.415286455951291
2022-12-06,7.865233929255082,1.671492289848256,5.320101009110721,9.40212741883457
2022-12-07,7.600125312250143,1.6858947614718884,5.3972780489197385,9.383876749890936
2022-12-08,7.684244858645489,1.6774678689334337,5.351986866783488,9.431961872373405
2022-12-09,7.604509940066619,1.6880778091370972,5.40907343442287,9.752655316081178
2022-12-12,7.894844610793301,1.6873444386690615,5.405108033938159,9.861903612241587
2022-12-13,7.738893731695556,1.685102993455232,5.393006348104802,7.820607697737141
2022-12-14,7.775725352782551,1.6109764115997849,5.007698416313461,7.63076479971517
2022-12-15,8.481352093465631,1.6352624007676688,5.130804147351021,7.537525171718261
2022-12-16,8.441394603804715,1.736373895831012,5.6767216728370515,7.1687151003842295
2022-12-19,8.441394603804715,1.754498026424536,5.780545332542596,7.095605615281876
2022-12-20,8.022587161377885,1.7392213867486417,5.692909122112168,7.539736006493842
2022-12-21,8.102321830661849,1.6951500930016519,5.447463530008494,7.530888773198445
2022-12-22,8.10555365166381,1.6825397046438706,5.379200217382681,7.393046926480551
2022-12-23,7.898764219197629,1.6976098320217765,5.460879361571986,7.534049692025226
2022-12-27,7.613271620131867,1.7692386880586581,5.8663855115422265,7.73243016072417
2022-12-28,7.580049000972447,1.7172266095932762,5.569061844009,7.764694211009009
2022-12-29,7.5473110948141855,1.770806751111175,5.875591589884007,7.774806688762086
2022-12-30,7.793159393553675,1.7496735959144234,5.7527246566946735,7.645104253548127
2023-01-03,7.669978580711421,1.773436909264154,5.891065665720618,7.112698235583791
2023-01-04,8.080252235572644,1.841647762305468,6.306922012055452,7.498571292491124
2023-01-05,8.399263006217842,1.8063743241895502,6.088333044809745,7.270619283245775
2023-01-06,7.639184698457247,1.8581241634309922,6.411698185823243,7.865233929255082
2023-01-09,7.685174348178787,1.7310901988823015,5.646806696286562,7.600125312250145
2023-01-10,7.537525171718248,1.6380363540353442,5.14505651684572,7.684244858645489
2023-01-11,7.479814105151247,1.6801507957640769,5.366365135242065,7.604509940066618
2023-01-12,7.003400534570299,1.6679098063187738,5.301075933727616,7.8948446107933
2023-01-13,6.973760343841322,1.6058908632537845,4.982296170836591,7.738893731695556
2023-01-17,6.973760343841323,1.636051829412857,5.134856150290952,7.77572535278255
2023-01-18,5.7648359329068395,1.6275429598681064,5.091349687078779,8.481352093465633
2023-01-19,5.928542742328808,1.7032097764396825,5.491545767413878,8.441394603804715
2023-01-20,6.2201668941015384,1.7954752589023568,6.022336210676469,8.441394603804715
2023-01-23,6.272768053070322,1.7693182979004667,5.8668525521550565,8.022587161377887
2023-01-24,6.212889826803676,1.7444014448242156,5.722475232957033,8.102321830661849
2023-01-25,6.287553843374539,1.6512033509656572,5.213249422888509,8.105553651663811
2023-01-26,6.391214207614987,1.673779248711924,5.332281784426183,7.898764219197628
2023-01-27,6.402380509660202,1.6368677873656523,5.139047686829473,7.613271620131867
2023-01-30,6.584975684230382,1.603727493574779,4.971529272958222,7.580049000972448
2023-01-31,6.5523532668297095,1.5655945511884493,4.785519326446474,7.5473110948141855
2023-02-01,6.323802352262191,1.7724004128225168,5.884962760486803,7.793159393553676
2023-02-02,6.323802352262191,1.773926811330054,5.893952418015828,7.66997858071142
2023-02-03,5.91527481952249,1.885893675302082,6.5922431352085695,8.080252235572644
2023-02-06,5.6332347131407525,1.9199012651739862,6.820285036389224,8.399263006217842
2023-02-07,5.787095661078778,1.931031739997305,6.896622093019293,7.639184698457246
2023-02-08,7.786740867226415,1.900372646641092,6.6883863826636505,7.685174348178786
2023-02-09,8.417668492946463,1.920753257550072,6.826098343337908,7.537525171718248
2023-02-10,8.518327580100772,1.8928230423209944,6.638081840560584,7.479814105151247
2023-02-13,8.944271909999202,1.9037434090681855,6.710969383763608,7.0034005345703
2023-02-14,8.944271909999204,1.9045833167962347,6.716608346584461,6.973760343841321
2023-02-15,9.513148795220266,1.8745308618134056,6.517760672546308,6.973760343841323
2023-02-16,9.645132006798676,1.909253457594854,6.748049212743772,5.7648359329068395
2023-02-17,10.089126631699939,1.9458006239343932,6.999233366137159,5.9285427423288075
2023-02-21,9.766804809684531,2.0343704254180426,7.6474359782667225,6.220166894101539
2023-02-22,9.911993696911827,2.043759153958704,7.719573789963642,6.272768053070321
2023-02-23,9.911993696911825,2.0545877952469978,7.8036205201084385,6.212889826803676
2023-02-24,10.43072384832427,2.089498376575949,8.080860598494791,6.28755384337454
2023-02-27,10.46376969311141,2.136285045894449,8.46792118548844,6.391214207614987
2023-02-28,10.489677465648501,2.1044005842423754,8.20218501683584,6.402380509660203
2023-03-01,10.201073706326477,2.162007748323927,8.688564609175234,6.584975684230382
2023-03-02,10.026393739953168,2.0248360591617827,7.574869012462637,6.55235326682971
2023-03-03,9.866972324737892,2.067863182240888,7.907907294525748,6.323802352262191
2023-03-06,9.899494936611699,1.9803674641649478,7.245404922717363,6.323802352262191
2023-03-07,9.89757064950311,1.9485513939942023,7.018513152695071,5.91527481952249
2023-03-08,9.878789206703262,1.985137108710505,7.280045474675936,5.6332347131407525
2023-03-09,10.220427723786493,1.9529865393325903,7.049710409632175,5.787095661078778
2023-03-10,9.118531627823623,2.1302058277503266,8.416599002805636,7.786740867226415
2023-03-13,8.58819788181103,2.2324381330537086,9.322568054338701,8.417668492946463
2023-03-14,8.306050577168238,2.2428952264753654,9.420566515930787,8.518327580100772
2023-03-15,7.906597606700765,2.202089462869613,9.043890644718115,8.9442719099992
2023-03-16,7.985105181643212,2.3156718153228155,10.131727282484434,8.944271909999205
2023-03-17,7.176350047203698,2.2954195829402613,9.928601010047718,9.513148795220268
2023-03-20,7.0186825517261635,2.1995384069572332,9.020848577315395,9.645132006798674
2023-03-21,6.522853596978828,2.102679866006252,8.188083503346416,10.089126631699939
2023-03-22,6.181770435262564,2.083518236888436,8.032680129872784,9.766804809684531
2023-03-23,5.735021899738201,2.0488664576726476,7.759100850281735,9.911993696911825
2023-03-24,5.876506898943785,2.06421974196393,7.87914773027423,9.911993696911825
2023-03-27,5.526990053150056,1.821729789915811,6.182543707352939,10.430723848324268
2023-03-28,5.5549205986353645,1.7500529685950577,5.7549074972975,10.463769693111407
2023-03-29,5.996824556538679,1.6319026382891364,5.11359478995695,10.489677465648503
2023-03-30,6.2898254953460615,1.5884557920579847,4.896182363963831,10.201073706326477
2023-03-31,6.954272410677145,1.5434286282796714,4.6806108657422705,10.026393739953166
2023-04-03,7.658173349279814,1.4643800564782807,4.3248612393344485,9.866972324737892
2023-04-04,7.5649568028226035,1.4479781005112746,4.254503634211618,9.899494936611697
2023-04-05,7.478859093025744,1.368654634805626,3.930059771527642,9.89757064950311
2023-04-06,7.6179612320708125,1.4316227607859577,4.185485726079685,9.87878920670326
2023-04-07,7.566215635812896,1.5142449814456578,4.545987525862697,10.220427723786493
2023-04-10,7.560234312317533,1.5787794533816344,4.849033726165361,9.118531627823625
2023-04-11,7.893034904268477,1.5638838095681806,4.777339538107239,8.588197881811029
2023-04-12,7.930351580508689,1.5166825417536385,4.557082161044074,8.306050577168238
2023-04-13,8.034153287535627,1.475837916259352,4.37469986976288,7.906597606700765
2023-04-14,7.930351580508689,1.40911415505198,4.092328629286392,7.985105181643212
2023-04-17,7.77266271713151,1.524014526159433,4.590617406099508,7.176350047203698
2023-04-18,7.794075894396943,1.5578409624649507,4.748557854956181,7.0186825517261635
2023-04-19,7.980631315283062,1.5127996796399712,4.539421947646866,6.522853596978828
2023-04-20,7.911414297739479,1.5698159253729138,4.8057634932293345,6.181770435262564
2023-04-21,7.900271243083124,1.5472807727692086,4.698676027564091,5.7350218997382
2023-04-24,7.818476285605265,1.5594730043190321,4.756314027599601,5.876506898943785
2023-04-25,7.249630532457727,1.576794681735616,4.839419046143502,5.526990053150057
2023-04-26,7.4759933246677415,1.6081880384716776,4.993754534023587,5.5549205986353645
2023-04-27,7.308507762483817,1.6249770761868823,5.078302621785487,5.996824556538679
2023-04-28,7.460690635719006,1.678754229735259,5.358875882830953,6.2898254953460615
2023-05-01,6.862250082187089,1.761838013512641,5.823130556953124,6.954272410677145
2023-05-02,5.971758933673168,1.7698110567634033,5.869744208133719,7.6581733492798145
2023-05-03,5.954989904433532,1.8527390012080658,6.377262953841702,7.564956802822603
2023-05-04,5.938173520696855,1.7609919868016157,5.818206116358021,7.478859093025743
2023-05-05,5.804349764657255,1.802297177117973,6.063560550433117,7.617961232070813
2023-05-08,5.866369040069524,1.7320950756285178,5.65248389298979,7.566215635812898
2023-05-09,6.078455317563795,1.6832740975858167,5.383152115000885,7.560234312317533
2023-05-10,5.537319275778246,1.7821931934963477,5.942876013148937,7.893034904268477
2023-05-11,5.454137791403844,1.7499513409019105,5.754322669042151,7.93035158050869
2023-05-12,5.715059471423312,1.8527574987366413,6.377380918536448,8.034153287535629
2023-05-15,5.723385611431698,1.947197663402512,7.009018404847394,7.93035158050869
2023-05-16,6.3109881499311955,1.9469678408880255,7.007407759701858,7.772662717131511
2023-05-17,6.359844262843201,1.915080668230111,6.78748630942307,7.794075894396943
2023-05-18,6.201382334378633,1.9474018698557112,7.0104498377852025,7.980631315283062
2023-05-19,6.131107256481223,2.0114797303659886,7.474369219507871,7.911414297739478
2023-05-22,6.359844262843198,1.975080939656685,7.207202978747849,7.9002712430831235
2023-05-23,6.493219907095804,2.032737679157939,7.634959843726465,7.818476285605263
2023-05-24,6.476698159372532,2.0482762791952385,7.754522946978729,7.2496305324577275
2023-05-25,6.173676839152353,2.071101072492145,7.933553728225073,7.475993324667741
2023-05-26,6.27352714644189,2.0728954729608624,7.947802480914584,7.308507762483818
2023-05-30,6.533794930243578,2.129163594903876,8.407831516544231,7.460690635719005
2023-05-31,6.493219907095805,2.0600712930202123,7.84652919314253,6.8622500821870895
2023-06-01,6.493219907095804,2.072735440317603,7.946530674843418,5.971758933673167
2023-06-02,6.549082087626989,1.9180097378563112,6.807396474305004,5.954989904433533
2023-06-05,6.8128030732060765,1.9100503110918141,6.753428562348731,5.938173520696855
2023-06-06,6.8128030732060765,1.8703078796930832,6.490294321534819,5.804349764657255
2023-06-07,6.748897617212719,1.862261151901893,6.438278250097536,5.866369040069524
2023-06-08,6.594730941477191,1.8695346178168213,6.4852775642538045,6.078455317563796
2023-06-09,7.284360285015099,1.8136038707654505,6.1325084236994245,5.537319275778246
2023-06-12,7.624209560903474,1.8424831719225423,6.312193076800992,5.454137791403844
2023-06-13,7.385635994795547,1.914195126147682,6.781478365198496,5.715059471423311
2023-06-14,7.395300953340354,1.8016968110828833,6.059921287181262,5.723385611431698
2023-06-15,6.9676121481910585,1.7933292145770219,6.009425868264712,6.3109881499311955
2023-06-16,6.977856131397147,1.815715747537665,6.145473210992812,6.359844262843202
2023-06-20,7.277493027266006,1.776750167317891,5.9106166573375045,6.201382334378633
2023-06-21,7.263411241086617,1.7739370662016034,5.894012860050705,6.131107256481223
2023-06-22,7.072077892266623,1.7993602927328023,6.045778698536733,6.359844262843198
2023-06-23,6.990129094795416,1.7914479861062413,5.9981313923041055,6.493219907095804
2023-06-26,7.080489625254315,1.8150214567869551,6.141207946621821,6.476698159372532
2023-06-27,7.696010098003515,1.7696376021820255,5.868726162404203,6.173676839152352
2023-06-28,7.652575041246273,1.7869611735531992,5.971279186533171,6.273527146441891
2023-06-29,7.068036704569628,1.893600610952316,6.643245412027385,6.5337949302435785
2023-06-30,7.164396096571714,1.910507698210139,6.756518200104068,6.4932199070958045
2023-07-03,7.123736312330745,1.9454708749153466,6.996925756287549,6.493219907095804
2023-07-05,7.318599918147279,1.8774909861744746,6.537082638294694,6.549082087626989
2023-07-06,7.829431652425399,1.8668433065971062,6.467847129864925,6.8128030732060765
2023-07-07,7.875821952569277,1.8875425296157664,6.6031217498996355,6.8128030732060765
2023-07-10,7.9528371696910645,1.8169844827087207,6.153275137240939,6.748897617212718
2023-07-11,7.9528371696910645,1.8213368320538927,6.18011470547543,6.594730941477191
2023-07-12,7.588838922422642,1.844936366850173,6.327697126291516,7.284360285015098
2023-07-13,7.24503113799222,1.6993342045154907,5.470304075257759,7.6242095609034735
2023-07-14,7.156415703009878,1.7177846908908894,5.572170700686088,7.385635994795547
2023-07-17,7.105665077280017,1.7353001661511012,5.670629679454672,7.395300953340356
2023-07-18,7.156415703009877,1.7944262645952809,6.016022126574307,6.967612148191059
2023-07-19,6.960432389415164,1.7755546304540784,5.903554519599958,6.977856131397148
2023-07-20,6.888223214125664,1.795189381621659,6.020614807643846,7.277493027266006
2023-07-21,6.974784516214081,1.8230818318304318,6.190908419030414,7.263411241086617
2023-07-24,6.99387487122027,1.8207556142347214,6.176523756346985,7.072077892266623
2023-07-25,7.907802054511348,1.7992693680622132,6.045229013090476,6.9901290947954156
2023-07-26,7.790409244094736,1.8144200964002017,6.137515977649113,7.080489625254315
2023-07-27,7.178340436937495,1.8668740993778021,6.468046295929592,7.696010098003516
2023-07-28,7.178340436937495,1.945647594280072,6.998162357824731,7.652575041246274
2023-07-31,7.45079094554976,1.9221492437237435,6.8356341366145195,7.068036704569628
2023-08-01,7.261772051870944,1.9037887405683667,6.7112736089688845,7.164396096571714
2023-08-02,7.269636789250179,1.9375886432994174,6.9419911549245255,7.123736312330746
2023-08-03,7.049147195971777,1.9831006232987471,7.265234854194739,7.318599918147278
2023-08-04,6.430211431019942,2.0688012981627626,7.915329309078142,7.829431652425399
2023-08-07,6.410928169929881,2.0881513341701914,8.069982664757474,7.875821952569276
2023-08-08,6.217869792935941,2.10957669173893,8.244750474848013,7.952837169691065
2023-08-09,6.196004857202476,2.1822261570360117,8.866021462068764,7.952837169691065
2023-08-10,5.953790309342407,2.1640457935572,8.706290353659966,7.588838922422642
2023-08-11,5.819098277388455,2.0707255512358387,7.93057506947192,7.24503113799222
2023-08-14,5.815005220486583,2.1080871001849033,8.232478306703841,7.156415703009879
2023-08-15,5.860684179139801,2.070590535880085,7.929504392338136,7.105665077280017
2023-08-16,5.726296900307972,2.0295324964789954,7.6105275785339765,7.156415703009877
2023-08-17,5.717558586536451,2.0029408819366705,7.410818425072158,6.960432389415164
2023-08-18,5.732530397817813,2.0734866755938803,7.952502631901927,6.888223214125664
2023-08-21,5.490684752161569,2.092480964246339,8.104998452420906,6.974784516214082
2023-08-22,6.278079779222806,2.0798788172588853,8.003498969583617,6.99387487122027
2023-08-23,5.334969986973253,2.084885798644586,8.04367283090331,7.9078020545113485
2023-08-24,5.723801600501657,2.0789783971275355,7.996295701460657,7.790409244094735
2023-08-25,5.723801600501658,2.0223881172332963,7.556348850393244,7.1783404369374955
2023-08-28,5.572039038594368,2.025316402303064,7.57850842285181,7.1783404369374955
2023-08-29,5.175951718329373,2.083890549024216,8.035671350967379,7.450790945549761
2023-08-30,5.175951718329373,2.022494323714565,7.5571514262345065,7.261772051870944
2023-08-31,5.294201680005404,1.9556535439965388,7.068537114469562,7.269636789250178
2023-09-01,5.504543577809204,2.0238379237615214,7.5673120396174145,7.049147195971777
2023-09-05,5.819098277388452,2.0122605727498946,7.480207802997494,6.430211431019943
2023-09-06,5.8566201857385725,2.037088123714339,7.668247669134908,6.41092816992988
2023-09-07,5.801477644285408,2.0272284521966637,7.593012771175291,6.217869792935941
2023-09-08,6.571946149389596,2.037634277891812,7.6724368585008085,6.1960048572024755
2023-09-11,6.909965198727098,1.9608593837066914,7.105430733485808,5.9537903093424065
2023-09-12,7.235165447149056,1.8564500546473763,6.400973285402299,5.819098277388455
2023-09-13,7.453985830540956,1.8261043332797438,6.209648755780101,5.815005220486583
2023-09-14,7.563068160475654,1.8543561245267255,6.387584117521587,5.8606841791398
2023-09-15,7.864325721104107,1.8650395164620481,6.456191006777351,5.726296900307972
2023-09-18,7.915927283768172,1.8642644127735954,6.451188728207369,5.71755858653645
2023-09-19,7.955531169599978,1.88774287549984,6.604444790692727,5.732530397817813
2023-09-20,8.074061938731758,1.8568140317098332,6.403303516905267,5.490684752161569
2023-09-21,7.9114142977394835,1.931747660248453,6.901561292265621,6.278079779222807
2023-09-22,7.837638128197295,1.8622933651998101,6.438485651613406,5.334969986973253
2023-09-25,7.898764219197634,1.9437203980171889,6.984688513023607,5.723801600501658
2023-09-26,8.24967531828638,1.9958195423656497,7.3582309394800856,5.723801600501658
2023-09-27,8.239567718665635,1.8897173809572145,6.617498185733844,5.572039038594368
2023-09-28,8.230894182749505,1.9336159903683792,6.914467740100761,5.175951718329373
2023-09-29,8.230894182749505,1.8630202865693766,6.443167625928632,5.175951718329373
2023-10-02,8.405213801422285,1.887717208619967,6.604275277377105,5.294201680005404
2023-10-03,8.254291812950038,1.9691441273922938,7.164541928336924,5.504543577809204
2023-10-04,8.354069438930761,2.0657470023000943,7.89119043391644,5.819098277388452
2023-10-05,8.677008481641403,2.0295933872682443,7.610991003673853,5.8566201857385725
2023-10-06,8.754862594445425,2.040701361154476,7.696004985401694,5.801477644285408
2023-10-10,8.588475112725504,2.032625647148182,7.634104531742816,6.571946149389596
2023-10-11,8.925351800456122,1.9629564153352907,7.120346680609069,6.909965198727097
2023-10-12,8.506300186164571,2.019515255579135,7.534671658231639,7.235165447149057
2023-10-13,8.384509526501866,2.0464194699820237,7.740137636847955,7.453985830540955
2023-10-16,9.133142159973541,2.050280730950586,7.770082102690675,7.563068160475654
2023-10-17,8.936282384590546,2.070919507157387,7.932113400647326,7.864325721104106
2023-10-18,8.772793441196779,2.0161236474631794,7.509160291418665,7.915927283768172
2023-10-19,8.523915934424933,1.9930925200030705,7.338192214602945,7.955531169599977
2023-10-20,8.506300186164562,1.9783956033242789,7.231132069140677,8.07406193873176
2023-10-23,8.445624395423458,2.0155181075871456,7.504614571872808,7.911414297739482
2023-10-24,8.470396628707505,1.9657044495349068,7.139940546777102,7.8376381281972956
2023-10-25,8.019618801058197,1.9941981025584978,7.346309678340094,7.898764219197634
2023-10-26,7.980631315283059,1.9973293886500798,7.369349128390027,8.24967531828638
2023-10-27,8.002975637075217,2.014235535570051,7.49499553309743,8.239567718665633
2023-10-30,7.924044181507106,2.0170056976391755,7.5157866695446724,8.230894182749504
2023-10-31,8.39387531817952,2.0076682467239593,7.445935006185647,8.230894182749504
2023-11-01,8.639885360791515,2.079272419475074,7.998647136764734,8.405213801422283
2023-11-02,8.661903452969906,2.0522001868581894,7.785010755547223,8.254291812950038
2023-11-03,8.66190345296991,1.9951594987681236,7.353375788741208,8.354069438930763
2023-11-06,8.261211717878902,1.9292869345002912,6.884599320630367,8.677008481641405
2023-11-07,8.184770991938432,1.9129269319076432,6.772883584474436,8.754862594445427
2023-11-08,8.366031089499781,1.9274610606492777,6.872040379766082,8.588475112725504
2023-11-09,7.7154760986326805,2.0056628644452443,7.431018022202571,8.92535180045612
2023-11-10,7.716710377331768,1.9891116765719683,7.3090380878370125,8.506300186164571
2023-11-13,8.237833742065057,1.9684060033612143,7.159255559006075,8.384509526501867
2023-11-14,7.672151247329895,2.001050231626995,7.396820395780786,9.13314215997354
2023-11-15,7.221330836322345,1.941520581372134,6.96934036671538,8.936282384590545
2023-11-16,7.276511461381749,1.8983244408015765,6.674701210426863,8.772793441196777
2023-11-17,7.270291799999761,1.9078682336980908,6.7387081249604295,8.523915934424933
2023-11-20,7.337120234351776,1.8847350916113617,6.584609892555928,8.506300186164562
2023-11-21,7.43383513147189,1.7855412186043824,5.96280625611487,8.445624395423458
2023-11-22,7.43383513147189,1.732119259842555,5.652620595523114,8.470396628707505
2023-11-24,7.245031137992241,1.6944253687525304,5.443517051319227,8.019618801058197
2023-11-27,7.3299775871807675,1.7704699863294486,5.873613230704273,7.980631315283058
2023-11-28,7.506505115406236,1.7968291454851109,6.030495292858579,8.002975637075217
2023-11-29,7.551726387295315,1.8069022132720511,6.091547857812417,7.924044181507104
2023-11-30,7.341661937191121,1.8437618761329029,6.320269667349583,8.39387531817952
2023-12-01,6.735124702773185,1.9005871733931299,6.689821374387251,8.639885360791515
2023-12-04,6.859126697154664,1.9362212094204294,6.932504928403582,8.661903452969907
2023-12-05,6.741484928976683,1.9258740758971542,6.861143205579117,8.661903452969911
2023-12-06,6.6754703775768105,1.8962463895358326,6.6608452408218435,8.261211717878904
2023-12-07,6.660115829108649,1.876817001938383,6.5326782320633665,8.184770991938432
2023-12-08,6.323802352262195,1.8728110207713633,6.506560794005478,8.366031089499783
2023-12-11,6.4157544187652205,1.8819083150302098,6.566022954453135,7.715476098632681
2023-12-12,6.405354902624218,1.86250666809098,6.439859145697573,7.716710377331767
2023-12-13,5.968967367021879,1.9405752993175864,6.962755487109283,8.237833742065057
2023-12-14,5.30363756572525,1.8950264159300847,6.652724140207513,7.672151247329895
2023-12-15,5.328271407358752,1.7422515819353035,5.710185910733216,7.221330836322345
2023-12-18,5.286550770362437,1.8512574168217224,6.367821496506642,7.27651146138175
2023-12-19,5.3599040503139666,1.8595596620700583,6.420908779158538,7.270291799999762
2023-12-20,5.062937223917942,1.8085747351712258,6.101744629789718,7.337120234351776
2023-12-21,5.084055374169289,1.7815484840174287,5.939045819464975,7.43383513147189
2023-12-22,5.218100365896771,1.7629745698567496,5.829752635399992,7.43383513147189
2023-12-26,5.195235912879873,1.7126256326867735,5.543497574478161,7.245031137992241
2023-12-27,4.903837175887841,1.7549762120765944,5.783310167381181,7.3299775871807675
2023-12-28,4.883402404842311,1.8229477898484494,6.19007863300998,7.506505115406235
2023-12-29,5.134384555319687,1.8414508105373046,6.305679974928229,7.551726387295314
2024-01-02,5.589956980838014,1.839451401064086,6.293084934169045,7.341661937191122
2024-01-03,6.561794179730378,1.8531959003649896,6.380177385658813,6.735124702773184
2024-01-04,7.016307535204823,1.8624097334732312,6.43923493066744,6.859126697154664
2024-01-05,7.16672203743841,1.8033979709924601,6.070238955844121,6.741484928976682
2024-01-08,7.102648734635525,1.8146658644424403,6.1390245683092415,6.675470377576811
2024-01-09,7.207469670253192,1.7917772639448204,6.000106769250554,6.660115829108649
2024-01-10,7.20746967025319,1.7800774172035545,5.930315509263082,6.323802352262195
2024-01-11,7.049147195971777,1.775713055815889,5.90448986645007,6.4157544187652205
2024-01-12,7.5652715307075304,1.7304993257162806,5.643471135279811,6.405354902624218
2024-01-16,7.344904291249788,1.7610794554213176,5.818715049073657,5.968967367021879
2024-01-17,7.37789491205546,1.8368874952461427,6.276970723580039,5.30363756572525
2024-01-18,7.435756598388403,1.8921586462013498,6.633672989517775,5.328271407358752
2024-01-19,7.4804507121659025,1.846434640297253,6.337184852706427,5.286550770362437
2024-01-22,7.463243262818151,1.8495583069795285,6.35701105499317,5.3599040503139666
2024-01-23,7.449192989208747,1.7536039126606948,5.7753791773076815,5.062937223917942
2024-01-24,7.605762226602908,1.8024285216739053,6.064357018405703,5.084055374169289
2024-01-25,7.545418035691192,1.7964371539106503,6.028131852768519,5.218100365896771
2024-01-26,7.562438508211273,1.7911168030698195,5.996145241844569,5.195235912879873
2024-01-29,7.435756598388406,1.803012943491334,6.06790219679483,4.903837175887841
2024-01-30,7.435756598388405,1.8227186887661055,6.188660641733234,4.883402404842311
2024-01-31,7.385635994795545,1.8057631378851964,6.084613075949221,5.134384555319687
2024-02-01,6.770032003863337,1.8654705571585966,6.458974487699643,5.589956980838014
2024-02-02,6.305704144812476,1.9661226613741103,7.142927178923905,6.561794179730378
2024-02-05,5.505841054215627,1.9983128665336705,7.376600285366054,7.016307535204823
2024-02-06,5.23450093132101,2.0060193319866904,7.433667411109908,7.16672203743841
2024-02-07,5.23450093132101,1.979499318617925,7.239117586253791,7.102648734635525
2024-02-08,5.058703014654713,1.9810103154352876,7.250064137906805,7.207469670253192
2024-02-09,5.219925195596158,1.9724339672596871,7.18815093764095,7.20746967025319
2024-02-12,5.262174093516551,1.9648302179396069,7.133701312827649,7.049147195971777
2024-02-13,4.784399250739506,1.978229981426503,7.229934534496036,7.565271530707531
2024-02-14,4.7182522995178315,2.0454982213370743,7.7330103290536885,7.344904291249788
2024-02-15,4.697010193932448,2.006396786203425,7.436473809830231,7.37789491205546
2024-02-16,4.615192303685795,2.0234286769591283,7.564215774973907,7.435756598388405
2024-02-20,4.615192303685795,1.9562042199921974,7.072430660125597,7.480450712165901
2024-02-21,4.471071033933229,1.9122317371812563,6.768176747797661,7.46324326281815
2024-02-22,4.5784172769533935,1.9053083354178322,6.721479778435724,7.449192989208745
2024-02-23,4.387210850599682,1.9361110125672703,6.931741030266321,7.605762226602908
2024-02-26,4.365994132142792,1.9729163576774418,7.191619269252353,7.545418035691193
2024-02-27,4.377431297222759,1.9696448460628062,7.168130246540099,7.5624385082112715
2024-02-28,4.305035810923515,1.9370514149607947,6.938262722149178,7.435756598388405
2024-02-29,5.171810035917752,1.9749519887667328,7.20627366342898,7.435756598388405
2024-03-01,4.986171353042866,2.017965420132507,7.5230032014466,7.385635994795545
2024-03-04,4.9631978938315475,1.9794523414043654,7.2387775206686875,6.770032003863336
2024-03-05,4.639889161237805,1.9713775875550823,7.180561530230545,6.305704144812476
2024-03-06,4.840798832148881,1.962497721225433,7.117081368473502,5.505841054215627
2024-03-07,4.791361273911985,1.8994568361120336,6.6822638919406465,5.23450093132101
2024-03-08,5.0610557904735956,1.8560971663459667,6.398714855322458,5.23450093132101
2024-03-11,6.366205418345525,1.8263341356847151,6.211075911973889,5.058703014654713
2024-03-12,6.307969260425788,1.8534879717720059,6.382041125204123,5.219925195596157
2024-03-13,6.531608129848668,1.8644057192884556,6.452100387613446,5.262174093516551
2024-03-14,6.756302172610363,1.8653952801002738,6.458488293400294,4.784399250739507
2024-03-15,6.776008095795501,1.8550194337279873,6.391822466353062,4.7182522995178315
2024-03-18,7.089563086813266,1.8567856328816612,6.403121673171044,4.697010193932447
2024-03-19,7.031900102221271,1.8989385639307055,6.678801557750407,4.615192303685795
2024-03-20,7.002380547594781,1.9374007129517659,6.940686666693689,4.615192303685795
2024-03-21,7.002380547594781,1.869169406179131,6.482909497862711,4.471071033933229
2024-03-22,6.8650252314592315,1.8712423342667006,6.496362041310418,4.5784172769533935
2024-03-25,6.876807121802722,1.8845332123668568,6.583280730655074,4.387210850599683
2024-03-26,6.874729431905317,1.7955209391658151,6.0226113188646675,4.365994132142792
2024-03-27,6.833042967117699,1.8851811780710552,6.587547853114854,4.377431297222759
2024-03-28,6.953245216991811,1.9312439864310322,6.8980860318157005,4.305035810923515
2024-04-01,6.558527709348052,2.0570163304147204,7.822594917647367,5.171810035917752
2024-04-02,6.761234037828173,2.0685072167308,7.91300189994115,4.986171353042866
2024-04-03,6.895478159462154,2.016500333968356,7.511989423580149,4.963197893831548
2024-04-04,7.056236687532293,1.8987398836960008,6.6774747436995945,4.639889161237805
2024-04-05,6.874729431905322,1.9487948162959845,7.020221823277614,4.840798832148881
2024-04-08,6.8695324579243895,1.9153621015633941,6.7893968031454435,4.791361273911985
2024-04-09,6.719906461934079,1.8844909835385024,6.583002732292904,5.0610557904735956
2024-04-10,5.259458599694975,1.9252194451281455,6.8566531599475296,6.366205418345524
2024-04-11,5.386491039098308,1.9942974601010637,7.347039625878958,6.3079692604257875
2024-04-12,5.243136102608519,1.9685294736348267,7.16013956882215,6.531608129848668
2024-04-15,4.327651953261968,2.0516315509541028,7.7805851773085095,6.756302172610363
2024-04-16,4.523483697539482,2.006246694935919,7.435357743808314,6.776008095795502
2024-04-17,4.324349662088008,1.9940336709688087,7.345101812269726,7.089563086813266
2024-04-18,4.2600022356355325,2.0466145965398694,7.7416480906223155,7.03190010222127
2024-04-19,4.304482713238854,2.0031771062209214,7.412569247135536,7.002380547594781
2024-04-22,4.324349662088013,1.9734664036494294,7.195576078577228,7.002380547594781
2024-04-23,4.373622232037436,1.9640232363834078,7.127946869617816,6.8650252314592315
2024-04-24,4.373622232037436,1.854919618668592,6.39118449805389,6.876807121802722
2024-04-25,4.162760073385463,1.8870534866676925,6.599893329255091,6.874729431905316
2024-04-26,4.587768416956085,1.9016436476206056,6.696892732952028,6.833042967117699
2024-04-29,4.805255059877353,1.953122901556604,7.050671789368736,6.953245216991811
2024-04-30,4.757450297515891,2.0023631398728363,7.406538120115725,6.558527709348051
2024-05-01,4.6644552583494185,2.071689571645583,7.938223991966231,6.761234037828172
2024-05-02,5.016164347577283,1.9628133808734054,7.119328298486776,6.8954781594621535
2024-05-03,5.016164347577283,1.9453066162717088,6.9957765451397025,7.0562366875322935
2024-05-06,5.064347840306757,1.9633907270078068,7.123439801925544,6.874729431905322
2024-05-07,5.05870301465473,1.9343235995870296,6.919362212698457,6.8695324579243895
2024-05-08,6.131107256481227,1.9278132349358172,6.874460961892271,6.719906461934079
2024-05-09,6.163641471604001,1.96364483432619,7.125250150112897,5.259458599694975
2024-05-10,6.297769824462096,1.9653711150290576,7.137560954845234,5.386491039098308
2024-05-13,6.50091568641721,2.0113840292979024,7.473653948616934,5.243136102608519
2024-05-14,6.62570750939102,2.0060570423807644,7.433947742923074,4.327651953261968
2024-05-15,6.410185347591499,1.9991091130054233,7.382476216351017,4.523483697539482
2024-05-16,6.667976061887545,1.9909656886384792,7.32260170231365,4.324349662088008
2024-05-17,6.68936611702631,1.9573484753285282,7.080527958454189,4.2600022356355325
2024-05-20,6.7149442432887545,1.9894108535672188,7.311225111027503,4.304482713238854
2024-05-21,6.700035536508502,1.9543105550425848,7.059050518826646,4.324349662088013
2024-05-22,6.6729732075419,1.978335887074381,7.230700265943954,4.373622232037436
2024-05-23,6.582444183475621,1.9486762838321872,7.019389748403414,4.373622232037436
2024-05-24,6.945022198188707,1.9047829856411362,6.717949577911278,4.162760073385463
2024-05-28,6.667976061887546,2.0222282817317274,7.555141174102056,4.587768416956085
2024-05-29,6.667976061887546,1.9378270972036702,6.94364669719612,4.805255059877353
2024-05-30,7.157746386491622,2.05837608226454,7.83323894053193,4.757450297515892
2024-05-31,7.186627793869642,2.0131181041017494,7.486625066816163,4.6644552583494185
2024-06-03,7.013592245809329,2.0575609952175897,7.826856770301321,5.016164347577283
2024-06-04,7.013592245809329,2.059420149348399,7.8414216383691615,5.016164347577283
2024-06-05,6.960432389415159,2.0652847952541267,7.887543912885587,5.064347840306756
2024-06-06,6.970686923860284,2.1609663139341944,8.679520749304574,5.05870301465473
2024-06-07,6.083936695453558,2.1166511089306352,8.3032840808018,6.131107256481227
2024-06-10,6.181770435262569,2.0445147312730647,7.725408728892018,6.163641471604001
2024-06-11,5.991660871578151,1.9960492610806109,7.359921457000212,6.297769824462096
2024-06-12,5.903187194018136,2.0595788677147295,7.842666314775204,6.50091568641721
2024-06-13,5.850925852660763,2.060509342147335,7.849967111340087,6.62570750939102
2024-06-14,5.793263740060994,2.1130073295389793,8.273083800379233,6.410185347591499
2024-06-17,5.572039038594379,2.1623763211552687,8.691767568259126,6.667976061887545
2024-06-18,5.534308577281547,2.1586734253692272,8.659642373588227,6.689366117026311
2024-06-20,5.499783545524289,2.1580519654421044,8.654262424754283,6.714944243288754
2024-06-21,5.504543577809215,2.1323633806787834,8.434777864508002,6.700035536508502
2024-06-24,5.543335767258926,2.114281404044391,8.283631043090201,6.6729732075419
2024-06-25,5.5282822614176865,2.0331582843117415,7.6381718226259006,6.58244418347562
2024-06-26,5.353236671131169,2.1025771337683743,8.187242366410869,6.945022198188708
2024-06-27,5.353236671131169,2.1046048665831676,8.203860749546163,6.667976061887545
2024-06-28,5.069516742254695,2.131314709194639,8.42593718977833,6.667976061887545
2024-07-01,4.210531015035052,2.027740655935095,7.596902936896305,7.157746386491621
2024-07-02,4.526640718068623,2.068896377575185,7.916081929716776,7.186627793869642
2024-07-03,5.764835932906856,2.011403427680424,7.47379892682123,7.01359224580933
2024-07-05,5.6345025554719355,1.958079424815375,7.085705358710538,7.01359224580933
2024-07-08,6.439091920597615,1.9402906529971111,6.960773846426252,6.96043238941516
2024-07-09,6.614198292130331,1.9220000913721558,6.834614661738877,6.970686923860284
2024-07-10,6.689366117026321,1.959998197308817,7.099314267273862,6.083936695453557
2024-07-11,6.571946149389612,1.9655034311412687,7.13850543164482,6.181770435262569
2024-07-12,6.597979488702135,1.9471095104075142,7.008400566115579,5.991660871578151
2024-07-15,6.4778009202124665,1.9381726299114255,6.9460463687997365,5.903187194018135
2024-07-16,6.406841581280103,1.9118195895495096,6.765387834541288,5.850925852660763
2024-07-17,6.813851438692517,1.9184647672368262,6.810494744554164,5.793263740060995
2024-07-18,6.720260765915667,1.9000872775759987,6.6864779964048,5.57203903859438
2024-07-19,6.559616713541433,1.9015972722640855,6.696582169365265,5.534308577281547
2024-07-22,6.541442974640756,1.8857808691797688,6.59149953176544,5.499783545524289
2024-07-23,6.539258731836925,1.8836588375881287,6.577526991851525,5.504543577809215
2024-07-24,6.752777206453702,1.8888915154684067,6.6120352784837815,5.543335767258926
2024-07-25,6.779520983218906,1.957144154290928,7.0790814054206015,5.5282822614176865
2024-07-26,6.720260765915669,1.9488575572788043,7.020662292712018,5.353236671131169
2024-07-29,6.741484928976682,1.9970112268008038,7.367004855592238,5.353236671131169
2024-07-30,6.7647545973158145,1.962486717353106,7.117003053449667,5.069516742254694
2024-07-31,6.748897617212734,1.9096926565091823,6.751013599561927,4.210531015035052
2024-08-01,6.5075048250170155,2.025318179743982,7.578521893214749,4.526640718068623
2024-08-02,5.182847167523406,1.9761115272346197,7.214634461348472,5.764835932906856
2024-08-05,5.398853493809558,1.9892508024807551,7.310055035143559,5.6345025554719355
2024-08-06,4.697010193932454,1.9504346504242105,7.031743266657355,6.439091920597616
2024-08-07,4.4304143630784765,1.9200065810788234,6.8210033587037975,6.614198292130331
2024-08-08,4.329852081494201,1.920481796688448,6.824245576288343,6.689366117026321
2024-08-09,4.329852081494201,1.927546834454851,6.872629846101532,6.571946149389613
2024-08-12,4.296731869910593,1.9643282025889972,7.130120984027147,6.597979488702135
2024-08-13,4.2967318699105945,1.9504712646658464,7.032000733317887,6.4778009202124665
2024-08-14,4.2967318699105945,1.9434958814889827,6.983120511035828,6.406841581280103
2024-08-15,3.6807090414239085,1.9226827042432095,6.839281650367707,6.813851438692517
2024-08-16,3.732100136460983,1.9646519803249167,7.132429932229027,6.720260765915667
2024-08-19,3.9357942261349046,1.8861894990949912,6.594193566054308,6.559616713541432
2024-08-20,3.944254410803581,1.8973617112730206,6.668278370702111,6.541442974640755
2024-08-21,3.9005494118503825,1.8926119821168872,6.636680953493391,6.539258731836925
2024-08-22,3.5723808254307703,1.8639854016532658,6.449389025893008,6.752777206453703
2024-08-23,3.425395354310799,1.8731735193674812,6.508919840708587,6.779520983218906
2024-08-26,3.6095112451095215,1.8985793802504785,6.676403072001643,6.720260765915669
2024-08-27,3.600264540544961,1.9312842430409576,6.89836373096389,6.741484928976682
2024-08-28,3.6820025607193054,1.9286934989050262,6.880514966354837,6.764754597315815
2024-08-29,3.874827185086629,1.9215009010341764,6.831203739556455,6.748897617212735
2024-08-30,4.007730624917975,1.8530700992698241,6.379374802840305,6.5075048250170155
2024-09-03,3.9357942261348984,1.8949131042151977,6.651970351333877,5.182847167523406
2024-09-04,3.8402628878267775,1.9569508047966966,7.077712800924997,5.398853493809558
2024-09-05,4.5893250878430205,1.9495123711277913,7.025261025102854,4.697010193932453
2024-09-06,4.632699511289864,1.9390844151475943,6.952382559512158,4.4304143630784765
2024-09-09,4.565919299288987,1.8958183347017639,6.657994643966934,4.329852081494201
2024-09-10,4.30669467778012,1.8987907747524917,6.6778145760911345,4.329852081494201
2024-09-11,4.288411849446921,1.8625493846478385,6.440134240182433,4.296731869910593
2024-09-12,4.334798287172859,1.854553826549008,6.38884708066019,4.2967318699105945
2024-09-13,4.51558148973936,1.8938249056397631,6.644735623797755,4.2967318699105945
2024-09-16,4.430414363078468,1.8734788961349638,6.510907817134804,3.6807090414239085
2024-09-17,4.570610045768153,1.9700850433645931,7.171286332732833,3.732100136460983
2024-09-18,4.567483416708299,1.9628246331281982,7.119408407433447,3.9357942261349046
2024-09-19,4.9861713530428675,1.8868053510270533,6.598255863660875,3.9442544108035804
2024-09-20,4.96895121635107,1.7120343211247204,5.540220609217366,3.9005494118503825
2024-09-23,4.98330546257541,1.728286535788483,5.6309971254653375,3.5723808254307707
2024-09-24,5.068577333974178,1.748620030801348,5.7466669783308815,3.4253953543107993
2024-09-25,5.045979068714551,1.768581360322884,5.862530640732298,3.6095112451095215
2024-09-26,5.023279141490541,1.7683887629063406,5.861401641201173,3.6002645405449614
2024-09-27,4.8437490399385235,1.8033206957650485,6.069769894871995,3.682002560719306
2024-09-30,4.786886849956486,1.8130002888680008,6.128808069474674,3.8748271850866285
2024-10-01,4.365448757819002,1.8380652652027518,6.284367906351524,4.007730624917975
2024-10-02,4.559657464160744,1.8455667765959998,6.331687425858287,3.9357942261348984
2024-10-03,4.874618422185003,1.8234755524135875,6.193346387011013,3.840262887826778
2024-10-04,4.44222166638879,1.8193353084195314,6.167757430643542,4.5893250878430205
2024-10-07,5.434019822246888,1.8485351893930775,6.350510411214086,4.632699511289864
2024-10-08,6.116721811091823,1.840984387622459,6.302739547089009,4.565919299288987
2024-10-09,6.134213187408158,1.8510120658122888,6.366259336721158,4.30669467778012
2024-10-10,6.65188838207766,1.8553852934449506,6.394161404547026,4.288411849446921
2024-10-11,6.626785473688311,1.8288622573862634,6.226798133247398,4.334798287172859
2024-10-15,6.480005878892157,1.8532606139146852,6.380590282945008,4.51558148973936
2024-10-16,6.46123974540643,1.8622127551517236,6.437966665893438,4.430414363078468
2024-10-17,6.384132114637318,1.8644739278790539,6.452540491296539,4.570610045768153
2024-10-18,6.4390919205976145,1.8597732573160937,6.422280401229756,4.567483416708299
2024-10-21,6.0619814456677235,1.8753342378732263,6.522998989321679,4.9861713530428675
2024-10-22,6.065515327692848,1.8485560210292455,6.350642704114388,4.968951216351069
2024-10-23,6.063159635198915,1.8503839469903551,6.36226182499406,4.98330546257541
2024-10-24,6.834784979374733,1.865584048455859,6.459707566691493,5.068577333974178
2024-10-25,6.8110554388051305,1.858679956462053,6.415262753481362,5.045979068714552
2024-10-28,6.872304666454491,1.847690642659364,6.345149372531387,5.023279141490541
2024-10-29,7.032915807963688,1.8481302612703279,6.347939431520891,4.8437490399385235
2024-10-30,7.032915807963689,1.8405170800109385,6.299794917002836,4.786886849956486
2024-10-31,7.0986249506842505,1.8275381362105687,6.218558554286748,4.365448757819003
2024-11-01,6.813851438692528,1.8956900928821805,6.657140865365247,4.559657464160744
2024-11-04,6.718134661744591,1.8712521520583194,6.496425821552309,4.874618422185003
2024-11-05,6.652962104349125,1.8506641271004265,6.364044653957435,4.44222166638879
2024-11-06,5.643369476440453,1.8976434202418808,6.670157149147939,5.434019822246888
2024-11-07,5.192026854432048,1.9019970367592467,6.699259760322747,6.116721811091823
2024-11-08,5.278437719809286,1.9159839730368537,6.793620248423277,6.134213187408158
2024-11-12,4.578417276953413,1.8635483072221974,6.446570649859103,6.65188838207766
2024-11-13,4.9357780300481,1.8726072490873362,6.505235076231718,6.626785473688312
2024-11-14,4.9357780300481,1.8547949578999041,6.390387817739959,6.4800058788921575
2024-11-15,4.942526826287559,1.8688092373739167,6.4805749765306695,6.461239745406431
2024-11-18,5.408106789590951,1.8467553455615784,6.33921754718018,6.384132114637318
2024-11-19,5.534308577281549,1.812502526512604,6.125758138667582,6.4390919205976145
2024-11-20,5.6711466884489505,1.8234702482778358,6.19331353674814,6.0619814456677235
2024-11-21,5.838705009715506,1.850566328684717,6.363422290906329,6.065515327692848
2024-11-22,5.807630448691806,1.858694310770761,6.415354840804291,6.0631596351989145
2024-11-25,4.739399198411696,1.9437322328577578,6.984771176187733,6.834784979374733
2024-11-26,4.760452159396774,1.9198917152670019,6.820219903612527,6.8110554388051305
2024-11-27,4.914991643649412,1.8975285688646537,6.669391116403838,6.872304666454491
2024-11-29,4.526640718068626,1.9115346338650956,6.763460273468356,7.032915807963688
2024-12-02,4.567483416708311,1.921014163026069,6.827879542127534,7.032915807963688
2024-12-03,4.548678510345268,1.9261814016831027,6.863252135855006,7.09862495068425
2024-12-04,4.352886289305029,1.9161398487196648,6.794679291155619,6.813851438692528
2024-12-05,4.295069155161494,1.8993392312352337,6.681478071327964,6.718134661744592
2024-12-06,4.214487485081122,1.8855013377783396,6.589657258162463,6.652962104349126
2024-12-09,4.185007253791367,1.8765722239009834,6.531079371597706,5.643369476440454
2024-12-10,4.432563484894455,1.8752790169783171,6.5226387934252585,5.192026854432048
2024-12-11,4.422884213034001,1.8962047169617198,6.660567672038435,5.278437719809286
2024-12-12,4.4115648880987095,1.864755488244595,6.4543575267465165,4.578417276953413
2024-12-13,5.18560277985856,1.832795788074744,6.251339670597083,4.9357780300481
2024-12-16,5.342997197043966,1.8207886992807916,6.1767281103005285,4.9357780300481
2024-12-17,5.347896782848434,1.8344647172962976,6.261781424897999,4.942526826287559
2024-12-18,5.033222956847234,1.848450333444254,6.349971555490509,5.408106789590951
2024-12-19,4.8403069560278995,1.8319529259838172,6.246072873274933,5.534308577281549
2024-12-20,4.800793585191897,1.7162822516783194,5.563805138873942,5.6711466884489505
2024-12-23,4.600207034678482,1.7138943229353925,5.550535019018836,5.838705009715507
2024-12-24,5.110213861893288,1.7446520834666148,5.723909686137775,5.807630448691806
2024-12-26,5.1311374400392,1.8244454092838436,6.199355960296239,4.739399198411696
2024-12-27,5.043147165543945,1.8797908843270688,6.552134564892148,4.760452159396774
2024-12-30,4.85062588008723,1.887269919773916,6.601321919260595,4.914991643649412
2024-12-31,4.98998997994992,1.8425489727473316,6.312608437977079,4.526640718068626
2025-01-02,5.062466931108986,1.933761507753455,6.915473988577039,4.567483416708311
2025-01-03,5.024700891358578,1.8221321692419674,6.185031935696086,4.548678510345268
2025-01-06,5.328271407358752,1.7920662254279185,6.001840819526147,4.352886289305028
2025-01-07,5.200732549133795,1.7585022109773476,5.803738105954081,4.295069155161494
2025-01-08,5.3130566935213555,1.749164792747618,5.749798396679898,4.214487485081122
2025-01-09,5.334969986973254,1.7586908081269903,5.804832777640872,4.185007253791367
2025-01-10,4.928536921894454,1.7815093938161823,5.938813665506183,4.432563484894455
2025-01-13,5.278437719809284,1.8163827410276523,6.1495735689214435,4.422884213034001
2025-01-14,5.647165323458922,1.8105083739045942,6.1135546139886925,4.411564888098709
2025-01-15,5.166282627816337,1.8032286052874242,6.069210952600332,5.18560277985856
2025-01-16,5.423493865976655,1.797359710777886,6.033695713300142,5.342997197043966
2025-01-17,5.435772166640149,1.794729642779026,6.017847533320729,5.347896782848434
2025-01-21,5.406785859763083,1.8077200241658755,6.096531629624461,5.033222956847234
2025-01-22,5.597193174133992,1.7990605641876065,6.043966877623633,4.8403069560278995
2025-01-23,5.437086054303855,1.8118194277581543,6.121575069800223,4.800793585191897
2025-01-24,5.766900628339594,1.8129703837625202,6.128624789563402,4.600207034678482
2025-01-27,5.49848463972885,1.7997817686190913,6.048327385539333,5.110213861893288
2025-01-28,5.575883444843245,1.8217749350728183,6.182822825559682,5.1311374400392
2025-01-29,5.626891216462741,1.8303608856589821,6.236136784814232,5.043147165543945
2025-01-30,5.797782827451067,1.8387043349654075,6.28838533943115,4.85062588008723
2025-01-31,5.797782827451061,1.8477541091661935,6.345552089776766,4.989989979949919
2025-02-03,6.007534951248884,1.851359521436345,6.36847171366105,5.062466931108986
2025-02-04,6.024157716268467,1.9193518312648303,6.816538769777321,5.024700891358578
2025-02-05,5.801888034244153,1.856031216949923,6.398292877857026,5.328271407358752
2025-02-06,6.122946691787948,1.8929768684831187,6.639103029754779,5.200732549133795
2025-02-07,6.220932405998381,1.9211796744805503,6.829009727928342,5.313056693521356
2025-02-10,6.284144825708348,1.9367301404796577,6.936033993429129,5.334969986973254
2025-02-11,6.2780797792228284,1.9140236937499189,6.780315899746939,4.928536921894454
2025-02-12,6.038369379385928,1.862744778414977,6.441392725218563,5.278437719809284
2025-02-13,5.718391382198387,1.840027831510681,6.296713505637172,5.647165323458922
2025-02-14,5.650537269018957,1.8789123556951097,6.5463808548460145,5.166282627816337
2025-02-18,5.306330451182215,1.8504285560952167,6.3625456461294245,5.423493865976656
2025-02-19,5.305432974566717,1.9035596348947916,6.7097361942301,5.435772166640149
2025-02-20,5.316192694203771,1.8713946774505086,6.497351793176021,5.406785859763083
2025-02-21,5.51793612210397,1.8318971347868465,6.245724407113729,5.5971931741339915
2025-02-24,5.53688927622213,1.884196840817622,6.581066674710246,5.437086054303854
2025-02-25,5.1565954069014275,1.8929503525065836,6.638926989788573,5.766900628339594
2025-02-26,5.044563315850021,1.9192354118282682,6.815745238366576,5.49848463972885
2025-02-27,5.575883444843243,1.9582122175574077,7.086646351431476,5.575883444843245
2025-02-28,5.536029176911894,2.0639403525924176,7.8769466876300935,5.626891216462741
2025-03-03,5.408106789590957,2.0938021535040976,8.115713766230478,5.797782827451067
2025-03-04,5.281143454828412,1.9656644242871553,7.139654774606876,5.79778282745106
2025-03-05,5.894711108071363,1.929693691359375,6.887400248235716,6.007534951248884
2025-03-06,5.935767291036113,1.8781901701111299,6.541654859693592,6.0241577162684665
2025-03-07,6.764754597315832,1.878955291291877,6.5466619336487835,5.801888034244153
2025-03-10,6.88926010264568,1.839098258050957,6.2908629675526,6.122946691787948
2025-03-11,6.986722100834302,1.8475904111830856,6.344513420714298,6.220932405998381
2025-03-12,7.0531992065742655,1.797032960562647,6.031724523987938,6.284144825708348
2025-03-13,7.127411872482237,1.7753465834571482,5.90232643056549,6.278079779222828
2025-03-14,7.478859093025764,1.748029824812239,5.743276261771894,6.038369379385928
2025-03-17,7.51411370435034,1.7594108823892818,5.809014193605291,5.718391382198387
2025-03-18,7.622335600063856,1.7984888864323854,6.040512663649121,5.650537269018957
2025-03-19,7.639184698457267,1.8217949490158127,6.1829465694615555,5.306330451182216
2025-03-20,7.805675590784709,1.7979524576103763,6.037273227497769,5.305432974566717
2025-03-21,7.816039674315694,1.7835993450142242,5.951238475341933,5.316192694203772
2025-03-24,7.590407480121638,1.8059380681524988,6.085677552042858,5.51793612210397
2025-03-25,7.774806688762098,1.8097190780780585,6.108731114680925,5.53688927622213
2025-03-26,7.746888776424155,1.8225936335948334,6.18788676610632,5.1565954069014275
2025-03-27,7.804760452075805,1.8612280995267005,6.431630605732719,5.044563315850021
2025-03-28,7.486495778908836,1.8784871030938282,6.543597581197635,5.575883444843242
2025-03-31,7.450790945549775,1.8845852885396692,6.583623571646922,5.536029176911895
2025-04-01,7.539736006493849,2.036248959376718,7.661815448381522,5.408106789590956
2025-04-02,7.703740588027339,1.9819374352141634,7.256788932630584,5.281143454828412
2025-04-03,6.9467361298053865,1.9259171193501678,6.861438539230351,5.894711108071362
2025-04-04,6.996257502952544,1.928308231320809,6.877864637551251,5.935767291036113
2025-04-07,6.4546033775829645,1.9415636346430487,6.969640426073507,6.764754597315833
2025-04-08,6.454603377582972,1.8459399644237842,6.334050775494183,6.889260102645681
2025-04-09,6.223228376700648,1.8968590073560498,6.664927043478945,6.986722100834302
2025-04-10,6.331704051081108,1.881583148086524,6.563888247923672,7.0531992065742655
2025-04-11,6.143909101510192,1.7399499092492672,5.697058045610202,7.127411872482236
2025-04-14,5.74580592382708,1.675281003016602,5.340295577417659,7.478859093025763
2025-04-15,6.005156514355426,1.6903044306478285,5.421130812312018,7.514113704350341
2025-04-16,5.850925852660758,1.7479860005234986,5.743024572289778,7.622335600063857
2025-04-17,5.7928527391211615,1.698397812070412,5.465184121366586,7.639184698457266
2025-04-21,5.551061674516544,1.7053232381538523,5.50316421238954,7.80567559078471
2025-04-22,5.929747445035532,1.6810564282246343,5.371227291034485,7.816039674315693
2025-04-23,6.011100842053309,1.682484483431957,5.378903179629019,7.590407480121638
2025-04-24,5.7437336455024495,1.7098703031384863,5.528244435173009,7.774806688762097
2025-04-25,6.011100842053309,1.7347028875746222,5.6672437451056705,7.746888776424155
2025-04-28,5.850518902505325,1.7733046436363231,5.890286531749207,7.804760452075803
2025-04-29,5.850518902505325,1.8294307022172602,6.230338730681719,7.486495778908835
2025-04-30,5.850518902505322,1.8359577851937667,6.271137672743012,7.450790945549774
2025-05-01,5.709640969448135,1.912129602989882,6.767485520838,7.539736006493849
2025-05-02,5.4815708558423015,1.8614504365348592,6.433060754220755,7.7037405880273395
2025-05-05,5.835033765765172,1.8259086788301633,6.208433929217688,6.946736129805386
2025-05-06,5.6975349724161735,1.7768610863501297,5.911272293577667,6.9962575029525444
2025-05-07,6.038369379385903,1.7770009333686232,5.912099025190056,6.454603377582965
2025-05-08,5.635347625226269,1.7854258327445514,5.962118272280569,6.4546033775829725
2025-05-09,5.662323265401338,1.7671678725163336,5.854249878912736,6.223228376700647
2025-05-12,5.555349202516909,1.760602945651862,5.815943035005438,6.331704051081108
2025-05-13,5.563058425688117,1.7943152023122657,6.015354010524193,6.143909101510192
2025-05-14,5.6086667628896745,1.7990002252895094,6.043602202324265,5.74580592382708
2025-05-15,5.46329745187094,1.812896709760661,6.128173285881507,6.005156514355426
2025-05-16,5.6623232654013345,1.8127537746790452,6.127297417530382,5.850925852660758
2025-05-19,5.616726720040731,1.8403297988835143,6.29861519478154,5.7928527391211615
2025-05-20,5.591234636634847,1.8365341666963975,6.274753282383194,5.551061674516544
2025-05-21,5.092010548749082,1.790095324018107,5.9900234322714185,5.929747445035532
2025-05-22,5.092010548749082,1.7331190200451916,5.65827468653176,6.011100842053309
2025-05-23,5.074211174913746,1.7629817339863627,5.82979440065309,5.7437336455024495
2025-05-27,4.843749039938511,1.7576203659008718,5.798622364057614,6.011100842053309
2025-05-28,4.798809376144454,1.8335412603820689,6.256001608662159,5.850518902505324
2025-05-29,4.8363701461402515,1.8773572129208957,6.536208209970121,5.850518902505324
2025-05-30,4.8697315854455665,1.8820547766331421,6.566984695127256,5.850518902505321
2025-06-02,4.815649093370142,1.97612387651726,7.214723557458717,5.709640969448135
2025-06-03,4.97613351528124,1.8546457613174068,6.389434464836985,5.4815708558423015
2025-06-04,4.71471859484444,1.861945807878098,6.436248297611352,5.835033765765172
2025-06-05,4.689400408418615,1.8461072411528805,6.335110403412913,5.6975349724161735
2025-06-06,4.296731869910588,1.8704949730072293,6.491508725809136,6.0383693793859035
2025-06-09,4.305035810923517,1.8494448927224096,6.356290120189787,5.635347625226269
2025-06-10,4.686353034279996,1.868283485768283,6.477168699337643,5.662323265401338
2025-06-11,4.493381376032617,1.878701036840568,6.544997627298553,5.555349202516909
2025-06-12,4.575295983139664,1.8873724434232277,6.601998745568799,5.5630584256881175
2025-06-13,4.570610045768158,1.893496101794127,6.642551168319776,5.608666762889675
2025-06-16,4.44382932251225,1.8991112865508484,6.679955237485301,5.46329745187094
2025-06-17,4.206004777752491,1.8948029784620448,6.651237838423994,5.6623232654013345
2025-06-18,4.415880433163994,1.9613353771545856,7.10881367702502,5.616726720040731
2025-06-20,4.4641428548571405,1.9249171181675624,6.8545805221608385,5.591234636634847
2025-06-23,4.507137197189184,1.8772274485800913,6.535360098248912,5.092010548749081
2025-06-24,4.432563484894455,1.8789847250623177,6.546854629429159,5.092010548749081
2025-06-25,4.490200971215584,1.8424269173739398,6.311837997216279,5.074211174913747
2025-06-26,4.426112988896328,1.9344919743669806,6.920527356876116,4.843749039938511
2025-06-27,4.7843992507395114,1.981588708596298,7.254258738368229,4.798809376144453
2025-06-30,4.693967760150675,1.964793098374367,7.133436517850934,4.8363701461402515
2025-07-01,4.697010193932452,2.0919471137208565,8.100672749480177,4.8697315854455665
2025-07-02,5.5886790329499085,2.0087462338513267,7.453965956126157,4.815649093370142
2025-07-03,5.454137791403849,1.9469083741088327,7.006991064121792,4.97613351528124
2025-07-07,5.303637565725245,1.9050122064669546,6.7194896483627,4.71471859484444
2025-07-08,5.267600881579738,1.8495138753756857,6.356728609071159,4.689400408418615
2025-07-09,5.026122239053219,1.8487270247412124,6.351728780449062,4.296731869910588
2025-07-10,5.113474263905079,1.8501033337429311,6.360476740513277,4.305035810923517
2025-07-11,4.7424124863276855,1.8390739314499733,6.290709934100746,4.686353034279996
2025-07-14,4.778423728943875,1.787268047540632,5.973111897978569,4.493381376032617
2025-07-15,4.526640718068614,1.832564649858859,6.2498949140743845,4.575295983139664
2025-07-16,4.6756715840513525,1.8537725540283274,6.383857599323362,4.570610045768158
2025-07-17,4.778423728943872,1.8052253701376355,6.081341846940152,4.44382932251225
2025-07-18,4.7604521593967615,1.8188614552505828,6.164835511574704,4.206004777752491
2025-07-21,4.663434254668929,1.776289795747904,5.907896203725174,4.415880433163993
2025-07-22,4.62755720810518,1.7822086304651699,5.942967753848763,4.4641428548571405
2025-07-23,4.575295983139647,1.7861815511495256,5.966625657734119,4.507137197189185
2025-07-24,4.7288375698373555,1.7674159794420101,5.8557025390524045,4.432563484894455
2025-07-25,4.738896797477593,1.7807459521619982,5.9342814580356125,4.490200971215584
2025-07-28,4.710676829339574,1.8604510951989632,6.426635141917487,4.426112988896328
2025-07-29,4.42288421303399,1.8739267159216786,6.513824183439324,4.784399250739512
2025-07-30,4.311667448966436,1.924999526688007,6.855145421275868,4.693967760150675
2025-07-31,4.328202090167913,1.8937296519372397,6.644102718271075,4.697010193932452
2025-08-01,3.2543011831231548,2.021876537756001,7.5524841660289885,5.5886790329499085
2025-08-04,3.521363372331887,1.9039685572966896,6.71248051673998,5.45413779140385
2025-08-05,3.686526304053287,1.8679880449832171,6.475255362184939,5.303637565725245
2025-08-06,3.969526780000795,1.8985163013950046,6.6759819454194105,5.267600881579738
2025-08-07,4.06553458090963,1.8322451257144625,6.247898240759051,5.026122239053219
2025-08-08,4.011293580689009,1.827889438282079,6.220743530559551,5.113474263905078
2025-08-11,4.060846733192089,1.7834269346273135,5.950212508460017,4.7424124863276855
2025-08-12,4.016632088371301,1.8156719029526314,6.145203771176822,4.778423728943875
2025-08-13,4.150731432961193,1.76858223064202,5.862535743007121,4.526640718068614
2025-08-14,3.927922024247948,1.7469232623816515,5.736924483000146,4.6756715840513525
2025-08-15,3.7480153478367346,1.7959253953910546,6.025047694175147,4.778423728943872
2025-08-18,3.7859388972002694,1.8098699460951877,6.109652796355767,4.7604521593967615
2025-08-19,3.973723215131734,1.7939099244188912,6.012916614467638,4.663434254668929
2025-08-20,4.06377727173702,1.7972209993867025,6.032858829017806,4.627557208105179
2025-08-21,3.9406308414481184,1.7611102110922006,5.81889401031069,4.575295983139647
2025-08-22,3.719318934070322,1.8162256974541455,6.148607893741163,4.7288375698373555
2025-08-25,3.8153823998576484,1.7865203895961865,5.968647722461083,4.738896797477594
2025-08-26,3.8402628878267793,1.8465611244315456,6.337986456740402,4.710676829339574
2025-08-27,3.8551141049138096,1.7942942778476232,6.01522814377874,4.42288421303399
2025-08-28,3.979112128771186,1.7672400316151495,5.854672331549959,4.311667448966436
2025-08-29,3.979112128771184,1.738008993592889,5.686011260361314,4.328202090167913
2025-09-02,3.858817978406966,1.705486344921616,5.504061888923264,3.2543011831231543
2025-09-03,3.6820025607192974,1.8277359388388195,6.219788723174026,3.521363372331887
2025-09-04,3.6141257258022135,1.8347272283920264,6.26342542777612,3.6865263040532867
2025-09-05,3.4274799850064213,1.8740184863067653,6.514421987022938,3.969526780000795
2025-09-08,3.355166591563441,1.8502886519867672,6.36165556211799,4.06553458090963
2025-09-09,3.315188711141006,1.8308910580108535,6.23944388871009,4.011293580689009
2025-09-10,3.1720505610575205,1.834848408608678,6.264184477016387,4.060846733192089
2025-09-11,3.7231579018227676,1.8415745474041203,6.306460268286001,4.016632088371301
2025-09-12,3.581699516789758,1.8659530384852572,6.4620915741868785,4.150731432961193
2025-09-15,3.6055512754640655,1.8781720993928346,6.541536648359522,3.927922024247948
2025-09-16,3.832815700040471,1.9408576487190363,6.9647216945191905,3.7480153478367346
2025-09-17,3.8680621455588433,1.8039625367097931,6.0736669722338235,3.785938897200269
2025-09-18,3.69620139628582,1.7762631364119,5.907738705234613,3.9737232151317343
2025-09-19,3.6180763107591725,1.615368985882865,5.029743485450172,4.06377727173702
2025-09-22,3.5956322710438466,1.6298026183033294,5.102867406500937,3.940630841448118
2025-09-23,3.709704134011934,1.6878427507051312,5.407802135523602,3.719318934070322
2025-09-24,3.5823642100341786,1.6856081773724156,5.39573149646974,3.8153823998576484
2025-09-25,3.5301423146815547,1.708005660367393,5.517945838735752,3.8402628878267797
2025-09-26,3.4785054261852846,1.7854748323029876,5.962410420600767,3.8551141049138096
2025-09-29,3.9791121287711633,1.7378589531850086,5.685158192911492,3.979112128771186
2025-09-30,4.036146205289973,1.7738179348701264,5.893310740274007,3.979112128771184
2025-10-01,3.9430469243491766,1.7930221519970237,6.007580881730954,3.858817978406966
2025-10-02,3.940630841448087,1.7635438107485228,5.83307211369074,3.6820025607192974
2025-10-03,3.9406308414480873,1.7764776713158,5.909006257352232,3.6141257258022135
2025-10-06,4.092385495969253,1.7785499591958733,5.92126411592184,3.4274799850064213
2025-10-07,4.2105310150350235,1.745426436253585,5.728343728090411,3.3551665915634414
2025-10-08,4.206004777752473,1.7645385960491247,5.838877655241726,3.3151887111410057
2025-10-09,4.224644251013271,1.742593821958297,5.712140499340749,3.17205056105752
2025-10-10,3.8766701469910823,1.7889829061391627,5.983363727983891,3.723157901822768
2025-10-14,3.8919942250239132,1.8856931637858945,6.590921447053728,3.581699516789758
2025-10-15,3.918819064098684,1.8521727954252976,6.373653132726237,3.6055512754640655
2025-10-16,3.6514837167011684,1.8801398424011717,6.554421384129989,3.832815700040471
2025-10-17,3.6279339522523317,1.8794540660612626,6.549928057907461,3.8680621455588438
2025-10-20,3.584357550192157,1.7852863276893045,5.961286584655269,3.69620139628582
2025-10-21,3.6272776096052173,1.7745782610256997,5.897793282453845,3.618076310759173
2025-10-22,3.749285646245608,1.813611290973534,6.132553928356829,3.5956322710438466
2025-10-23,3.6916895086900157,1.8113208371753475,6.118523670881072,3.7097041340119343
2025-10-24,3.748015347836714,1.8127231591905097,6.127109830198096,3.5823642100341786
2025-10-27,3.748015347836714,1.7928659592871055,6.006642614670128,3.5301423146815547
2025-10-28,3.745473458532572,1.8275525605741219,6.218648253683038,3.4785054261852846
2025-10-29,3.5281183437662063,1.8988750862005237,6.6783776160427575,3.979112128771163
2025-10-30,3.462726698784751,1.9322343994366689,6.904921370280926,4.036146205289973
2025-10-31,3.520010822494264,1.762821725575523,5.8288616591407525,3.9430469243491766
2025-11-03,3.672938359199183,1.872125230166893,6.502100185442077,3.9406308414480864
2025-11-04,3.669046846512773,1.7379177080518673,5.685492233437344,3.9406308414480873
2025-11-05,3.3911649915627162,1.6803219051647489,5.3672834493279895,4.092385495969253
2025-11-06,3.1037611591960332,1.645729096327586,5.184788739643972,4.210531015035023
2025-11-07,3.3151887111410048,1.6682189043233633,5.302714738983578,4.206004777752473
2025-11-10,3.2935723838439652,1.6508374034034534,5.211341996001439,4.224644251013271
2025-11-12,3.2499084236183284,1.6639445885117579,5.28009763229279,3.8766701469910827
2025-11-13,3.2145502536644135,1.689848339171502,5.418658844521043,3.8919942250239132
2025-11-14,3.2322776872694066,1.6815013517812438,5.373617608298967,3.9188190640986837
2025-11-17,3.2293298729878996,1.6723729205610636,5.324788116957237,3.6514837167011684
2025-11-18,3.346640106136395,1.6922124620027867,5.431484374200515,3.6279339522523313
2025-11-19,3.4537764010676852,1.6454354039281345,5.183266230184049,3.5843575501921574
2025-11-20,3.3813212407776256,1.6402790177148328,5.15660809653748,3.627277609605217
2025-11-21,3.2337505867248724,1.6561922747232387,5.239322912033926,3.7492856462456086
2025-11-24,3.280534218981011,1.6586081830749797,5.251995938285597,3.691689508690016
2025-11-25,3.2011902548301676,1.6338153530344786,5.1233849980663395,3.748015347836714
2025-11-26,3.2337505867248697,1.614531375762876,5.025532285323943,3.748015347836714
2025-11-28,3.2337505867248697,1.6772927232540669,5.351049571491749,3.745473458532572
2025-12-01,2.992848619149225,1.7133768344766473,5.547663424279284,3.528118343766206
2025-12-02,2.9936440606567327,1.6832147623679423,5.382832713973249,3.462726698784751
2025-12-03,2.943111408340726,1.6247543937265556,5.077171898764149,3.520010822494264
2025-12-04,2.762848771347045,1.6058552152017274,4.982118564849001,3.672938359199183
2025-12-05,2.783454516894356,1.628723916655885,5.097365902796869,3.6690468465127735
2025-12-08,2.844376239261735,1.6161094920206678,5.033469420741437,3.391164991562716
2025-12-09,2.846049894151638,1.60988436132285,5.0022327428094355,3.1037611591960332
2025-12-10,2.610418685630003,1.641225694898745,5.161492051168308,3.315188711141005
2025-12-11,2.6195237662417443,1.6143201613852831,5.024470932740634,3.2935723838439657
2025-12-12,2.4620935729385445,1.5241404654148332,4.591195581444182,3.2499084236183284
2025-12-15,2.4995237641637966,1.5224206937473548,4.583306558966423,3.2145502536644135
2025-12-16,2.838510675890333,1.568885310997942,4.801293260993627,3.232277687269407
2025-12-17,3.087609647175926,1.5384319312147408,4.657281604331758,3.2293298729879
2025-12-18,3.087609647175926,1.5705437856556812,4.809262690913453,3.3466401061363946
2025-12-19,2.9936440606567234,1.5714079777437515,4.813420614043757,3.4537764010676857
2025-12-22,3.0386400466876364,1.576934659004182,4.840096502216146,3.3813212407776256
2025-12-23,3.0760209300174286,1.566485501678868,4.789784887156818,3.233750586724873
2025-12-24,3.009508740167306,1.5852636952507242,4.880578194132272,3.2805342189810114
2025-12-26,3.009508740167303,1.5743158247957636,4.827437674844004,3.2011902548301676
2025-12-29,3.009508740167303,1.5921127881909025,4.914120463724195,3.2337505867248697
2025-12-30,3.009508740167303,1.6136767741643099,5.021239292059993,3.2337505867248697
2025-12-31,2.96005147960391,1.6107726839728798,5.006678313713918,2.992848619149225
2026-01-02,2.976095236571469,1.6475509114321123,5.194243075494642,2.9936440606567327
2026-01-05,2.9252594512527215,1.608925344863562,4.997437818848889,2.9431114083407266
2026-01-06,3.4682230938294554,1.5813447836397998,4.861489068308363,2.7628487713470444
2026-01-07,3.396076167186755,1.591304358064222,4.910149346097026,2.783454516894356
2026-01-08,3.2906794782494355,1.6092005319506748,4.998813238445461,2.844376239261735
2026-01-09,3.5483061015753297,1.6078897983203722,4.992265417983912,2.8460498941516374
2026-01-12,3.570380798685142,1.6179272916622034,5.0426275809784915,2.610418685630003
2026-01-13,4.06904692245535,1.6558717771560256,5.237643990846225,2.6195237662417443
2026-01-14,4.154744849194143,1.6629606988676444,5.274905153744282,2.4620935729385445
2026-01-15,4.130029401486552,1.6494528825126302,5.204131776640189,2.4995237641637966
2026-01-16,3.9005494118503625,1.7289793421349873,5.63489966770793,2.838510675890333
2026-01-20,3.584357550192165,1.696862186942482,5.4567980878509035,3.0876096471759262
2026-01-21,3.525417908358093,1.7067231277828028,5.5108734296645565,3.0876096471759262
2026-01-22,3.6318695172702324,1.6859899407832608,5.397791782575739,2.9936440606567234
2026-01-23,3.6534393450034948,1.6978247217324425,5.462052974452126,3.0386400466876364
2026-01-26,3.6690468465127655,1.682293483408463,5.377875907103,3.0760209300174286
2026-01-27,3.639727880984999,1.6490810567448289,5.202197106049079,3.0095087401673064
2026-01-28,3.667099541547727,1.627660687574394,5.091949115283308,3.009508740167303
2026-01-29,4.1941001645736415,1.6150601261195248,5.0281902399474605,3.009508740167303
2026-01-30,4.165047304367564,1.6246322729566978,5.076551908480787,3.009508740167303
2026-02-02,4.165047304367564,1.6444851437252348,5.178343118053699,2.96005147960391
2026-02-03,4.302822993603871,1.661499337097768,5.267202238756464,2.976095236571469
2026-02-04,4.3282020901679035,1.6581442541877618,5.249559950760458,2.9252594512527215
2026-02-05,4.032014739202143,1.6960906162454064,5.452589406202969,3.468223093829456
2026-02-06,4.090639721771377,1.6848739004910462,5.391770989805993,3.396076167186755
2026-02-09,4.31828890275066,1.6381663184780415,5.145725234702409,3.2906794782494355
2026-02-10,4.285079318041289,1.6361036136804863,5.135122061941038,3.54830610157533
2026-02-11,4.273394992497793,1.685045878435241,5.392698335235583,3.5703807986851417
2026-02-12,3.9029903065897797,1.7276234111494368,5.6272643103266775,4.06904692245535
2026-02-13,3.7802746183943645,1.7803177735434428,5.93174106950763,4.154744849194143
2026-02-17,3.949683531626356,1.7953349738825888,6.021491426378781,4.130029401486551
2026-02-18,3.9103038488686064,1.9344641645985348,6.920334901288883,3.9005494118503625
2026-02-19,4.833415434442311,1.9374709727201447,6.941174334862807,3.5843575501921654
2026-02-20,5.028963729286241,1.7722839691846586,5.884277533910224,3.5254179083580928
2026-02-23,4.879988290384118,1.7355350988934761,5.671962052539162,3.6318695172702324
2026-02-24,5.162133187706359,1.743053421806393,5.714766401632474,3.6534393450034948
2026-02-25,5.421298386039688,1.7245179101228294,5.609815942219369,3.669046846512765
2026-02-26,5.310367218940732,1.7110570504773142,5.534808958989986,3.6397278809849993
2026-02-27,5.6357701125849,1.7200630148621088,5.584880383655132,3.6670995415477265
2026-03-02,5.635770112584902,1.7772059605376909,5.913311290385842,4.1941001645736415
2026-03-03,5.649273025291501,1.8875256651236825,6.60301039254415,4.165047304367564
2026-03-04,5.67869871076284,1.9014575070108635,6.695646285266204,4.165047304367564
2026-03-05,5.67869871076284,1.8161619686842452,6.148216063009073,4.302822993603871
2026-03-06,5.691263145425335,1.762179037376964,5.825116722083719,4.3282020901679035
2026-03-09,5.6391488719487155,1.739776943896294,5.696072737169002,4.032014739202143
2026-03-10,5.721305212391121,1.6801269518429036,5.366237181580257,4.090639721771377
2026-03-11,5.589956980838005,1.6475524765172402,5.194251204933592,4.31828890275066
2026-03-12,5.455447255899857,1.6554105572844993,5.235228842357717,4.285079318041289
2026-03-13,5.458065242416648,1.7053305756311952,5.503204591880404,4.273394992497793
2026-03-16,5.415585972780042,1.706961007142949,5.512184508642984,3.90299030658978
2026-03-17,5.399735443254917,1.7866138398284281,5.969205520039666,3.780274618394365
2026-03-18,5.28339717551939,1.6889842539752429,5.413978683949847,3.9496835316263565
2026-03-19,5.454137791403848,1.6288489235578845,5.098003148545964,3.910303848868607
2026-03-20,4.4212689408833405,1.723244860007798,5.602678909253032,4.833415434442311
2026-03-23,4.411564888098713,1.7207616417325169,5.588783494409442,5.028963729286241
2026-03-24,4.249369701160812,1.708057854671233,5.518233851593682,4.879988290384118
2026-03-25,4.153025288584182,1.756127707521487,5.78997345833365,5.162133187706359
2026-03-26,3.6553939270488307,1.7853528112568102,5.961682925429269,5.4212983860396875
2026-03-27,3.7492856462456357,1.791488295034143,5.99837317542292,5.310367218940731
2026-03-30,3.2011902548301743,1.7554963736971076,5.786319205895106,5.6357701125849
2026-03-31,3.2337505867248733,1.7720486903400106,5.882893250743114,5.635770112584902
2026-04-01,3.23006707876693,1.823612850212365,6.1941967782141,5.649273025291501
2026-04-02,3.2011902548301685,1.7474806011982502,5.740122784888523,5.678698710762841
2026-04-03,3.340943693315614,1.7872122153847458,5.972778415573563,5.678698710762841
2026-04-06,3.3700360320245073,1.7584059350251506,5.803179372438361,5.691263145425335
2026-04-07,3.732100136460974,1.7191915598457939,5.58001553168698,5.639148871948716
2026-04-08,3.749285646245619,1.6012850498291786,4.959401409220978,5.721305212391121
2026-04-09,3.828464817279041,1.5543146368789977,4.731842383314902,5.589956980838005
2026-04-10,3.8938290617212963,1.501317451541213,4.487597369605432,5.455447255899857
2026-04-13,3.9484777054552023,1.5625539648972906,4.770990641040582,5.458065242416648
2026-04-14,3.801002374061299,1.6120268514690135,5.012961466157776,5.415585972780042
2026-04-15,3.7720778661862226,1.668080481989163,5.301980775631442,5.399735443254918
2026-04-16,4.473732861301207,1.7536856754543662,5.775851407748906,5.28339717551939
2026-04-17,4.151305015694928,1.6938230294134178,5.440239194146352,5.454137791403848
2026-04-20,4.236463035082397,1.6341775453105591,5.125240984631736,4.4212689408833405
2026-04-21,4.941081431659086,1.6164599376084134,5.035233687012599,4.411564888098713
2026-04-22,4.941081431659086,1.6070205913816165,4.98792799157614,4.249369701160812
2026-04-23,4.924187145876926,1.6321323670327317,5.114769664609374,4.153025288584182
2026-04-24,5.088268486477169,1.5978651711980696,4.9424698267989875,3.6553939270488307
2026-04-27,5.074211174913744,1.6209169633823548,5.057725940375722,3.7492856462456357
2026-04-28,5.133920807447592,1.5656963296440676,4.7860064139999405,3.2011902548301743
2026-04-29,4.97278306671143,1.5668612020858188,4.7915847493714425,3.2337505867248733
2026-04-30,4.96319789383154,1.5587203481290042,4.752735505272436,3.23006707876693
2026-05-01,4.963197893831539,1.5702717327706286,4.8079544950807085,3.2011902548301685
2026-05-04,4.833415434442319,1.5721711192224275,4.817095336957045,3.340943693315614
2026-05-05,4.833415434442319,1.571070166126973,4.811794859258779,3.3700360320245073
2026-05-06,4.826020740783933,1.587923173089576,4.89357525872248,3.7321001364609736
2026-05-07,4.734372789957106,1.5410192587237759,4.669347119132335,3.749285646245619
2026-05-08,4.734372789957103,1.5171773423633392,4.559337566017678,3.828464817279041
2026-05-11,4.684828603867972,1.5259995618037403,4.599738995624963,3.893829061721296
2026-05-12,5.152438165336824,1.51760962126435,4.561308897501859,3.948477705455202
2026-05-13,5.195235912879862,1.4718209108244908,4.357161925202632,3.801002374061299
2026-05-14,5.196152422706677,1.4421351599089722,4.22971730522562,3.772077866186222
2026-05-15,4.47107103393322,1.4970190258293465,4.468349163815308,4.473732861301207
2026-05-18,4.675162334843931,1.4950563653139786,4.45958791183666,4.151305015694928
2026-05-19,4.4497190922574585,1.46718534887904,4.337010773233322,4.236463035082397
2026-05-20,4.124837659143238,1.482456043878463,4.4037482085775554,4.941081431659086
2026-05-21,4.127145906475064,1.4784445846298735,4.386118136896481,4.941081431659086
2026-05-22,4.540295773877101,1.5740035024200072,4.825930193462918,4.924187145876926
2026-05-26,4.377431297222759,1.6104889396129167,5.005257898507184,5.088268486477169
2026-05-27,4.37743129722276,1.6769394455788098,5.34915949901881,5.074211174913744
2026-05-28,4.339738855430578,1.638463596740926,5.147255174359096,5.133920807447592
2026-05-29,4.554955438598674,1.6302243154282294,5.105019724796327,4.972783066711431
2026-06-01,4.620348368642742,1.611666288531921,5.011154303865458,4.96319789383154
2026-06-02,4.618286633435827,1.663268082129053,5.276526820517903,4.9631978938315395
2026-06-03,4.576856896126384,1.6463497848589541,5.188007877489858,4.833415434442319
2026-06-04,4.8007935851918875,1.6287596139651357,5.097547868291685,4.833415434442319
2026-06-05,4.477456761111108,1.6967501294367087,5.456186646926582,4.826020740783933
2026-06-08,4.49338137603261,1.6691963103963574,5.307900178299942,4.734372789957106
2026-06-09,4.464142854857129,1.6633898329059498,5.277169280866847,4.734372789957103
2026-06-10,4.6296148147911715,1.641696427037345,5.1639223033139405,4.684828603867972
2026-06-11,4.116748601459608,1.6773361463922882,5.351281935901881,5.152438165336824
2026-06-12,4.151305015694936,1.6836081766903834,5.384950814076371,5.195235912879862
2026-06-15,4.154744849194154,1.7011775894187338,5.480397251152165,5.196152422706677
2026-06-16,4.069046922455362,1.711404342069414,5.536731485424633,4.47107103393322
2026-06-17,4.007730624917963,1.6187618203750438,5.04683755491071,4.675162334843931
2026-06-18,3.95751244620978,1.608300331384687,4.994315328753115,4.4497190922574585
2026-06-22,3.9103038488686215,1.6556382254716615,5.236420873106227,4.124837659143238
2026-06-23,3.949683531626371,1.612313880917513,5.014400540241198,4.127145906475064
2026-06-24,3.3065591380366826,1.66052486048214,5.262071973412794,4.540295773877101
2026-06-25,3.47302530395408,1.6631056631529442,5.2756698820277235,4.377431297222759
2026-06-26,3.5903309304960653,1.6578977679189508,5.2482661657719625,4.37743129722276
2026-06-29,3.734651127966249,1.5995523863918049,4.95081587579579,4.339738855430578
2026-06-30,3.5816995167897514,1.6404612028072405,5.157547639242797,4.554955438598674
